id,source,text,MGT
dev_isizulu_00066,AfriHate,"“thina sizwe esimnyama sikhalela izwe lethu, elathathwa amabhunu....” #sama24...this should be our national anthem henceforth.",0
train_isizulu_01453,AfriHate,@username lmao manje udiniwe 🤣 nawe uneke amasende lawukhona.,0
3302,vukuzenzele,"badle ukudla okunempilo, bazivocavoce njalo, bakwazi ukulawula ukhwantalala, balandele uhlelo lwemithi yokwelashwa kwabo futhi balandele izinyathelo zokuzi-vikela ezidingekayo.",0
650,vukuzenzele,"engaphezulu kwezi-129 600 ku-zwelonke, kuzo zonke izifunda ezingama-44 kanye namadolobha ayisishiyagalombili. Izindawo ezingama-358 ziqokelwe isifundazwe saseNtshonalanga Kapa, ezizoba nemibhede engaphezulu kwezi-27 500. Izindawo ezingama-395 ziye",0
1726,vukuzenzele,"UMukhodiwa, odabuka esigodini saseLuheni kuMasipala Wasekhaya iThulame la eLimpopo, uthole Iziqu ze-Urban and Regional Pla nning eNyuvesi yaseVenda ngowezi-2016.",0
473,vukuzenzele,ezijwayelekile zokuzilaIzigaba zokuzila ezijwayelekile kungaba ukungavumi ukuthi ulahlekelwe noma ukuzivalela ngawedwana (uma ubheka-na nokuba ndikindiki noma ukushaqeka); ukuthukuthe-la (ukuthukuthelela abanye abantu bengenzanga lutho okubi);,0
320, bachithe udoti ethekwini bekhala ngemali ,"Bavuke umbhejazane osomabhizinisi abanezinkontileka zokuqoqa udoti eThekwini bachitha udoti emgwaqweni uM4 edolobheni bekhala ngokungakhokhelwa.Baqale ngokuqoqana ngaphandle kwaseMoses Mabhida Stadium lapho bekulindeleke ukuthi imenenja kamasipala, uMnuz Sipho Nzuza, ibe khona ukuze bayinike uhlu lwezikhalo zabo njengoba bethi sekuyophela izinyanga ezintathu bengaholelwe. Umbhikisho ubuhlanganisa izinhlangano zosomabhizinisi ezehlukene okubalwa kuzo Isandlwana, Kojo, MKVA, Umlazi Business Forum neDelangokubona.Osomabhizinisi basuke eMoses Mabhida baya kobhikisha emgwaqweni uM4 basakaza udoti emgwaqweni.UMnuz Mandla Mhlongo, onguSihlalo weMlazi Business Forum, uthe sebesaba nokuphuma ezindlini zabo ngenxa yokwesaba abantu ababasebenzelayo ngoba sekuyophela izinyanga ezintathu bengabaholele wathi abakwazi ukuholela abasebenzi babo ngoba nabo abaholelwe. Uthe kuyabathusa ukuthi imenenja yedolobha ayifikanga ukuzozwa izikhalo zabo ngoba iMeya yeTheku, uNkk Zandile Gumede, yayithe uma benezikhalo mabazisiye kwimenenja yedolobha.Omunye wosonkontileka obekhona uthe bazoya ezindaweni ezinemigwaqo emikhulu eThekwini bachithe udoti kuzona.“Ngeke siphinde siwuchithe udoti eMlaza sesizowuchitha edolobheni ngoba izikhalo zethu azizwakali uma udoti siwuchitha eMlaza. Sizoya naseMhlanga uma bengazilaleli izikhalo zethu.""IPhini lenhloko yezokuxhumana eThekwini, uMnuz Mandla Nsele, lithe osonkontileka abane abengamele umsebenzi wokuqoqwa kukadoti abaqashwe ngumasipala bakhokhelwe. Uthe osonkontileka abancane abaqashwe abakhulu abangeni ngaphansi kukamasipala, banobudlelwane babo bodwa.UNsele uthe bayaxolisa ngokuphazamiseka okukhona ngenxa yokungaqoqwa kukadoti.“Kwezinye izindawo kunokuphazamiseka kokuqoqwa kukadoti okwenziwa uphiko lwangaphakathi. EMlaza awuqoqwa udoti ngenxa yesimo esingesihle esidalwa wukuthi abasebenzi bethu bavalelwa emahhovisi eGarden Refuse kwa-V. Enye iloli lethu lashaywa ngamatshe ngoJuni 12. Sibe nenkinga efanayo ezindaweni ezisenyakatho lapho abasebenzi bethu abathathu balimala besemsebenzini nezimoto zethu zashaywa ngamatshe,” kusho uNsele.Uthe ngokulekelelwa amaphoyisa akwaSAPS nawakwaMetro bazoqala ukuthutha udoti eMlaza wathi bacela imiphakathi ibambisane nabo.Okhulumela amaphoyisa akwaMetro, uSenior Superintendent Parboo Sewpersad, uthe kube nokuphazamiseka kokuhamba kwezimoto ngemuva kokuthi kusaphazwe udoti emgwaqweni kodwa bekunezinhlelo zokuthi kube khona abazowuqoqa.",0
train_isizulu_00690,AfriHate,ngoba asikwazi okwanonisa ingulube.,0
2704,vukuzenzele,ngalezi zindaba ngesikhathi ngivakashele eMpumalanga Kapa maduze nje ukuyohlola ukuzilungiselela kwesifundazwe ukubhekana negciwane le-corona.Ngabuzwa intatheli ukuthi ngabe ngikhathazekile yini ngombango wamacala okhona okuphosa inselele ekuhlinzekweni,0
2125,vukuzenzele,"okuyi nto ebingenzeki ezikhathini ezedlule, ubeke kanjalo.“Ngaphezu kwezichibiyelo, u-NSFAS usungule izinkundla ezengeziwe ezizosiza abafakizicelo abanemvelaphi eyahlukahlukene, kanye nokukhumbula ukuthi iningi labafakizicelo yintsha ethanda ukwenza izinto",0
2755,vukuzenzele,Neminyaka yobudala ephakathi kweyi-18nengama-34. Ukuthi bebangasebe nzi isikhathi sezinyanga eziyisithupha.,0
2765,vukuzenzele,"Aphinde futhi abe nekhosombane lezihlalo zabakhubaze kile nezicabha ezisebenza nge hayidrolikhi, okwenza kube lula ukuthi abagibeli abakhu bazekile bangene ebhasini.",0
train_isizulu_02587,AfriHate,@username kuvele kube ngathi inkawu ke lapho amashiya awabonwa =d,0
2952,vukuzenzele,"Kodwa-ke, inhlangano le ingathekisa ukuthi isigamu sabantwana abanomdla vuza eNingizimu Afrika abahlonzwa nhlobo.",0
test_isizulu_00374,AfriHate,"""kanti wena uyogibela isende"" in zulu 🤣🤣🤣🤣 ##url",0
375,vukuzenzele,Labo abazoba ngabafundi abangasifakanga isicelo ngoba bengakwazanga ukuthola imiphumela edingekayo kuBanga,0
984,vukuzenzele,bekwenze-lwa ukuthumela umyalezo othusayo kwabezindaba ababika ngalolu dlame.Ukuqhunyiswa kwama-bhomu yi-Israeli e-Gaza okungenazwelo futhi okuqhubekayo kuzoba nemiphumela emibi kubantu abangaphezu kwezigidi ezimbili abebekhahlanyezwe ukuvinjwa,0
train_isizulu_01831,AfriHate,"kodwa amabhunu asekzn ayoze asiqede isizwe esimnyama , ubheki cele ngeke enze lutho namaphoyisa ngoba iqondene nomuntu omnyama #ezanamuhla @username ",0
train_isizulu_00323,AfriHate,kudatshulwa imomozi bayishiye istranded ##url,0
802,vukuzenzele,Uphenyo mayelana nembangela yokuqubuka kwalo mlilo luyaqhubeka njenga-manje. Kudingeka ukuthi siqinisekise ukuthi kuyaphenyisiswa futhi kuphothulwe ngaphandle kokubambezeleka.,0
train_isizulu_02930,AfriHate,"nifuna amantombazane aye emakhaya, athenge ukudla, apheke, acleane, athenge imbiya, athukwe for being unmarried all by amadoda alengise amasende?",0
718, basabisa ngomthetho abeyetheku ,"ABALANDELI beMeya yeTheku uNkk Zandile Gumede basabisa ngokuthatha izinyathelo uma ingabuyiselwa emsebenzini njengoba inikwe ikhefu ngemuva kwamacala enkohlakalo nokukhwabanisa athinta ithenda yezigidi yokuqoqwa kukadoti.Abalandeli bakaNkk Gumede izolo bebebhikisha edolobheni bezwakalisa ilaka labo ngemuva kokuthi i-ANC KwaZulu-Natal yelule isikhathi ikhefu lakhe kuze kube yenza isimemezelo ekuqaleni kuka-Agasti.Abalandeli bagasele emahhovisi kamasipala eCity Hall bakhipha abasebenzi.NgoLwesithathu babe nomlindelo bekhulekela umholi wabo.Ngaphandle kwaseCity Hall kusuke esinamathambo amaphoyisa abeqaphe isimo ededela isibhaxu kubalandeli bemeya kubalwa nezintatheli.Amaphoyisa abonakale ebamba ngesidlozane intatheli ye-Independent Media, uMnuz Sihle Mavuso oze waboshwa kodwa wabuye wadedelwa.Bayisikhombisa abantu ababoshiwe kubalwa nabaholi bemashi.Kuthiwa bathathu abalimele ngemuva kokudutshulwa ngezinhlamvu zenjoloba.Ababhikishi basuke eCity Hall baya eGugu Dlamini Park maqede baphikelela emahhovisi e-ANC.EGugu Dlamini baphakelwe ukudla ukuthiba iphango. Emahhovisi e-ANC akekho okhulume nabo basuka khona baya esiteshini samaphoyisa beyophoqa ukuthi kudedelwe abaholi ababoshiwe.Abazange bangene esiteshini eDurban Central ngoba amaphoyisa abesebalinde ngaphandle abahlakaza ngokudubula emoyeni, efutha nesisi esikhalisa unyembezi.Omunye okhulumela abalandeli bemeya, uMnuz Sduduzo Magwaza, usabise ngokuthi sebezothatha izinyathelo zomthetho uma ingabuyiselwa emsebenzi.“Into esilethe lapha wukuthi sizophoqa ukuthi imeya ivunyelwe iqhubeke nomsebenzi wayo,” kusho uMagwaza.Uthe banezinyathelo eziningi abangazithatha ukulungisa lolu daba.“Sizoqhubeka nokufaka ingcindezi sixoxe nobuholi besifundazwe ngoba thina singabantu abawuqondayo umbutho, uma singanelisekile ngesikunikwa wubuholi besifundazwe sizodlulela ebuholini bukazwelonke nalapho uma singagciliseki sizophoqeleka ukuthi sisebenzise umthetho, ngoba siyakholelwa ekutheni isinqumo sesifundazwe asikho emthethweni,” kusho uMagwaza.Izolo isimo besishubile eThekwini njengoba kuphazamiseke nokuhamba kwezimoto ngesikhathi kuqhubeka umbhikisho.Ngaphandle kwasesiteshini iDurban Central abalandeli bakaGumede bacishe babambana ngezandla namaphoyisa ngemuva kokuthi edubule emoyeni, bewasola ngokusebenzisa izindlela zamaphoyisa obandlululo.Khona izolo ngesikhathi kuqhubeka umbhikisho, kusabalale nemibiko ethi imenenja yoMkhandlu uMnuz Sipho Nzuza isisulile emsebenzini.UNzuza ungufakazi woMbuso ecaleni elithinta imeya. Okhulumela uMkhandlu weTheku uMnuz Msawakhe Mayisela uthe amanga aluhlaza ukuthi uNzuza usulile.Okhulumela amaphoyisa KwaZulu-Natal uColonel Thembeka Mbele uthe bayisikhombisa abantu ababoshiwe mayelana namacala okudala uthuthuva emphakathini.Uthe kukhona nentatheli eboshiwe kodwa yabuye yadedelwa.“Kunecala lokushaya nokudicilela phansi isithunzi eliphenywayo elibekwe intatheli,” kusho uMbele.",0
163,vukuzenzele,"Ezezimali – Ukuvakasha ku ngavama kakhulu ngezikhathi ezithile zonyaka, ngakho kudingeka ube nemali oyi bekile eyanele ukuthi ukwazi ukuphila ngezikhathi zonyaka ezingekho matasa.",0
1827,vukuzenzele,Ukugula nokudlula emhla beni kwamadoda nabantu besifazane abenza lo msebe-nzi ohloniphekile noyigugu kangaka kusigqeme inkamba beyibuza.,0
1067,vukuzenzele,"Njengoba ukuthuthukiswa kwengqalasizinda kanye notshalomali kungenye yezinto ezibekwe eqhulwini ohlelweni lokuvuselela umnotho, ukukhula kwesibalo semisebenzi emkhakheni wezokwakha kuyagqugquzela kakhulu.",0
1821,vukuzenzele,"UNgqongqoshe Wezemvelo u-Dkt. Edna Molewa uhloniphe abaqaphi bezemvelo wababiza ‘ngabaqaphi beziqiwu’ ngo ba ngegalelo elikhulu aba nalo ukulwisana nobuge bengu kwezemvelo, obufana nokubulala obhejane.",0
2828,vukuzenzele,"Lokhu kungenxa yokuthi azikho izindawo ezifane lekile emsebenzini lapho omama abaseyimidlezane bengakwazi ukukhama ubi si noma bancelisele khona izingane zabo ngesikhathi somsebenzi, ngenxa yalo kho-ke baye badikibale uku ncelisa ngoba phela bachitha",0
3001,vukuzenzele,"kuse-West Coast, e-Overberg kanye nase-Cape Winelands nekusifunda somasipala wasesifundazweni saseNtshonalanga Kapa, isifunda i-Chris Hani esi ngaphansi kweMpumalanga Kapa, kanye nesifunda iLembe esingaphansi kwesifundazwe saKwaZulu-Natali.Indawo",0
test_isizulu_00528,AfriHate,@username khona ibhunu elihamba ngayo la spann yooooo iyangigulisa,0
837,vukuzenzele,"Umbiko wokugcina ucacisa ngezindaba i-SIU ezidluli-sele ku-NPA, iminyango nezinkampani kumkhakha kahulumeni namanye amaqembu.",0
2942,vukuzenzele,Akekho kuthina ofuna ukubuyela ezinsukwini ezi dlule zemikhawulo eqinile yokuvalwa kwezwe. Sifuna ukuqhubeka nezimpilo zethu. Sifuna abangani bethu nabathandiweyo bethu bahlale benempilo futhi be phephile.,0
620, ublade uphonsele abamakolishi inselelo ,"KUNXUSWE othishanhloko bamakolishi amakhono amaTVET ukuthi basebenzisane nabezimboni ukuqinisekisa ukuthi izitshudeni ziyathathwa ezimbonini ukuphucula amakhono azo emuva kokuqeqeshwa kulezi zikhungo.UNgqongqoshe wezeMfundo ePhakeme nokuQeqeshwa, iSayensi nobuChwepheshe uDkt Blade Nzimande ukusho lokhu ngesikhathi evula ngokusemthethweni ingqungquthela yezinsuku ezimbili iNational Artisan Development eqale izolo, eNkosi Albert Luthuli International Convention Centre, eThekwini.“Othishanhloko kumele bazi ukuthi umsebenzi wabo awumuhle uma bengakhi ubudlelwane obuqinile nabezimboni ukuze izitshudeni zithole amathuba okuphucula amakhono azo,” kusho uNzimande.Uthe umsebenzi wabo uzokalwa ngokuthi zingaki izimboni othishanhloko abasebenzisana nazo ezizibophezele ukuthatha izitshudeni.“Uma unguthishanhloko ohlulekayo ukwenza umsebenzi wokunxenxa izimboni kusho ukuthi ulahlekile, akumele ngabe usesikhundleni okuso,” kuqhuba uNzimande.Unxuse abakwaSeta ukuthi baqhamuke nohlelo lokugcina ulwazi lwesitshudeni ngasinye okungenani esenza iziqu zobunjiniyela kuwona wonke amaTVET athe lolo lwazi lungasiza ekwazini isibalo esiqondile sezitshudeni ezidinga ukufakwa ezindaweni zokusebenza ukuze isitshudeni sithole isipiliyoni emkhakheni esiwufundele.UNzimande ugxeke izitshudeni ezingama-artisan ezihleli emakhaya ngoba zikhala ngokuthi aziwutholi umsebenzi noma aziqasheki.“Angiqondi ukuthi kungani kukhona umuntu oyi-artisan othi akaqashiwe ekubeni enekhono lokuzisebenza,” kusho uNzimande.Le ngqungquthela ihanjelwe nayizithunywa ezivela kwamanye amazwe neziphathimandla ezikhungweni zezemfundo ezehlukene.Ibamba likaNdunankulu uMnuz Ravi Pillay lamukele abathamele le ngqungquthela.",0
422,vukuzenzele,"Lokhu sekwenze iziphathi mandla zibeke izinyathelo eziqi nile ukunweba isikhathi sokufika kosuku lokuntuleka kwamanzi, lapho amathangi azobe omile.",0
294,vukuzenzele,"lunomthelela ongemuhle kwezolimo, imithombo yamanzi nakwezokudoba futhi kanjalo nasemnothweni wonkana. Kuphinde kube nomthelela ongemuhle ekugelezeni kwemifudlana nezakhi-mpilo ezingena olwa ndle,” kuchaza uDkt Roualt.",0
488, imibono ngabe yizimo zini lezi ezingaxoleleki ,"Sanibonani. Namhlanje ngifisa sikhulume ngodaba lokuxolela bese sibheka nezimo ezivame ukubekwa yilo othi woniwe ezimenza angavumi ukuthethelela.Sike sathi sizihlalele sixoxa ngobunzima obake basivelela nezinye izinsizwa kwaqhuma izindaba ezihlekisayo abanye baze babalula nokuthi kunjani ukungaholelwa ngumqashi wakho kuze kwedlule usuku lomholo, kwaba khona nophawule indaba yokwephucwa emlonyeni lowo othandana naye.Kuzona zonke lezi zivuvaba ezihlukumeza abanikazi bazo, kube nesisodwa nje namanje engingakasithathi isinqumo sokuthi ukuba kwakuyimi owayebhekene nale mbedumehlwana nganginquma ukuthini.Woza nendlebe-ke (noma iso lakho) ngikuxoxele.Lo mlisa uthi wayevame ukugibela ibhasi lokuqala lasentathakusa njalo ekuseni uma eya emsebenzini.Kuthe langa limbe wavukwa yisisu ebusuku, lesi esiqala ngokubhavumula sikuvuse kube ngathi ushiswe yilahle lomlilo. Ziningi phela izinhlobo zokuphathwa yisisu, lesi akhuluma ngaso uthi uma sesikubambile ungaphambana nenyoka iza kuwe, uqonde ngqo kuyona uphinde uyeqe futhi maqede ungaqalazi emuva ukuthi iyakulandela. Uyaqonda-ke ukuthi bunjani lobunzima akhuluma ngabo.Uthi sam’bamba lesisu simkhipha waze washiywa yibhasi lokuqala ayevame ukulithatha. Ngenhlanhla wakwazi ukulinda waze wathola ibhasi elilandelayo. Ujabula nje kanti akabuzanga elangeni ukuthi kusekukhulu okuzomehlela.Nebala angene ebhasini abe nenhlanhla yokuhlala esihlalweni esingemuva komshayeli webhasi. Noma engakushongo lokhu kodwa ngiyasola indoda yasikhetha ngabomu lesi sihlalo ngoba ibheka ukuthi ukuhlala kwayo kuso kuzoyisiza.Lihambe ibhasi lithi nje lingafika endaweni eyigquma uma nje lithi thuthu lehla egqumeni ibhasi, kwasuka lokho. Ewu sathi isisu ngila, yathi le ndoda iyaziqinisa ibambelela esihlalweni iqinisa imihlathi, sathi isisu cha angenziwa kanjalo.Yaba yinye kuphela into eyayingenziwa yithi sonke, insizwa yaqunga isibindi yasukuma yaqonda ngqo kumshayeli iyomnxusa ukuthi amise ibhasi ukuze ikwazi ukwehla iyobhekana nale ngwadla. Okokuqala nje okwaba luphawu lokuthi idlozi layo liyifulathele, yathi ingakasibeki isicelo sayo, umshayeli washo ngesankahlu ukuthi “Wendoda, njengoba ubona kahle ukuthi akusona istobhi sokuma lesi, ubungelinde ngize ngime ukuze uzobuza ngoshintshi wakho ongaphele.""Cabanga njalo ukuthi isisu asinamamenazi, asinanhlonipho. Yazama indoda ukuzikhalela ithi, ""Mshayeli, awumise ibhasi ngikhishwa yisisu bo.""Umshayeli waphendula ngokuthi kusemnyama ngeke akwazi ukuma esigangeni ngoba kuzobeka yena nabagibeli engozini yokubanjwa yizigilamkhuba.Yaqhubeka le ndoda ikhala ithi umshayeli akame okungenani uzoma maqede angalindi avele ayishiye khona lapho.Kwangathi nomshayeli uthelwe ngezibonkolo, etshela lo mgibeli ukuthi indlela ancenga ngayo sengathi iwubufakazi impela bokuthi kukhona amaqhinga ophezu kwawo, yikho kona kanye-ke, okwenza ayishaye ngamandla ibhasi.Ewu uyabona uma umuntu exoxa ngosizi lwakhe, niqale nonke ninsinsitheka nigcine senibona ethuthumela ukuthi lolo sizi alusadabukisi, kunalokho seluvusa intukuthelo.Akukho noyedwa owaba nesibindi sokumncenga umfo lo ukuthi akaxolele umshayeli. Kwathula kwathi cwaka!Emva kwalokho wonke umuntu wacabanga ukuthi uma kungenza lesi simo sibhekane naye wayengakwazi yini ukuthi avumele ukuthambisa inhliziyo axolele lo mshayeli?Ibuhlungu le ndaba ngendlela yokuthi akekho noyedwa kithi owabe esaqhubeka ebuza ukuthi ukwenqaba komshayeli kwaholela ekutheni yenze njani indoda.Kubili kuphela okunokwenzeka ukuthi kwagcina kwenzekile, okokuqala kungenzeka ukuba indoda yalahla ithemba yabuyela esihlalweni sayo yayobekezela kunzima kunjalo.Okwesibili-ke ngizocela ukuthi ngikushiyele kuwena ukuthi uzame ukucabanga ukuthi konje kwagcina kwenzekeni. Uma usuyitholile impendulo yesibili ngiyocela wenze kanje, ufike ungazise nami bese uqhamuka nesu elibukhali lokuncenga lo mnumzane ukuthi axolele loya mshayeli.Uma nawe wawungumshayeli wawungenze njani ngempela esimweni sokumiswa umgibeli kusempondozankomo sibe sazi ukuthi izwe selaba libi kanjani?U-Alex wethula uhlelo indaba emsakazweni iGagasi FM ngoMsombuluko ngo’7 kusihlwa bese ngoLwesibili kuya kuLwesine aqale ngo’6 kusihlwa. Ezinkundleni zokuxhumana kuTwitter, Instagram, Facebook, LinkedIn no Youtube @alexmthiyane",0
337, imibono ngishayela izandla umalema ngesibindi sakhe ,"MHLELI: KwiSolezwe langoLwesithathu, Juni 20, phansi kwesihloko esithi: IDA ivulele uJuju awokucwasa. Ngithi ake ngibeke owami umbono. UMalema ukhuluma ngezinto ezigqitshiwe. Ngesibindi sakhe ngimushayela ihlombe.Mhlawumbe ngaphambi kokuqale bagijimele ezinkantolo ontabakayikhonjwa, kungakuhle baqale babheke ubuqiniso bale nto ekhulunywa nguJuju, bazenzele ucwaningo, ikakhulukazi ngalezi zindawo ezinabomdabu baseNdiya abaqashe abamnyama. Kungaba yisemalolini, emakhishini, hardware, ezitolo zokudla njalo-njalo. Uma beneqiniso bayobuya, bamxhawule uMalema, bathi wayeqinisile.Okwe-DA ke khona kuwusizi. Banendlela ebasebenzela kahle kabi yokuphusha abomdabu phambili, ukulwela ububi babo. Ake ngithi uma ucheme nabacwasi ngeke ukubone ukucwasa. Uma ungakubacindezeli ngeke nangengozi uyibone ingcindezelo. Ngicela umphakathi ubathethelele abantu abafana nomfo kaMphithi. Kanti yini wena ongayilindela emntwini olala ngengubo enye nabacwasi? Ngiyolokhu ngasho ukuthi kusezindebeni zomlomo kuphela ukuthi iNingizimu Afrika ibumbene. Hamba uye emapulazini. Uzobona ukuthi abantu bakithi bahlukunyezwa kanjani. Umfo kaMalema ukusho kucace ukuthi, hhayi bonke. Lapho ngimshayela elikhulu ihlombe. Sengathi banganda abaholi abakwazi ukukhuluma ngezinto ezithi zenzeka zibe zifihlwa.",0
train_isizulu_02519,AfriHate,@username baba kaunda ngilinyalelwe imoto ngase skhawini ku n2 kuqhamuke inkomo ebusuku emgwaqeni yaphela nya imoto yam,0
2868,vukuzenzele,"“Uhlelo lwethu lwe-Dine with Locals lumele isizwe esi nezinhlanga ezahlukahlu kene, lapho kuzobe kuboni swa ngamasiko angenga phansi kwayisihlanu, lapha ngibala elakwaXhosa, ela kwaVenda, elamaKhoi, elaseCape Malay kanye nesidlo sezidlo zasolwandle",0
train_isizulu_02820,AfriHate,@username lol ile nyoni eyabhala amasimba ngami cabanga. ikhofi lisebenzile.,0
846,vukuzenzele,"Uphenyo luvimbe ukulahlekelwa izigidi ezingama-R114.2, futhi lwa bekela eceleni izinkontileka zenani lezigidi ezingamaR170.4.",0
336,vukuzenzele,"abo okuqasheka.” ISibonelelo se-SRD siyaqhubekaIsibonelelo Soxhaso Lomphakathi Sabakhahlanyezwe yiCOVID-19 (i-SRD), esesisize abantu abangasebenzi abangaphezu kwezigidi eziyi-10, seselulelwe isikhathi esingangonyaka – kuze kube nguNdasa 2023.",0
347,vukuzenzele,Ezokuphepha kanye nokuvikela zizoqiniswa ngokuthi kuqashwe amaphoyisa ayizi12 000 kanye nokusungulwa kabusha kwamaforamu amaphoyisa omphakathi.,0
test_isizulu_00194,AfriHate,@username his first tweet ebuyile is about umuntu obanjwe egibele imfene emzini yabantu 🤣🤣🤣🤣,0
236,vukuzenzele,"wena noma othandiweyo wakho esuleleka? Ingabe othisha bayakweseka, umndeni kanye nabangani bayakusiza na uma uzizwa ungaqinisekanga noma unokhwantalala noma unexhala? Lokhu kubalu leke kakhulu.",0
train_isizulu_02317,AfriHate,@username ngamla and makhumalo ❤️ when 20:00 was 20:00,0
dev_isizulu_00374,AfriHate,isitabane syadabukisa bafwethu geotologist uzohleka ###url #kingsomnala,0
441,vukuzenzele,Ngena eshaweni isikhashana futhi usebenzise amanzi amancane uma ugeza,0
728, ihhovisi lomvikeli engcupheni ,"ABAHLAZIYI bezombusazwe babona lisengcupheni yokuphelelwa yisithunzi nokuthenjwa ihhovisi loMvikeli woMphakathi, u-Advocate Busisiwe Mkhwebane, (osesithombeni) emuva kokuchithwa kwakhe yinkantolo ekutheni kumele kusheshiswe izinyathelo azithathela uNgqongqoshe wezamaBhizinisi kaHulumeni, uMnuz Pravin Gordhan ngodaba oluthinta ukusungulwa kophiko lwabaphenyi abangekho emthethweni kwa-SARS.Izolo inkantolo enkulu eNorth Gauteng inqume ukuthi kumele kumiswe konke okuthinta ukuthathelwa izinyathelo kukaGordhan kuze kuphume isinqumo senkantolo. U-Advocate Mkhwebane wayalela noMengameli Cyril Ramaphosa ukuthi athathele uGordhan izinyathelo zokumqondisa ubugwegwe. Wayalela nePhalamende ukuthi lithathele izinyathelo uGordhan.Umhlaziyi uMnuz Thabani Khumalo uthe umphakathi ngeke usakwazi ukuthemba ihhovisi loMvikeli woMphakathi uma belokhu benza imibiko ekhahlelwa yizinkantolo.“Lisengozini yokuphelelwa yisithunzi ihhovisi lakhe kanti libaluleke kakhulu futhi lenza umsebenzi obucayi. Ukwenzeka kwamaphutha kuzokwenza abantu bengalithembi, uhulumeni ungalithembi nezinkantolo imbala ngeke zisalinaka,” kusho uKhumalo.UMnuz Mpumelelo Zikalala, ongummeli nongoti ogxile kwezokusebenza komthethosisekelo, uthe: “Okwakhe wukuthi ethule akutholile bese ekucacisa ukuthi nabanye basengenza olwabo uphenyo hhayi ukuthi abathathelwe izinyathelo.”USolwazi Karthy Govender, ungoti wezomthethosisekelo oke wasebenza enyuvesi yakwaZulu-Nata nakwiHuman Rights Commission, uthe: “Okubalulekile wukuthi akumele abantu basatshiswe ngokuphakamisa ukuthi kumele kwenziwe njani ngoba lokho kungadala ezinye izinkinga.”I-IFP ithe ikhathazekile ngokusebenza kwehhovisi loMvikeli woMphakathi njengoba echithwe yinkantolo. IPhalamende lithe ngeke limthathele zinyathelo uGordhan.I-EFF ithe izosidlulisa lesi sinqumo senkantolo.Ngeledule inkantolo yomthethosisekelo ichithe u-Advocate Mkhwebane owayekade edlulise isinqumo mayelana nodaba lwemali eyabolekwa yibhange i-Absa kwibhange lombuso yanquma ukuthi akhokhe yena ezinye zezindleko zabameli.Khonamanjalo, ngoLwesibili inkantolo enkulu eNorth Gauteng ikuhlehlisile ukulalelwa kwesicelo sikaRamaphosa sokuphikisa umbiko kaMkhwebane othinta izigidi zamarandi azithola ngesikhathi ekhankasela ukuba ngumengameli we-ANC.",0
2286,vukuzenzele,"Uma umufi engashiyanga owakwakhe, abantwana, abazali noma uzalo lwaba zali, isihlobo segazi esise duze sizodla ifa lonke.",0
81,vukuzenzele,"Umbiko uphinde waveza ukuthi Ntshonalanga Kapa, iMpumalanga, iGauteng, iMpumalanga Koloni, i- Nyakatho Kapa kanye ne- Nyakatho Ntshonalanga yi- zifundazwe osekuneminya- ka zaluqalisa lolu hlelo",0
884,vukuzenzele,"Iphupho lakhe lokwakhela umphakathi isikole laqala ngowe-1988, futhi ngonyaka owalandela lapho, waqala wabela umphakathi ngalo mbono wakhe.",0
228,vukuzenzele,"Selokhu kukhona uguquko olwenzeka njalo endimeni yezokufunda ezikoleni zase Ningizimu Afrika, lokho okungashiya abafundi bezizwa benexhala kanye nokwesaba.",0
2482,vukuzenzele,"“Le mboni iphinde fu thi ibe nemininingwane yabalimi abangama-670 abancane, abamaphakathi kanye nabasafufusa (amaSMME) esibasizayo ngolwa zi olufanele,” kusho yena.",0
3182,vukuzenzele,Amaholo abasebenzi baka hulumeni akuyona kuphela indawo lapho sinciphisa khona izindleko. Senginqume ukuthi akuzukuba khona ukunyuswa kwamaholo abasebenzi bakahu lumeni abangabaphathi base mahhovisi kulo nyaka. Lokhu kulandela ukuncishiswa kwezi nzuzo,0
3523,vukuzenzele,U-Nel wamabela emhlabeni wakhe umhlaba ongamahekthara amabili.,0
1377,vukuzenzele,"Ngokusho kuka-Taryn Seegers, uMxhumanisi weNhlangano Yomdlavuza Ezinganeni eNingizimu Afrika i-Childhood Cancer Foundation of South Africa (i-CHOC), kukholakala ukuthi izingane ezimbili kwezintathu ezinomdlavuza azikutholi ukwelashwa futhi lezo ezithola",0
test_isizulu_00648,AfriHate,manicabanga ngingavalelwa imnyaka engaki mangase nginqume inkawu eyodwa?,0
train_isizulu_00056,AfriHate,konakele kushada imfene ke namhlanje 💃💃💃,0
test_isizulu_00282,AfriHate,@username ngamla = umlungu 🤣,0
3384,vukuzenzele,"ekuphuculeni izimpilo za-bantu abasha. Ukubhekana nokungasebenzi kwentsha kudinga ukukhula komnotho ngesivinini, ikakhulukazi emikhakheni yezemisebenzi, kanye nokwakha ikhono lombuso ukuthi ukwazi ukufeza indima yawo yokuthuthukisa.Lolu hlelo sibuye",0
dev_isizulu_00410,AfriHate,"eh eh amabhunu ""@username : usho lawa angathengwa zingane? ""@username : lamaford ranger engathi awokuhamba ehlathini or eyntabeni❤""""",0
test_isizulu_00524,AfriHate,@username yabhayiza lentwana ingoba amasende ase green!! isikwazi ukuchama,0
3444,vukuzenzele,"Ababambiqhaza bathola uchungechunge oluphelele lwe zifundo zokushayela, kuze kube sebekulungele ukuhlolwa.",0
2853,vukuzenzele,"Lokhu kwangigqugquzela ukuthi ngitshale nakakhu- lu,” kusho yena.",0
3209,vukuzenzele,wawumnandi kakhulu unjengomhlomulo wokunqoba.”U-Arendse ukhuthaza abesifazane baseNingizimu Afrika ukuba bangalokothi bazibukele phansi. “Ungatshelwa abantu uku-thi yini onamandla okuyenza naleyo ongenamandla okuyenza.” v*Ukuze ubheke amanye amathuba,0
3009,vukuzenzele,"nokuziqhelelanisa nabantu. Abasebenzi bakahulumeni a baningi babuyelile emsebenzini ngokuhambisana nemibande la ehambisana Nokusebenza Komthetho Wezempilo kanye Nokuphepha Emsebenzini, nangokuholwa nguMnyango Wezemisebenzi Kahulumeni kanye Nokuphathwa",0
train_isizulu_01216,AfriHate,"wayeyinkosi yesizwe sabatlokwa abesotho ow’bamokhalong “sondezi” ilabatlokwa abadla izinkomo zamahlubi, babezinze ngasencadu, ilezonkomo angithi isilo udingane owathuma amabhunu ukuthi awayozilanda, afikake amabhunu enkosini us’gonyela abe esemlutha. . . ##url",0
2209,vukuzenzele,ngesibindi nangokuzimisela nge zimfuno zethu ezifanayo zobuntu obuneqiniso .,0
2652,vukuzenzele,"“Uma imali isetshenziselwa utshwala, izidakamizwa noma ukugembula, hhayi ukusiza umuntu ofanelekile yilesi sibonelelo, inqubo efanayo yokubika ngalokhu kufanele ilandelwe, kusho u-Letsatsi.",0
test_isizulu_00141,AfriHate,unosipho uzobhebheka yaz',0
train_isizulu_02736,AfriHate,"ibhunu nomyama ayisoze yaphela,,,, bukani nje ##url",0
train_isizulu_00486,AfriHate,"yimo esengisuthiswa i 2 slice, yeah umjolo uzokunyisa shame😩😩 ##url",0
1419,vukuzenzele,"Nawa amathiphu azokusiza ukuhlala ohlelweni lwakhoUkubambelela ngqi kumklamo wakho wezezimali akusiyo into elula, kodwa yiba nenhloso yokuthi:",0
train_isizulu_01934,AfriHate,"hahahahahahahahahahahaha! ""@username : uthi uqeda kushaya kunuke inkomo ikhwapha izinqa neynyawo ##url",0
test_isizulu_00467,AfriHate,uzobhebheka unmtwama wakhabo kwaito,0
dev_isizulu_00047,AfriHate,sdudla noma1000 🙏🏿🙏🏿🙏🏿🙌🏿🙌🏿😭😭😭🙌🏿🙌🏿🙌🏿🙌🏿🙌🏿🙌🏿,0
2464,vukuzenzele,"Ngaso leso sikhathi ubene ngadi yemifino egcekeni. Umhlambane owa yengunjiniyela,ubehlezi enezinhlelo zokushiya ezinkampanini aqa le ibhizinisi lakhe lokwakha izindlu. Ngonyaka wezi2014, emva kwesikhashana nje eqale ibhizinisi lezinkukhu, wathenga",0
3118,vukuzenzele,"wezi2017, ngokusiza imikhumbi esichothweni esasisibi kakhu lu esake sabonakala e-Durban.",0
train_isizulu_01788,AfriHate,😂😂 bathi imnandi inkomo ezacile nje🤷🏾‍♀️ ##url,0
1299,vukuzenzele,"Siqinise inqubo yokuthola imiyalelo yokuvikela, futhi sandisa izimo okungafakelwa kuzo isicelo.",0
dev_isizulu_00377,AfriHate,"lmao ugcwele i-mash wena ekhanda lakho ""@username : uzobhebheka “@username : lmao.....some tweets though :-d”""",0
2770,vukuzenzele,"Empeleni, idolobha lonke laseGeorge lwenza impilo ibe lula kubantu abahamba ngezi hlalo zabakhubazekile, okuyinto enhle kakhulu, kusho uRodrique.",0
dev_isizulu_00340,AfriHate,uyinja yami wena!! 😌👊🏾🎈👑 ##url,0
1604,vukuzenzele,"kanzima futhi ngaphandle kwayo, ngeke sikwazi ukuba nethemba lokuchuma.",0
1946,vukuzenzele,"vNhlaba 2020 Ushicilelo 2 Indlela yokunakekela isifonyo sakho sendwangu 1. Sebenzisa isifonyo esiwashiwe sa-ayinwa kuphela.2. Geza izandla zakho ngaphambi kokufaka isifonyo.3. Gqoka isifonyo kahle uhlangothi olufanele lubheke ebusweni ba-kho, futhi",0
2548,vukuzenzele,Uhlaka lwagunyazwa yi Khabhinethi ngoLwezi ngo nyaka owedlule futhi izi ngxoxo ezihlelekile nemikha kha yomphakathi eyehluka hlukene ziyaqhubeka njenga manje.,0
3126,vukuzenzele,"Usuku nje olujwayelekile lukaMdletshe luqala ngohla lwemikhumbi efikayo neha mbayo, konke okufanele kuqedwe ekupheleni kwe langa. “Siqala ukusebenza umsebenzi ophathelene ne mikhumbi ekuseni ngehora lesi-06:00 siqede ngehora lesi17:50 ntambama. Ngokuva",0
271, sigila izimanga isikole esesivubele  wodokotela ,"NAKUBA iMavela High iyisikole sasemakhaya eJozini, okungenye yezindawo ezisasalele emuva kwezentuthuko kodwa siyakwazi ukudlisela ogageni izikole zasemalokishini nasemadolobheni njengoba sesikhiqize odokotela abacela ku-20, kusukela sasungulwa ngo-1980.Uma ufika kulesi sikole ubona izindonga zaso ulahlekelwa ithemba ngenxa yokuba sesimeni esingagculisi kodwa ubhema ukholwe uma usuchazelwa ngempumelelo yaso.Lesi sikole singesinye sezikole ezenze kahle ku-matric ngonyaka odlule njengoba sithole u-79.9%, sabalwa nezinye izikole eziphakamise isifunda uMkhanyakude.Isolezwe ngeledlule belikulesi sikole lifuna ukuthola kabanzi ukuthi impumelelo yaso ilele kuphi.Uthishanhloko wakulesi sikole, uMnuz Prudent Thembeka Ndlovu, uthe ukubambisana okuhle phakathi kwazo zonke izinhlaka kubalwa othisha, abazali, isigungu esilawula isikole nomphakathi yikhona okuletha impumelelo.“Kuhle ukusebenzisana kwethu, uma kunezinkinga umphakathi uyeza esikoleni kuboniswane. Lokhu kwenza ukuthi izinto zihambe kahle,” kusho uNdlovu.Uthe bazimisele ngokuthi benze kahle kakhulu kulo nyaka.“Wonke umuntu usuke efuna ukuthi zonke izingane ziphumelele, isikole sithole * -100% kodwa kubuye kungenzeki. Engingakusho ukuthi sizimisele ngokwenza kangcono kakhulu kulo nyaka,” kusho uMnuz Ndlovu.Uthe yize beyisikole sasemakhaya kodwa bayakwazi ukumelana nezikole zasemadolobheni nasemalokishini ngendlela abafundi babo abaphumelela ngayo.“Kusukela isikole sasungulwa ngo-1980, bacela ku-20 abafundi asebengodokotela abaphuma esikoleni sethu. Kule minyaka emithathu nje edlule, kuphume abafundi ababili esikoleni sethu abenza izifundo zobudokotela,” usho njalo.Uthe akayibali eyonjiniyela, othisha, nabahlengikazi ngoba bona baningi kakhulu.“Kuyasijabulisa ukuthi abafundi bethu bayakwazi ukukhipha unyawo kulezi zifundo ezithathwa njengezilukhuni iMaths neScience,” usho kanje.Ubonge inhlangano ezimele, iZisize, ngokulekelela ekutheni isikole senze kahle.“’Le nhlangano isisiza ngezinto eziningi njengoba ikwazi ukusiza izingane ebezikhungethwe izinkinga ezahlukene, iphinde isize nasekuhleleni izinhlelo zokululeka abafundi ngezifundo abangazenza uma sebeqede ukufunda,” kusho uMnuz Ndlovu.Uthe le nkampani iphinde ikhuthaze abafundi ibatshele ukuthi njengoba bephuma emakhaya akusho ukuthi ngeke bakwazi ukwenza kahle uma sebefike emanyuvesi.“Zikhona izinselelo esibhekene nazo njenge sikole esizama ukuzilungisa okubalwa kuzo indaba yokushoda kwamagumbi okufundela njengoba kumanje kukhona nabafundi abafundela eLaboratory ngoba bengenalo ikilasi abangalisebenzisa,” kusho uMnuz Ndlovu.Uthe ukushoda kwamakilasi kudalwe ukwenyuka kwesibalo sabafundi abanabo, njengoba kulo nyaka benezingane ezingu-1 132.“Bakhona abathembisa ukusisiza ngoba sizimisele ngokuthi la bafundi sibakhiphe eLaboratory,” kusho uMnuz Ndlovu.Uthe enye yezingqinamba abayibonayo ukuthi kunabafundi bakaGrade 8 no-9, asebengenwe umkhuba wokusebenzisa izidakamizwa esikoleni sabo.“La bafundi baphuza utshwala okuyinto eyingozi ekusaseni labo, siyacela ukuthi kube khona ukubambisana nabazali ukuze siyinqobe le nto,” kusho uMnuz Ndlovu.Uthe abafundi babo abadala abebenza kahle babuye babacele ukuthi bazofundisa lezi zifundo akade bezazi kakhulu.IPhini likathishanhloko, uMnuz Ndlela Mpontshane, uthe ngaphandle kokuhlabana kwezemfundo, abafundi babo baphinde benze kahle nakwezemidlalo.“Isikole sethu sesithole izindebe eziningi emikhakheni ehlukene kwezemidlalo kubalwa ibhola lezinyawo nesibhakela,” kusho uMpontshane.Ngesikhathi Isolezwe likulesi sikole ngeledlule, lalamela omunye wabafundi abadala, uSphila Dlamini, efundisa abafundi iScience.USphila owathola o-distinction abayisikhombisa, manje wenza unyaka wesithathu ezifundweni zakhe zobudokotela. Uthe uyakujabulela ukubizwa esikoleni ukuthi azosiza ngoba ufisa ukubona abafundi abeza ngemuva kwakhe nabo bephumelela.“Kuyintokozo kimina futhi ngizizwa ngikhethekile ngokuthi isikole singikhethe ukuthi ngibe ingxenye yaso yize noma sengaphuma khona,” kusho uSphila.Uthe ufisa ukuthi ahlale eyisibonelo esihle kubafundi baseMavela.“Okunye engikwenzayo ukuthi ngihlale ngibakhuthaza ukuthi bangaphumelela ezifundweni zabo uma bezimisela,” kusho uSphila.Ilungu lo mphakathi elingumakhelwane nesikole, uMnuz Sanele Mngomezulu, lithe iMavela iyisibusiso emphakathini njengoba ikwazi ukukhiqiza abafundi abasezingeni eliphezulu yize isendaweni yasemakhaya.Asikho isidingo sokuthi izingane zethu sizifunele izikole kwezinye izindawo ngoba nathi sinaso isikole sethu esenza kahle futhi esiziqhenyayo ngaso,” kusho uMngomezulu.UMngomezulu ubonge othisha ngokusebenza ngokuzikhandla okwenza abafundi benze kahle.“Kubalulekile ukuthi sibabonge othisha uma benza kahle emiphakathini,” kusho uMngomezulu.",0
1589,vukuzenzele,"kwamanye angama-59. Okukhathazayo ukuthi inkululeko yabezindaba yehlile ngesikhathi sobhubhane lweCOVID-19 , ne mikhawulo ehlukahlukene ebekiwe okubukeka engathi isetshenziselwe ukunqanda imisebenzi yabezindaba e zindaweni eziningi.Kulo mbiko wakamuva",0
3106,vukuzenzele,"Emva kokuphothula izi nga lakhe leS1 ngowe zi-2007 kanye neleS2 ngowezi-2008 waqhube ka nokuqeqeshwa kwa khe olwandle iminyaka emithathu, kanye ne-Safma rine Shipping Company.",0
606,vukuzenzele,"na uthe imali esetshenziswa ohlelweni iyakhushulwa minyaka yonke ukuze ku- hlangatshezwane nokukhu- phuka kwamanani ezinto, is- abelomali sonyaka wezimali wezi-2017/18 silinganiselwa kuzigidigidi eziyisi-6.4 zam- arandi.",0
1853,vukuzenzele,Masingapheli amandla nesibindi njengoba sibambi sene ukusindisa abantu.,0
train_isizulu_02527,AfriHate,@username why? lol so you call it ikhekhe noma inkomo,0
1507,vukuzenzele,"le ndlela yokudla,” kusho uMolefe.I-Emazulwini iphinde yahlabana ngesicoco se-African Restaurant of the Year emcimbini waminyaka yonke wesine we-Luxe Restaurant Awards phambilini kulo nyaka.",0
499,vukuzenzele,"i-Mamoshalagae Trading and Projects, okuyi bhizinisi lezinto ezisebenza ngogesi e-Mokopane, likwazile ukukhokhela abasebenzi balo ngokunjalo nemali yokuqasha kanye nemali yente la yakamasipala ngesikhathi sokuvalwa kwezwe.Abasebenzi abebexinwe ngusizi",0
1084,vukuzenzele,"ngokobuhlanga, ngokobuzwe, ukucwasana ngokwebala nangokobulili. Ngakho-ke kuyaphazamisa kakhulu ukuthi izigameko zakamuva zokulwa nabantu bokufika ezingxenyeni zezwe zibuyisa imuva lethu lobandlululo. Sibone abantu bemiswa emigwaqeni ngabantu abathile",0
578,vukuzenzele,"Uhulumeni, amabhizi nisi, ezemisebenzi kanye nezinhlangano zompha kathi bahlanganyele ukuze babandakanye labo abangasebenzi kwezomnotho.",0
dev_isizulu_00635,AfriHate,@username ekaze ebelenzani isende...😂🤣,0
176,vukuzenzele,Ukubuyekezwa kwango wezi-2018 kobulungu bethu be-BRICS ngongoti benka mpani iDeloitte kwabalula ukuthi ababambisene neBRICS “batshala izimali ezweni ngokungaphezu kokuphindwe kathathu uma kuqhathaniswa neminyaka eyisikhombisa ngaphambi kowezi-2011”. Lolu,0
1339,vukuzenzele,"Umntwana uzofunda masi nyane ukuncela futhi lokhu kuzokusiza ukuthi ube nobisi oluningi.Umbuzo: Ngincelisa ibele, kodwa umntwana akasuthi. Ingabe kufanele ngimnike ubisi olusethinini futhi?Impendulo: Cha, ungenza ukuthi ube nobisi oluningi ngokuncelisa",0
382, ugxeka abantu abavotela i anc ,"UMHOLI we-Economic Freedom Fighters (EFF), uMnuz Julius Malema, ugxeke abantu baseNingizimu Afrika ngokuseka i-ANC yize bengayethembi ukuthi ingabavikela ezintweni ezibathwalisa ubunzima nsuku zonke.Ethula umkhankaso wayo wokhetho eGoli izolo, uMalema uthe kubhekwe ukuthi ukhetho lwangonyaka ozayo lube nezinga eliphezulu lokuncintisana selokhu kwaba nokhetho lwentando yabantu ngo-1994.UMalema utshele amalungu e-EFF, eStandard Bank Arena, eGoli, ukuthi abantu baseNingizimu Afrika baseka i-ANC kodwa bese bethembela kwi-EFF ukuthi ixazulule izinkinga zabo zansuku zonke.“Njalo uma abantu beshaywa ngabelungu batshela i-EFF kutwitter kodwa uma beyovota, bavotela i-ANC.”Uthe i-EFF iyona egcwele abantu abamnyama selokhu yasungulwa eminyakeni emihlanu edlule.“Asikho esinye isixazululo ngaphandle kwe-EFF. Kufanele nivotele i-EFF.”Kule nyanga i-Independent Electoral Commission (IEC) izobhalisa abantu ukulungiselela ukhetho lwangonyaka ozayo.UMalema uthe izifundiswa ezimnyama ziyazitshwa uma kufanele zikhushulelwe izikhundla ezinkampanini ezizimele kodwa abamhlophe bayavunwa.“Odadewethu abamnyama baholelwa kancane uma kuqhathaniswa nezintokazi ezimhlophe. Odadewethu kabakhushulelwa izikhundla kodwa abamhlophe bakhushulelwa izikhunndla njalo emuva kwezinyanga ezinhlanu. Abamnyama basebenza iminyaka emihlanu bengakhushulelwa izikhundla.” kusho uMalema.I-EFF inhlangano yesithathu ngobukhulu eNingizimu Afrika, ilandela i-ANC ne-DA .Abantu abangakubhaliselanga ukuvotela iqembu lakhe bayizigebengu. “Sithi bonke abantu emagatsheni e-EFF ezweni ababhalisele ukuvota. Uma ungabhalisile kusho ukuthi uyisigebengu. NgoMashi 10 no-11 wonke umuntu kufanele ayobhalisa ikheli lalapho ehlala khona.”Kulabo abangahambisani nokuqedwa kweNgonyama Trust ephethe umhlaba weSilo, uMalema uthe abalwesabi udlame uma abantu befuna ukuluqala ngoba bethi bavikela Ingonyama Trust.“Kungani umbuso wamaZulu kufanele uphathwe ngendlela ehlukile kuneminye, izwe libe liphethwe ngentando yabantu? Kungani kufanele sisabe uma kukhuluma wona? Sibuswa ngentando yabantu, akekho umuntu okufanele asisabise ngodlame. Labo abasisabisa ngodlame bayakhombisa ukuthi abacabangi kodwa-ke asilusabi udlame,” kusho uMalema.Ngo-2016 i-EFF yathola u-8% wamavoti kanti iyona eyaba nomthelela omkhulu komasipala okwakungawinanga amaqembu amakhulu kuwo. Yasebenzisana ne-DA komasipala abakhulu okubalwa kubo iTshwane, Johannesburg neNelson Mandela Bay lapho kwakhishwa khona i-ANC.“Sizoyikhipha iDA kuMasipala waseNelson Mandela Bay ngoba ayivotanga odabeni lokubuyiswa komhlaba ngaphandle kwesinxephezelo. Abantu bethu bafuna umhlaba.”Uthe ngeke bavote ne-ANC uma ingafuni ukufaka owayenguNgqongqoshe wezeziMali, uMnuz Mcebisi Jonas, kwesobuMeya eNelson Mandela Bay.“Uma i-ANC iza nomuntu ongafanele ngeke sivote kusho ukuthi uTrollip uzoqhubeka nokuba yiMeya. Akukho okusiphoqayo ukuthi sivote neDA noma ne-ANC. Siseka uJonas ngoba uyindoda engagwazeleki ngoba wanqaba * -R600 000 000 ayewuthenjiswa ngabakwaGupta. Sifuna umuntu ongenagcobho,” kusho uMalema.",0
1619,vukuzenzele,"imisebenzi yesikhathi esifu shane ngesikhathi izimakethe zisalulama, kanye nokusu ngula ubugugu bomphakathi sikhathi sinye.Isibonelo sihlale sishiwo ohlelweni olukhulu lo msebenzi womphakathi owenziwa iMelika emva kwesehlakalo esinzima sokuwa komnotho",0
1157,vukuzenzele,"Ukuze ukwazi ukusebenzisa lezi zinsiza, vakashela kuwww.",0
194,vukuzenzele,"Kusenze safinyelela ku mthethonqubo nobuchwe pheshe bokusebenza kwemi notho emikhulu nethuthukile, kanjalo nokufinyelela ekwe sekweni yi -National Deve lopment Bank .",0
dev_isizulu_00395,AfriHate,@username ibambeni mbeni webafana🎵🎼ibambeni weeeezinsizwa.....ngeke ishlule amabhunu bawabamba obaba ##url,0
test_isizulu_00229,AfriHate,@username engaka inqguza kodwa,0
2453,vukuzenzele,"Ngaso lesi sikha-thi, kumele siqinise uhlelo lwethu lobulungiswa, siqinise-kise ukuthi izigilamkhuba zi-yajeziswa, kuqiniswe imithetho yebheyili noshwele nokuthi labo asebegwetshwe udilika-jele babhadla ejele impilo yabo yonke.Ngesikhathi lokhu",0
607,vukuzenzele,la yesikhashana futhi lube negalelo esimweni senhla- lakahle yabafundi.,0
train_isizulu_03064,AfriHate,ngizoku bhebha #thequeen 😂😂,0
64,vukuzenzele,"mnyango, uNeo Rakwena, uthe izikole eziyizi-20 619 zipheka futhi ziphakele abafundi abalinganiselwa kuzi-9 032 622 ezweni nsu- ku zonke.",0
2345,vukuzenzele,nakho ngisho sekudlule isikhathi sethu kuze kwedlulele kwiShumi leminyaka Lokubandakanywa Kwabe-sifazane Kwezezimali Nakwezomnotho kuya kunyaka wezi-2030.Njengoba sesiphosela i-De-mocratic Republic of Congo (i-DRC) izintambo sishiya le nhlangano evelele,0
439,vukuzenzele,"“Sifuna bonke abasebenzisa amanzi bajoyine imizamo ye-Dolobha laseKapa,” ngokusho kwePhini likaSodolobha waseKapa u-Ian Neilson.",0
train_isizulu_02965,AfriHate,"""hlala phansi mampara uzowisa indlu""uthunyelwe kimi mfu thwala namuhla ngyabonga @username #changematerial",0
315, owe the queen usolwa ngokungondli ,"SEKUPHUME incwadi eyalela ukuthi kuboshwe igeza lomlingisi eliyisilomo emdlalweni woMzansi Magic, iThe Queen elisolwa ngokungondli.Lo mlingisi leli phephandaba elingeke limdalule ukuvikela ingane, kuthiwa sekuphele izinyanga ezinhlanu engayondli indodana (2) yakhe. Kuthiwa umlingisi unamanye amadodakazi amabili ahlale ebonakala nawo ezinkundleni zokuxhumana ejabule. Kodwa akanaso isikhathi sale ndodana.Lesi sizathu kuthiwa yisona esenze unina wengane ongusomabhizinisi wakhetha ukumyisa enkantolo. Kuvela nokuthi lo mlingisi uke wayalelwa yinkantolo ukuthi eze kuzodingidwa lolu daba kodwa wangalubhada.Ethintwa lo wesifazane waseGoli, uvumile ukuthi umbophile umlingisi, wathi: ""Okungixakayo ukuthi incwadi yokumbopha yaphuma ngoMeyi 24 kodwa namanje akaboshiwe. Ngeledlule ungishayele ucingo ecela ukuthi sikhulume wathembisa ukuthi uzokwenza konke okuphathelene nengane kodwa lutho. Ulokhu engishayela ucingo engitshela ukuthi indodana yakhe yokuqala nokugcina lena akafuni okuzomhlukanisa nayo. Phambilini ubeyondla ngoR6 100, angazi wabuye wadidiswa yini njengoba esebaleka. Angifuni sithandane, angilweli imali, ngifuna enze into efanele, ondle.""Eqhuba uthe ukumbopha yinto yakamuva, uqale wenza konke okusemandleni, wathinta nomndeni womlingisi. “Abakubo ngiyazi akuwona umsebenzi wabo ukondla ingane. Kodwa ngizamile ukukhuluma nonina, wathi akukho angakwenza angikhulume noyise wengane. Ngibazisile nabasemsebenzini wakhe ngenkinga engibhekene nayo kodwa alukho usizo engilutholile, kunalokho bathe abangene kulolu daba.""Leli phephandaba linazo izincwadi zasenkantolo eziqinisekisa ukuthi lo wesifazane ubopha umlingisi. Nama-emails awathumele umqashi womlingisi, ecela ukuthi angenele odabeni, bamphendula.Owezokuxhumana kwiThe Queen, uLesedi Matsunyane Ferguson uvuke ngolaka ngalolu daba, wathi ngeke aphawule ngalo akayekwe, maqede wavala ucingo. Imizamo yokuthola lo mlingisi ayiphumelelanga, ubengalubambi ucingo izinsuku zilandelana. Nemiqhafazo athunyelelwe yona akazange ayiphendule.",0
3460,vukuzenzele,engumuntu wesifazane. UMokoena ufisa ukuba umph athi olawula konke eminyakeni emibili ezayo. Lokhu kuzomenza angamele wonke amaqem bu e-WOF azinze eMpumalanga.,0
75,vukuzenzele,"Ngenkathi kuhlolwa ku- tholakale ukuthi i-NSNP ihlinzeka abantu abalungi- selela abafundi ukudla ben- gaholelwa, abangaphezu kwezi-50 000 minyaka yon- ke, ngethuba lokukhokhe-",0
train_isizulu_02092,AfriHate,@username kwak phela m not the model c type ngyasisebenzisa nje isingisi kmele kucace ukuthi ngphumaph #durban,0
train_isizulu_00549,AfriHate,😂😂😂😂😂.. qhubeka ungikale ngamehlo wenja ##url,0
3522,vukuzenzele,"Kwathi lapho uMatlakane eseqokelele ulwazi, waqonda kumnikazi wepulazi u-Johan Nel, walapho ayevolontiya khona wacela ukutshala imbe wu alime ophepha abaluhlaza.",0
train_isizulu_00061,AfriHate,lol when shozi started singing 'bhasobha uzobhebheka' smh,0
185,vukuzenzele,"Ukweseka ukuvuselelwa komnotho, abasebenzisana ne-BRICS bavumile uku qinisa ukubambisana emi khakheni eyisikhuthazi efa na nezamandla, ulwazi bezobuchwepheshe (i-IT), isayensi, ubuchwepheshe nokuqanjwa kabusha, ezo limo kanye nokunakekelwa kwemvelo. Lena",0
train_isizulu_00189,AfriHate,"thina mazulu asimzumi umuntu, simqonda ngqo #zulu200 ##url",0
580, i ifp ifuna iqiniso kosolwa ngokubulala ikhansela ,"I-IFP KwaZulu-Natal ifuna amaphoyisa ampintshele ekhoneni, aze agonyuluke iqiniso umlisa oboshwe ngelezinsolo zokubulawa kwekhansela layo, uMnuz Mthembeni Majola (39). Ikhansela uMajola belisebenzela uMasipala iNkosi Langalibalele eMtshezi, lithelwe othulini ngo-Agasti ngesikhathi lihamba ngemoto yalo nomunye owasinda.UMnuz Ayanda Siyanda Mshengu Mvelase (26) uvele eNkantolo yeMantshi yaseMtshezi emuva kokuthelekelwa ezakwadalawane zamfaka ozankosi.Kukholakala ukuthi umsolwa oboshiwe, yiyona nkabi eyathela uMajola ngoyaba lwezinhlamvu yamshiya esethule. Ubhekene necala lokubulala nelokuzama ukubulala njengoba kukhona owasinda ehamba noMajola.I-IFP ikholwa wukuthi ukhona owayeqashe inkabi okufanele imcebe naye aboshwe.Uboshwa nje kuthiwa uhamba elinye icala eGoli lapho ezobuyela khona enkantolo ngoLwesibili.Kwelokubulala uMajola uzobuyela enkantolo ngoLwesibili oluzayo.USihlalo we-IFP KwaZulu-Natal, uMnuz Thamsanqa Ntuli uthe bafuna iqiniso lonke ukuthi bekusukelephi kuze kubulawe uMajola. Uncome umsebenzi wamaphoyisa ngokubamba umsolwa kodwa wathi usemningi umsebenzi.“Kuyigxathu elihle ukuthi kuboshwe umsolwa. Kodwa sifuna umsuka wendaba nabo bonke ababehleli behlela yonke le nto.Ukubulawa kosopolitiki kuyinkinga kabi kulesi sifundazwe, akufanele sikuthathe kancane nje,’’ kuchaza uNtuli.Uthe amaphoyisa kufanele azihluphe ngokuthola obhongoza abaqasha izinkabi ukuze kuphele ukubulalana.UMajola ubulawa nje naye ubehamba icala ngezinsolo zokuzama ukubulala owayengusomlomo kaMasipala waseNdumeni, uNkk Winfreda Mbatha-Makhathini.UMajola kuleli cala ubeboshwe noMnuz Siboniso Mbatha, oke waba yimeya eNdumeni. Ukuboshwa kwabo kwashiya abaningi bekhexile ngoba bonke laba baseqenji elilodwa. UNkk Makhathini ube esefudukela kwi-ANC emuva kwesigameko.",0
train_isizulu_01219,AfriHate,"uthenga umahosha uze umqabule,akyona intombi yakho le",0
test_isizulu_00472,AfriHate,pedros iyafana ne nandos.. inkinga lo omunye wafunda e formerly model c school lona ufunda emlazi comtech but babhala iphepha eli lodwa.,0
2841,vukuzenzele,Ubisi lwebele luqukethe amasosha omzimba asiza ingane yakho ikwazi ukulwa namagciwane nezifo.,0
dev_isizulu_00459,AfriHate,"oodarkie abalunganga kodwa, anisashiyi no mlungu omnye lo?",0
282, kumiswe imenenja yomgwaqo ka  ,"ISIMISIWE emsebenzini iMenenja kamasipala waseJozini ngemuva kokukhala kwamakhansela ngo-R11 million osebenze kwakhiwa umgwaqo oyikhilomitha elilodwa eMkhuze nezigidi ezintathu zokulungisa amahhovisi omkhandlu.UMnuz Kuhle Khumalo umiswe ngoMsombuluko ebusuku ngo-9 ngemuva komhlangano wamakhansela obusemini. Umiswa nje bese kuqalwe uphenyo olwenziwa yiMunicipal Public Account Committee (MPAC) oluqalwe ngesonto eledlule.UKhumalo utshele Isolezwe izolo ukuthi akukho okuningi azokusho ngoba usaxhumana nabameli bakhe.“Ngithole i-SMS ngo-9 ebusuku ngoMsombuluko ebingazisa ukuthi sengimisiwe emsebenzini ngakho ngizocela imibuzo uyibhekise kwimeya ngoba mina ngimatasa ngixhumana nabameli bami ngalesi simo,” kusho uKhumalo.Ngesonto eledlule Isolezwe libike ngenkombankombane yaseJozini ephakathi kwamakhansela noKhumalo ngokusebenza kwezigidi zabakhokhi bentela.Amakhansela kaKhongolose nawe-IFP abeshaya amakhala ngemali yokwakha umgwaqo waseMkhuze abasola ukuthi imali yasetshenziswa budedengu.Amakhansela abuye asole uKhumalo ngokuthi “wadla” u-R3 million wokwakha amahhovisi kamasipala.Kuthiwa wanikeza usonkontileka imali umsebenzi ungakakhangiswa.Kuthe uma umsebenzi sekufanele uqale kwavela ukuthi usonkontileka akasakwazi ukuqhubeka ngoba imali idliwe uSars.UKhumalo ngakolunye uhlangothi uyacacisa ukuthi isinqumo sokwakha umgwaqo ngo-R11 million sathathwa emhlanganweni womkhandlu owawungomhla ka-12 Meyi 2017 lapho iMeya, uDelani Mabika, yasayina ukuba kwengezwe u-R3 million ku-R8 million okwakufanele wakhe umgwaqo.UKhumalo usola ukuthi umiselwe ukulwa nenkohlakalo eJozini.FUNDA:Umsindo ngekhilomitha lomgwaqo elibize uR11 millionUveze ngesonto eledlule ukuthi wavula icala koKlebe ukuze baphenye amanye amakhansela ngokunyamalala kuka-R5 million okwakuhlelwe ukuba kwakhiwe izakhiwo ezithile zomphakathi. Le mali kuthiwa yasayinelwa njengesebenzile kodwa izakhiwo azikaze zibe khona.IMeya yaseJozini uMnuz Delani Mabika ithintwa iqale yaba namancoko yathi ivukwa wumoya ngalolu daba.“Ngicela ungithinte emuva kwemizuzwana ngoba ngibheke eHluhluwe emhlanganweni ophuthumayo. Uma ungangithintanga kuqala nami ngizobuyela kuwe,” kusho uMabika.Kuthe ngemuva kwemizuzwana abeyibekile wathintwa kodwa ucingo lwakhe belumatasa. Ngemuva kwalokho beseluvaliwe kwaze kwashaya isikhathi sokushicilela engatholakali.Kwenzeka lokhu nje Isolezwe lithunyelwe umyalezo okhomba ukuthi ubuvela kuKhumalo ewuthumele kubaholi abathile bezombusazwe ebalisa ngesimo abhekene naso.Umyalezo uKhumalo uyawuphika uthi akawazi futhi akekho umholi amthumelele.Kulo myalezo kubhalwe ukuthi: “Laba bantu bafuna ukungimisa emsebenzini bangesulela ngezinto engingazazi. Bagxambukela nasemsebenzini wami. Bafuna kubenabasebenzi engibaxoshayo noma ngibehlise ezikhundleni ukuze kungene abafunwa yibo.”UKhumalo uthe akawazi lo myalezo kanti uqale ukusabalala emasontweni amabili edlule.",0
55,vukuzenzele,"Njengoba umklomelo ohlonyuliwe kulikhishi likanokusho elakhiwe inkampani i-Tiger Brands Foundation, uhlelo lwesikole lokudla seluzoba ngcono kunakuqala.",0
244, amawele axolisa ngokuvikela u omotoso ,"AMAWELE adume kuma-Idols abuye ahlala isikhathi eside emzini womfundisi waseNigeria obhekene namacala okudlwengulwa, akhulume okokuqala ngakubize ngokuhlukumezeka kwawo ebandleni lakhe.U-Aneliswa noNelisa Mxakaza (22) baseMayville, eThekwini, bakhiphe isitatimende kuFacebook bexolisa ngokuvikela uMfundisi Tim Omotoso ngesikhathi eboshwa emuva kokubekwa amacala ngonyaka odlule. Amawele ahlala unyaka emzini ka-Omotoso eMhlanga engamalungu ebandla lakhe iJesus Dominion International.Ngesikhathi u-Omotoso eboshwa esikhumulweni sezindiza ePort Elizabeth ngo-Ephreli, elinye lamawele lamvikela isidana. U-Omotoso ubhekene noxhaxha lwamacala okubalwa kuwo awokushushumbisa abantu nawokudlwengula.Esitatimendeni amawele athe abefana nabantu abalahlekelwe yingqondo ngenxa yempilo abeyiphila ebandleni.“Siyaxolisa kubo bonke abesifazane ngoba besibukeka sivuna u-Omotoso emacaleni okuya ocansini abhekene nawo. Sithanda ukuxolisa nakulabo abagiliwe ngoba siyabazi bonke bafana nodadewethu. Asizange sibaseke ngesikhathi bebhoboza ithumba ngokuhlukunyezwa kwabo ngoba sasiphoqekile ukuvikela u-Omotoso kwabezindaba,” kusho amawele.Isitatimende siveza ukuthi bebephoqwa ukuthi bangakhulumi okubi ngo-Omotoso.“Besihlala ngokusatshiswa ngoba akukho ebesizenzela kona ngoba sithanda. Izikhulu zebandla zasenza sabaleka emakhaya sayohlala no-Omotoso. Njengoba besiyizingane besitshelwa ukuthi nguyena osondelene noNkulunkulu, okumele sidlule kuyena kuqala. Siyazisola ngokudela abazali bethu salalela umfundisi esingamazi waseNigeria.”UMnuz Mando Makhubela, amawele amjube ukuthi awakhulumele, uthe kusenzima kuwona ukuzikhulumela ngendlela ahlulelwe ngayo ngodaba luka-Omotoso. Uthe basazama ukuthi alulekwe ngokomqondo ukuze impilo ibuyele esimeni ngokuphelele. Uziphikile izinsolo zokuthi amawele, athe aphunyuka engakaze athintwe.“Kuningi ukuhlukumezeka ngokomoya abadlule kuko u-Anele noNeliswa kodwa abazange badlwengulwe. Bebexoxelwa ngamantombazane ngokwenzeka kuwo aze anqume ukubaleka. Bekunzima ukuphumela obala ngoba bebesatshiswa. Bebegadwa usuku lonke bephuma kuphela uma beyothenga futhi bephelezelwa,” kusho uMakhubela.Uthe akuzange kube nokuthula ekhaya kusukela amawele aya kwa-Omotoso, okuyimanje asazama ukubuyisana nomndeni. Uveze nokuthi ngesikhathi eyohlala kwa-Omotoso ayesebhalisele ukuyofunda e-University of KwaZulu-Natal kodwa kulo nyaka abuyele ekolishi ukuyofunda.Okhulumela ibandla, uMfundisi Sanele Myeni, uthe bazwile ngesitatimende kodwa ngeke baphawule ngoba udaba lusenkantolo. U-Omotoso uvele enkantolo ngoMsombuluko icala lahlehliselwa uMashi 6.Kuvele ukuthi sekuboshwe nabesifazane ababili okusolwa ukuthi ubesebenzisana nabo ukushushumbisa abesifazane.",0
train_isizulu_02291,AfriHate,@username ubani manje le nyoni? ##url,0
train_isizulu_01451,AfriHate,laze langizwela ibhunu.,0
train_isizulu_01236,AfriHate,nansi ingulube inginonela. ngizoyikhahlela.,0
2837,vukuzenzele,Omama abavakashela u mnyango behamba nezi ngane zabo ngenxa yanoma yiziphi izizathu nabo ba zovunyelwa ukusebenzisa igumbi leli ukuze bancelise izingane zabo ibele. UNgqongqoshe Wesifunda zwe uRamathuba uthe igu mbi i-Albertina Sisulu Breastfeeding Room,0
1142,vukuzenzele,"i-DBE izobeka ngokusemthethweni uhlelo lokuthuthukiswa kwamakhono kulo nyaka noluzoheha abantu ababale-lwa kwizigidi eziyi-3.4 za-bantu abasha abangasebenzi, abangafundi noma abangekho ngaphansi kokuqeqeshwa. Izifundo zizoqala kuma-khono empilo –",0
1373,vukuzenzele,"Intando yethu yabantu yakhiwa ngabadali bokuthula nabalamuli. Abanqobi benkululeko yethu kwa kungamadoda nabesifazane abaMnyama, amaNdiya, amaKhaladi kanye nabamhlophe ababenesibindi abakhetha indlela yoku buyisana kunokubuyisela, noxolo kunempi.",0
896,vukuzenzele,"“Ukwakha lesi sikole kwaqala ngonyaka wezi2018 futhi kwaqedwa ukwakhiwa ngonyaka wezi-2021, siyabonga kwiASIDI,” kusho u-Gilman.",0
1407,vukuzenzele,Udinga nje kuphela ukwe nza uhlolo ngokotini osaboya i-cotton swap kanye nemizu zwana nje yesikhathi sakho.,0
3574,vukuzenzele,"bodwa abazikhathazi neze ngomunye umuntu, izincwaningo ezenziwe kuleli kanye nasemazweni angaphandle zilokhu ziqhubeke njalo nokubonisa nokugcizelela ukuthi abantu abasha emhlabeni wonke jikelele balokhu benethemba mayelana namathuba abo okuphumelela",0
train_isizulu_00933,AfriHate,sekezo bhebha nge muscles ##url,0
train_isizulu_01267,AfriHate,"""iyadina lendoda kodwa my lord isende lona iyalishisa""",0
2647,vukuzenzele,"“Uma kwenzeka ukuthi umntwana uyasuka uya komunye umnakekeli, isibonelelo kufanele naso silandele umntwana. Umnakekeli wokuqala kulindeleke ukuthi abikele u-SASSA ukuthi umntwana akasanakekelwa nguyena, bese umnakekeli omusha naye kufanele eze azofaka",0
3377,vukuzenzele,BaseNingizimu Afrika lwangowe-zi-2019/2020 olushicilelwe uMkhandlu Wocwaningo Ngezesayensi Yabantu luthole ukuthi ama-40% e-Generation Z awukaze we-zwa ngezehlakalo zomlando wange-16 kuNhlangulana. Iphesenti elifanayo like lezwa ngazo kodwa lazi okuncane,0
2891,vukuzenzele,"azosungula imi sebenzi futhi athuthukise izindlela zokuziphilisa ezi ndaweni zasemakhaya.Abaholi bendabuko baphi nde bazwakalisa isifiso sabo sokudlala indima ebonakalayo kwinqubo yezinguquko zomhlaba. Ku sukela ngowezi-2018, abaholi bendabuko banikezela",0
821,vukuzenzele,"ukuthotshelwa komthetho, ukucekelwa phansi kwengqalasizinda yethu yezomnotho, noma ukuhlasela ukuzimela kanye nobuqotho bezobulungiswa bethu.",0
3502,vukuzenzele,"Uma ngabe ukuvakashela eThekwini bekungaba ne nto obekungayishiya emqo ndweni wami, bekungaba ukuthi abantu baseNingizimu Afrika banekhono lokuphu melela kwimisebenzi emini ngi ebalulekile futhi emikhu lu.",0
176, izintokazi zivule inkampani ekhuthaza ukuzivocavoca ,"UKUBONA isasasa kubalandeli abathanda ukujima ezinkundleni zokuxhumana, kwenze izintokazi zaseThekwini zavula inkampani ekhuthaza ukuzivocavoca.UYolanda Sokhela oyiPersonal Trainer noSbahle Mpisane odume ngeleFitness Bunnie, sebesebenza ndawonye ukukhuthaza ukujima ngaphansi kwenkampani yabo, iDual Aerodance. Baqale ngo-Ephreli nonyaka umkhankaso wokuvakashela amalokishi, abakhuthaza kakhulu abesifazane ukuthi bazivocavoce. Echaza uYolanda uthe ubebona indlela abantu abaphawula ngayo ngomsebenzi wakhe noSbahle ezinkundleni zokuxhumana. Uthe uhlabeke umxhwele nangendlela abantu basemalokishini asebekukhuthalele ngayo ukujima.“Abaningi uSbahle bebemazi ezinkundleni zokuxhumana kuphela. Bebekhala ngokuthi bayafisa ukumbona bajime naye ngoba bathanda indlela umzimba wakhe obukeka ngayo. Ngakubona kuyinselelo lokhu, ngakhuluma noSbahle wavuma ukuthi sisebenze ndawonye,” echaza.#SibungazaImbokodo| Amazwi kaMama uMiriam Makebahttps://t.co/eqF6fZoKpF#IntandokaziYesizwe#TotalShutDown#WomensMonthpic.twitter.com/ejoXJRW9Rk— Isolezwe Newspaper (@IsolezweNews)August 2, 2018Uthe kulo mkhankaso banxenxa abantu abanamaqembu okujima ukuthi babameme ukuzojima nabo emalokishini. Baqale ukuvakashela eMlaza lapho uYolanda athi kunamaqembu amaningi okujima. Ezinye izindawo abazivakashele kubalwa iMontclair naKwaMashu.“Isikhathi esiningi ngabesifazane abakhuluphala kakhulu, bahlaselwe nayizifo ezihlobene nakho. Siheha kakhulu nentsha ngoba uSbahle ulandelwa yiyona kakhulu ezinkundleni zokuxhumana,” kusho uYolanda.USBAHLE Mpisane osesebenzisana noYolanda Sokhela ukukhuthaza ukuzivocavoca emalokishini, ikakhulukazi kwabesifazane Isithombe:FACEBOOKNgo-Agasti 11 bazoba nomcimbi wokuqala omkhulu e-Amphitheatre eThekwini ogxile kwabesifazane.UYolanda useqeqeshe abaningi asebengoPersonal Trainer, wavula nendawo yokujima ePort Shepstone. Uyinxusa lezimpahla zokujima aphinde asebenzisane nelinye lamaphephabhuku. USbahle naye uyinxusa lemikhiziqo yezemidlalo nemikhankaso eminingi yokunakekela umzimba aphinde abe yiFitness Trainer. Eminye imininingwane ngomcimbi wabo itholakala emakhasini abo ezinkundleni zokuxhumana.Umyalezo woMhleli: Kule nyanga sizobungaza abesifazane ngokuba nezindaba ezibathinta ngqo ezibathuthukisayo, ezibakhayo, ezibafundisayo, ezibahlomisayo nezibagqugquzelayo. Nsukuzonke kule nyanga sizogqamisa nabesifazane asebephumelele ngehloso yokugqugquzela siphinde sikuvuselele sikukhuthaze ngamazwi obuhlakani akhulunywa yimbokodo engamaqhawe.",0
945,vukuzenzele,"isibonelo, ukudlwengulwa, ziba nexhala lokuyokwethula ubufakazi phambi kwenkantolo futhi ziveze imininingwane yezehlakalo phambi kwabantu ezingabazi. Lo msebenzi uzo-kwenza ukuthi zikhululeke.",0
train_isizulu_01664,AfriHate,ukhulumani ulele wenja?  😭😭😭😭😭 ##url,0
224,vukuzenzele,Kuyinto enhle kakhulu ukusebenza nabantu abamese kayo umsebenzi osemusha kulowo mkhakha womsebenzi.”Umyalezo wakhe emphakathini uthi umphakathi kumele usize abahlengikazi ngokuzibophezela ekwenzeni okufanele. “Sisize ukuze nawe sizokusiza.,0
train_isizulu_00435,AfriHate,blue pill ngihambe ngiyothenga omahosha echina ##url,0
211, badumele abakwazuma ngokushiwo ngukamadiba ,"UMNDENI kaMengameli Jacob Zuma ugcine ukhiphe isitatimende ufongqa isigqoko uxolisa emphakathi ngenkulumo kankosikazi wakhe, uNkk Thobeka Madiba-Zuma ebisematheni ku-Instagram nakuTwitter ngoLwesihlanu.Unkosikazi kamengameli ubefake imiyalezo ku-Instagram esonga ngokuthi labo abazama ukulwa nomyeni wakhe bazozisola. Kwenzeka lokhu nje kusabalele izinkulumo ezithi uZuma uhleli ngesinqe esisodwa njengoba enxenxwa ukuba ashenxe esikhundleni.Inkosana kamengameli uMnuz Edward Zuma esitatimendeni sokuxolisa igxeke unina omncane ngokukhuluma budedengu.""Asazi singakuchaza kanjani ukudumala nokuphoxeka kwethu ngalolu daba. Yingakho sibone ukuthi masikhiphe isitatimende sishweleze ngenkulumo yalolu hlobo. Sesiqale uphenyo ngalesi senzo ukuze sithole kahle ukuthi kwenze njani,"" kusho uZuma esitatimendeni.Uthe bewumndeni bakholwa wukuthi ihhovisi likanina omncane kufanele libe seqhulwini ekudaleni ukuthula emphakathini.""Sifisa ukugcizelela ukubethemba ubuholi obukhethwe yi-ANC. Sibona ukuthi yibona obuzothatha izwe lethu buliyise phambili. Sithole inqwaba yezingcingo abantu besibuza ngalolu daba olube undabamlonyeni,"" kuqhuba uZuma.Unina omncane ubefake isithombe sakhe nomengameli bezipholele, wasiphelezela ngombhalo othi ‘Kusazoshuba ungalwi nomuntu ongalwi nawe. Kusazoshipha ukotshi darling."" Ugcizelele nokuthi uZuma wajoyina umzabalazo esemncane. Uze wathakazela umengameli wambiza nangamagama othando lapho ethi: ""My everyday crush Nxamalala, Msholozi, Maphumephethe,"" emthopha.",0
530,vukuzenzele,eminingi idla inyama yenkukhu kakhulu ukwedlula olunye uhlobo lwenyama.U-Dkt Zulu unamathemba okuqeqesha abesifazane abangaphezu kwe-1 000 kwezolimo kulolonke izwe ngonyaka. Uzimisele futhi ngokuba ngomunye wabakhiqizi abathembekile baseNingizimu Afrika,0
train_isizulu_01422,AfriHate,@username ublue uzobhebheka #bbmzansi,0
253, indoda izidubule yafa phambi kwabantu ,"INDODA okusolwa ukuthi ibidle izidakamizwa ivulele ngenhlamvu esidlangaleni kunabantu ebebezihambela emarobhothini kwaV, eMlaza, maqede yabhekisa isibhamu kuyo yazidubula yafa izolo.Indoda, eyaziwa ngokuthi ingumakhi wezindlu odabuka kwelinye lamazwe ase-Afrika, kuthiwa inguMnuz Sdu Sithole. Imangaze abaningi ngesikhathi imisa imoto erobhothini kwaV, yaphuma yavulela inhlamvu esidlangaleni, kungaziwa ukuthi idubula bani.Kuthiwa kukhale ubumayemaye abantu bebaleka nxazonke. Kuthiwa ibonakale sengathi iyakujabulela lokhu ngesikhathi ikwenza ngoba ibigibele okhakhayini lwemoto. Ibidubula ibuye igxumele phansi idubule iyizungeze imoto. Kuthe kusenjalo kwaqhamuka amaphoyisa, athe engakafiki nakuyo yabhekisa isibhamu kuyo yazidubula yashonela khona lapho.Omunye ozibonele lokhu kwenzeka kodwa ongathandanga ukuthi igama lakhe lidalulwe, uthe uSithole ubengapheli kwaV futhi uyaziwa khona. Ubejwayele ukuhamba nabantu abakha izindlu emotweni yakhe.“Uyaziwa kule ndawo yize ngingamazi ukuthi uhlala kuphi. Ngiyacabanga ukuthi uhlala khona kwaV, siyazi nokuthi uyaphuza futhi ubuye asebenzise nezidakamizwa kodwa bekungakaze kwenzeke ukuthi akhiphe isibhamu. Bekungathi sibuka ifilimu, angazi noma kukhona yini abekusho ngoba sonke bese sicashile sesaba ukudubuleka. Ngiyasola ukuthi ubedle izidakamizwa, akekho umuntu obengenza le nto edakwe wutshwala kuphela. Ucishe walimaza abantu ngoba le ndawo iyaphithizela,” kusho yena.Kunenqwaba yezitolo, kuphinde kume namatekisi nabantu abanamatafula abadayisayo kuleli robhothi. Kuhlale kuphithizela kulo njengoba uma ungena noma uphuma eMlaza udlula kulona.Ngesikhathi ithimba leSolezwe lifika endaweni izihlobo zikamufi bezidangele, zime eduze kwesidumbu sakhe zisalinde ukuthi sithathwe yimoto ethatha izidumbu.Imoto yakhe iCiti Golf emhlophe ibimi erobhothini emgwaqweni oqhamuka eSiphingo obheke ngakwa E,F&G, isidumbu sakhe siseduze kwayo.Akekho obekhuluma nomunye kulamalungu omndeni bonke bebegobodisile bebheke isidumbu sakhe.Kulezi zihlobo akekho ovume ukukhuluma nabezindaba, zithe kuningi okushayisanayo abezwa kuthiwa kwenzekile, okwamanje kazikazi ukuthi kwenzekeni.Akekho kuzo obefuna ukuzisho ukuthi ungubani.“Sisenezinhliziyo ezibuhlungu, ngeke sikhulume okwamanje ,” esho ehamba.Okhulumela amaphoyisa kulesi sifundazwe, uLt Col Thulani Zwane, ukuqinisekisile okwenzeile wathi indoda yangaphandle kwaleli okuthiwa ibidakiwe, izidubule ngesibhamu sayo yafela emgaqweni.“Kuvulwe idokodo mayelana nokufa kwendoda esiteshini samaphoyisa eMlaza. Ngesikhathi edubula akekho olimele,” kusho uZwane.",0
train_isizulu_01801,AfriHate,nxa ngyadlala wenja 🤣 ##url,0
2370,vukuzenzele,"“Nakuba amanye ama cala ezinkantolo ehlehlisiwe ngenxa yomonakalo woku valwa kwezwe, izimo ezi phuthumayo ezihlanganisa udlame lwasekhaya kanye ne-GBV kuzoqhubeka ku nakwe ngaphansi kwezi ndlela zobulungiswa,” kusho u-Teleki.",0
train_isizulu_02413,AfriHate,"👀 ""@username : nami “@username : seng'funa uk'bhebha 😔”""",0
835,vukuzenzele,"Wengeze ngokuthi akwamukelekile ukuthi izinkontileka eziningi kangaka okufanele zisindise izimpilo futhi zivikele indlela yokuziphilisa yabantu zaphathwa ngendlela engeyiyo, ngokungalandeli umthetho noma ngokukhwabanisa.",0
dev_isizulu_00290,AfriHate,"uzobhebheka ""@username : mfundo stays lol(ing) to my retweets njalo nje",0
2793,vukuzenzele,"Lokhu kubandakanya ukufakwa endalini kobuxhakaxhaka bezokuxhumana ngamagagasi omoya okudingeka kakhulu, obekumiswe iminyaka engaphezu lwelishumi nokuze kwagcina sekuphothuliwe ngoNdasa.",0
train_isizulu_02885,AfriHate,ewu ngeke lisatholakala ididi emzansi vele? ##url,0
254,vukuzenzele,Ukuhlale njalo usefonini noma ezinkundleni zokuxhumana.,0
train_isizulu_00404,AfriHate,@username ngisalindile bo mazulu.,0
3267,vukuzenzele,"Kamuva nje, ekubhekaneni nomthelela omubi wobhubhane lweCOVID-19 kwezomnotho, lo hulumeni wengamele ukwanda okukhulu kokuqashwa komphakathi emlandweni wezwe lethu.",0
2816,vukuzenzele,Lezi zinguquko zifezeke ngenxa yokusebenzisana kuhulumeni ngokulandela uhlelo loguquko olulodwa.,0
train_isizulu_01131,AfriHate,"mazulu amahle, yini ispiliyoni?",0
3486,vukuzenzele,"sithuthuke kakhulu. Ngoku fanayo, ukusebenza kahle kwezinsizakusebenza zoku phatha impahla sekutshengise ukuthuthuka ukufinyelela kuma-80% futhi kufanele kuphokophelele okungenani kuma-95% ukuze kufike esilinganisweni somhlaba jike lele. Izikhathi",0
train_isizulu_00217,AfriHate,"bhejwa uthule! ""@username : the motto. ""@username : bhebha uthule""""",0
1924,vukuzenzele,Umsebenzi omkhulu uyaqhubeka ukugcina ukuhlinzekwa kwezidingonqangi ezi ndaweni ezehlukahlukene KwaZulu-Natali.,0
2775,vukuzenzele,"kanye nokuhlala kwabantu ngabodwana – okusekhona kakhulu namanje,” kwengeza yena.",0
207,vukuzenzele,"yokuhlanza ikhaya kanye nokuhlanza izindlu zangasese,” kusho yena.",0
2667,vukuzenzele,"zomakhalekhukhwi ni ababili, imali-mboleko ye bhange elinganiselwa kwizi 65 000 zamarandi kanye nenqwaba yezikweletu ezitolo ezivuliwe ngaphansi kwegama lakhe. Isikweletu sesisonke sasisondele kwizi100 000 zamarandi. “Ngaphambi nje kwesigaba sesihlanu",0
3109,vukuzenzele,"kakhulu kimina ngoba ukuba umshayeli wezikebhe akudingi ukuba umuntu abe neziqu zemfu ndo, kudinga iS1, S2 no kuqeqeshwa olwandle. Kuba ngemva kwalokhu kuphela lapho abantu beye babhalisele ukuba umsha yeli wezikebhe. Ngenza kokubili ngesikhathi esi sodwa.",0
2008,vukuzenzele,kubikwa ukuthi ku khona lapho ugesi wokukha nyisa umgwaqo ungasebenzi ngendlela. Kumele baqinise kise ukuthi imigomo yezempilo kanye nokuphepha kusebenza ngendlela eyiyo kanye nokuthi imithetho iyagcinwa.Ukungezela kule misebe nzi eyenzekayo ezindaweni,0
3222,vukuzenzele,km kusuka e-Lynnfield Park ukuya e-Ashburton Inte rchange .,0
2469,vukuzenzele,"endaweni, waya ekufakeni imihubhe emibili yezitshalo, walima amahe ktha ayi-1.5 waphinde wakha amahhoko ezinkukhu okube ka umthamo wamaqanda a yizi-5 000 kanye nayizi-2 000. Leli pulazi manje selihli nzeka ngemikhiqizo yalo izindawo zokudla ezine zaseWimpy",0
train_isizulu_01378,AfriHate,umuhle and uba worse in your 40's🤣... iglow yokujola no mlungu ngyaybona ##url,0
dev_isizulu_00203,AfriHate,lena ngath ibaselwa yile ngamla yaz 😂😂😂😂😂 why ithethisa yena kphela ##url,0
train_isizulu_02441,AfriHate,@username 🙌🏿ivele ibe mnandi kakhulu mase kusa futhi umthathanduku/morning glory walapha 👏🏽👏🏽ungaze ulale kuphume ilanga 🤞kanti iyakhishwa imfene entathakusa kungakavuki umphakathi,0
train_isizulu_01215,AfriHate,also yayinhle imomozi,0
train_isizulu_01571,AfriHate,@username awu dude asbonge kuleyo ndawo.  awungphoxe phela sdomu ungaphenduli 🤣🤣🤣 ##url,0
1872,vukuzenzele,"NgokoMthetho Wokuzikhethela Ukukhipha Isisu wangowe-1996 (Umthetho wama-92 wangowe-1996), ukukhipha isisu kungenziwa futhi ukusuka emasontweni ayi-13 kuya kwangama-20 uma udokotela, emva kokuxoxisana nowesifazane okhulelwe, ukholelwa ukuthi:",0
2477,vukuzenzele,"Umphathi-jikelele we-SA PA u-Izaak Breitenbach uthi imboni itshale izigi di ngezigidi ekwesekeleni abalimi abansundu kanye nokukhulisa ukukhiqizwa kokufuywa kwezinkukhu ngamaphesenti ayi-5. Ezinyangeni eziyi-12 nje, ziyi13 izinkontileka zokukhulisa",0
1070,vukuzenzele,"NgoNhlangulana, ku lonyaka sibone umnotho wethu ubuyela emazingeni angaphambi kobhubhane ngokubuka umphumela ongemubi kakhulu we-GDP kwikota yokuqala yonyaka.",0
test_isizulu_00029,AfriHate,nd abafana abazi ukuthi yini abayifuna yaz upakile or slenda ;sdudla amadoda if athole khekhe nje it fine tjooo sewukubhubha kwezwe yaz,0
574, okusha ngokubulawa kwesitshudeni sasedut ,"KUVELE ukuthi sabulawa ngokushaywa ngesando ekhanda emagcekeni esikhungo saseDurban University of Technology (DUT) isitshudeni uSandile Ndlovu oshonele esibhedlela ngoSepthemba ngemuva kokulimala kanzima ekhanda.Umsolwa ecaleni lokubulawa kukaNdlovu (18) uMsizi Mbutho (29), uboshwe ngeledlule kanti uvele okwesibili enkantolo yeMantshi eThekwini ngoLwesithathu. Ngokwamaphepha asenkantolo, umsolwa ubhekene namacala amabili, elokubulala nelokubamba inkunzi.UMbutho akakayazisi inkantolo ukuthi uyawavuma noma uyawaphika amacala abekwe wona kanti futhi akasifakanga nesicelo sebheyili. Ngesikhathi esenkantolo kuvele ukuthi uNdlovu, obefundela iziqu ze-Industrial Engineering, wabulawa ngokushaywa kanzima ekhanda.Phambilini bekubikwa ukuthi uNdlovu wabulawa ngokugwazwa.  Bekungokokuqala abashushisi beveza ukuthi uNdlovu wabulawa “ngokushaywa ekhanda ngesando, okwaholela ekufeni kwakhe.”Sandile NdlovuAbashushisi basola uMbutho ngokweba izinto zikaNdlovu okubalwa kuzo iselula etholwe kuyena ngemuva kokumhlasela ngesando ngoSepthemba 9. Ushonele esibhedlela ngoSepthemba 21 esephefumula ngemishini.Abashushisi bathe bafuna uMbutho abhekane nesigwebo esinzima kunazo zonke esigabeni samacala asolwa ngawo.UMbutho kuvela ukuthi akazimisele ngokufaka isicelo sebheyili. Icala lihlehlisiwe njengoba kusalindelwe umbiko wokuhlolwa kwesidumbu sikaNdlovu. Inkantolo isazonquma ukuthi leli cala lizoqhubeka eNkantolo yeMantshi noma lizodluliselwa eNkantolo eNkulu eThekwini.",0
1572,vukuzenzele,"Abavoti ababhalisiwe, abanemininingwane yabo yekheli engekho ohlwini lwabavoti, bangahlinze-ka imininingwane edingekayo esikhungweni sabo sokuvota ngesikhathi sokubhalisa.",0
876,vukuzenzele,"Lesi sikole, esizinze eMthatha eMpumalanga Kapa, siqale ukusebenza kwisakhiwo segalaji ekhaya lelungu lomphakathi uNkululeko Ralo, esethiwe ngaye.",0
2429,vukuzenzele,"Isibonelo, ikolishi elilodwa lingagxila kwezobunjiniyela bokukhenikha bese elinye ligxila kwezokushayelwa kwezindiza, kuchaza yena.",0
dev_isizulu_00117,AfriHate,@username yingakanani imfene yakho manje?,0
2455,vukuzenzele,"leze.Labo bethu ababeyingxe-nye yombhikisho wabafundi ngesikhathi sobandlululo sihle-zi sibuzwa ukuthi sicabangani ngentsha yanamuhla. Ku-nokulingeka okukhona koku-ﬁ sa ukubuyela emuva 'ezinsu-kwini ezimnandi' zepolitiki yabafundi nomzabalazo we-ntsha,",0
2624,vukuzenzele,"iminini-ngwane yokuthi kungani uNkk Deokaran abulawa.Ngaphandle kwezimo zale nhlekelele, uNkk Deokaran ubeyiqhawe futhi ethanda izwe lakhe. Njengoba ziziningi izingede, ezizibeka engozini enkulu, ezisiza eku vundululeni izenzo zobubi, ukuphatha budedengu,",0
train_isizulu_00562,AfriHate,@username ayingi phathanga kahle lendaba. awunayo imfene engaba vakashela kodwa? ##url,0
2818,vukuzenzele,"Ukuze ugweme ukuba yi sisulu sokushushumbiswa kwabantu kumele ugweme ukuhamba wedwa, ebusuku, noma emigwaqeni engenabantu.Kubalulekile ukuthi wazi ukuthi kwenzakalani endaweni okuyo ngazo zonke izikhathi. Ukuhlala uqaphile kuzokusiza ukuthi ukwazi ukubona",0
train_isizulu_02559,AfriHate,#isidlosasekuseni @username abantwana bezilwane imbuzi-izinyane inkomo-inkonyane imfene-isijwana ihhashi-iponi imbongolo-ithole inkukhu-itshwele luqale kahle usuku lwami ngcebzin njengoba izingane sezibuye zifundele ekhaya umuntu ubuyiselwa ngenkani eskoleni 😂😂😂,0
1405,vukuzenzele,"“Emva kokuhlonzwa kwami, angisakwazi uku thola imiphumela egculisayo esikoleni. Angisakwazi ukuba yingxenye yezemi dlalo noma ngenze izinto e ngangizijabulela phambili ni,” kusho uSenamela, one phupho lokuba ngudokotela.",0
1392,vukuzenzele,"Kodwa esikhathini sana muhla, ukushintshwa kwamangqamuzana egazi kungaba yindlela yokwe lapha esebenza ngempu melelo ekusindiseni izimpilo ngokushintsha lawo ma ngqamuzana egazi omuntu angasekho esimweni sempilo esiyiso ngalawo asenempilo.",0
12,vukuzenzele,Ungasiza ukugwema ukusulelana nge-COVID-19 ngokuqinisekisa:,0
817,vukuzenzele,"Akusikhona nje kuphela ukuthi kwantshontshwa imali ebalulekile, kodwa lezi zikhungo azange zikwazi ukufeza umsebenzi ezazisungulelwe ukuthi ziwenze. Imiphumela kanye nezincomo zeKhomishana kaZondo kuzosiza ukuthi izwe lakhe kabusha lezi zikhungo futhi",0
309,vukuzenzele,"ukubalungiselela imfundo efanele. NgoMba sa wezi-2022, saphothula ukususwa komsebenzi we-ECD ngaphansi ko Mnyango Wokuthuthu kiswa Komphakathi waya nga phansi koMnyango Weze mfundo Eyisisekelo. Lokhu kwenziwa ukuze kuzo xhunywa ukuthuthukiswa komntwana",0
3532,vukuzenzele,"Umgomo wenzani?Umgomo uqeqesha izivikela zifo zomzimba wakho (okuyizona ezilwa nokwesulele-ka), ukuthi zikhiqize amasotsha omzimba (okunga-maprotheni alwa nezifo) – ngokufana ncimishi nanjengoba bekungenzeka uma bewuvuleleke egciwaneni.",0
train_isizulu_00001,AfriHate,@username uzovuka ngo ngamla,0
train_isizulu_02725,AfriHate,futh e montclair kyafana nase folweni ukuth iseduze ne city kunalabelungu. nakhona ba orange ilanga abelungu bakhona umlungu mele asuleke..,0
202,vukuzenzele,"I-BIS iwuhlelo lomxhaso lweNqubomgomo Yosozimboni Abamnyama ehlose ukuvulela amathuba osozimboni abamnyama abasebenza kumnotho waseNingizimu Afrika ngenxa yokungenelela okuqonde oku-thile, okuphokophele ukuzuza okuthile nokuhlelwe ngendlela ethile",0
train_isizulu_00131,AfriHate,"@username okusempeleni i afrikaans  eyathathela kumaskhandi ngamabhunu ashintsha athi musikant from maskhandi, ngoba phela isintu kade sikhona ngaphambi kokuthu kufike amabhunu.",0
1488,vukuzenzele,"Abantu abathinteka kakhulu yilabo abayizinsana ezinezinsukwana zizelwe – izinsana ezinezinsuku ezi ngama-28 zizelwe, nabantu abaneminyaka ephakathi kweyi-15 nengama-49. Aba-ntu abanale minyaka yobudala bangama-70% abantu bonke abanalesi sifo.",0
train_isizulu_00660,AfriHate,@username -kambi! ukthusa ekgcineni kodwa inkomo!,0
train_isizulu_02097,AfriHate,ungayidela ingulube bafo? ##url,0
715,vukuzenzele,"abantu sidingeka ukuba siwaqhaka-mbise la malungelo amabili okudlula wonke amanye.”Le mithethonqubo esiyibekile ibekelwe phezu kwalokho ku-zinikelela empilweni nesithu-nzi, futhi ezithethelela – kulezi zimo ezibucayi – imikhawulo yesikhashana kwamanye",0
train_isizulu_00286,AfriHate,@username uyam’cabanga mara u sizwe “mlungu uzong’xabanisa ne ngamla yazi”,0
806,vukuzenzele,Sikhalela u-Desmond Tutu ngoba ubengubaba ngokomoya wentando yeningi labantu yethu.,0
test_isizulu_00354,AfriHate,brilliant uzihlulelwe “yi bhebha uthule” philosophy kuphela.,0
249, idinga ukuvikelwa iminikelo yamakholwa ,"SEKUWUMKHUBA ojwayelekile ukuzwa ukuthi kunomzalwane noma umfundisi osolwa ngokudla umnikelo webandla elithile.Lokhu kugcina kuthela amabandla ngehlazo, ngoba imvamisa yalaba bantu abasolwa ngalokhu, basuke benezikhundla emabandleni abakhonza kuwo nokwenza kungabi lula ukuthi babone abazalwane uma sebexhaphazeka. Inhlangano ebhekele ukusebenza kwamabandla iKwaZulu-Natal Council of Churches nayo ike yakuveza phambilini ukuthi sekukaningi ithola ngalezi zigameko emabandleni ahlukene.UMengameli wale nhlangano uDkt Lucas Ngoetjana, uthi kunanoma yiliphi ibandla kumele kube nekomidi elinabantu ababhekela ukusebenza kwebandla kanjalo nomnikelo walo.UDkt Ngoetjana uthi lokhu kusiza ekutheni ibandla likwazi ukuhlala lihlangane licubungule amabhuku alo ukuthola imali eselinayo esikhwameni kanjalo nesisebenzile.“Kuyenzeka kula mabandla esimanje uthole umfundisi ebhekele zonke izinto ebandleni. Ngisho nomnikelo uthole uqoqwa nguyena kulezi zinkonzo esezigcwele manje. Kodwa ngokomthetho kusungulwa ikomidi ebandleni bese nemali ihlukaniswa ngokwezidingo zayo.“Kuyaye kubhalwe phansi nemali esele emva kokuba ibandla selikhokhele indawo elikhonzela kuyo lenza nezidingo zalo,” kusho uDkt Ngoetjana.Uqhube wathi abazalwane banelungelo lokwaziswa ngomnikelo wabo ukuthi usebenze kanjani.Uthe lokho akusho ukuthi banokholo oluncane kodwa kuyasiza ukugcina nomlando webandla umuhle.Ukuhlala isikhathi eside umuntu engalandelwa ngemali yomnikelo, nakho kungamenza angene esilingweni sokuyisebenzisela izinhloso zakhe.Okunye Okumele ibandlalikwenze ukuvikela umnikelo:-Uma kuyibandla elikhulu igatsha ngalinye alibe nomgcinimafa walo. Emabandleni amakhulu akumele kubekwe umuntu oyedwa ozogcina imali yebandla.-Ayibalwe imali yomnikelo bese kubhalwa phansi ngaphambi kokuthi ihlanganiswe nendala.-Uma ifakwa ebhange akube khona ubufakazi obuphathekayo nobuzogcinwa mayelana nokusebenza kwayo.-Kulaba abathengela abazalwane ukudla akube nobufakazi benani legilosa ethengwayo ukuze kwaziwe ukuthi imali yenzeni.-Ikota nekota yonyaka kufanele kube nomhlangano wokuchaza kabanzi ngemali esisebenzile nesalondoloziwe ebhange.-Imali ekhokhela indlu kwabarentayo, ugesi, amanzi, unogada nezinye izidingo eziqondene nebandla, nayo kumele ibe nobufakazi neziliphu eziwubufakazi bokuthi kuyakhokhelwa ngempela.",0
899,vukuzenzele,othisha kanye nabafundi ukuthi bafinyelele emandleni abo.,0
dev_isizulu_00245,AfriHate,@username uyinja shame 😂😂😂😂,0
1167,vukuzenzele,"Iphinde icubungule ukuthotshelwa kwezimemezelo ezakhishwa yi-CIPC, okuhlobene nokwelulwa kwesikhathi sokulungiselela izitatimende zezezimali zonyaka kanye nokubiza imihlangano kawonkewonke yonyaka.",0
181,vukuzenzele,"Kamuva nje besibambe iqhaza kwiNgqungquthela ye-BRICS ye-13, lapho amazwe e-BRICS avuma ukuqinisa ukusebenzisana ukulwa neCOVID-19 kanye nokunxenxa ukwesekwa kwezepolitiki nezinsiza zezezimali ezidingekayo ukubhekana nokulungela ubhubhane olungabheduka",0
train_isizulu_01783,AfriHate,@username uyinja mzalwane 🤣🤣🤣 ##url,0
849,vukuzenzele,"Lokhu kubandakanya uphenyo lwabahlinzeki nsiza abangama-476, abeyaniswa nezinkontileka ezingama-964, zenani elingaphezu kwezigidi ezingama-R961.6.",0
train_isizulu_00303,AfriHate,"omahosha abasafun uk'sebenza, yeka lapho. 😂😂😂😂",0
1401,vukuzenzele,"Isimo sika-Makda saphinde sadala ukulahlekelwa uku khumbula izinto kanye nokudlikiza futhi kwamele ukuthi ahlale ekhaya iminya ka emithathu engayi esiko leni. Nakuba zikhona lezi zinselele, kodwa waqhubeka nokuhlalela ethembeni. Eku gcineni u-Makda wamtho",0
1988,vukuzenzele,Lesi yisimiso abaholi be zenkolo engihlangene nabo abaseseka ngokugcwele futhi abasibongayo. Bayasiqonda isibopho sabo bonke abantu abakholwayo – impela sabo bonke abantu baseNingizimu Afrika – ukulandela izinya thelo ezibekiwe zokuvikela impilo yabantu,0
1388,vukuzenzele,izinga lokusinda lingaba phakathi kwama-85% kuya kuma-90%.”Izingane eziningi kudinga zihlonzwe ngesikhathi isifo lesi sisesemazingeni aphansi futhi bathole ukwelashwa okuyikho – ezikhungweni zokwelapha okukhethe kile okunikezwa ngongoti abafanele – uma,0
3550,vukuzenzele,"Cisha ugesi uma uphuma endlini Sebenzisa amagulobhu ase-benzisa ugesi kancane nabi-zwa ngama-LED bulbs Cisha zonke izinto eziseben-za ngogesi uma ungazise-benzisi Vama ukusebenzisa amanzi abandayo, ungasebenzisa nashisayo uma kunesidin-go Mboza igiza",0
1110,vukuzenzele,"Izenzo ezingenamthetho eziqondiswe kwabokufika, noma ngabe banamaphepha noma abanawo, angeke zibekezelelwe. Namuhla, intukuthelo yethu singayiqondisa kubantu base-Zimbabwe, e-Mozambique, e-Nigeria noma e-Pakistan. Kusasa, intukuthelo yethu izoya komunye",0
3609,vukuzenzele,"lwenqubo-kusebenza entsha yokuthuthukiswa kwentsha. Njengokusho kuka-Frantz Fanon, kusemahlombe aleso naleso sizukulwane ukuthi sizitholele eyaso impokophelo. Lesi sizukulwane samanje sesiyitholile eyaso. Manje ususemahlombe ethu umthwalo wokubasekela",0
train_isizulu_00682,AfriHate,@username usungenile awboni sdomu,0
1838,vukuzenzele,Sidinga ukusebenzisana uku ze sivikele ezempilo zabasebe-nzi abahamba phambili empini kanye nabasebenzi bonkana.,0
861,vukuzenzele,"abalimela ukuziphilisa, aba limi abancane nabahwebayo.",0
train_isizulu_01674,AfriHate,amasende embuzi lawa! ##url,0
2205,vukuzenzele,"Kodwa, liselide ibanga okusamele silihambe. Ngaphandle komsebenzi, ngaphandle kwendlu, ugesi noma amanzi, ngaphandle komhlaba, ngaphandle kwamakhono noma amathuba, izigidi zabantu baseNingizimu Afrika basanqatshelwe impilo abayifunayo nebafanele. Yingakho",0
1837,vukuzenzele,"Ukweseka umsebenzi owe-nziwa ngabasebenzi bethu abahamba phambili kule mpi ezweni lonke, sithume oNgqongqoshe namaPhini oNgqongqoshe esifundeni ngasinye ezweni ukuze baye kobona izingqinamba zakulezi zifunda nokusebenzisana nezikhulu zezempilo",0
587,vukuzenzele,"Njengengxenye yesi gaba sesibili, sisungula Isikhwama Sokuqasha Umphakathi esizosekela umsebenzi oholwa yizi-nhlangano zomphakathi ezinomsebenzi omuhle ovamile emikhakheni enhlobonhlobo enje ngezolimo zasema dolobheni, ubuciko bomphakathi, ukuthuthu kiswa",0
440,vukuzenzele,"Vala umpompi uma uxubha, ushefa noma ugcoba insipho ezandleni",0
2171,vukuzenzele,"“U-Real umele la magama esi Ngisi: uResponsible, Enlightened , Archetypal (ukuba yisibone lo) kanye noLoving ,” kusho uTshepo.",0
3450,vukuzenzele,"Ngalolu hlelo sekuqashwe abantu abangaphezulu kwezi5 000 abaphuma emiphakathi ni entulayo futhi baqeqeshwa baqwashiswa ngomlilo, ezemfundo, ukunqanda nokuvimba umlilo nakwamanye amakhono, afana nosizo lokuqa la, ukubaza, ukupheka, ezempilo, ukuphepha",0
2493,vukuzenzele,Ngaphambi kokuthi umemezele izinhlelo zozokwenza umnyango wenza umbiko wokuhlola ukuze uthole ukuthi ungakwazi kanjani ukulwisana nemigqa futhi wenze ngcono izinsiza zawo.,0
test_isizulu_00630,AfriHate,"ekhomba jozi mygoli...""hoza ngamla,noma yini""",0
1590,vukuzenzele,iNingizimu Afrika ibekwe yaba ngeyama-32 emazweni ayi-180. Inkomba ichaza isimo senkululeko yabe zindaba eNingizimu Afrika “njengesiqinisekisiwe ko dwa esintekenteke”. Uyakubonisa ukuthi ngesikhathi uMthethosisekelo waseNingizimu Afrika uvikela inkululeko,0
train_isizulu_02946,AfriHate,mawudla amankwebevu khohlwa njenge sdomu eskolweni....eyokulobola ongaphuzi. ##url,0
2778,vukuzenzele,"Ngokusho kweThimba laseNingizimu Afrika Lokukhathazeka kanye Nexhala (i-SADAG), zingama-23 izi gameko zokuzibulala kanti futhi zingama-230 izigameko ezinzima zokuzama ukuzi bulala eziqoshwa nsuku zonke eNingizimu Afrika.",0
2220,vukuzenzele,"Imisebenzi yokuthuthukisa amakhono omsebenzi (ukwelulekwa, ulwazi, iseluleko kanye nokuhlelela umsebenzi/ulwazi ngalokho ongakukhetha maqondana noxhaso kanye nokuthola imali yokufunda).",0
train_isizulu_01169,AfriHate,"lmao :''''d ewwu ""@username : fezile udlelwa umkhovu lol rt @username : uzobhebheka vele ""@username : uqondi uzifunela umhlonishwa""""",0
1758,vukuzenzele,Ukwakha umthethosisekelo wesikole kanye nesitatimende somgomongqangi wesikole.,0
623, kusolwa isoka ngobulawe ezithwele ,"AWUKAZI ukuthi uzongcwaba ngani umndeni wengoduso okusolwa ukuthi ibulawe umkhwenyana wayo eMgababa ngeSonto.Umndeni kaNksz Zothile Mthethwa (33) waseMashiwase, eMgababa, ngaphezu kobuhlungu bokuthi uvuke ngeSonto watshelwa ngomuntu olele endleleni eduze komuzi wakhona okuthe uma usufika khona wathola ukuthi ilungu lawo libulewe, usuzwa obunye ubuhlungu bokuthi awazi umufi uzofihlwa ngani. Lo mndeni uphinde washaqeka uma usekuboshwa umkhwenyana kamufi osolwa ngokuthi umklinye wambulala. Umndeni usubhekene nenkinga yokuthi awazi ukuthi uzongcwatshwa kanjani umufi njengoba umkhwenyana wakhe okunguyena obemeseka ngemali esengumsolwa.Umfowabo kamufi uMnuz Banele Mthethwa, uthe uhlukane nodadewabo ngoMgqibelo ntambama bephuma emcimbini wakwamakhelwane. Uthe udadewabo uphume wathatha indlela eya kubo yena ubesafuna ukuya kwenye indawo. Ekuseni akazange anake uma engamboni ngoba ubezitshela ukuthi mhlawumbe ukumkhwenyana wakhe.“Izingane ezingabashana balapha ekhaya ebezihamba endleleni zibone umuntu ebezithi ulele zamemeza. Sisheshe saphuma ngoba kuseduze nasekhaya. Sishaqeke kabi uma sithola ukuthi udadewethu futhi ushonile, emzimbeni ubengenalo inxeba. Sibize omakhelwane nomkhwenyana bafika badangala bebona lesi simo, umuntu okhulelwe eshonile kungaziwa ukuthi ubulelwe yini. Umkhwenyana ubeyingxenye yabantu ebethukile kodwa akuphelanga isikhathi eside amaphoyisa athola intambo ebifakwe udadewethu esinqeni ikuye, waboshwa ngoba kusolwa ukuthi umklinye ngayo.”Uthe ngokwazi kwakhe udadewabo nosbari wakhe odabuka eMalawi bebengenazo izinkinga bebexabana njengabo bonke abantu abathandanayo.“Isigameko senzeka ngeSonto kuze kube manje siyaphuma siyangena sicela usizo lokungcwatshwelwa, akulungi. La ekhaya akekho umuntu osebenzayo naye usisi ubengasebenzi.”Lo mndeni onabantu abadala abane, uphila ngemali yesibonelelo yezingane ezintathu, ezimbili ezikamufi neyodwa eyomunye udadewabo.UMnuz Lungani Mkhathini wophiko lwentsha lwe-ANC kule ndawo, uthe bengabantu abasha bashaqekile ngalesi sigameko esenzeke ngesikhathi lapho kukhuzwa ukubulawa kwabantu besifazane nezingane.“Siyazama ukusiza lo mndeni ngokuwutholela abantu abangawusiza okwamanje akekho osaqhamukile.”Okhulumela amaphoyisa KwaZulu-Natal uColonel Thembeka Mbele, uthe kutholakale isidumbu sowesifazane endleleni, eMashiwase, eMgababa, ngeSonto. Uthe kusolwa ukuthi lo wesifazane uklinywe waze washona.“Icala lokubulala livulwe esiteshini samaphoyisa eManzimtoti. Uphenyo lwamaphoyisa luholele ekutheni kuboshwe indoda eneminyaka engu-36 ngecala lokubulala. Le ndoda ivele enkantolo ngecala lokubulala namahlanje (izolo).”",0
3111,vukuzenzele,"UMdletshe uyakuthanda ukuba semanzini. “Ama nzi akutshela okuningi ngokuthi usuku oluzayo luzolethani. Ngezinye izi nsuku kuzolile, kwezinye kuba kubi kanti kwezinye kuqubuka amagagasi ama khulu, ngakho-ke kuni ngi nje okwenzekayo olwa ndle! Imikhumbi",0
400,vukuzenzele,"Shayela u: 086 999 0123, okuyinombolo ehlanganyelwayo, kusukela ngoMsombuluko kuya kuLwesihlanu phakathi kwehora lesi-8 ekuseni nelesi-4:30 ntambama,",0
train_isizulu_02839,AfriHate,@username yeah bro ngezuve bayalikhuluma isende labantwana bedakiwe be sober kuyafana nje 😂😂,0
test_isizulu_00176,AfriHate,@username washaaaaa 💃🕺🏽 khuphuka lapho sdudla sangempela @username yamnandi leyo mix @username #isidlosasekuseni @username ,0
257,vukuzenzele,"Bangaphinde baxhu mane neNhlangano yaseNingizimu Afrika Ebhekele Ukukhatha zeka Nexhala iSouth African Depression and Anxiety Group, ku-0800 567 567 noma bathu mele i-SMS ku-31393 umeluleki uzobafonela.",0
train_isizulu_00013,AfriHate,@username ngathi imomozi echamayo 😂😂😂,0
1602,vukuzenzele,"ukuziphindiselela e sikhundleni sokwenza lokhu okufanele, ukwethembeka kwazo kuyathunazeka. Uma abezindaba besabalalisa izindaba ezingelona iqiniso noma lezo abaziyo ukuthi zingamampunge, umphakathi ulahla ithemba kubona.Kukuyena wonke umuntu othanda leli",0
144,vukuzenzele,"Izikhungo zokugonqaIzikhungo zokugonqaLabo abangakwazi ukuziqheli sa kwabanye uma behleli ekhaya, uhulumeni wenze izikhungo zokugonqa ezweni jikelele ukugcina wena kanye nabathandiweyo bakho niphephile.UHulumeni waseNtshona-langa Kapa usanda kushicilela",0
1245,vukuzenzele,"“Asiwona umuthi noma izilwane njengokokucabanga kwabantu. Singabantu njengabo bonke ababantu.USithibe utholakala emikhakheni eminingi. Uwunobuhle omodelayo, osebenzisa imfashi ni ukuqwashisa abantu ngokuba nebala elimhlophe futhi uyi sishoshovu sabantu",0
149, odlalela abaculi i keyboard uvulelwe icala lokumuhluza intombi ,"ODLALELA abaculi abadumile bokholo base-Eastern Cape i-keyboard, okubalwa kubo uBetusile Mcinga noDumi Mkokstad, kusolakala ukuthi uzifake obishini ngokulimaza kabuhlungu obeyintombi yakhe.UNksz Phakamile Mthalane (33) waseWembezi, e-Estcourt, ufuna lo saziwayo abhadle ejele ngokumsakaza ngezimpama, amklinye, amgingqe ngequpha, amgxobe futhi aze amgence ngembazo encane ngesikhathi emvakashele endlini aqashe kuyo eChris Hani Park, eMthatha, e-Eastern Cape, ngoMashi 4.Umgilwa uthi umsolwa wamshaya wacishe wamkhipha umphefumulo beqhathwa yizimpahla zomunye umuntu wesifazane azifica endlini yomsolwa.“Namanje angazi wangishayelani ngoba angimlwisanga. Ngambuza nje ukuthi kwenzakalani ngempahla yowesifazane engayifica endlini yakhe ngoba kimina wathi akathandani namuntu. Ngagcina sengixolisa, ngingazi ukuthi ngixoliselani.“Ngazithulela ngemuva kwalokho walibele ekhuluma, ngingamphenduli esefuna silale ngenkani, nganqaba.”Uthe umsolwa wabe esemshaya ngempama ethi akamphenduli ngani. “Wabe esengikhahlela futhi engigxoba sengilele phansi, engibuza ukuthi angimphenduli ngani uma ekhuluma nami. Wangiklinya ethi angimshaye nami, ngaze ngaphelelwa ngamandla, ngaquleka.”UNksz Mthalane uthi umsolwa wayemshaya sengathi ulwa nomuntu wesilisa obezama ukumbulala.“Ngaphaphama cishe ngemuva kwemizuzu eyishumi, wayesami phezu kwami nembazo ethi ungihlahlela ngayo ngayivika ngaze ngagoqana. Ngaphumelela ukuphulukundlela ngibaleke, ngacishe ngashayiswa imoto engingayazi, ngiyimisa emgwaqweni, ngicela usizo lwasesiteshini samaphoyisa.”Uthe wavula icala esiteshini samaphoyisa saseMgungundlovu kodwa ladluliselwa kwesaseMthatha esiqinisekisile ukuthi likhona icala esiliphenyayo elimayelana nokushaya ngenhloso yokulimaza elivulwe wuNksz Mthalane.UBetusile uvumile ukuthi uyamazi umsolwa, futhi uyamdlalela i-keyboard nabanye abaculi abaningi abadumile base-Eastern Cape.“Nodaba ngiyalwazi kodwa ngamtshela lo sisi ukuthi akaxhumane naye lo bhuti noma avule icala ngoba mina angifuni ukufakwa entweni engingahlangene nayo. Akasalungu lebhendi yami kodwa ngiyamqasha uma kukhona lapho ngiyocula khona.”Imizamo yokuthola ukuphawula kukamsolwa ayiphumelelanga ngenxa yokuthi izingcingo zakhe bezingabanjwa kanti nemiyalezo abethunyelelwa yona kuWhatsApp beyifundwa kodwa ingaphendulwa.Umsolwa ugcine eseyibhlokha inamba abethunyelelwa ngayo imiyalezo.",0
284,vukuzenzele,"labo bo nke abantu baseNingizimu Afrika, kwengeza uMonga meli.",0
train_isizulu_02518,AfriHate,abelungu bayarisk bo ngeympilo zabo angfuni ukungasho.🥴 ##url,0
3261,vukuzenzele,"Aphehla ugesi, alawule amachweba, akha imigwaqo futhi ahlinzeka ngamanzi adingekayo ukuze umnotho usebenze.",0
2824,vukuzenzele,"ongamazi, kwenze lokho ezindaweni zomphakathi futhi tshela umuntu omethembayo lapho ukhona.Uma usashaywa wumoya nezingane, zigcine eduze kwakho futhi qinisekisa ukuthi uyazibona ngazo zonke izikhathi.Ungalinge uthume ingane yodwa kungekho mu ntu omdala",0
2317,vukuzenzele,"UDkt Midah Maluleka ose benza njengodokotela eMpu malanga uthi, kuba khona ukwengezeka kwichromo some lama-21 ( iTrisomy 21) nokuyaye kubambezele ukukhula komzimba kanye nengqondo. Asikho isisusa ngqo esidala lechromosome eyeqile. Sekuqinisekisiwe ukuthi",0
282,vukuzenzele,labantu ukulungisa okungahambanga kahle nge sikhathi sobandlululo.,0
413,vukuzenzele,Ukuhlala unamanzi awenele emzimbeni futhi ugweme isifo esidalwa ukushisa kwelanga yenza lokhu:,0
2633,vukuzenzele,"ikakhulukazi maqondana nobugebengu obuhleliwe.Sekusobala manje ukuthi njengoba impi yokulwisana nenkohlakalo iza ngamandla, kudingeka sibuyekeze ngokuphuthuma indlela yethu yamanje hhayi ukuvikela ofakazi kuphela, kodwa nokuvikelwa okubanzi kwe-zingede.",0
train_isizulu_00030,AfriHate,@username khuphuka lapho sdudla mavis @username ngikuvulele phezulu kumanje ngala eshowe asambeeeeeke,0
test_isizulu_00017,AfriHate,baqinsile udadwethu ubongi jiyane sdudla esinganga. nomamami unomzimba udlula boke bakwabo. @username .,0
1701,vukuzenzele,"lwe-SheTrades eNingizimu Afrika, futhi kusungulwe nesizinda se-SheTradesZA.“Lolu hlelo luhlose ukuhlomisa amabhizinisi aphethwe abesifazane ukuthi ahwebe lapha ekhaya, esifundeni kanye nasemhlabeni jikelele. Lesi sizinda seseka ukuqiniswa kwamakhono",0
1612,vukuzenzele,"obuhlengikazi, abaneziqu zesayensi, abanamakhono omsebenzi wezandla kanye nabanye.Umzamo wokusungula imisebenzi uzophinde uvikele imisebenzi emikha kheni entekenteke eshayeke kanzima ngubhubhane.",0
1286,vukuzenzele,"Ngisanda kusayina ukuphasisa iziqephu ezintathu zomthetho ukugcina izithembiso zethu zokuqinisa uhlelo lwezobulungiswa kwezobugebengu, ukuthuthukisa ukuziphendulela kuhulumeni futhi nokwesekwa kwabasindile ukuthi kube kummongo wayo yonke imizamo yethu.",0
train_isizulu_01067,AfriHate,noma yini ngamla ##url,0
2869,vukuzenzele,"Emva kwalokhu, amathimba azobe eseba ngamabhizinisi aphelele ahlinzeka ngezinsiza i-George Tourism, bona-ke bazobe sebekhangisa futhi beqhuba uhlelo lokubatholela abavakashi.",0
1840,vukuzenzele,la ukuze kuqinisekiswe ukuthi zimisiwe izinhlelo zezempilo nezokuphepha zabasebenzi ababuyela emsebenzini. Iningi lezinyunyana zethu lihlinzeka ngolwazi ngegciwane lecorona kumalungu azo futhi abase benzi baqhuba imikhankaso yokuqwashisa.,0
dev_isizulu_00579,AfriHate,ay ndony intshebe iyona ebonisayo kuthi uyindoda.manje musuyikhipha yonke kuba ngathi ungu heshe.#gay  @username #lunchtimeradio,0
train_isizulu_01897,AfriHate,slima. wayiphuthisela ngemali ##url,0
train_isizulu_02985,AfriHate,"uzobhebheka ""@username : mfundo stays lol(ing) to my retweets njalo nje",0
1150,vukuzenzele,"Ngokuka-Ofentse Shakung, onguMphathi we-CIPC Yezokusungula kabusha kanye Nokubambisana futhi onguMqondisi weElearning, i-CIPC inemisebenzi eminingi eyenzayo, okubandakanya ukubhalisa izinkampani, imifelandawonye kanye namalungelo obunikazi bempahla",0
train_isizulu_01330,AfriHate,skhulu  ngamla  😖😖 ##url,0
714, usalila obanjwe inkunzi nguscabha etekisini ,"UKHALA uyazithulisa owesilisa wasePort Shepstone owayevakashele umngani wakhe eThekwini, othi wabanjwa inkunzi waphucwa uR1 100 nguscabha etekisini yaseSouth Beach.UMnuz Christ Cele, uthe wayeyohlangana nomngani wakhe, wagibela itekisi ngo-5.30 ekuseni, esekhokha kuscabha owayeqoqa imali kwabanye abagibeli wabe esekhonjwa ngommese yilo sicabha, wathatha yonke imali yakhe.“Ngakhipha imali ngithi ngiyakhokha, umfana wayithatha imali kubo bonke abagibeli. Ube esesondela eduze kwami wakhipha ummese wathi angikhiphe yonke imali engiyiphethe. Wathatha uR1 100 obusekhukhwini lami. Bekunabagibeli kule tekisi, kuthe noma ngizama ukukhala ngangasizwa muntu, umshayeli naye wavele wayishaya yazula, wangamnaka. Kuthe uma ima itekisi umfana wehla, wabaleka. Obehlezi eduze kwami wazikhalela ngokuthi naye ubesaba ukuthi uzomphuca eyakhe imali uma engilekelela,” kusho uCele.Uthe okubuhlungu ukuthi umshayeli akazange amlekelele, kunalokho waba nezaba wathi akamazi lo scabha, wathi ubehamba yedwa, engenamsizi.“Umshayeli waba umuntu ongayingeni indaba yami, wathi akagadi abagibeli yena. Ngasala dengwane ngingasenalutho, ngihlukumezekile ngalesi sigameko. Ngifuna ubulungiswa,” kusho uCele.UMnuz Vusi Msani, wososeshini baseSouth Beach, uthe babikelwe ngalesi sigameko.“Ngashayelwa ucingo umshayeli engitshela ukuthi kunomgibeli okhala ngokuthi ubanjwe inkunzi esetekisini waphucwa uR1 100, kunabagibeli phakathi. Ngathi abaye esiteshini samaphoyisa bavule icala, baveza ukuthi amaphoyisa anqabile ukulivula icala umshayeli ehamba yedwa, bafuna ophucwe imali. Umgibeli ubevele eseyile kolivula icala.“Sibe sesicela lo mgibeli ukuthi eze ekomitini lethu elibheka izikhalazo zabagibeli, elihlangana njalo ngoLwesine kodwa wangafika lo mgibeli. Besifuna ukuthola okwenzeka njengoba osicabha bengasekho nhlobo lapha eSouth Beach, bamiswa ngoNovemba 1 ngonyaka odlule,” kusho uMsani.Uthe lolu daba bazolulandela.Okhulumela amaphoyisa KwaZulu-Natal, uColonel Thembeka Mbele, uthe baphenya icala lokubanjwa inkunzi komgibeli esetekisini.“Ngokophenyo esilwenzayo umgibeli ngoFebhuwari 16 nonyaka, ngo-5.30 ekuseni wabanjwa inkunzi egibele itekisi, umsolwa wayehlezi ngasemnyango. Wamkhomba ngommese, wathatha imali yakhe. Icala lokubanjwa inkunzi livulwe esiteshini saseDurban Central, uphenyo lwamaphoyisa lusaqhubeka,” kusho uCol. Mbele.Imenenja ehhovisi leSantaco eKZN uMnuz Sfiso Shangase, uthe bayezwelana nalo mgibeli, wanxusa ukuba abagibeli beqikelele uma begibele amatekisi ukuthi bayazigada izimpahla zabo ngoba abanye abasuke begibele nabo basuke bengaziwa.Uthe bazolulandelela lolu daba.",0
2983,vukuzenzele,"Ngaphansi koMthetho Wezotshwala Kazwelonke, abanikazi bezakhiwo abanamalayisense otshwala abavumelekile ukudayisela umuntu oneminyaka engaphansi kweyi-18 utshwala. Kumele bathathe izinyathelo ezifanele ukuqinisekisa ukuthi noma ubani odayiselwa utshwala",0
255, uyavutha umukhwe kazuma ngelobolo ,"UTHUKUTHELE uyaveva uyise wentombazane eyakhuleliswa ngobenguMengameli wezwe uMnuz Jacob Zuma, uNksz Nonkanyiso Chonco.UMnuz Fartescue Chonco uthe sekumume emphinjeni ukwedelelwa wuZuma ekubeni agqekeza futhi wakhulelisa indodakazi yakhe, awe evuka nayo isishiywe wunina. Izindaba zokuthandana kukaNonka Chonco (24), onomuzi endaweni yabadla izambane likapondo eBallito noZuma (76), zavela sekubelethwe ingane esibhedlela esizimele saseHillcrest, iBusamed, ngo-Ephreli 12, okuwusuku okwazalwa ngalo uZuma. UChonco (86) uthe baxhumana ngocingo noZuma bavumelana ngokuthi bazobonana kodwa kuze kube yimanje abakabonani.“Ngaleso sikhathi uNonka wayengakabelethi. Nokuthi usebelethile ngaze ngakubona emaphepheni. UNonka nonina baze bafika nengane kwami futhi bangiyalela ukuthi ngingakhulumi nabamaphepha ngoba ngizobhidliza umendo kaNonka kwaZuma. Bathi indodana yami ehlala eGoli esizokhulumela umndeni wakwaChonco. Baze bangitshela ukuthi uZuma usewukhiphile uR184 000, kwathengwa izimoto.”Uthe okumenze wafuna ukuphumela obala ngalolu daba ukuthi uyabona ukuthi uZuma uyamdelela njengoba engasafuni ukubonana naye futhi nendodana yakhe ithi ayisafuni ukuzihlanganisa nalolu daba, “kanti noNonka ubengasazibambi izingcingo zami futhi useyibhlokhile inamba yami.”UMNUZ Fartescue Chonco uthi usalindele uMnuz Jacob Zuma namademeshe akhe Isithombe:SITHUNYELWEKwenzeka lokhu nje uNonka usehlale efake indandatho. UChonco uthe uNonka wamhlawula futhi wamkhulisa esemncane waze wafundela umsebenzi eVarsity College. “Akakaze wafunda ezikoleni zabantu abamnyama kuphela kodwa ubefunda kwezixube izinhlanga kuphela. Bengehla ngenyuka naye kusukela ngisakhe eThornville kwaze kwaba ngihlala kwaPata. Ngisho nomama ohlola izintombi (uDkt Nomagugu Ngobese) wazi mina ngoba waze wafika nakwami ngiseseThornville, wafike wamyala ukuba aze angakuyeki ukuhamba uMkhosi woMhlanga.” Uthe washaqeka futhi kwaphela namandla uma ethola ukuthi indodakazi yakhe ithandana nomuntu omdala kangaka futhi onesithembu samakhosikazi angaphezu kukanina kaNonka. “Kodwa yayingasekho into engangizoyenza ngoba kwase kwenzekile.”Uthe wahlangana nonina kaNonka esahamba edayisa izingubo emigwaqweni futhi engumfelokazi wakwaNyathi.“Wabe esesebenza njengokhondathi wamabhasi ami. Savumelana ngokuthi sizothandana futhi ngimenzele konke kodwa ngeke ngimshade. Ngamfica esenezingane ezimbili zalapho ayeshadele khona,” kusho uChonco. Imizamo yokuthola kubo kaNonka nonina, uNkk Nombuso Mokoena, ayiphumelelanga kodwa okhulumela uZuma, uMnuz Ray Zuma, wenqabile ukuphawula, wacela intatheli inikeze inamba yakhe kuChonco (ubaba).Esethintwa uChonco uvumile ukuthi ukhulumile noRay Zuma okhulumela umndeni, kodwa wathi usazoxhumana noJacob Zuma.“Udaba ungaqhubeka nalo ngoba usengidelele kakhulu uZuma.” UChonco uze wakhombisa ithimba leSolezwe NgoMgqibelo izithombe zikaNonka esemncane futhi nomama omncane kaNonka.",0
dev_isizulu_00096,AfriHate,mushadile lowo muzi ngisho imfene yakhona kuba eyakho..,0
613, sasithembisene ukuthi siyohlukaniswa wukufa nozolile ,"UMSOLWA obhekene necala lokubulala isitshudeni saseMangosuthu University of Technology (MUT) esasihlala ezindlini zezitshudeni enkabeni yeTheku uqale ukwethula ubufakazi bakhe ngokutshela iNkantolo eNkulu yaseThekwini ngothando ayenalo ngomufi.UThabani Mzolo obhekene necala lokubulala uZolile Khumalo, utshele inkantolo ukuthi babengamathe nolimu futhi babezitshela ukuthi bothandana baze bahlukaniswe ukufa.Uthe wayemthanda ngenhliziyo yakhe yonke umufi, naye ngokunjalo wayemtshela ukuthi umthanda okudlula abazali bakhe. UZolile wadutshulwa wabulawa endlini yakhe eLonsdale ngoMeyi 1 nyakenye.UMzolo waboshwa endaweni yesigameko ezintatha ngosuku olulandelayo. Elandisa inkantolo uveze nokuthi ubudlelwano bothando lwabo lwaqala ekuqaleni kuka-2017.  “Sasithandana kakhulu. Uthando lwethu lwaluvuseleleka usuku nosuku ngizizwa ngimthanda kabusha. Wayengitshela nokuthi ungithanda okudlula abazali bakhe,” kusho uMzolo.Echaza ngosuku lwesigameko, uthe wanikela endlini yakhe ngoba engamtholi ocingweni. Uveze nokuthi babevele behlele ukubonana, wathi esemshayela ucingo ngenhloso yokumazisa ukuthi useyeza wangatholakala ocingweni uZolile. Yilapho anquma ukunikela endlini yakhe.“Sangqongqoza, uZolile wasivulela. Ngangena endlini ngahlala etafuleni, yena wahlala esihlalweni. Wathi naba abantu ebesingalindele ukuthi singababona. Wangibiza ngo-baby, wangibuza nokuthi nginjani. Ngamphendula ngokuthi angangibizi ngo-baby mina. Ngambuza ukuthi kungani engangishayeli ucingo,” kusho uMzolo.Eqhuba uthe incazelo kaZolile mayelana nokungazibambi izingcingo zakhe wathi wayesaphumile enza umsebenzi wesikole okwasekusondele isikhathi sokuthi awuthumele, neselula wayeyishiye endlini.UMzolo uthe uZolile wathi umthumele umyalezo kwiWhatsapp emazisa ukuthi ukephi.“Ngathi kuye sihlala sithi sohlukaniswa ukufa. Ngeke kodwa kusenzeka ngoba ubudlelwane bethu base buphela ngenxa yesenzo sakhe sokungaziphenduli izingcingo zami,” kusho uMzolo.Uveze ukuthi emuva kwala mazwi wathi uma embuka emehlweni uZolile wambona ukuthi sekunesibhamu phakathi kwamathanga esihlalweni ayehleli kuso. Leli cala liyaqhubeka enkantolo.",0
train_isizulu_03019,AfriHate,"uzobhebheka yazi wena ""@username : mlu202 waze woma... :"")""",0
45,vukuzenzele,Lesi sikole sisanda kuhlabana ngoMklomelo we-NSNP Wesikole Esihamba Phambili.,0
2450,vukuzenzele,"basungule imizamo yo-kuthuthukiswa komphakathi futhi kumele kube yibona abayiholayo.Njengoba benza emzabala-zweni wokulwela ukulinga-na emfundweni ephakeme, umfutho omkhulu wentsha yakithi kumele usetshenziswe ukulwela ukufinyelela oku-linganayo",0
117,vukuzenzele,"Siphila ezweni lapho imi phakathi ingafaka isima ngalo somthetho emhlabeni eyasuswa kuyona ngendlu zula, nalapho abantu noma imindeni ivikelekile ekuxo shweni okungafanele ema khaya abo.",0
1126,vukuzenzele,"ngoMasingana kowe-zi-2016, lolu hlelo Lwethuba Lesibili lwesekela wonke umuntu – wanoma yimuphi unyaka wobudala – ofuna ukuthola noma enze ngcono imiphumela yesitifiketi sikamatikuletsheni, isifu-ndo ngesifundo kanti futhi lokhu kwenzeka ngokufunda",0
229,vukuzenzele,"Abafundi kufanele ukuthi babhekane nomhlaba o m u s h a w o k u f u n d a nge-inthanethi noma uku bambezeleka ekufundeni, ukuzihlukanisa kwabanye abantu, ukulahlekelwa, usizi nokuhlukumezeka, konke okungadala ixhala nokukhathazeka okukhulu.",0
train_isizulu_02986,AfriHate,mina sengishilo ukuthi ngibuyisela emumva imfene bafo 😂🙏… ##url,0
1700,vukuzenzele,"umkhakha wamabhizinisi amancane ukuthi ukhule futhi wasungula namathuba emisebenzi edingekayo.“UMnyango Wezokuthu thukiswa Kwamabhizinisi Amancane kanye no-SEDA bakha ubudlelwano neSi khungo Sokuhweba Sama zwe Ngamazwe (i-ITC), ukuze kuzolethwa uhlelo",0
train_isizulu_01123,AfriHate,@username intombazane idla 2 slice nakhon ayisqedi ##url,0
train_isizulu_02861,AfriHate,@username hola ngamla zkhiphani,0
2821,vukuzenzele,nangaphandle kwekhaya lakho.Qinisekisa ukuthi we nza ucwaningo olunzulu ngabaqashi ngaphambi kokuba uyohlangana nabo kwinhlololwazi. Lokhu kungenzeka ngokuthi uqinisekise ukuthi leyo nkampani ikhona nge mpela yini ngokuxhumana neKhomishana yokuBhalisa,0
2062,vukuzenzele,ukuze uthuthukise ibhizinisi lomnotho ovela kwezemvelo esiqiwini esingamahekthare ayi-1 400 owasithengelwa Umnyango Wokuthuthukiswa Kwezindawo Zasemakhaya kanye Nezi nguquko Kwezomhlaba.,0
3121,vukuzenzele,"banga futhi ngaba owokuqala ukuthola i-Maritime Diploma eChwe beni lase-Durban. Lokhu kuphela kungenza ngibe ngovelele,” kusho yena, echa za ukuthi izifundo zokusebe nza emikhunjini nasolwandle akulula ukungena khona. Umsebenzi Womshayeli",0
train_isizulu_02217,AfriHate,umusa kasimakade mukhulu lamashaba 🙏🏾 ungibingelele kumama mazulu lapho 👋🏾💛 ##url,0
263,vukuzenzele,Bazihlela ngeminyaka ye-1990 ukuba babe nga balimi abalimela ukuthe ngisa ababhalisiwe ngapha nsi kweNhlangano ebizwa ngokuthi iTafelkop Farmers Association futhi baqala ukukhulumisana nohulu meni.,0
2738,vukuzenzele,"ngalezo zikhathi ezithandwa uwena. Lokhu kubalulekile kakhulu ukulandelela izizinda ze inthanethi okungenwe ku zona, okuthathwe ku-intha-nethi kwafakwa kumakhalekhukhwini, izingxoxo za sezinkundleni zokuxhumana kanye nemiyalezo.”I-CSIR inikeza la masu",0
train_isizulu_02453,AfriHate,ukuthenga ingulube isesakeni,0
1797,vukuzenzele,"Kamuva-nje, uhulumeni wethule uPhiko olusha Olusiza Ngokuziphatha, Ubuqotho kanye Nokuqo ndiswa Kwezigwegwe. Lolu phiko luzokwakha amandla ezinhlanganweni zikahulu meni ukuqhuba izinqubo zokuqondiswa kwezigwegwe emacaleni okungaziphathi kahle futhi",0
train_isizulu_00647,AfriHate,"uzobhebheka yazi wena ""@username : mlu202 waze woma... :"")""",0
693,vukuzenzele,"besilisa, kanye nabantu abazijova ngezidakamizwa. Kumele siqede ukucwaswa kanye nobandlululo olubhe-kiswe kulaba bantu. Singeze neze sazinika ithemba lokuthi singaqeda i-HIV uma sisaziba izidingo, ukukhathazeka kanye namalungelo engxenye yenani-bantu",0
train_isizulu_03031,AfriHate,saze savuka kahle thina mazulu ##url,0
train_isizulu_02104,AfriHate,“ngicela ungidonsisa u 2 pulls” kusho intombi wena sdomu ocabanga ukuyikhiphela izinkomo zakini withele nge nyongo😳…,0
test_isizulu_00485,AfriHate,baqale ngokuthi solly moholo is no longer umsiyoni america turns its friends into enemies and enemies into friends manje wena uthi ujesu akasingujesu  stop traumatizing us @username ngujesu lo. it’s the reason i pray in english because ujesu mlungu akasizwisisi isintu 😳 ##url,0
2992,vukuzenzele,nokuqinisekisa ukuphepha kwazo kanye nenhlalakahle yazo.,0
1475,vukuzenzele,"ngalolu hlelo, ukwenyuswa komkhawulo wemvume wemiklamo yokukhiqizwa kogesi ube yi-100MW kusho ukuthi abatshalizimali abazimele abadingi imvume yokwakha izi khungo zeziphehlimandla zaleli zinga. Lolu guquko olulula kangaka seluvule intuba enkulu",0
train_isizulu_01516,AfriHate,"isosha lomkhonto wesizwe, wayebulala amabhunu eafrika ✊🏾",0
dev_isizulu_00444,AfriHate,abanye benu la kushoda ukuth nithenge imfene.. kuze nibe abathakathi abagcwele.,0
13,vukuzenzele,Ukuthi awushiywa isikhathi ekuthatheni imigomo yakho ye-COVID-19 kanye nemijovo yokuvuselela.,0
2792,vukuzenzele,"Kuwona wonke uhulumeni, sigxile kwizinguquko eziyisisekelo futhi eziguqukayo; ezakha kabusha indlela umnotho wethu osebenza ngayo.",0
train_isizulu_01237,AfriHate,wenja!.. khona le mpahla engeza nayo kini... iyona le. ##url,0
train_isizulu_01272,AfriHate,@username siyadelelwa abelungu namabhunu,0
train_isizulu_00822,AfriHate,udlala ngenkotha @username ungawadidi ama model c,0
587, izidumbu zonogada abebethandana ,"BASHAQEKILE onogada kutholwa izidumbu zozakwabo abayizithandani okusolwa ukuthi bazibulale omunye wazilengisa endaweni abasebenzela kuyo.Kuthiwa isidumbu sikaMnuz Siphelele ""Ntezimnand"" Ngobese waseHluhluwe sitholwe silenga endlini okuhlala kuyo onogada uma begadile enkundleni yezemidlalo eCongela, eThekwini, ngoLwesibili ebusuku kwathi esentombi yakhe ebizithwele, uNksz Boni ""Ntezimnandikaz"" Myeni waseNanda, satholwa sidindilize eceleni kwesesoka lakhe sinentambo entanyeni.Kuthiwa bebesebenzela inkampani eyodwa yonogada iVusa Isizwe Security esebenzela eThekwini.UMnuz Mboniseni Mdletshe, ongumphathi kule nkampani yonogada elandisa Isolezwe ngokwenzekile, uthe babikelwe ngalesi sigameko omunye unogada obecelwe uNgobese ukuthi ambambele emsebenzini ngoba kukhona okuthile amatasa ngakho.“Lo nogada uthe ngesikhathi esendlini egadile uzwe okuthile okuwayo emnyango okuthe uma ephuma eqalaza wabona izithandani zimi eceleni komnyango. Uthe zithe bezimthusa zifuna ukubona ukuthi uzokwenzenjani zabe sezimnika imali zicela ukuthi ayozithengela i-drink,” kuchaza uMdletshe.Uthe unogada ubatshele ukuthi ngesikhathi esendleleni ubuye washintsha umqondo wajika ngoba esola ukuthi hleze bamthuma nje bafuna ukuya ocansini besendaweni yokusebenzela. Kuthiwa ngesikhathi esebuyela emuva ufice isicabha sesikhiyiwe wangqongqoza kwangaphendula muntu.Unogada uthe kuze kwaphoqeleka ukuthi akhahlele isicabha okuthe uma sivuleka wazithela phezu kwesidumbu sikazakwabo wesilisa silenga, esowesifazane sidindilize eduze nesihlalo okukholakala ukuthi ugibele kusona ngesikhathi ezilengisa.UMdletshe uthe emuva kokuthola umbiko uphuthume endaweni yesehlakalo.“Ngesikhathi ngifika bekunencwadi engisola ukuthi ibhalwe owesilisa ebithi : 'Ngicela ukuxolisa ngesinqumo engisithathile kodwa ngibuye ngingaxolisi ngoba kukhona abanye abafowethu abazokhululeka ngami',” kusho uMdletshe.Uthe uphinde wabona incwadi asola ukuthi ibhalwe ngowesifazane ebithi: 'Ngicela ukuxolisa ngesinqumo engisithathile ngicela nisale ningigadele izingane zami kodwa vele nizokhululeka ngoba beningangidingi.'""Isolezwe libuye labona enye incwadi okuthiwa ibhalwe uNgobese enxusa ozakwabo ethi uma sebeza emngcwabeni wakhe abagqoke izikibha ezinobuso bakhe.UNkk Nomandla Nyawo, ongunina kaNksz Myeni, uthe bebengalazi isoka lendodakazi yakhe futhi nokuthi izithwele ukuzwe sekwenzeke lesi sehlo. Uthe indodakazi yakhe ishiye ezinye izingane ezimbili, eneminyaka emihlanu neneminyaka emithathu.“Okwenzekile kusishaqise kakhulu kodwa siyasamukela isimo. Nathi sitshelwe ukuthi uzibulele kodwa sizolinda uphenyo lwamaphoyisa,” kusho uNkk Nyawo.Imizamo yokuthola umndeni kaNgobese ayiphumelelanga ngenxa yokuthi inombolo Isolezwe ebelinayo ibingangeni.Okhulumela amaphoyisa KwaZulu-Natal, uCol Thembeka Mbele, uthe kuyaphenywa ngokutholwa kwesidumbu sowesilisa oneminyaka engu-23 silenga nesowesifazane oneminyaka engu-24.",0
train_isizulu_00396,AfriHate,benzema ubuye abe isende akaphume,0
train_isizulu_00119,AfriHate,@username bengithi imfene iyona ezokusiza ukuthi umthole uma uyilahla uzomisa kanjani ke,0
dev_isizulu_00427,AfriHate,kunga gijima imfene emini...uma ngathenga lena ngasekhaya😕 ##url,0
1699,vukuzenzele,"amancane ukuthi zibe uphiko olulodwa.“Njengamanje siphezu komsebenzi wokuhlanganisa i-SEFA ne-SEDA kanjalo ne-Ejensi Yokuthuthukiswa Kwamabhange Emifelandawonye.”Uhlelo lweSheTrades UNdabeni-Abrahams uthe ngemizamo eyahluka hlukene, uhulumeni usesize",0
train_isizulu_00103,AfriHate,abelungu bayawasaba amantobazane bamazulu ##url,0
381,vukuzenzele,Ulwazi mayelana nosizo lwezimali (Ulwazi lwe-NFSAS).,0
672, imibono i kzn ibalulekile kukhongolose ,"Isifundazwe iKwaZulu-Natal sibaluleke kakhulu emlandweni nasekusimameni kwe-ANC. Lo mlando wacishe washabalala ngeminyaka yawo-1990 lapho khona osomathuba bakha isithombe okungesona bethi i-ANC ngeyamaXhosa, i-IFP ngeyamaZulu.Isinqumo sobuholi be-ANC sokubamba ingqungquthela yohlu lwabazongena ephalamende likazwelonke nawezifundazwe, inkulumo yaminyaka yonke eyaziwa ngeJanuary 8 Statement nokwethulwa kwemigomo yokhetho yeqembu eThekwini sikhumbuza iNingizimu Afrika ngokubaluleka kwalesi sifundazwe kwi-ANC.Kungani iKwaZulu-Natal ibalulekile kwi-ANC? Lapha ngizobalula izizathu ezimbalwa.Esokuqala ukuthi umholi wokuqala we-ANC owakhethwa engekho kwingqungquthela eyabanjelwa eBloemfontein kwaba nguDkt John Langalibalele Mafukuzela Dube. Abanye abahola i-ANC besuka kulesi sifundazwe singabala uMnuz JT Gumede, uDkt Pixley kaSeme, iNkosi Albert Luthuli noMnuz Jacob Zuma. INkosi uLuthuli yaqokwa ngo-1952 ukuthi ihole i-ANC ezikhathini ezinzima kulandela ukwamukelwa kwe-Apartheid njengohlelo lukahulumeni kaDkt DF Malan. Wasebenza ngokuzikhandla waze wazuza indondo yokuthula, iNobel Peace Prize, ngoDisemba wonyaka ka-1961.Isizathu sesibili ukuthi uDkt Nelson Mandela wethula inkulumo yakhe yokugcina KwaZulu-Natal. Waphinde waboshelwa khona (eHowick) eqhuba umsebenzi wakhe njengomholi we-ANC. Ekuphumeni kwakhe ejele emva kweminyaka engu-27 wabuyela KwaZulu-Natal eyobikela abaholi bakhe abafana noDube ukuthi inkululeko ababeyilwela yabe isisemnyango ngoba izwe labe selilungisela ukhetho lokuqala lwentando yeningi. Okubaluleke kakhulu futhi ukuthi uMandela wavotela kusona lesi sifundazwe, hhayi eMthatha lapho ayedabuka khona.Isizathu sesithathu ukuthi i-KZN yisifundazwe esikhulu kunazo zonke ngokwezibalo zamalungu e-ANC. Muva nje i-Eastern Cape isuswe yiMpumalanga endaweni yesibili kodwa iKZN yalokhu imile izihola phambili. Lokhu kusho ukuthi iKZN iwumgogodla we-ANC.Isizathu sesine ukuthi kube neziwombe ezinzima kwi-ANC nombimbi lapho esibone khona kuchitheka igazi umkhonto ugwaza ekhaya. Lokhu kwenze lwangabikho uzinzo kwi-ANC nombimbi. I-SACP ize yesabisa ngokuthi izongenela ukhetho ngokuzimela. Lesi yisimo esafaka amanzi emadolweni esizweni sonkana. Ngenhlanhla iSACP igcine isishintshile lesinqumo sayo.Isizathu sesihlanu nokungesokugcina ukuthi udaba lukaZuma obengumengameli we-ANC nowezwe alusingathwanga ngobunono. Kunalokho ubuholi beqembu namanye amalungu e-ANC asebenzisa imizwa, inzondo nokuba ngosomathuba angasicabangela isithunzi seqembu nekusasa lezwe. Lobu budedengu badala isimo esimanzonzo i-ANC yahlukana phakathi. Ukungenzi kahle kweqembu okhethweni lohulumeni basekhaya lwango-2016 lwenza isimo saba sibi kakhulu. Isipikili sokugcina kwaba ukuphoqwa kukaZuma wubuholi beqembu ukuba esule njengomengameli wezwe. Lesi sinqumo sanyakazisa izwe lonke kodwa ikakhulu isifundazwe iKZN.Ngenxa yalezi zizathu bekufanele ukuthi ubuholi be-ANC bucabange bujule ngeqhaza le KZN bese buthatha izinqumo eziphusile. Ukubanjwa kwale micimbi esengiyibalile eKZN kuzuze izinto eziningi. Phakathi kokunye singabala ukubhula umlilo odalwe yizinqumo ezinobudedengu ezathathwa ubuholi beqembu. Okwesibili nokufanele kushayelwe ihlombe ukukhumbuza isizwe ngokubaluleka kweKZN emlandweni we-ANC. Okokugcina ukuqinisa amathuba e-ANC okuthi iphumelele ukhetho luka zwelonke oluzayo. IKZN iyinsika ye-ANC.* USolwazi Bheki Mngomezulu usuphikweni lwezifundo zezepolitiki e-University of Western Cape. Ungumhlaziyi ozimele.",0
1647,vukuzenzele,"no-msebenzi wabantu wokubika uma besola ukuthi kukhona ukuhlukunyezwa ngokocansi okwenzekile emntwaneni. Iphinde yelula ukuthi i-Rejista Kazwelonke Yamacala Ezocansi (i-NRSO) ifake lonke uhla lwabaphuli-mthetho kwezocansi. Kuze kube manje, isafake kuphela",0
3403,vukuzenzele,Umyeni ofuna ukushada ngokwesintu okwesibili nomunye unkosikazi kumele afake isicelo enka ntolo.,0
train_isizulu_02475,AfriHate,@username #b2b aw ladlala ibhunu lepulazi ngaze ngabusiseka wamnandi umculo ngalugcoba ukhozi fm luwu no.1 umhlaba wonke,0
3044,vukuzenzele,"yimanje zingene emno thweni. Olunye utshalomali lubambezelekile ngenxa ye-COVID-19 , ikakhulukazi emikhakheni eshayeke ka nzima njengokuthuthuki swa kwezakhiwo kanye nezokuvakasha.",0
1440,vukuzenzele,izikhungo zikahulumeni kanye nezi-nkampani ezenganyelwe ngumbuso ezicekelwe phansi ngamabomu.,0
1912,vukuzenzele,"“Kuzoba bucayi kakhulu, njengoba siqalisa lo msebenzi, ukuthi zonke izinsiza esizitholayo zisetshenzi-selwe lokho okuhlosiwe ngazo futhi zifinyelele kulabo ezibafanele. Angeke siyivumele inkohlakalo, ukungaphathi kahle noma ukukhwabanisa kwanoma iluphi",0
train_isizulu_00463,AfriHate,@username it was kwakhala nyoni ni 😂😂😂 angisakhumbuli ukuthi umanxumalo wayelwa nabani.,0
1663,vukuzenzele,INkomba Yamanani Yabathengi yakamuva yangoMbasa wezi-2022 eyashicilelwa Ezezibalo eNingizimu Afrika ibonisa ukuthi abantu baseNingizimu Afrika abathwele kanzima bake bathi ukudonsa umoya. Amanani okudla aqoshwa ukuthi angamaphesenti ayisi-6.2.,0
2282,vukuzenzele,"Uma ushiye oshade naye nezingane, oshade naye uzothola isabelo sengane noma izi-R250 000, noma yikuphi okukhulu, bese izingane zabelana nge mali esele. Isibonelo nje, uma ifa lingabiza izigidi ezi-R2 futhi umufi eshiye owakwakhe nezingane ezintathu, inani",0
2474,vukuzenzele,"bokufuywa kwe zinkukhu, abalimi, abe nza imikhiqizo, abathume la izimpahla kwamanye amazwe, abangenisa izi mpahla ezweni lakithi kanye nabezemisebenzi ehlelekile.",0
1623,vukuzenzele,"ngobubanzi.Ukutshala ngqo izimali emphakathini ukuze kwesekwe imisebenzi noku sungula amathuba omnotho azokhiqiza ubugugu bo mphakathi kwenza oku ngaphezu nje kokubhekana nesimo esinzima sokuswe lakala kwemisebenzi.Kuyaphenduleka, ngoba kusetshenziswa",0
610, usikhomba kumufi isibhamu esabulala ,"UMMANGALELWA ecaleni lokubulawa kwesitshudeni saseMangosuthu University of Technology uthi isibhamu abulala ngaso lesi sitshudeni kwakungesaso isitshudeni.UMnuz Thabani Mzolo ubhekene necala lokubulala uNksz Zolile Khumalo isidumbu sakhe esatholwa endaweni ehlala izitshudeni eLonsdale ngoMeyi 1 kulo nyaka. Ummangalelwa waboshwa esendaweni yesigameko, wagcinwa esitokisini njengoba enqatshelwe ibheyili.Inkantolo isola ukuthi ummangalelzwa wayecasulwe ukwaliwa njengoba kuvela ukuthi ubeke amsabise.UMzolo uveza ukuthi isibhamu esikamufi futhi phambilini umufi ubeke wamkhomba ngaso.Ufakazi kuleli cala uNksz Nosipho Bengu noMnuz Simiso Buthelezi abebesendlini ngesikhathi kwenzeka lesi sehlakalo, bathi ummangalelwa wakhipha isibhamu wadubula umufi.Ummangalelwa uyakugcizelela ukuthi wayengahlomile ngesikhathi engena endlini ngalobo busuku, uthi umufi wayehleli esihlalweni isibhamu esibeke phakathi kwamathanga akhe.Uthe kwakungasikhona okokuqala ebona umufi ephethe isibhamu.“Ngesikhathi ngibona isibhamu zimbili izinto ezafika emqondweni wami ngaphambi kokuthi kufike ukuthi ngizame ukumphuca sona,” kusho uMzolo.Uthe ubeseke wambona ephethe isibhamu esifanayo ngesikhathi beseMhlanga emzini kadokotela nomkakhe, okuyilapho ummangalelwa abejwayele ukuvakashela khona obekuthi uma laba bashadikazi bengekho umufi afike amvakashele.Ummangalelwa uthi ngesikhathi egijima ezilolonga khona eMhlanga, wabona owesifazane owayemi ngasesangweni lomuzi walapho yena owayevakashele khona, wamtshela ukuthi ufuna umsebenzi.“Ngamtshela ukuthi abanikazi bomuzi abekho ngase ngithi akashiye inombolo ukuze bamthinte uma kwenzeka bedinga isisebenzi sasendlini. Ngesikhathi ngizama ukufaka inamba yalona wesifazane kwiselula, ngabona uZolile (umufi) engikhombe ngesibhamu engisola ngokuthi ngimkhulelisile kodwa ngikhuluma nomuntu wesifazane phambi kwakhe,” kusho uMzolo.Uthe wagxuma wamphuca isibhamu.Uthe bese kungokwesibili ngesikhathi ebona umufi efake isithombe sakhe kwiWhatsApp ephethe isibhamu. Ngesikhathi umshushisi * -Advocate Nadira Moosa embuza ukuthi ngesikhathi ehlwitha umufi isibhamu eMhlanga sabe sinazo izinhlamvu? Ummangalelwa uthe sabe singenalutho.“Ngambuyisela ngoba kwabe kuyisibhamu sakhe. Impilo yabuyela esimeni esejwayelekile emuva kokuthi sesikhulumile ngokwenzekile,” kusho uMzolo.Uthe akazi noma umufi wayenayo yini imvume yokuphatha isibhamu?Umshushisi uthe akukho lula ukuthi umuntu abuyisele isibhamu kumuntu obezama ukumdubula.Icala liyaqhubeka.",0
3367,vukuzenzele,yiNhlangano Yezempilo YoMhlaba.Iqoqo lokuqala lemishini yokuphefumula lizonike-zwa izibhedlela zikahulu-meni ezibhekene nengcindezi ngenxa yokuntuleka kwezinsizakusebenza ne-mishini ekwazi ukulwa ne-COVID-19.I-CSIR yaqala ukwakha i-CPAP emuva kokuba,0
test_isizulu_00076,AfriHate,😂🤣 ngigcwele ngo ngamla ##url,0
2047,vukuzenzele,"Khetha abangani bakho ngokucophelela.Aba ngani abazokufunela oku hle futhi abazosihlonipha isinqumo sakho soku ngazibandakanyi ocansini. Qaphela izimo oku ngenzeka ukuthi zinga bi nokuphepha, njenga bangani abaphuza noma abadla izidakamizwa,",0
1973,vukuzenzele,Kuyaqondakala ukuthi emva kwesikhathi esingaphezu konyaka sokusebenza ngaphansi kwemikhawulo yemibuthano yezenkolo umphakathi wezenkolo ulangazelela ukubuyela esi meni esijwayelekile.,0
train_isizulu_02343,AfriHate,#imbewu 😥 mazulu,0
1088,vukuzenzele,Le indlela ababeqhuba ngayo abacindezeli bobandlululo.,0
840,vukuzenzele,"Amacala angama-45, enani elihlanganisiwe lezigidigidi ezi-R2.1, adluliselwe kwiNkantolo Ekhethekile Yamacala Enkohlalo, Ukukhwabanisa kanye Nokusetshenziswa kwemali ngokungekho emthethweni i-Special Tribunal on Corruption, Fraud and Illicit Money Flows.",0
train_isizulu_00913,AfriHate,"uhlanganaphi namamodel c thami?: ""@username : @username ilezingane ezingama - model c ezizitshelayo""",0
train_isizulu_01797,AfriHate,@username no point am missing here okusalayo baxosha ama ngamla bona ngoba befuna umhlaba they got the land which they wanted and benzani after that basebenzela abelungu,0
462, i eff isazoneka amahlazo kanene ,"I-EFF ithi usheshe waxolisa uNgqongqoshe wezeziMali kuleli, uMnuz Nhlanhla Nene, ngemihlangano yakhe nomndeni wakwaGupta ngoba kuningi esazokwenekela izwe okungamahlazo akhe enkohlakalo.Lokhu kudalulwe yiPhini likaMengameli wale nhlangano uMnuz Floyd Shivhambu.Lo mholi ubekhuluma ngesikhathi evula ingqungquthela yokukhetha ubuholi KwaZulu-Natal, ebiseScottsville, eMgungundlovu, izolo ezosongwa namuhla.UNene ube sematheni kuleli sonto ngesikhathi evela phambi kwekhomishini ephenya ngokulawulwa kombuso yidlanzana.UNene waqala waphika ukuthi unobudlelwano nabakwaGupta kodwa washaya ungqimphothwe.Uze wakhipha isitatimende waxolisa ngokuhlangana nabo emzini wabo wathi useyabona ukuthi waphambuka.UShivhambu uthi bazompheka ngobhojwana, aze asule esikhundleni. Uthe baseza nemininingwane ngemali yesikhwama iPIC eyatholwa yinkampani yendodana kaNene.Uthe basazoliphenya ibheshu kuNene obethathwa njengengelosi uma kukhulunywa ngenkohlakalo kuleli.Usole ubuholi bukaMnuz Jacob Zuma ngokufaka abakwaGupta ephaketheni wathi bayitamuzile imali yezwe beyidla udede ngeqholo lokuthi bangobhululu bezikhulu zikahulumeni. Uqhube wathi i-EFF isimi ngomumo ukungena emandleni ishanele onke amabibi eqembu elibusayo.Le ngqungquthela kulindeleke ukuthi imemeze ubuholi obusha besifundazwe emuva kokuhlakazwa kwalobo obudala obebusolwa ngokuhuqa ubuthongo. Abebethwele ngeqoma kwesikaSihlalo wesifundazwe uMnuz Vusi Khoza noMnuz Vukani Ndlovu. Umbango ubushisa phansi phakathi kubonakala ukuthi nezithunywa zehlukene phakathi.ABEPHUME ngobuningi amalungu e-EFF abesengqungqutheleni yokukhetha ubuholi KwaZulu-Natal ebiseScottsville eMgungundlovu ngoMgqibelo. Isithombe: Nqobile MbonambiZibalelwa ku-817 izithunywa ebezethamele ingqungquthela zivela ezindaweni ezahlukene. Phakathi kwezinye izikhulu ze-EFF bekukhona noDkt Mbuyiseni Ndlozi ubelokhu ecule njalo kuhlokoma inkundla.",0
train_isizulu_01506,AfriHate,wathinta ibhunu!  wathinta @username ! ##url,0
train_isizulu_00263,AfriHate,"""konje usuhlalaphi manje...?""  uyamuzwa nje umuntu obuzela imfene yakubo ama directions.. 🤔🤔😩😩😭😭😭 ##url",0
527,vukuzenzele,"Vuk’uzenzele2Ncwaba 2022 Ushicilelo 1Isuka ekhasini loku-1EZINGUJIKELELEzami ziphila. Yabe seyilo koza lapho inhlansi yokuba nezinkukhu zenyama. Eminyakeni emibili, sakhi qiza izinkukhu zenyama eziyizi-5 000 futhi saqala nokuphakela izitolo ezi nkulu",0
1816,vukuzenzele,Ukusungulwa kwalolu phiko kungenye yezindlela esisebenza ngayo ukuqeda inkohlakalo kuhulumeni futhi nakanjani kuyo yonke imikhakha yempilo yaseNi ngizimu Afrika.,0
train_isizulu_00312,AfriHate,@username akwenziwe njani kodwa uma abantu beqhubeka besaphotha imfene efana no #zuma,0
285, i ancyl ifuna untuli esikhundleni sikanobhala ,"I-ANCYL KwaZulu-Natal isiphumele obala yathi ifuna uMnuz Mdumiseni Ntuli ukuthi akhethwe njengoNobhala we-ANC KwaZulu-Natal engqungqutheleni yesifundazwe okulindeleke ukuthi isingathwe ungakapheli uJulayi.Ekhuluma emcimbini wokusonga inyanga yabantu abasha ehholo lomphakathi iMichael Gwala eNtshangwe, uMgcinimafa we-ANCYL uMnuz Thobelani Ncampalala, uthe bafuna ukuthi abantu abasha bangene ezinhlakeni ze-ANC ukuze nabo bahlale etafuleni uma sekuthathwa izinqumo.“Yingakho siyi-ANCYL KwaZulu-Natal sithi sifuna uqabane uMdumiseni Ntuli akhethwe njengoNobhala we-ANC KwaZulu-Natal, asididekile ngalokho esikushoyo, uMdumiseni uke wahola i-ANCYL eKZN futhi uyiqabane ekade lalinethwa zimvula uphinde abeyisibonelo kithina, sifuna ukuba yisifundazwe sokuqala lapho uNobhala we-ANC esifundazweni kungumuntu omusha,” kusho uNcampalala.Uthe i-ANC eKZN idinga umuntu onjengoNtuli kwesikanobhala njengoba isemkhankasweni wokuqeda indaba yezinhlangothi.NoSihlalo we-ANCYL eThekwini uMnuz Thembo Ntuli uhambe emazwini kaNcampalala wathi bangajabula ukubona uNtuli engunobhala wenhlangano esifundazweni.UNtuli uphakanyiselwa esikhundleni obekuhleli kuso uMnuz Super Zuma. Nakuba liphakanyiswa igama likaNtuli kodwa akhona amanye amaqabane afuna kubuye uZuma.UNcampalala uqhube wathi enye into abafuna ukuyibona ukuthi uNobhala-jikelele we-ANCYL, uMnuz Njabulo Nzuza, akhethwe njengelungu lesigungu esihola isifundazwe.“Sifuna ukuthi uNzuza uma esebuya eLuthuli House eseqede ihlandla lakhe abuye KwaZulu-Natal azoba essigungwini esibhekelele ukusebenza kwesifundazwe, iProvincial Working Committee,” kusho uNcampalala. Uthe uNzuza usesebenze ezinhlakeni ezahlukene enhlanganweni waze wafika eLuthuli House.“Omunye umholi esifuna akhethelwe esigungwini esihola inhlangano nguSihlalo wethu esifundazweni uMnuz Kwazi Mshengu,” kusho uNcampalala.Uthe njengobuholi besifundazwe baphinde bavumelana ngokuthi baseke unobhala wabo uMnuz Thanduxolo Sabelo kwesikamengameli we-ANCYL njengoba kuyiwa engqungqutheleni ngoSepthemba.Uthe bafuna ukubona abantu abasha babambe iqhaza kuyo yonke imikhakha kubalwa ekuholeni nakwezomnotho.Isolezwe lizamile ukuxhumana noMdumiseni Ntuli ngenhloso yokuthola ukuthi uzamukela kanjani izindaba zokwesekwa wuphiko lwentsha kodwa ucingo lwakhe belukhala lungabanjwa.",0
24,vukuzenzele,"kakhulu kulokho aba-fisa ukuba yikho kusasa kanye nokuthi izicelo zabo zokufunda enyuvesi zamukelwe. UNgqongqoshe Wemfundo Eyisisekelo u-Angie Motshe-kga uthi lolu hlelo lubaluleke kakhulu, ikakhulukazi uma ubheka umonakalo omkhulu odalwe yiCOVID-19 .",0
557,vukuzenzele,"nezindleko ze-Gautrain, Metrobus, A Re Yeng, Rea Vaya, Metrorail, amabhasi e-Gautrain, amabhasi e-Johannesburg City Sightseeing, amabhasi kama sipala waseTshwane kanye namatekisi.",0
train_isizulu_02601,AfriHate,khanyisa istabane sekucacile,0
2845,vukuzenzele,"UNgaleka (oneminya- ka yobudala engama-67) ngowaKwaXolo ePort Shepstone, esifundazweni saKwaZulu-Natali.",0
1469,vukuzenzele,"kakhulu, iqiniso lithi sesivele siqalile ukuthatha izinyathelo ezibalulekile zokubhekana nokushoda kokuthunyelwa kogesi.Esikubeke eqhulwini ukuletha uzinzo ohlelweni lokusebenza kogesi. Njengoba uhlelo-kusebenza luvuka futhi nokusebenza kwesiphehlimandla",0
1369,vukuzenzele,"Uma nje ukwahlukana ngokwengcebo kanye namathuba eNingizimu Afrika kusabhekwa ngoko buhlanga kanye nobulili, angeke sikwazi ukwakha isizwe esibumbene ngokweqiniso.",0
175,vukuzenzele,"wotshalomali oluqonde ngqo lwezangaphandle ezinda weni ezingumongo ezifana nezimayini, ezezimoto, ezokuthutha, ezamandla ezihlanzekile, ezemisebenzi yezezimali kanye nezolwazi lobuchwepheshe i-IT.",0
1496,vukuzenzele,Ukukhulelwa kubhaliswa ohlwini lwamagama kazwelonke.,0
train_isizulu_02401,AfriHate,lol thando uzobhebheka emdidi,0
train_isizulu_02733,AfriHate,"ungazivumeli izinqa zakho zikucabangise ukuth umuhle, ididi lelo elamasimba... ##url",0
train_isizulu_01406,AfriHate,imomozi bafethu 😩.  ##url,0
dev_isizulu_00152,AfriHate,amasende ayafana namehlo anochuku,0
612,vukuzenzele,okungamaphesenti anga- ma-60 ezikole ezinezingane eziqhamuka emindenini em- pofu eNingizimu Afrika.,0
237, unikele emgwaqweni eyozama imali yomfundaze ,"SINCAMELE ukulala emgwaqweni Siyokwenza inhlolokhono yomfundaze eGoli, isitshudeni sase-University of South Africa (Unisa), osekuphele iminyaka emithathu singayitholi imali yokufunda.USthembele Ngejane (25) waseMount Moriah, uphenduke isilomo ezinkundleni zokuxhumana emuva kwesibindi sakhe asikhombise ngesonto eledlule. Utshele Isolezwe ukuthi ubengeke aphuthwe yithuba lomfundaze akade ayewudinga. UNgejane ohlala nonina ongasebenzi nodadewabo ababili, waqeda * -matric ngo-2014 eShayamoya High eKokstad, nakhona awufunde esehlale iminyaka emibili ehleli ekhaya ngenxa yokulimala engozini yemoto. Uveze ukuthi sekukaningi impilo yakhe ibambezeleka kodwa akalilahli ithemba.“Ngaqeda esikoleni ngafaka izicelo emanyuvesi ngangazithola izikhala. Ngagcina ngibamba amatoho ezitolo kodwa ngingalilahlile ithemba lokubuyela esikoleni. Ngo-2016 ngamukelwa e-University of Johannesburg ukuyokwenza iHuman Resources Management, ngashoda ngemali yokubhalisa. Ngiphinde ngamukelwa e-Unisa nakhona kwaba nenkinga yemali. Bengifaka ngisho izicelo kuNsfas kodwa ngingaphendulwa,” echaza.Kubuye ithemba kuNgejane kulo nyaka amukelwa e-Unisa ukuyokwenza iNational Diploma in Accounting Sciences. Kuthe esabhalisa ngesonto eledlule wathola ucingo oluqhamuka kwaNYDA ukuyokwenza inhlolokhono yomfundaze abewucelile e-East Rand eGoli. Uthe kwale ngisho ecela ukuthi bamenzisele emahhovisi aseThekwini, bathi udingeka eGoli.“Ngishayele izihlobo ngizama imali, zonke zangichitha. Ngivele ngabhala ibhodi elithi ngiya eGoli ukuyokwenza inhlolokhono yomfundaze, ngama emgwaqweni onguthelawayeka ngoLwesine ebusuku. Bengingenalo ngisho isenti ephaketheni. Emuva kwesikhathi eside ngamelwa owesifazane, naye engangithembi ngoba esola ukuthi ngiyisigebengu. Ugcine engigibelisile wangishiya eGoli, endleleni wangithengela ukudla,” kusho yena.Esefike eGoli ubhale ekhasini likaFacebook lase-Unisa, abantu babheka inombolo yakhe kuFacebook wakhe, bamshayela bamfakela imali. Uthe imali ibingena ubuthaphuthaphu abanye bemfakela i-airtime neyokudla. Ugcine ethengelwe nethikithi lebhasi lokubuyela ekhaya ngoLwesihlanu njengoba ethi ubengazi ukuthi uzobuya kanjani.Kumanje uselinde impendulo yomfundaze kusukela ngenyanga ezayo. Nokho selikhona ithemba lokuthi lizofezeka iphupho lokuba yiChartered Accountant. Uveze ukuthi usebizwe komunye umhlangano ngesinye isikhulu kwezemfundo esimthembise uxhaso.",0
train_isizulu_03067,AfriHate,@username abelungu abamnyama ababi benjalo njongoku lamana kwabo.,0
3201,vukuzenzele,"sezi-cishamlilo e-Beaufort West, ehola nje izi-R1 900 kuphela ngenyanga. Kodwa wazithela phezu kwethuba elalihlinze-kwa yi-NCC Environmental Services ngonyaka ofile. “Ngangisasebenza e-Chrysa-lis Academy njengomdidiyeli ngenkathi abakwa-NCC befi-ka",0
dev_isizulu_00108,AfriHate,"@username haha bazonishaya njalo o"" model c""",0
2969,vukuzenzele,"Siyawuncoma uhulumeni wesifundazwe saseMpumalanga Kapa ngokusiza imindeni esemanzini, kanye no-AVBOB ngokwethembisa ukusiza imindeni ngemingcwabo.",0
dev_isizulu_00171,AfriHate,bayas’bhebha straight. 💔 ##url,0
dev_isizulu_00334,AfriHate,"@username wait a minute comrade, ngubani imfene mfowethu ngoku? 😂😂😂😂 ##url",0
train_isizulu_01845,AfriHate,so amasende aniwazi?😕😕😕,0
dev_isizulu_00598,AfriHate,"@username iyabulawa  , inkomo ehlatshwayo...uqinisile ##url",0
1499,vukuzenzele,Abasebenzi bezempilo bangashayela i-NICD Hotline uma Kunezimo Zezempilo Eziphuthumayo emva kwamahora omsebenzi kule nombolo: 082 883 9920.,0
3155,vukuzenzele,angabhalela ihhovisi le-GEPO zingaka pheli izinsuku ezingama-21 anikeze izizathu zokuthi kungani ekholelwa ukuthi isi khalazo siwela ngaphansi kwegunya le-GEPO.,0
2685,vukuzenzele,"zethu nabakhiqizi bemigomo. Njengoba sibambisene ukunqoba ubhubhane, ku-zodingeka ukuthi sisebenze ngokubambisana ukwakha kabusha nokuguqula umnotho wethu. Sinalo ikhono kanye nentshisekelo yo-kusungula imisebenzi yezomnotho, sikhulise umnotho wethu futhi",0
216,vukuzenzele,"ngumhlengi kazi oqeqeshiwe iminyaka emibi li eyedlule, wakhetha lomkhakha womsebenzi ngoba wayeno thando lokusiza abantu.",0
737,vukuzenzele,Ukwesabisa: Isibonelo sokwesabisa yilapho isisu lu sithola imilayezo noma ama-SMS asesabisayo futhi ethusayo.,0
2320,vukuzenzele,"Babalelwa kumaphesenti angama-80 abantwana abane sifo se-DS abazalwa ngabazali abaneminyaka engama-35, ngaphandle kwalokho abesi fazane abathola abantwana beneminyaka engama-35 basengcupheni yokuthi abantwana babo babe ne-DS.Uthi ngoba lokhu kufa",0
683,vukuzenzele,yomphakathi wethu ekubhe-kaneni nobhubhane lwegciwane lecorona nokungasiqinisa ama-ndla empini yokubhekana ne-HIV kanye neSifo sofuba.INingizimu Afrika isalokhu iqhubeka nokuhamba phambili ngokuba nesibalo esiphezu-lu sabantu abaphila ne-HIVemhlabeni,0
train_isizulu_00976,AfriHate,"okoniwe ngomlomo, kulungiswa nge mfene ebsuku 🦍 finish.",0
2801,vukuzenzele,"Isibonelo esihle salokhu sikumkhakha wezamandla, lapho izinguquko eziningi ezibalulekile, ezihlobene ziqhubeka ukushintsha indlela esiphehla ngayo futhi esisebenzisa ngayo ugesi.",0
2161,vukuzenzele,"“Ngesikhathi ngikhula, ngangimbona umdlwenguli eKatlehong futhi ngaya ngokuba nolaka. Ngangingakwazi ukwe mukela ukuthi wayengazange ajeziselwe into ayenzile.”Ngesikhathi esekhulakhulile, futhi eyibhungu elinamandla, uTshepo wayengasakwazi uku gcina",0
train_isizulu_00414,AfriHate,"""uzobhebheka wena"" kwaysholo u kim 😂😂😂😂",0
445, bafuna ugigaba achaze enkantolo ngesikweletu ,"UNGQONGQOSHE woMnyango wezaseKhaya kuleli, uMnuz Malusi Gigaba ubizelwe ukuba azochaza ukuthi kungani umnyango wakhe wavumela isamba sikaR67 million osikweleta inkampani engenamali yezobuchwepheshe, sikhuphukele kuR800 million.Ngokwabaphenyi, lesi samba esikweletwa iDouble Ring Trading sinyuke kakhulu ngemuva kombango ophakathi kwayo noMnyango wezaseKhaya ngo-2009, njengoba manje sesifinyelele kuR794 million.ULorenzo Pavoncelli, ongomunye wabaphenyi abaqokwe yiSAF Trust ukubheka uhlelo lokuvalwa kweDouble Ring Trading, uthe bafuna uR794m, ozothathwa kubakhokhi bentela.Izincwadi ezibizela uGigaba eNkantolo eNkulu yaseSouth Gauteng ziphume kuleli sonto. Uzovela phambi kwenkantolo ekupheleni kwale nyanga ukuze azochaza ngokungakhokhelwa kwale nkampani okuyinto eyenze kwaba nabantu abangu-150 abalahlekelwe yimisebenzi, nokuphoqe le nkampani ukuba ivale.Ngokwezincwadi, uGigaba engase agqunywe ejele uma engaveli ngaphambi kwenkantolo.IDouble Ring Trading yanikezwa umsebenzi nguMnyango wezindaba zaseKhaya ngo-2005, ukufaka uphiko olwaluzogxila kwezobuchwepheshe ezakhiweni zalo mnyango eziseTshwane.Okhulumela lo Mnyango, uMnuz Thabo Mokgola uvumile ukuthi bazitholile izincwadi ezibizela uGigaba enkantolo.",0
3355,vukuzenzele,"labo abadinga usizo.“Sedlula kancane nje kwizi-3 000 zemishini esiza ukuphefumula esinayo. Uyacabanga-ke uma labo abaneminyaka engaphe-zulu kwama-65 ubudala bebhema, bengadinga imishini esiza ukuphefumula. Lokho kusho ukuthi sizodinga imishini esiza",0
1313,vukuzenzele,"Isikhwama Sosizo Lwezikweletu Oluqondiswe Emabhizinisini Amancane Kulandela isimemezelo sokuvalwa kwezwe, uMnya ngo Wezokuthuthukiswa Kwamabhizinisi Amancane wavula isikhwama sosizo lwezikweletu oluqondiswe emabhizinisini amancane ashayeke kakhulu ngenxa",0
test_isizulu_00557,AfriHate,iskhathi sokuphakela imfene? ##url,0
2043,vukuzenzele,Iphephandaba i-Vuku-zenzele lizokhipha uchungechunge lwezi-ndaba eziqondene nesahlukaniso somshado. Hlala ululindele lolu shicilelo olulandelayo.,0
757,vukuzenzele,"Amanani aphezulu amanje empahla, aholela ekunyukeni kwentela yezinkampani, abe nesandla ekuqoqweni kwakamuva kwentela eyeqile. Okuphinde kwadlala indima izinyathelo u-SARS azithathile ukwenza ngcono ubuchwepheshe bokuthumela ulwazi nezinye",0
train_isizulu_02484,AfriHate,"@username siyaphapha &amp; sifuna ukulungisa umhlaba without starting with our own selves. i have nothing against anyone who teaches from a place of love, that person uyakha but lezi ezinye iy'mfene that don't even have izithakazelo kodwa zibe zazi kakhulu😩masingayeka nje ukuphapha.",0
3391,vukuzenzele,"omu-sha odlala indima yakhe ekwakheni nasekuthuthukiseni leli lizwe.Abantu abasha abavolontiya emiphakathini yakithi, abakha izwe lakithi ngoHlelo lukaMongameli Lokusungu-la Imisebenzi, baqhuba ama-bhizinisi abo futhi bayafunda ukuthi baphucule izimpilo",0
164, izicelo zamaphemithi kazibuyi abamatekisi ,"OSOMATEKISI bakhala ngokugqoza kokukhishwa kwamaphemithi okusebenza abathi abanye babo bafaka izicelo zawo ngo-Ephreli kodwa kuze kube manje abakaze bawathole.UMnuz Bhekisisa Nzuza, okhulumela iNational Taxi Alliance KwaZulu-Natal, uthe iProvincial Regulatory Entity Board (PRE-Board), idlala ngabo ngoba yavula iwindi lokuthi kufakwe izicelo zamaphemithi kodwa awabuyi.“Sahambisa yonke imininingwane eyayidingeka kodwa amaphemithi amatekisi awaphumi. Okusiphatha kabi wukuthi izimoto ziyaboshwa, uShanela awuyingeni indaba yokuthi sisalinde amaphemithi. Siyacela iPRE isinike amaphemithi ethu.”UMnuz Bafana Mhlongo, uNobhala weSouth African Taxi & Transport Alliance, uthe ngoLwesibili iPRE ibihlangene nosomatekisi besifunda iGreater North okukhona kubo iNanda, KwaMashu nezinye izindawo ukuchaza ngezinhlelo zayo.“Sixakekile uma sesimenywa emhlanganweni ekubeni iPRE ingazikhiphi izimvume zethu zokusebenza. Eziphumayo ziyagqoza. Kuthiwa ezinye ziyadayiswa ngoR20 000. Akekho osichazelayo ukuthi izicelo zihamba kanjani. Asihambisani nale mihlangano ngoba ayizi nezixazululo ezinkingeni zemboni yamatekisi. Sinenkinga yamaphemithi, eyokungabikho koxhaso lwabagibeli nokubulawa kwabanikazi bomsebeni. Zonke lezi zinto zidinga ukuxazululwa,” kusho uMhlongo.UMnuz Mluleki Mntungwa obhekelele ezokuXhumana eMnyangweni wezokuThutha nokuPhepha koMphakathi KwaZulu-Natal, uthe iPRE iqale ukuvakashela izifunda ezehlukene zamatekisi ngoJulayi ukuze ixoxe nabasembonini.Uthe kuyenzeka kuthathe isikhathi eside ukukhishwa kwezimvume zokusebenza kodwa lokhu kuya ngokuthi umnikazi wetekisi uyithumele yonke yini imininingwane edingekayo.“Kuningi okulandelwayo ngaphambi kokuthi kukhishwe imvume yokusebenza, njengokuthi kufanele umnikazi wetekisi alethe wonke amaphepha adingwa yiPRE, kufanele sithole ukuphawula kumasipala okusebenza kuwo itekisi, kufanele sithole isitifiketi sentela somnikazi wetekesi. Ngenxa yobuningi bezicelo zezimvume ezitholwe yiPRE kuvulwe amahhovisi azokhipha izimvume ePort Shepstone, Mbazwana, Ladysmith naseMpangeni. Lokhu kuzosiza abanikazi bamatekisi ukuthi bafake izicelo eduze kwalapho besebenzela khona bangayi eMgungundlovu bonke.”Uthe kunezinhlelo zokuvula ihhovisi lePRE eThekwini maduzane.UMntungwa uthe izimvume zokusebenza zinikwa abanikazi bamatekisi hhayi ososeshini babo ngoba kufanele bagcwalise amafomu okucela imvume, kucutshungulwe isicelo sabo, isicelo sibe sesishicilelwa kwiGovernment Gazette okuwuhlelo oluthatha izinsuku eziwu-21.Emuva kwalokhu kuhlalwa phansi kulalelwe isicelo somuntu ofuna imvume yokusebenza. Ithimba elilalela isicelo libe selinquma ukuthi isicelo siyaphumelela noma siyachithwa bese kukhishwa imvume yokusebenza uma isicelo siphumelele.Ugqugquzele osomatekisi abanobufakazi bokuthi amaphemithi ayadayiswa ukuba bathinte uMqondisi Jikelele wePRE, uMnuz SJ Langa, noma uMqondisi, uNkk N Majola, noma uMnuz S Ntuli ku-033 341 9500.Uthe bangathinta nehhovisi likaNgqongqoshe wezokuThutha ku-031 360 6576 noma ku-033 355 8760 nasemaphoyiseni.“Akudingeki ukuthi abantu bazidalule amagama abo kodwa bangacela ukufihlwa uma bevula icala emaphoyiseni noma bebika ehhovisi likaNdunankulu waKwaZulu-Natal nelikaNgqongqoshe wezokuThutha.”Kulabo abathi amaphemithi ayadayiswa benganabo ubufakazi uthe kuyicala ukusola abantu ngenkohlakalo ungenabo ubufakazi.",0
3200,vukuzenzele,"ngalo mse-benzi,” kusho u-Arendse. U-Arendse wayengomunye wababephothule izifundo zabo esikhungweni sikahulu-meni waseNtshonalanga Kapa sohlelo lokuthuthukisa intsha, i-Chrysalis Academy ngowe-zi-2016. Emuva kwalolu hlelo, wasebenza esiteshini",0
1204,vukuzenzele,kanye nezinsiza ezidingekayo ukugwema ibuya lokuthunjwa kwa mandla ombuso kanye nokuqeda ukukhwabanisa nenkohlakalo eNingizimu Afrika.,0
test_isizulu_00411,AfriHate,uyinja kodwa marvin 😂😂😂😂😂😂😂😭😭😭😭😭😭😭😭😭 ##url,0
1824,vukuzenzele,"UNyawo wayeyingxenye yethimba elabamba ozinge -la abulale obhejane esiqiwini Umkhuze Game Reserve, okwa holela ekuboshweni kwabathile ngobugebengu.",0
train_isizulu_00069,AfriHate,ilife is'bhebha skoen yazi. ##url,0
test_isizulu_00022,AfriHate,"@username iyasha inamba mlungu""sisonke baba",0
dev_isizulu_00122,AfriHate,"sanibona bafwethu,  umculo lona ngiyawuphila angikaze ngiye kwa mlungu noma ngiyoba unogada bese ngigaqela iziphiwo zabanye abantu ngathi ngiphuma eskolweni ngangena emculweni kuze kube yinamuhla.   ingoma ziningi… ##url",0
573,vukuzenzele,"ebizwa ngokuthi i-SAYouth.mobi, eyingxenye yohlelo lukazwelonke lwePathway Management Network.",0
train_isizulu_01579,AfriHate,@username #realmadrid besihleka indoda hayi inxeba. kodwa ngathi imfene ijikile yajongebantwini,0
train_isizulu_02462,AfriHate,on the grey weekend of 2004 abanye abelungu and even the cheerleaders got the shock of their lives to see umlungu leading igwijo.,0
2730,vukuzenzele,"kuchaza umcwaningi omkhulu wase-CSIR uSipho Ngobeni. Ububhoklolo obenziwa nge-inthanethi benzeka uma omunye esebenzisa ubuchwepheshe bezoku xhumana ukuhlukumeza, ukusabisa, ukuhlambalaza, ukuthusa, ukucathamela, ukuphoxa noma ukuhlekisa ngamabomu ngomunye",0
test_isizulu_00338,AfriHate,"@username yazi laba banesdina it not like we rapist, it how we appreciate imomozi not like sesiyayifuna yebo meyiletha ingadleka but abakahle nje kuba serious, kwamomozi yini lento encane kanje mxm.",0
train_isizulu_02948,AfriHate,inkomo ingayeka ukudla utshani!  ##url,0
1919,vukuzenzele,UMnyango Wezemi sebenzi Kahulumeni Nengqalasizinda uthola indawo kahulumeni efanele engasetshenziswa ukuhlalisa abantu.,0
3527,vukuzenzele,"Wabuyela ku-Nel wamcela ukuba amqwashise kabanzi ngezolimo, u-Nel owamtshela ukuba akakhulume nenkosi yendawo ukuze imabele umhlaba. Emva kokubona inqubekela phambili yakhe esebenza epu lazini lika-Nel, inkosi yendawo yamabela umhlaba ongama hekthara",0
1921,vukuzenzele,"zakhahlamezeka, kanjalo nezinsiza zikawoyela nokudla.",0
2898,vukuzenzele,"Kungani kumele kwenzeke enganeni yami?Ukuqondisisa isithuthwane kanye nokuthi kungani ukudlikiza komzimba kwenzeka kungekuchazele ukuthi kungani lokhu kwenzeka enganeni yakho.Ezigamekweni ezicishe zisondele kuma-66%, imbangela eyisisusa sesithuthwa-ne",0
train_isizulu_01200,AfriHate,"when you read your old fb posts and uzibuzo ngazi wawungenwe yini doti, wawusuthini ke manje sdomu😂😂😂",0
1611,vukuzenzele,"lokuqasha abasizi bothisha nabezikole ezikoleni. Izikole kuyimanje ziyaqasha, zethula amathuba amasha kuyo yonke imiphakathi kulolonke izwe.Ukuqashwa komphakathi akuwona nje umsebenzi ongenakhono. Kugxilwe kakhulu kulabo abaneziqu, abanamathuba",0
dev_isizulu_00619,AfriHate,@username isende lendlela adv,0
train_isizulu_01061,AfriHate,@username bhebha umamanfundisi ke,0
731,vukuzenzele,"isibindi nokubekezela. Sidinga ukufiselana okuhle noku-thembana phakathi kwakho, isakhamuzi, kanye nohulumeni, naphakathi komunye nomunye.",0
2583,vukuzenzele,Ukufundisa ngokocansi; Ukubeka obala noma ukubonisa abantwana imifanekiso yabantwa-na yocansi noma abantu abakhubazeke ngokwengqondo kanye nokusebenzi-sa abantwana noma abantu abakhubazeke ngokwengqondo ukuthatha imifanekiso yocansi. “Uma umqashi ethola,0
171,vukuzenzele,"Kuze kube manje, sesakhe imifelandawonye yamaqhi ngasu namazwe aseNingi zimu Yomhlaba kanye noku sebenzisana okunenzuzo efa nayo namazwe aseNyakatho.",0
598, babanga imali yethenda kwazuma ,"SEBEXABANE baze bafakana enkantolo abomndeni wowayengumengameli wezwe, uMnuz Jacob Zuma kubangwa imali yethenda yomshini ophakela amanzi, abayifaka eNkandla. UMnuz Zobaphi Zuma, ozalwa ngumfowabo wobengumengameli noNksz Nompumelelo Mhlongo, oyisihlobo esiqavile basembangweni oshubile wemali.UZuma (Zobaphi) ukhala ngoNksz Mhlongo ngokugweva nemali athi babeyithole emuva kokuthola ithenda yokufaka injini yamanzi. UZuma uthi empeleni bebesebenzisana ngaphansi kwenkampani, Ubucebo General Trading. Uthi ngokwazi kwakhe, kufanele ngabe wathola R500 000 ngomsebenzi abawenza kodwa akatholanga ngisho isente. Useze wakhetha ukulufaka enkantolo udaba ngoba usekhathele wukukhuluma nesihlobo sakhe esingafuni nemali.""Ngiqale ngalubika kubaba, umndeni wazama ukumbiza wakhuluma naye. Kodwa kwacaca ukuthi naye uyehluleka. Uthe esuka wathi angithathe noma yisiphi isinyathelo engisifunayo ngoba naye ukhulumile wehluleka. Ngiyayifuna imali yami, kayikho enye indlela engingayikhuluma ngayo le ndaba,’’ kuchaza uZumaUsole uNksz Mhlongo ngokungabi nalo iqiniso njengoba ethi akasamshayeli ngisho ucingo ngalolu daba, sebegcina ngokubonana uma kunemicimbi emndenini, babingelelane kuphele kanjalo.UNksz Mhlongo ethintwa, ukhuze wababaza uma ezwa ukuthi udaba selusenkantolo, wathi ubengakwazi lokho yena ngoba wakhuluma noZuma wamchazela.""Inkinga esahlangabezana nayo wukuthi kasitholanga imali esasilindele ukuyithola ngomsebenzi esawenza ngoba kwaphoqa ukuthi siholele abasebenzi imali elinganayo. Ngiyasola ukuthi uZobaphi wazitshela ukuthi usizi lwakhe seluphelile, uma sithola ithenda kanti sizoba nale nkinga. Kasiyenzanga inzuzo, ngigcine sengingena ezikweletini ngalolu daba,’’ kuchaza uNksz Mhlongo.",0
1087,vukuzenzele,"abantu behlaselwa, belinyazwa futhi bebulawa ngenxa yokuthi babukeka kanjani noma bakhuluma ngayiphi indlela.",0
2325,vukuzenzele,"anothando, ukunakekelwa ngokwelashwa okufanele, ukungenelela ngokuphuthu ma, emfundweni kanye nasemisebenzini yezandla. Ngenxa yokunakekelwa okuthe thuthu, abantu aba ningi abazalwe neDown syndrome namhlanje bali ndeleke ukuphila iminya ka elinganiselwa",0
train_isizulu_01705,AfriHate,@username mampara aka ithemba alibulali 🤣🤣🤣,0
train_isizulu_01396,AfriHate,"damn 🔥 ""@username : manti moholo, iyawuqondisa ukotini le nyoni! ##url",0
517, isikhalo ngodlame lwamalungu enumsa ,"BAKHALA ngesiteleka esinodlame abaqashi bemboni yocwazi njengoba bethi amalungu eNational Union of Metalworkers of South Africa (Numsa) ahlasela ozakwabo abangatelekile acekele phansi nempahla emafemini ahlukene.Isiteleka seNumsa siqale ngo-Okthoba 15 futhi sisaqhubeka namanje asikatholakali isixazululo sabasebenzi abafuna ukunyuselwa amaholo ngo-15% nokuthi abasebenzi abasezingeni eliphansi okuwuGrade H bahole uR40 ngehora esikhundleni sikaR20 ngehora. Bafuna ukubuyiselwa imihlomulo yokuphumula nebhonasi itholakale minyaka yonke.UMnuz Johan Pieterse oyisikhulu sePlastic Convertors Association of South Africa uthe bakhathazekile ngokuthula kwabezindaba ngodlame oluqhutshwa ngamalungu eNumsa atelekile.“Abasebenzi banelungelo lokuteleka kodwa abanalo ilungelo lokucekela phansi impahla nokuhlasela ozakwabo abangatelekile. Kuyasikhathaza ukuthi abezindaba ababiki ngalolu dlame kodwa bebe bebikile ngemashi yeNumsa ngesikhathi kuqala isiteleka. Siyalugxeka udlame lwamalungu eNumsa ngoba abanye abasebenzi bafuna ukondla imindeni yabo futhi akufanele bahlaselwe abatelekile,” kusho uPieterse.Esitatimendeni esithunyelwe kwabezindaba uPieterse uthembise iNumsa nobuholi bayo ukuthi bazoziphenya izigameko zodlame baqinisekise ukuthi abathintekayo bayaboshwa.UNkk Phakamile Hlubi-Majola okhulumela iNumsa uthe bayakuchitha ukuthi amalungu eNumsa ahlasela abantu noma acekela phansi impahla emafemini kacwazi.“Abaqashi bavele basukele amalungu eNumsa bathi anodlame ekubeni kunezinyunyana ezimbili ezitelekile okuyiNumsa neMewusa futhi kukhona nabasebenzi abangewona amalungu ezinyunyana abatelekile. Amalungu ethu ayawuhlonipha umthetho futhi ngisho eqhinqa ngaphandle kwamafemu anokuthula. Kudala sizama ukuxoxisana nabaqashi bemboni kacwazi ukuze kutholakale isixazululo kodwa ababuyeli kuthina,” kusho uNkk Hlubi-Majola.",0
2277,vukuzenzele,"Luselude uhambo, futhi ziningi izimali zikahulumeni ezetshiwe okusamele zibuyiswe. Kodwa i-SIU neNkantolo Ekhethekile baqale ngonyawo oluhle, futhi nginethemba lokuphumelela futhi ezinyangeni naseminyakeni ezayo.",0
test_isizulu_00562,AfriHate,ngizoza if ungizamela iticket ka mlungu wakho😂😂😂 ##url,0
2519,vukuzenzele,Izinyathelo esazithatha zasiza kakhulu ekuvike leni umphakathi wakithi kwimimoya enamandla ye-COVID-19 . Izibonelelo ezengeziwe zasiza ukugwe ma ukuthi izigidi zabantu zikhahlamezwe ububha.,0
train_isizulu_02253,AfriHate,"ikhekhe. ""@username : imomozi""",0
346,vukuzenzele,"Uchaze wathi ama-ejensi kahulumeni ahlukahlukene abesebenza ngokubambisana ukuveza obala izigilamkhuba, bazijezise, futhi bazikhokhise imali yoMbuso eyebiwe.",0
2902,vukuzenzele,"awuselaphi isithuthwane kodwa, ezigamekweni eziningi, uzokwehlisa ukwenzeka kaningi kanye nobunzima bokudlikiza.Amathiphu okukhulisa ingane enesithuthwane:",0
739, i ifp ibhekene ngeziqu ne da ,"I-IFP isibize umhlangano ophuthumayo ne-DA ukuze inqande ingozi yokulahlekelwa uMasipala wasebaQulusini nabanye KwaZulu-Natal njengoba bubamuncu ubudlelwane babo.Lokhu kulandela ukuthi umholi weDemocratic Alliance KwaZulu-Natal, uMnuz Zwakele Mncwango ebhalelwe incwadi iFederal Executive (FedEx) okuyisigungu esiphezulu seqembu imfaka ingcindezi ukuba acacise ngekusasa abanalo ne-IFP njengoba beyisola ngokubadayisa eGauteng nangokwamukela isikhundla seScopa kuzwelonke nesekomiti likaNdunankulu eSishayamthetho saseGoli.USihlalo kazwelonke we-IFP, uMnuz Blessed Gwala uthe lo mhlangano owokuqinisa ubudlelwane abanabo.“Empeleni lo mhlangano okufanele uhlale kuleli sonto kuzoba owokuqinisa ubudlelwane esinabo ne-DA. Ngifisa nokuthi kucace ukuthi azikho izinkinga esinazo ne-DA njengoba senibeka kanjalo,” kusho uGwala.Ukusho lokhu nje amakhansela e-IFP eBaqulusini anovalo lokuthi uma sekuvotwa kukhethwa imeya entsha, ezovala isikhala sikaMnuz Jerry Sibiya kungenzeka i-DA ivote ne-ANC .Abanye bese bephakamise nokuthi kuqhubeke uMnuz Mncedisi Maphisa abambe kuze kufike u-2021.Nokho ubuholi be-IFP bona buhlela ukufaka uMnuz Mpiyakhe Hlatshwayo oke waba yimeya ye-IFP eDumbe ,waphinde waba eye-NFP eZululand.UGwala uthe izokhethwa imeya kodwa basalungisa amagama kwikhomishini ezimele yokhetho. Uthe uHlatshwayo uzofungiswa njengekhansela labo kungekudala.UMnuz Zwakele Mncwango we-DA uthe lo mhlangano awukwazi ukubakhona ngoba yena akekho kuleli sonto.“Ngaphandle kwalokho mina njengomholi we-DA angiyazi indaba yokuthi ayisekho imeya ebaQulusini. I-IFP ayikaze ingazise ngakho amakhansela ami angavota kanjani engenawo umyalelo azobe ewuthola kimi ekubeni nami ngingabikelwe lutho,” kusho uMncwango.Uthe angeke aphawule indaba ethinta ubudlelwane babo nencwadi ayibhalelwe iFedEx.",0
train_isizulu_00866,AfriHate,ayke isingenaphi ingulube 👀😂😂 #ehostela ##url,0
train_isizulu_00972,AfriHate,"lmfao ""@username : bhebha uthule""",0
760,vukuzenzele,"UPhiko Lomnotho Ongekho Emthethweni olwasungulwa ngowezi-2018 seluphumelele izikhathi eziningi ekuqedeni ukuhweba komnotho okungekho emthethweni, kubandakanya nokugxila ekungalandelini umthetho wentela yempahla ephuma kwamanye amazwe.",0
711,vukuzenzele,sizathu ukuthi imithethonqubo eminingi kumele ihlale ikhona futhi kungani kubalulekile kakhulu ukuthi abantu bayila-ndele. Ngiyazi ukuthi kunzima kanjani lokhu futhi ngiyakuqo-nda ukukhathazeka abantu ba-kithi abaningi abanako ngokuthi le mithethonqubo,0
train_isizulu_01461,AfriHate,ake nibuze abalaleli bazizwa kanjani ngaloludaba ibhunu lidliwa ibhubesi ekade lilifuye iminyaka eyishumi @username #wnb ##url,0
2877,vukuzenzele,"Ngilokhu ngisho ukuthi uku vuseleleka komnotho wethu emva kobhubhane lwegci wane leCorona kumele ku bandakanye wonke umuntu, futhi kungabikhona muntu oshiyeka emuva.",0
2363,vukuzenzele,Owalekhomishana u-Mo fihli Teleki uthi indima edla lwa yi-CGE wukuthi isize izisulu ukuba zivule amacala enkantolo. “Umnyango we zomthetho uphelezela lowo onesikhalo ukuya enkantolo kamantshi ukuyovula ama -cala odlame lwasekhaya futhi usize ukugcwalisa,0
train_isizulu_01446,AfriHate,iyatholakala imfene chief? ##url,0
1393,vukuzenzele,"Okubuhlungu, ukuthi aba ningi balabo abangazuza kule nqubo abatholi ukwelashwa abakudingayo ngoba ukutho la onikela ngesicubu sohlobo lwakho kunzima.",0
train_isizulu_00636,AfriHate,@username kungasha ibonda.........kungahamba imfene emini.......😧,0
1591,vukuzenzele,"futhi sesisungule isiko labezi ndaba abaphenyayo, izithiyo eziningi zisalokhu ziphazamisa izintatheli ekwenzeni imisebenzi yazo. Lokhu kubandakanya izijeziso zomthetho ngokuthwebula izithombe zeZinto Ezibalulekile Zikazwelonke noma ukubika ngezindaba",0
2328,vukuzenzele,"ekwaziyo ukwenza kahle kulezo zikole ezijwayelekile. Ngokuqhube ka nokufunda, ukwesekelwa kanye nesineke, abafundi bengaqhakaza.”",0
497,vukuzenzele,"aqinisekisa ukuthi bayakhokhelwa.Ukwesekela okuhlinze kwe yi-UIF kube yiyona ndlela yempilo emabhizinisini adonsa kanzima kanye nabasebenzi. Kwenze umehluko phakathi kokuthi izinkampani ziqhubeke nokuvula nokuthi ziphoqeleke ukuthi zivale, phakathi",0
106,vukuzenzele,"KwakunguMthethosisekelo owawubhalwe futhi ubha lelwe ingcosana yababandlu lula ngokobuhlanga, futhi wawusebenzisa inkolo uku thethelela unya. Wawucacisa ukuphatha kukahulumeni, unikeza labo abamhlophe ukuthi ibona kuphela abane gunya lokuvota futhi bamele",0
943,vukuzenzele,"khona ukuzokweseka lowo onesikhalazo enkantolo futhi kuze kube kuphela ukuqulwa kwecala. Izinsizakusebenza ezikhe-thekileyo kanye namasu kuzose-tshenziswa ukutshengisa isisulu ukuthi siyazwakala, sivikelekile kanye nokuthi sihlonipheke. Lowo onesikhalazo",0
420, i anc emhlanganweni ophuthumayo ngolwevbs mutual bank ,"ABAHOLI be-ANC eLimpopo ngoMsombuluko bazohlangana nabaholi benhlangano eLuthuli House kulandela ukuvela kwe-ANC kulabo abasolwa ngokuhlomula ekuxetshulweni kwezigidigidi zamarandi kwiVBS Mutual Bank.NgeSonto i-ANC ithe ayinaso isiqiniseko ngokuthi yayithola yini imali eyavela ngokukhwabaniswa kwemali ebalelwa ku-R2 billion kuleli bhange. I-ANC ihlangana nje igama layo livezwe owayengusihlalo weVBS Mutual Bank, uMnuz Tshifhiwa Matodzi, obale neDA, SACP ne-EFF kulabo ‘abahlomula’ kwimali eyebiwe.Okhulumela i-ANC kuzwelonke, uMnuz Pule Mabe, uthe uyazi ngezinsolo zokuthi iqembu elibusayo lacela futhi lathola uxhaso kuleli bhange.“Siyazi ngalezi zinsolo futhi sisazama ukuthola kwihhovisi lomgcinimafa ukuthi ziyiqiniso yini. Okwamanje ngeke ngikwazi ukuphawula ngokuthi izinsolo ziyiqiniso noma cha. Ngisalinde ubufakazi. Izinsolo ezibucayi lezi ngakho sidinga ukucophelela,” kusho uMabe. Uthe inhlangano ebusayo ayifisi ukuchitha lezi zinsolo bese kujika kuvele ukuthi bayithola imali kuleli bhange.Okhulumela iDA kuzwelonke uMnuz Solly Malatsi ukukhahlele ngezinyawo zombili ukuthi yake yacela noma yathola uxhaso kwiVBS Mutual Bank.“I-DA ayikaze ithole ngisho isenti kwiVBS. Lezi zinsolo azilona iqiniso,” kusho uMalatsi.NgoLwesine ngesonto eledlule iDA yavula icala ifuna bonke abathintekayo ekudliweni kwemali yeVBS Mutual Bank babhekane nengalo yomthetho. Noma uMatodzi ebalwa njengobhongoza ekudliweni kwemali kwibhange lokuqala ebeliphethwe abantu abamnyama kuphela kuleli, akahlatshwanga ngemibuzo ngesikhathi u-Adv Terry Motau enza uphenyo. UMotau uthe akakhulumanga noMatodzi ngoba ukhombise ukungathembeki ngesikhathi edlelwa impahla yakhe.“Ukuphika kwakhe ukuthi uyingxenye yabantu abadale le nhlekelele ebhange kushayisana nobufakazi obuningi obukhomba ukuthi nguyena obengubhongoza wayo yonke lento. Ngenxa yokuzihlangula kwakhe ngabona ukuthi kuzofana nokumosha isikhathi ukumnikeza ithuba lokuthi abeke uhlangothi lwakhe. Lokho uyokwena kwenye inkundla ngesinye isikhathi,” kusho uMotau.I-EFF ngakolunye uhlangothi ithe izophendula ngalezi zinsolo esithangamini nabezindaba ngoLwesibili.",0
364,vukuzenzele,"Noma kunjalo, sekwenyuke isibalo sobhejane abazingelwe KwaZulu-Natali, eNyakatho Kapa, eMpumalanga, eFreyi stata kanye nasesiFundazweni saseNyakatho-Ntshonalanga.",0
2532,vukuzenzele,Masikhumbule ukuzinikela sonke esikwenzile ukunqa nda ukubhebhetheka kwegci wane ezinsukwini zokuqala.,0
3084,vukuzenzele,"Iziqu ezintsha zeminyaka emithathu zizonika abahle ngikazi abaneziqu ithuba lokubhalisela izifundo zepostgraduate, okwethenjwa ukuthi kuzogcina ngokuholela ekuthwesweni iziqu zehonours, zemasters nezePhD. Odokotela bezilwane belapha izilwane lapho",0
1777,vukuzenzele,Igciwane selitholakele eGauteng naseNtshonalanga Kapa.,0
1425,vukuzenzele,Izisulu zokunukubezwa kufanele zibike ubugebengu bezocansi emaphoyiseni engakapheli amahora angama-72 kwenzeke ubugebengu.,0
train_isizulu_01566,AfriHate,"@username dudlu amado lo kanyoko angthuki wena ngthuka uthando, angphuzi angbhemi ngidlala ififa kphela, sengishoda ngawe ntokazi, uyangfaka noma uyangfaka?",0
dev_isizulu_00067,AfriHate,@username yes sesaxubeka nesixhosa angithi amabhunu anikeza umzimkhulu umathanzima,0
train_isizulu_00047,AfriHate,@username bathenge ingulube esakeni. lapho u minister thizeni kade esifundekela ngezi thombe,0
2760,vukuzenzele,Kanti uMasipala waseGeorge usukhuphule kakhulu iqophelo lokuthi izinhlelo zezokuthutha umphakathi kumele zime kuphi lapho kusetshenzelwa abantu abakhubazekile.,0
1398,vukuzenzele,"Ngaphinde futhi ngabhe kana nokukhathala njalo, ngakhishwa inyongo kanye namatshe enyongo futhi ngakhahlanyezwa ukunga sebenzi kahle kwegilo.",0
train_isizulu_01080,AfriHate,indoda ivuka igqoke usiyasebenza. igown eyoswidi wabafana abakhonze ukneka amasende lisile ilanga. ##url,0
1008,vukuzenzele,"Okubuhlungu, ezinye izinkampani ezishicilelayo ziphoqeleke ukuthi zivalwe, phakathi kwazo nga maphephabhuku asungulwa kudala futhi aziwa kakhulu eNingizimu Afrika.",0
train_isizulu_00208,AfriHate,"ngyathemba oyellowbone bafundile isfundu ku mshoza, gada ungabi njengaye nawe...",0
train_isizulu_01032,AfriHate,"ng'stuckile ngapha mfethu. “@username : ""madala, zathini izolo ke @username : angel thando. z'thini? 😂😂 “@username : @username wenja”""”",0
dev_isizulu_00454,AfriHate,@username abekho ocheese boy kwazulu wepalesa.,0
751, isililo ucele ezobakhalisa kwameyiwa ,"UKHIHLE isililo unina wowayengumdlali weBafana Bafana ngesikhathi ebona uNgqongqoshe wamaPhoyisa obezokhalisa umndeni ngokushona kukamyeni wakhe izolo.UNkk Ntombifuthi Meyiwa ongunina kaSenzo Meyiwa, ukhale ebona uMnuz Bheki Cele obezobhonga emswaneni ngokushona kukaMnuz Sam Meyiwa. UCele ubezovela okokuqala emndenini emuva kokushona kukaMeyiwa entathakusa yangoMsombuluko, oshone nesilonda ngenxa yokungaboshwa kwababulali bendodana yakhe.UCele ofike emuva kwamahora amathathu kunobekulindelekile, ucele ukubhunga nomndeni ngaphakathi endlini.Esekhuluma nabezindaba uthe unqume ukuzohlanganisa amehlo ngoba ubevele exhumana nomndeni ngisho uMeyiwa esaphila. Uchithe izinsolo zokuthi akukho okwenzekayo ngecala lokubulawa kukaSenzo, athe sekusungulwe ithimba eliyisipesheli eliphenyayo.“Akulona iqiniso ukuthi akwenziwa lutho ngecala ekubeni selufike ngisho kuMengameli. Ubaba kaSenzo waziyela kuMengameli eyocela ukuthi amtholele ukuthi ngubani owambulala. Nami ngakhuluma naye ngonyaka odlule kunemidlalo kaSenzo, wakhuluma konke okusenhliziyweni yakhe. Ngamtshela ukuthi ngeke kwenzeke ukuthi bagcine bengatholakalanga ababulali futhi namanje ngisakugcizelela lokho.”Uthe usuku nosuku bayakhuluma noNgqongqoshe wezoBulungiswa uMnuz Ronald Lamola ngaleli cala futhi unethemba lokuthi ikhona inqubekela phambili. ULamola bekumele avele naye izolo kwaMeyiwa kodwa wabuye wabanjwa uhambo.UCele ugcizelele ukuthi ngeke esalokhu esho isikhathi okuzoboshwa ngalo abasolwa njengaphambilini. Uthe angakuqinisekisa ukuthi ngelinye ilanga kukhona oyojeza.Uphikile ukuthi amaphoyisa asehlulekile kuleli cala njengoba ethe akhona namanye amacala okuphela iminyaka engaphezu kweyisihlanu kusaphenywa.Uthe ngenxa yobucayi becala okunye ngeke bakwazi ukukudalula futhi abantu kumele baqonde ukuthi akayena umphenyi.Okhulumela umndeni, uMnuz Siyabonga Meyiwa, uthe bayakwamukela okushiwo ungqongqoshe futhi bayethemba ukuthi ngelinye ilanga bayolithola iqiniso.UMeyiwa uzongcwatshwa ngoMgqibelo emathuneni aseStella Wood emuva kwenkonzo ezoba sehholo kwa-M, eMlaza.",0
310,vukuzenzele,"ezifundweni zesikole ezihlelekile kanye nokuqeqesha, ukufundisa kanye nokuthuthukisa abasebenzi ezikhungweni ze-ECD kulolonke ilizwe.Ngenxa yokuthi le mfu ndo eyisisekelo ingukhiye wempumelelo yomntwa na eminyakeni ezayo, uMthethosivivinywa Wokuchibiyela",0
2309,vukuzenzele,“Sekujwayelekile nje ukwabelana ngokuthile ezinkundleni zokuxhumana.,0
2292,vukuzenzele,Noma ngubani oneminya ka eyi-14 ubudala kanye nangaphezulu angaba ngu fakazi. Indlalifa angeke neze ibe ngufakazi.,0
3154,vukuzenzele,"“Kungakapheli amasonto amabili kusukela osukwi ni isikhalazo esatholwa ngalo, i-GEPO izocubu ngula [icala] futhi yazise ummangali ukuthi inga kwazi yini ukuphenya ngalo futhi inqume ngalolu daba.” Uma uMlamuli engavumi ukuphenya ngesikhalazo, ummangali",0
184, imibono nginemibuzo ngodaba lomhlaba ,"MHLELI: Ngibeka umbono ngodaba lokuthathwa komhlaba ngaphandle kwesinxephezelo. Umvusi wenyamazane akuvamisile ukuthi kube wuye oyishayayo ngoba iye ithi uma ivuka iqala ukubaleka ibaleke iye le kanti iyoziphonsa kwabanye abantu.Ngalo mzekelo ngiqonde ukuthi umvusi wenyamazane ewudaba lokuthathwa komhlaba ngaphandle kwesinxephezelo nguJulius Malema neqembu lakhe le-EFF kodwa le nyamazane sibona isitshathwe yi-ANC.Nginemibuzo eminingi engidinga ukuphendulwa kuyo mayelana nalolu daba olusematheni lokuthathwa komhlaba.Lo mhlaba uma usuthathwa ubuyiselwa kubantu bebala, laba abangabanikazi bawo okwamanje iningi labo okungabamhlophe, bayoshoniswaphi?Thina bantu bebala ngabe sesihlome ngokwanele yini ngolwazi nangamakhono ukuthi uma sinikwa umhlaba siyazi ukuthi sizowenzani?Bazohlonzwa kanjani abantu okumele bahlomule kulolu hlelo lokubuyiswa komhlaba?Nginomuzwa wokuthi noma unganikwa abantu bebala umhlaba kodwa lo oseduze namadolobha uzogcwala imijondolo.Uhulumeni ophethe ngimbona esethole iphuzu lokucasha ngesithupha odabeni lokuthi anikeze abantu izindlu waphinde wathola iphuzu lezepolitiki ngalolu daba lomhlaba nasezokhankasa ngalo.Nginomuzwa wokuthi kuyimanje ayikho indlela ebekiwe yokuthi uzokwabiwa kanjani wona lo mhlaba usunikwa thina bebala. Ngike ngezwa uMalema ethi umuntu wesifazane ngamunye uzothola i-hectare elilodwa. Lokhu akuwenzanga sidalo umqondo kimi kuze kube yinamhlanje.Iqiniso limile lithi nje uhulumeni akakhele abantu izindlu bese kuqhubeka udaba lokuthathwa komhlaba okuhamba nesinxephezelo ukuze kube nozinzo nasemnothweni wezwe. Uma le mpi yobuhlanga iqhubeka sizofana neZimbabwe. Lokho kufakazelwa wukuthi ukuphawula kukamengameli uDonald Trump ngalolu daba kwenze irandi ladunguzela.Le ndaba yokuthathwa komhlaba ngale ndlela izosibuyisela emumva ngoba kimina ivela iwubandlululo ngokwebala.Umfundi weSolezwe",0
train_isizulu_00244,AfriHate,umlomo omngaka sisi shuthi uyphethe inkomo amajita kodwa 😂😂😂😂😂😂😂 ##url,0
train_isizulu_01248,AfriHate,"uzobhebheka sisi""@username : @username yewena sahn!!!""",0
1600,vukuzenzele,"eziyizo, ufinyelele emathubeni futhi uthuthukise izimpilo zawo. Kumele baqhubeke nokukhiqiza ubuntatheli obungale kwezihloko namakhasi okuqala futhi o bunegalelo ekuthuthukiseni uluntu. Kumele babike izindaba ezimnandi nezimbi, inqubekela-phambili",0
train_isizulu_00371,AfriHate,"@username it's money &amp; inkomo,is'patshi leyompahla entlek.",0
1127,vukuzenzele,"Ngabantu abafuna ukwenza ngcono imiphumela yabo kamatikuletsheni, okungaba yilabo abasanda kubhala noma labo ababhala eminyakeni eyishumi eyedlule. UDkt Malapile uyachaza ukuthi umuntu ofuna ukuthola isiqu sobunjiniyela, njengesibonelo nje, kumele ukuthi",0
482,vukuzenzele,"izicelo esikhungweni semfundo ephakeme base bemukelwa, kodwa manje sebefuna ukushintsha umkhakha wokufunda ababewukhethile.",0
125,vukuzenzele,"Nebala alukho uhleloku sebenza oluvumela uhle lokusebenza oluphikisa ama lungelo abantu olungagci nwa. Yize kuzoba ngaphezu kweminyaka engamashumi amathathu ngaphambi ko kuthi izimfuno zenhlangano yenkululeko ziphumelele, sagcina sinqobile ukuthola",0
1909,vukuzenzele,ISikhwama Sobumbano sizovula enye i-akhawunti yasebhange ebhekelele izikhukhula ukuze abantu baseNingizimu Afrika kanye nalabo abazonikela abaphuma kwamanye amazwe bezofaka isandla emizamweni yokusiza.,0
train_isizulu_01541,AfriHate,"uzobhebheka sisi""@username : @username yewena sahn!!!""",0
test_isizulu_00168,AfriHate,"dudlu nsizwa, nongenamali uyangena ethaveni, nongena business plan uyayithola itender. akumpofu, yilanga yin! akuna sixpack ingulube yin? angithuki wena ngithuka uthando. ubaba ushoda ngomuntu ozombhushela igceke. qoma nsizwa ngafa inhlamba kayihlo. uyangkhipha noma uyangifaka? ##url",0
train_isizulu_02219,AfriHate,@username hahaha sisi ungayenza yini ley0nt0 ukukhipha imfene ehlathini?,0
test_isizulu_00181,AfriHate,iteabag siyimfumfutha size siyibize ngozamfumfu yeyi sasiphila ngezinsuku zethu @username #ndizanathi,0
train_isizulu_02103,AfriHate,"#model c tweet rt @username : lol the saying is ngilala nezinkukhu rt @username : ngathi uhlezi uyinkukhu, uzela (cont) ##url",0
train_isizulu_02790,AfriHate,"@username uthi ""iyaku khumbula imomozi yam"" ke 😂🤣",0
2515,vukuzenzele,"Saqalisa uHlelo lweCOVID-19 Lokuqinise kiswa Kwemalimboleko ukuze amabhizinisi akwazi ukubhekana nezindlela zawo zokuqhuba amabhizinisi nge sikhathi sokuvalwa kwezwe, futhi sisabheka ukuthi lolu hlelo lungafinyelela kanjani ezinkampanini eziningi ezi",0
train_isizulu_01910,AfriHate,"uyiqede ngokungabi nomsipha ka stop ""@username : where's lauryn hill's career?“@username : kanti isende linani”""",0
dev_isizulu_00429,AfriHate,abelungu nalezinja zabo emabnb sikhokhile...,0
train_isizulu_00952,AfriHate,"@username okusempeleni i afrikaans  eyathathela kumaskhandi ngamabhunu ashintsha athi musikant from maskhandi, ngoba phela isintu kade sikhona ngaphambi kokuthu kufike amabhunu.",0
1411,vukuzenzele,nge-SMART ukuze uqinisekise izinga olifisayo kwezezimali. Lokhu kuchaza ukuthi uhlela izifiso zakho ngendlela yokuthi:,0
1426,vukuzenzele,UBhembe uyalele izisu lu zokudlwengulwa ukuba zifune usizo lokululekwa ngemuva kwezigameko ezithusayo ezibuhlungu.,0
2991,vukuzenzele,"Njengemiphakathi kumele sisebenzisane nama-Community Policing Forum ethu, nezinhlangano zomphakathi wakithi kanye nemikhandlu engamele izikole zethu futhi sikhuthale sidlale indima ebonakalayo empilweni yezingane zethu siphinde futhi sikhuthalele",0
train_isizulu_02030,AfriHate,@username imomozi enhle kanje.,0
1846,vukuzenzele,nalabo abathelelekile nokuthi siye esibhedlela uma sinezimpawu zokugula.,0
1354,vukuzenzele,"N j e n g o b a m a n j e e z i ndaweni ezithintekayo amaphaphu esehlile, abomthetho baphenya zonke izenzo zobugebengu.",0
test_isizulu_00277,AfriHate,@username ilast number ye waste leyo. abelungu nje beqhubeka nokusenza izilima,0
train_isizulu_00458,AfriHate,inyama yangaphakathi ye mfene. ##url,0
dev_isizulu_00660,AfriHate,lol konje umngani wami waye bhebha isangoma,0
3458,vukuzenzele,“Lo msebenzi uyishintshile impilo yami. Ekhaya imina ngedwa engisebenzayo ukusiza odadewethu nabafowethu kanye nezingane ezimbili.,0
1804,vukuzenzele,Olunye uhlangothi olubalu lekile lwalolu phiko kuzoba ukusungula izikhungo zoku ziphatha nokuthembeka ezikhundleni zikahulumeni.,0
1052,vukuzenzele,"ezinhlekelele nalawo abagula kakhulu, ngenxa yezingozi zezi-moto, udlame kanye nokulimala okuhlobene notshwala. Ngakho-ke sinqume ukuthi ukuze sigcine isibalo sabangeniswa ezibhedlela silawuleka, ukudayiswa, ukukhishwa nokusatshalaliswa kotshwala kuzomiswa",0
1659,vukuzenzele,"angahlawuliswa noma aboshwe. Ngokufanayo, ukuhluleka kwelu-ngu le-SAPS ukulandela isibopho ngaphansi koMthetho kuzothathwa njengokuphula umthetho futhi kumele libikwe kuMabhalane Wophiko Lwamaphoyisa.Umthetho ungumvikeli wokuqala womphakathi, kodwa",0
train_isizulu_01065,AfriHate,@username ibambeni mbeni webafana🎵🎼ibambeni weeeezinsizwa.....ngeke ishlule amabhunu bawabamba obaba ##url,0
1836,vukuzenzele,Siyazi ukuthi ukutholakala kwama-PPE abasebenzi basemkhakheni wezempilo akusiyo kuphela inselele abasebenzi ababhekene nayo. Ezweni lonke imitholampilo nezi-bhedlela zibhekene nokushoda kwabasebenzi. Le nkinga siya-yilungisa.,0
2882,vukuzenzele,"Abafuna ukukubona ukuthi izindawo zasemakhaya zibe izikhungo zemisebenzi yo mnotho, amathuba ezimboni kanye nokuqashwa. Lokhu kubonisa izifiso zoHlelo Lokuthuthukiswa Kwesi funda (i-DDM), olwethulwa ngowezi-2019.",0
3435,vukuzenzele,"Okunye kwalawa mathuba ukufunda ukushayela imo to. Kodwa uhlelo oluyingqayizivele lwabakwa-QuadPa ra Association of South Afri ca (i-QASA) luye lwafundisa abantu abayi-120 abakhubaze kile ukuba bakwazi ukushayela izimoto ezilungiselelwe bona, kanti",0
842,vukuzenzele,Amacala angama-224 adluliselwe ukuthi izi phathimandla zeminyango noma zezinkampani zikahulumeni zithathelwe izinyathelo zokuqondiswa izigwegwe;,0
583,vukuzenzele,"Izinhlelo ezaqaliswa ngoHlelo Lwezemisebenzi LukaMongameli ziphi-nde zasiza imiphakathi kabanzi. Kugxilwe kakhulu ekudalweni kwamathuba omsebenzi emikhakheni enomthelela emphakathini ngokuqondile njenge zemfundo, ukutholakala kokudla, ukunakekelwa",0
1211,vukuzenzele,"Siphinde futhi sabhekana nezi nsolo eziphazamisayo nezihla-zayo. Izifundazwe eziningana zithole imibiko yokuthi kuna-bantu abanonya, abanye babo okusolakala ukuthi izikhulu zikahulumeni, bagweve noma badayisa izijumbana zokudla ezihlinzekelwe abantu",0
train_isizulu_01207,AfriHate,jaiva njenge ngamla sani 🕺💃🕺💃🕺💯💯🔥 @username #lockdownhouseparty ##url,0
train_isizulu_00155,AfriHate,s'phukuphuku se ngamla...geez...uvelelwe!! ##url,0
465,vukuzenzele,I-Surfers Not Street Chi ldren Club inikeza izifundo zokuhuhuluza emagagasini kusukela ngoMsombuluko kuya kuLwesihlanu ngo08h30 kanye nango-13h30. Abanentshisekelo banga bhalisa ehhovisi le-Surfers Not Street Children e-North Beach.,0
2029,vukuzenzele,"Isibonelo, ngowezi-2018, iziguli zethu ezingama-514 zelashwa zasinda, kusho u-Harrison.",0
152,vukuzenzele,"kwempilo yakho ngabasebenzi beze-mpilo, izinsiza zokuhlanze-lwa izimpahla, ukunethezeka kanye nokuthula usalulama kanye nokuthuthwa mahhala uya futhi ubuya kulesi sikhu-ngo.",0
3057,vukuzenzele,"Ingxenye ebaluleke ka khulu yomkhankaso wethu wotshalomali ngumphu mela wezinguquko esi zenzayo emikhakheni efana nezamandla kagesi, ezokuxhumana, amanzi namachweba kanye no jantshi bezitimela. Lezi zinguquko zizothuthukisa ukusebenza kahle kanye",0
249,vukuzenzele,Izimpawu Zosizi Abazali kumele baqa phele futhi bagade izimpawu ezahlukene ezingabonisa ukuthi ingane yabo ibhekene nosizi. Lezi zimpawu zibandakanya:,0
train_isizulu_01014,AfriHate,"inkinga bayanamathela... rt""@username : bhebha udlule rt thee_budda ngzoyenzani ingane esanuka uchalk? :/""",0
2422,vukuzenzele,ephakeme nokuqeqeshwa. Ukuqali swa kokusebenza kwalolu hlelo kuyaqhubeka futhi kuzoqhutshwa esikhathini seminyaka emihlanu.,0
2648,vukuzenzele,"isicelo sokuthola isibonelelo, kwengeza u-Letsatsi.",0
2500,vukuzenzele,Ukukhishwa kwemibiko enge yona ngokuphathelene nokuqedwa komazisi abalu hlaza abanamagabelo. Ukungabi sezingeni kwezi mpawu ezikhombisa okuthile emahhovisi.,0
train_isizulu_00974,AfriHate,@username ngathi imomozi echamayo 😂😂😂,0
dev_isizulu_00291,AfriHate,@username achatha ngo lwandle amabhunu ase stellies 😀😀,0
579,vukuzenzele,"Zingaphezu kwesigamu sesigidi izakhamuzi zaseNingizimu Afrika esezihlomulile esigabeni sokuqala, kube kusane zinye izinhlelo eziningana ezisaqhubeka. Ababambiqhaza banikwe ithuba lokuhola ukuze bakwazi ukuziphilisa, bafunda amakhono amasha futhi",0
313, amabhange azotakula uhulumeni ,"IZIKHULU zamabhange ezingamalungu eBanking Association of South Africa (Basa) zithi zizimisele ukutakula izinkampani zikahulumeni ezinenkinga yezimali ukuze zingacwili kakhulu ezikweletini.Lesi simemezelo senziwe yisikhulu esiphezulu seBasa, uMnuz Cas Coovadia oveze ukuthi ngoLwesibili kaJuni 19 babenomhlangano noNgqongqoshe wezeziMali, uMnuz Nhlanhla Nene, owamaBhizinisi kaHulumeni uMnuz Pravin Gordhan nePhini likaNene, uMnuz Mondli Gungubele.“Emhlanganweni sachazelwa ngesimo sezinkampani zikahulumeni nezingqinamba zezimali ezibhekene nazo. Sihambile sayokhuluma namalungu ethu siwachazela ukuthi uhulumeni udinga sisize izinkampani zakhe ukuze zikwazi ukukhokha izikweletu. Kuyoba yishwa uma lezi zinkampani zingase zeqiwe yizinyanga ezikweletini zazo. Amalungu ethu okungamabhange avumile ukusiza ngoba awafuni kube nabantu abaphelelwa wumsebenzi nokuthi umnotho wethu uwe,” kusho uCoovadia.Uthembise ukuthi bengamabhange bazokwenza konke okusemandleni ukusiza izinkampani zikahulumeni ezifana ne-Eskom ukukhokha izikweletu zazo nokuthi zibuyelwe wuzinzo uma kukhulunywa ngokuphathwa kwezimali.“Uhulumeni uvumile ukuthi uzozilalela iziphakamiso ezenziwayo zokuthi izinkampani zakhe zenze imali. Uphinde wazibophezela ukuthi uyena ozobhekana nesikweletu uma izinkampani zihluleka wukukhokha. Izingxoxo zethu nohulumeni ziyaqhubeka ngoba sifuna indlela yokuthuthukisa umnotho wezwe,” kusho uCoovadia.Isazi somnotho nezomthetho, uSolwazi Bonke Dumisa, sithe kufanele ishayelwe izandla iBasa ngesimemezelo sayo yize simbaxambili.“Isitatimende seBasa sihle uma kuwukuthi inkohlakalo efake izinkampani zikahulumeni kulesi simo esikuzo izokhucululwa ngoba abantu abadayisa amalahle kwa-Eskom bayawabizisa. Uthe isikhulu sakwa-Eskom uMnuz Phakamani Hadebe uyasithemba ngoba singumuntu owuhloniphayo umthetho kodwa akazi noma sizophumelela yini ukukhuculula inkohlakalo yeminyaka.“Ukuze i-Eskom ikwazi ukusebenza kahle, yenze nemali ngathi kungaqalwa phansi kuqashwe kabusha izinkampani eziwudayisela amalahle. Ucwaningo luveza ukuthi kudala i-Eskom yayinezikhulu ezingu-81 kodwa manje zingaphezu kuka-500 ,” kusho uDumisa.Uthe ngisho kwaSAA kunoSihlalo weBhodi othembekile futhi okwaziyo ukuvusa izinkampani eziwayo uMnuz Johannes Bhekumuzi Magwaza kodwa akazi ukuthi kuzomthatha iminyaka emingaki ukukhuculula inkohlakalo yeminyaka.",0
3441,vukuzenzele,Izicelo zalolu hlelo zivulelekile kubantu abakhubazeke izingalo nemilenze kanye nabakhubaze ke isingezansi asebevele benayo ilayisensi yokufundela ukushayela.,0
2182,vukuzenzele,"Ukubuza ngelayisensi yokushayela, abafakizicelo bangathumela izinombolo zikamazisi zabo nge-SMS ku-33214. Bazothola enye yama-SMS alandelayo:",0
train_isizulu_02647,AfriHate,"uma ukub’ ungowesifazane okhulelwe okanye oncelisayo, ungawuphuzi umhlonyane, ngingakucebisa ukuthi uphuze itiye elenziwe nge ginger, cayenne pepper, garlic, honey, pineapple 2 slice, ne lemon… ##url",0
1939,vukuzenzele,abantu bonke bagqoke izi-fonyo zobuso ukunciphisa inani legciwane lecorona (COVID-19) elisatshalali-swa ngokukhwehlela yilabo asebethelelekile ngokunciphisa ukusabalala kwalo ngamathonsana.,0
1217,vukuzenzele,"Sikhethe ukuba sohlangothini lokuqaphela. Futhi ngokombiko owethulwa nguNgqongqoshe Wezempilo kungekudala, ukuvalwa kwe-zwe ngesikhathi esakwenza ngaso kwehlise izinga lo-kusuleleka, futhi okubaluleke kakhulu, kusinikeze isikhathi sokulungiselela",0
train_isizulu_01460,AfriHate,"noma ungaxabana kanjani nomuntu wakho but never call your partner ngamagama a condescending. to say things like uyanginyanyisa, shit, uyinja, uyislima, uyisdina is wrong #minanawehouse amagama ashiya scars people must learn to mind their language",0
train_isizulu_00649,AfriHate,@username wenja😂😂uhlezi kahle edbn,0
train_isizulu_00329,AfriHate,ai ngeke lo bhebhatov inkomo nje #amazulu,0
train_isizulu_00122,AfriHate,sanibona mazulu amahle,0
train_isizulu_02503,AfriHate,dudlu madolo kanyoko angthuki wena ngthuka uthando,0
3014,vukuzenzele,"osehaqwe yileli gciwane. Ngenxa yobuthakathaka babo, bonke abasebenzi abaneminyaka engaphezulu kwengama-60 ubudala futhi abanezifo eziyimbelesela okunga ba isifo senhliziyo, isifo sikashukela, izifo eziphathelene nokuphefumula kanye nomdlavuza kumele",0
503,vukuzenzele,"isikhathi eside ngenxa yalolu bhubhane.Nakuba imikhawulo yokuvalwa kwezwe isixegi siwe, izinkampani eziningi ziyahluleka ukubhekana nezinyanga lapho zingasebenzanga khona lapho kwa kunokuncipha komsebenzi kanye nokulahlekelwa yi nzuzo.Yisona kanye lesi",0
train_isizulu_01584,AfriHate,jk. not when nginyisa abelungu emsebenzini boi 🔥 ##url,0
1164,vukuzenzele,"Ukuze ubhalisele ukuqeqeshwa, vakashela ku: www.elearning@cipc.co.za.",0
train_isizulu_01076,AfriHate,"@username i dont condone le yenzekayo into even the looting mara nilibele ukuthi laba bebethi"" let it burn"" its war"" bathule manje kuso nakala abantu abamnyama were used bavuma nabo ayna maxhosa ayna mazulu qha kudlaliwe ngabantu",0
train_isizulu_02555,AfriHate,"""@username : ""@username : isiveziwe imomozi enhle ukuzedlula zonke ##url loool ey inkinga le""yeheeeeeeeni saba""",0
train_isizulu_02715,AfriHate,@username 😂 ewe bawo inkomo kufuneka udlale ngayo,0
576,vukuzenzele,Izinhlelo zesigaba sokuqala zaqaliswa yiminyango kazwelonke eyi-11. Imise benzi yayo yaqondaniswa nokugwema ukuphindaphinda nokusaphaza futhi kwathuthukisa ukufunda kuleso sipiliyoni sabanye.,0
1775,vukuzenzele,Izigodi nezinduna ngaphansi kokubusa kwakhe zadidiyelwa zafakwa ezindaweni zaseLebowa naseGazankulu nokwaholela ekutheni kubhidlizwe amasiko anothile omlando wendlovukazi osukela eminyakeni engama-400 edlule.,0
1169,vukuzenzele,Enye insiza yamahhala ehlinzekwa yi-CT yisixazululo sesikhalo.,0
2156,vukuzenzele,"Umbuzo : Ngabe umgomo ukunqanda ngokugcwe le ukwesuleleka ngeCOVID-19 ?Impendulo: Cha. Noma ngabe usugome ngoku gcwele kepha usangasu leleka ngeCOVID-19 . Noma kunjalo, umgomo unciphisa ingozi yokwesuleleka ngeCOVID-19 okunzima, uku laliswa esibhedlela",0
2761,vukuzenzele,"Njengoba luxhaswe ngezimali nguMnyango kaZwelonke We zokuThutha, uhlelo lwezoku thutha ngamabhasi asheshayo (i-BRT) i-GO GEORGE njenga manje lunamabhasi amancane angama-35, amabhasi ajwayele kile angama-36 namabhasi amakhudlwana angama-33. Wonke la",0
3610,vukuzenzele,nokubalekelela abantu abasha ukuze nabo bafinyelele kweyabo impokophelo. Kuyi qiniso elimsulwa futhi elaziwayo emlandweni ukuthi ukwahluleka kwesizwe ukucija nokuthuthukisa amakhono entsha yaso kusho ukufa nokushabalala kwengomuso lezwe lelo.,0
2037,vukuzenzele,"esikhonzini senkantolo sasendaweni okusebenza noma okuhlala kuyo ummangalelwa. Isikhonzi senkantolo sizobe sesinika amadokhumenti kummangalelwa ngqo futhi sikhiphe incwadi ewubufa-kazi, ukuze ibe ubufakazi bokuthi imibhalo ihanjisiwe. Lapho kunezingane",0
1091,vukuzenzele,Angeke sivumele lokho kungabi nabulungiswa ukuthi kwenzeke futhi.,0
3565,vukuzenzele,"Ukundizisa iflegi Uma iflegi limiswa liqondane nodonga, indawo ebomvu kumele ibe kwesokunxele solibukayo bese umphetho wentambo ube ngaphezulu. Uma limiswe lavundla, umphetho wentambo kumele ube kwesokunxele solibukayo bese u mbala obomvu uba phezulu. Uma",0
2359,vukuzenzele,"elinesihlabathi phakathi ukuze azocima uma ewa phansi. Ungambozi imililo ngesihlabathi. Ukushisa kuhlala amahora amaningi esihlabathini. Faka kuqala amanzi abandayo ebhavini, bese ula ndelisa ngashisayo. Hlola amanzi okugeza ngendo lolwane yakho kuqala nja",0
1027,vukuzenzele,"abatheleleke ngalo leli gciwane kodwa abangabonakali. Njengamanje njalo ngosuku sithola abantu abangaphezu kwezi-12,000 abanaleli gciwane.Kusukela ekuqaleni kwalo mbhedukazwe ngoNdasa, okungenani abantu abayizi-4,079 sebebulewe yigciwane leCOVID-19.",0
1130,vukuzenzele,Uqala kanjani kulolu hleloBhalisa kwelilodwa lama-hhovisi ezemfundo ezifundeni ezingama-75 ezweni jikelele noma ubhalise nge-inthanethi kule webhusayithi ethi: www.eservices.gov.za . Ukubhalisa kwavulwa mhla lu-1 kuMfumfu kanti futhi kuzovalwa,0
692,vukuzenzele,"uyakwazi ukuﬁ nyelela ekwela-shweni kanye nasekunakeke-lweni.Kufanele ukuthi sisebenze ngokuzikhandla ekunqandeni i-HIV phakathi kwabantu abahamba phambili ekwesule-lekeni, okubandakanya aba-dayisa ngomzimba, abesilisa abazibandakanya ocansini na-banye",0
2085,vukuzenzele,Kufaka igalelo emzamweni wethu njengezwe ukuthi siphinde sibhekane noku ngalingani futhi siqinisekise ukuthi kukhona ukuziba ndakanya kwezwe okuningi emnothweni wethu.,0
train_isizulu_02028,AfriHate,@username xenophobia amasende akho,0
3530,vukuzenzele,"Nakuba ibhizinisi lakhe lenza inzuzo elinganiselwa kwimali eyizi-50 000 zamarandi ngenyanga, uMatlakane uphokophele ukuthengisela amazwe omhlaba. Nakuba engakalutholi usizo oluvela kuhulumeni, uMatlakane uphokophelele ikusasa eliqhakazile futhi uthi",0
train_isizulu_01795,AfriHate,usolanji lona fanele akhiphe inkomo yokugeza umuzi waka jay z. angikaze ngiwabone amanyala anjena.,0
461,vukuzenzele,“Ngiyakuthokozela ka khulu ukuhambela izifu ndo zokuhuhuluza emgaga sini ngoba zingisiza ngiqine emzimbeni futhi ngiyaku thanda kakhulu ukuhuhu luza emagagasini.” UNkosi ukhuthaze abanye abahu huluzi abasafufusa ukuba beze bazoba yingxenye yalo mkhankaso,0
train_isizulu_02420,AfriHate,kancane kancane yangthanda....kwangath ungenza mampara manje!,0
test_isizulu_00253,AfriHate,@username lol ayi neskhathi sokuthenga ingulube esesakeni asisekho saphela kudala let alone esokuncenga ke,0
train_isizulu_00363,AfriHate,👧🏽 gogo usipho ung'lahlile.  🧙🏿‍♀️ geza imfene nosipho sobona after 12 ukuthi senza njani ##url,0
2672,vukuzenzele,lomunye umuntu – okubuye kwaziwe ngenkohlakalo kamazisi – futhi eseyinyuke ngokushaqisa ikhanda yafinyelela kuma-337%.” U-Van Schalkwyk uthi aba ntu kumele babike ngoku shesha ngomazisi noma ama phasiphothi alahlekile noma ebiwe. “Ukubika ngokulahlekile,0
608,vukuzenzele,"Uthe, Izingane eziningi zi- buya emakhaya adla imbu- ya ngothi, futhi kwabanye abafundi, ukudla kwase- sikoleni yikho kuphela ukudla abakudlayo ngosu- ku. Ukudla okutholakala esikoleni kubanikeza umd- landla wokufunda, bakwazi ukugxilisa umqondo kanye",0
train_isizulu_00892,AfriHate,"""uhlo uthand'ocheese..."" #datemyfamily",0
1811,vukuzenzele,Umbuso okhonayo uyisi sekelo sokuthola konke okubalulekile kwezwe lethu.,0
train_isizulu_01749,AfriHate,@username lol kuzoguga inkomo bafo kwazise sebephenduke amabhunu wamapulazi wonke umuntu ofuna inkomo uhlangana nabo hahaha,0
test_isizulu_00504,AfriHate,"hebanna, if you couldn't wait why did you do it?. you seem happy phela ukuthi uzobhebheka. ##url",0
dev_isizulu_00050,AfriHate,kahle kahle. abelungu bawathathaphi lama stats asho ukuthi uma ushaya ingane izoba umgulukudu?,0
train_isizulu_02314,AfriHate,@username icinema yonke isinuka imomozi manje 😭😭😭,0
790,vukuzenzele,Kuyamthokozisa ukuba yingxenye yalo msebenzi oyi nselelo awuchaza ngokuthi uhlukile futhi ubanzi impela futhi ubandakanya amabhu loho nemihubhe yamapayipi evulekile.,0
1105,vukuzenzele,"Uma izikhulu zikholwa ukuthi, ngandlela thize, loyo muntu ukuleli lizwe ngokungemthetho, angaboshwa ngesikhathi uphenyo ngesimo sakhe lusaqhubeka.",0
train_isizulu_02090,AfriHate,ngakhumbula ibhunu lami 💕😍 ##url,0
train_isizulu_01385,AfriHate,"nothing but the truth ----&gt;&gt; ""@username : ayikho into eyisibusiso njengobona ididi elikhulu kwi legging""",0
1537,vukuzenzele,nokungalingani kwezenhlalo kuyahambisana. Isimo sabesifazane kwezomnotho eNingizimu Afrika kubenza babe buthaka kakhulu ekuhlukunyezweni. Ngakho-ke kumele sikhuphule ukwesekwa kwabesifazane ukuze bakwazi ukuzimela bona ngokwezimali. Sesenze ukuzinikela,0
1558,vukuzenzele,Impahla efakwe esiga beni sokunga yikhokhi inte la yokuthenga ayikhokhelwa i-15% yeNte la yeNtengo (i-VAT). Ku hloswe ukuthi ilekelele izakha muzi zase Ningizimu Afrika ukulo ndoloza imali.,0
2709,vukuzenzele,"Abanye bazihoxise ngokulandelana izicelo zabo kulandela ukubo-nisana nohulumeni.Ngesikhathi singancamela ukugwema isidingo sokutha-thela uhulumeni izinyathelo zomthetho, kumele samukele ukuthi izakhamuzi ezingatho-kozile nanoma yikuphi uhu-lumeni anqume",0
887,vukuzenzele,Wengeze wathi uRalo waqhubeka nokuhlela ikhonteyina yakwa-Telkom futhi yasetshenziswa njengegumbi lokufundela lokwengeza.,0
1240,vukuzenzele,"Vocational Edu cation and Training College . Emva kokubona ukuthi awekho amathuba amaningi omsebenzi, wanquma ukutha tha ipulazi elalihlala umndeni wakhe ngaleso sikhathi waliguqula laba ibhizinisi elingenisa imali.USuduka uthi: “Sikhule silima, ngakho-ke",0
269, sitholwe phansi kombhede isidumbu ,"KUTHIWA ubesephila ngokucasha ngenxa yokuhlukunyezwa owesifazane waseNanda okusolwa ukuthi ubulawe obeyisoka lakhe elizinikele emaphoyiseni.Usathuthumela umndeni kaNksz Thandazile Hlengwa (40) waseCongo, eNanda, isidumbu sakhe esitholakale namanxeba okugwazwa ngaphansi kombhede ngeSonto. Umufi kuthiwa ubeqashe kwaSkhokhokho khona eNanda okuyilapho ebulawe khona. Umfowabo uMnuz Sipho Njapha, uthe umufi ubengasahlali emqashweni ngoba ebalekela umsolwa athandana naye ngo-2015.“Bese kuhlala amadodana yakhe emqashweni ngenxa yokubalekela umsolwa. Ngesikhathi besathandana umsolwa nguye obevakasha emqashweni. Besazi ukuthi sebenezinyanga ezine behlukene ngoba umsolwa ubemhlukumeza,” kusho uNjapha.Uthe umsolwa ubenodlame emshaya umufi, asabise nangokubulala amadodana akhe aneminyaka engu-15 no-13. UNjapha uthe umufi waqala kubo eCongo ngoMgqibelo ezobona unina ngaphambi kokudlulela emqashweni wakhe.“Ubebuyele ukuzothengela izingane ukudla emqashweni, akhokhe nerenti. Wayezofika alale emqashweni bese eya esontweni ngakusasa,” kusho uNjapha.Umndeni kamufi uthe washayelwa ucingo yindodana endala kamufi nomakhelwane, ibika ngesigameko.UNksz Sphiwe Cele owafika endaweni yesigameko uthe bangena nomakhelwane namadodana kamufi.“Umbhede ubuphakanyisiwe isidumbu singaphansi kwawo sambozwa ngeshidi elimhlophe. Besinenxeba lokugwazwa esiswini nasentanyeni. Sisola ukuthi umsolwa waqale wamdlwengula usisi ngoba iphenti belehlile engagqokile,” kusho UNksz Cele.UNKSZ Sphiwe Cele noMnuz Sipho Njapha umndeni kaNksz Thandazile Hlengwa okusolwa ukuthi ubulawe isoka lakhe lamfihla ngaphansi kombhede. IVideo: ZANELE MTHETHWAUthe namanje izingane zikamufi azikho esimeni esihle ngokomqondo njengoba zibone isidumbu sikanina. Kuthiwa zabikela omakhelwane ukuthi azimboni futhi endlini kukhiyiwe. Omakhelwane bagqekeza endlini kanti bazozithela phezu kwesidumbu. Kusolakala ukuthi lesi sigameko senzeka ngabo-2 ntambama ngoba kuthiwa umsolwa wabonakala kwabuye kwezwakala endlini kamufi kuqhuma phezulu ingoma kamasikandi.UNksz Thandazile Hlengwa okusolwa ukuthi ubulawe obeyisoka lakhe elizinikele emaphoyiseni ISITHOMBE: SITHUNYELWEUmsolwa kuthiwa akaziwa ukuthi ubehlalaphi kodwa umndeni wakhe uhlala khona eNanda. Wazinikela emaphoyiseni ngalo iSonto. Umndeni kamufi ukhala ngokuthi uzobe ungaphephile uma umsolwa ethola ibheyili, ikakhulukazi izingane zikamufi abesabisa ngokuzibulala. Uveze nokuthi umsolwa unomlando omubi wokuhlukumeza. Endaweni yesigameko kuthiwa belingekho igazi okusolwa ukuthi lasulwa umsolwa.Okhulumela amaphoyisa esifundazweni uCaptain Nqobile Gwala, uthe umsolwa oneminyaka engu-50 uzinikele emaphoyiseni emuva kwesigameko.Uthe uvele eNkantolo yeMantshi eNtuzuma. Ngesonto elizayo umsolwa kulindeleke abuyele enkantolo ukuyofaka isicelo sebheyili.",0
train_isizulu_02079,AfriHate,"""usayiphethe kahle inkomo yami?   ebuza ibhunu lakhe le plazi 🐃 ##url",0
3427,vukuzenzele,Imbangela yesithuthwane kubantu abayisithupha kwabayishumi ayaziwa.,0
train_isizulu_01711,AfriHate,"uzobhebheka sisi""@username : @username #avilove soooo cute **,""",0
3507,vukuzenzele,Practitioner Course.”Uthe umnyango wakhe uzoqhubeka nokubambisana nezinhlangano ezingekho ngaphansi kukahulumeni (ama-NGO) nezinye izinhlangano esibambisene nazo ezisiza ngokuhlinzeka ngokwesekwa kwezengqondo nokuziphatha emphakathini lapho kugci zelelwa,0
1696,vukuzenzele,Uhlelo lokweseka ama bhizinisi okubhaka izi nkwa namakhekhe Uhlelo lokweseka ama bhizinisi akhanda izimo to kanye nomakhenikha (kanjalo nezitolo ezincane ezizimele ezithengisa okokukhanda izimoto kanye nosomabhizinisi abangahlelekile bezimoto) Uhlelo,0
train_isizulu_01662,AfriHate,khuphuuuuukaaaaa wethu 💪 ungangenz'slima😊 ##url,0
734, bazoqashwa ngamaphoyisa abaqoqa udoti emlaza ,"KULELI sonto uMkhandlu weTheku udalule ukuthi usuzosebenzisa abasebenzi bawo ukuqoqa udoti elokishini eMlaza, ungabe usasebenzisa izinkontileka njengoba bekwenzeka.UTHOKOZANI NDLOVU uxoxe noMnuz Msawakhe Mayisela, okhulumela umkhandlu ukuzwa ukuthi bazokwazi yini ukumelana nomsebenzi obuwenziwa osonkontileka abaningi ngabasebenzi babo kuphela. Nokuthi kuzokwenzekani ngabakhala ngokuphucwa iqatha emlonyeni.NGABE kuyiqiniso ukuthi umkhandlu usuzosebenzisa abasebenzi bawo kuphela ukuqoqa udoti? Uma kunjalo, kuzokwenzeka kanjani ngoba kubukeka umsebenzi umningi ngaphezu kwabo? Nizolwenzanjani ngodaba lwaMadelangokubona athi ngeke kwenzeke lokho?KUYIQINISO ukuthi sesizosebenzisa abasebenzi bomkhandlu kuphela. Kuzokwenzeka ngokuthi abasebenzi banikwe amashifu amabili ukuze bakwazi ukwenza wonke umsebenzi.Ngasohlangothini lwaMadelangokubona, zikhona izinhlelo umkhandlu onazo ukuze ukwazi ukusebenza nawo.NGABE ninabasebenzi abanele emkhandlwini ukwenza wonke lo msebenzi?ASINABO abasebenzi abenele kodwa sinezinhlelo zokuthi silande abasebenzi bomkhandlu kweminye iminyango abazoqala ishifu yabo yesibili uma sebeqede umsebenzi abawenzayo. Kukhona abazoqala ngo-12 emini kuze kube * -5 ntambama.KUVELE ukuthi kunemali ebisikhokhelwe osonkontileka abangawenzanga umsebenzi wokuqoqa udoti. Ngabe kuzokwenzekani ngaleyo mali njengoba umkhandlu usuvele ubakhokhele?NJENGAMANJE sesiqale isabelomali esisha. Imali abebekhokhelwe yona eyomsebenzi abebevele sebewenzile.NGABE nizongenela enkingeni yabasebenzi abangaphansi kosonkontileka ebenisebenzisana nabo abakhala ngokuthi abayitholanga imiholo yabo yezinyanga ezimbili sebesebenzile?KUMANJE lolo daba lucutshungulwa imenenja yomkhandlu futhi luzoxazululeka maduze.NGABE nizosibheka isiphakamiso sabo sokuthi nabo bafuna ukuba ngabasebenzi bomkhandlu ngokugcwele?EZINYANGENI ezimbili ezizayo umkhandlu uzobe usuwazi ukuthi bangaki abanye abasebenzi abadingekayo okumele bengezwe. Kuzokhishwa izikhangiso zomsebenzi futhi kuzolandelwa umthetho wokuqashwa kwabasebenzi.UMA kungukuthi ninabo abasebenzi abangakwazi ukuqhubeka nomsebenzi bangaphakathi, kungani nisebenzise osonkontileka ekuqaleni?ASINABO abasebenzi abenele kodwa ukusebenzisa osonkontileka kwaba yisinqumo esathathwa ngo-2000. Lolu hlelo lokusebenzisa osonkontileka belusebenza kahle kuze kube * -2018.NGOKUQONDA kwami, kunesabelomali sosonkontileka ebesibekwe eceleni yonke le minyaka, ngabe sekuzokwenzekani manje ngaso?LESO sabelomali sizosetshenziswa kwezinye izidingo zomkhandlu zangaphakathi, ngokunjalo nemisebenzi ezobe ikhangiswa kuzobe kusetshenziswa sona.UMA sewuphetha ngabe sikhona isiqiniseko sokuthi abasebenzi bomkhandlu abazoqhubeka nomsebenzi wosonkontileka bazophepha uma sebeqoqa udoti emalokishini?SIZOKWENZA isiqiniseko sokuthi bazohamba namaphoyisa omkhandlu naweSAPS ukuqinisekisa ukuphepha kwabo.Yize kunjalo kodwa asiyiboni nenkinga enkulu ngoba udaba losonkontileka silubhekile nalo ngeke basale ngaphandle ezinhlelweni zomkhandlu.",0
2486,vukuzenzele,"NgokukaNgqongqoshe Wo mnyango Wezasekhaya uMalusi Gigaba imigqa emide ibibangelwa inani eliphezulu labantu abadinga usizo, isikhala esinganele ema hhovisi oMnyango, izinkinga eziphathelene nobuholi kanye nokuvalwa kwamahhovisi awo ngeMigqibelo.",0
2710,vukuzenzele,ukukuqalisa zinelungelo lokuya ezinkantolo ukuthola nanoma yikuphi ukukhululeka ezikufunayo. Lona ngumgomo ojwayelekile wentando yeningi yomthethosise-kelo futhi kuyisenzo esamu-kelekile ezweni elinesisekelo sokubuswa ngomthetho.Sibeke ngomumo izinqubo,0
2044,vukuzenzele,"Abanye abantu bacabanga ukuthi ukuzilwa kocansi (ngokukhetha ukungazi-bandakanyi ocansini kuze kube uyashada) isidala leso, ngenkathi abanye becabanga ukuthi kuyiyonanto elungile ukuthi yenziwe. Abesifazane abasebancane, noma kunjalo, kumele ba-zithathele",0
test_isizulu_00536,AfriHate,bhebha wena dean uzobe ungaqali vele,0
2603,vukuzenzele,"Zikhona izinkomba ezinika ithemba lokuthi umnotho wethu uyasimama kancane, ngokukhula kanye nokwa khiwa kwamathuba omsebenzi emikhakheni eminingi, ukusuka ekukhiqizeni kuya kwezezima yini kuya nakwezolimo.",0
train_isizulu_00326,AfriHate,"parents should start be the bestie's of their children.. ""uyoyika umntwana"" uyinja loyiso nokwanele 😭😭😭😭😭😭😭😭😭😭😭😭😭😭😭😭😭😭😭 ##url",0
3225,vukuzenzele,"Nokuvuselelwa Komnotho. Kuze kube manje, uhulu meni uhlose ukusungula uhlelo-kusebenza olungaguquki ezidingweni zangempela zabantu abahlala eNingizimu Afrika futhi olubhekelela abantu abanemali encane abayikhokhela ukuhamba.",0
231,vukuzenzele,"“Isikhathi esingangonyaka nesigamu manje, abafundi kumele bajwayele indlela entsha yokufunda, enesikhathi esincane bebhekene nothisha ubuso nobuso.",0
684,vukuzenzele,"jikelele. Noma kunjalo, kuyakhuthaza, ukuthi eminya-keni eyishumi eyedlule sikwa-zile ukuba nenqubekelaphambili yokwehlisa izinga lokwesule-leka okusha ngegciwane le-HIV emphakathini onenanibantu elilinganiselwa kuma-60%.Kuyakhuthaza futhi ukuthi",0
test_isizulu_00351,AfriHate,music video wena sdomu… akekho umzulu oshada ngo lwes’thathu ##url,0
train_isizulu_02012,AfriHate,mosquito uyang'bhebha 😭😭😭,0
train_isizulu_00142,AfriHate,mampara of the week: #zwelinimkhize ##url,0
3217,vukuzenzele,"kanye nezinye izifundazwe eziphakathi nezwe. Kube khona futhi inani lezingozi eziningana ezidalwe nga bashayeli bamaloli athwele impahla ngokuthi banganaki emajikeni. “Ngaphandle nje kokuba yisisombululo sesimi nyaminya sezimoto, ukuvula isikhala esikhulu",0
569, ezempilo ingcuphe yesifo senhliziyo kobaba abahlala ekhaya ,"ISIFO senhliziyo sidlangile kubantu besilisa ikakhulu labo abangobaba abahlala emakhaya. Balinganiselwa ku- 25 961 abantu besilisa abashona ngenxa yalesi sifo.UNksz Nicole Jennings, okhulumela inkampani yemithi egxile ezifweni ezithikameza ukusebenza kwenhliziyo iPharma Dynamics, uthe abantu besilisa abaningi bafisa ukuba nempilo elula yokuhlala ekhaya kodwa abacwaningi bathi ukushintshela ekubeni wubaba ohlala ekhaya kunganomthelela ongemuhle enhliziyweni.Uthe lokhu bakuthathela ocwaningweni olwenzelwe i-US National Institutes for Health obelubheka ukuthi imisebenzi eyenziwa abantu inamthelela muni esimeni sabo sempilo.“Ucwaningo lwalubheka abantu besilisa nabesifazane abangu-3 600 esikhathini esingangeminyaka engu-10 sathola ukuthi abesilisa ababengabayeni abahlala emakhaya esikhathini eside ebudaleni babo bebesemathubeni angu-82% okufa ngenxa yesifo senhliziyo uma beqhathaniswa nabesilisa abasebenza bengekho emakhaya,” kusho uNksz Jennings.Imiphumela etholakele ihambisane nolunye ucwaningo olwenziwe yiNyuvesi iRutgers e-USA eveze ukuthi kubantu abashadile abangu-1 095 ababhekwe iminyaka engu-30 luthole ukuthi abesilisa abahlala emakhaya lapho kungomama abondlayo bebevame ukuthi babe nezinkinga zezempilo okubalwa kuzo izilonda esiswini nesifo senhliziyo nezinye.Uthe okuholela ekutheni abantu besilisa abahlala emakhaya babe nalezi zinkinga kungenxa yokuhluleka ukwamukela ukuthi akusebona abanamandla okondla imindeni yabo.UNksz Jennings uthe obaba abahlala emakhaya kungenzeka bagcine sebebhema kakhulu, bephuza noma bedla ngendlela okungesiyo ngoba bezama ukumelana nesimo sabo sokuzizwa bengasewona amadoda ngenxa yokungakwazi ukondla imindeni yabo. Lokhu kugcina kuholele ekutheni bagcine sebenezifo okubalwa kuzo esenhliziyo, esikashukela nezinye.Uthe yize sekunoshintsho olukhulu olwenza ukuthi abantu besifazane bagcine besebenza, bondla imindeni, abesilisa abaningi basazibona kuyibona abafanele ukondla imindeni yabo. Lokhu kubenza bazizwe behlelwa yisithunzi uma amakhosikazi abo nophathina babo kuyibona abondla imindeni yabo.",0
1276,vukuzenzele,"Ngaphezu kokufunda kwangaphakathi esikoleni, futhi kwakudingeka ukuthi aqedele ukuqeqeshwa kwasemsebenzini futhi aphumelele ukuhlolwa ngokwamakhono omsebenzi.",0
3145,vukuzenzele,UMmeli uMakhado Rama bulana uqashwe njengo Mlamuli. Uthi leli hhovisi lisungulwe ukusiza abantu abangajabule ngezinsizakalo ze-GEPF.,0
1041,vukuzenzele,"kwezigidi ezingama-20.Sithole imibhede yezibhedlela ebalelwa kweziyi-28,000 yeziguli ze-COVID-19 futhi sesakhe ngempumelelo izibhedlela zesikhashana ezweni lonkana. Njengamanje sinemibhede engaphezu kweziyi-37,000 ezikhungweni zokugonqisa abantu embonini",0
1253,vukuzenzele,"Sebenzisa isigcobo sokuvikela ilanga kuzo zonke izindawo ezingashiswa ilanga, okungenani kube iSPF 30 uphinde uyigcobe njalo emuva kwamahora amabili uma uphandle elangeni.",0
train_isizulu_00506,AfriHate,abelungu bangenza homeless 🤐 ##url,0
train_isizulu_00096,AfriHate,imomozi 🍑 akulona iphepha le donation ohamba ucela 🤚imali 💵 ebafaneni,0
3315,vukuzenzele,Kusemqoka futhi ukuqapha abantwana bakho uma kunezinto enizenzayo ezifana nokubhukuda olwandle noma nidlala emabaleni okudlalela. Lawa ngamasu azogcina abantwana bakho bephephile:,0
551, imibono kuningi esingakuncela kumfo kangobe ,"MHLELI: Kwelakho eliwela umfula ugcwele ake ngibonge umfo kaNgobe esaphila. Uyisibonelo esihle uTshatha Ngobe kwabasakhula nakubasakazi boKhozi FM. Umfo kaNgobe uyasazisa isiZulu futhi ungomunye wabantu ongancela ulwazi oluningi kuyena ngezithinta izindaba zakwaZulu noma ezazenzeka kudala.Lo msakazi angakushayela izibongo zamakhosi ake aphatha kwaZulu kube sengathi uzifunda phansi. Kwesinye isikhathi kuke kuthi uma exoxa ngomlando wakwaZulu nangezimpi zakudala kuvele kube sengathi wayekhona kwenzeka lokho.Ukuzwa umuntu osemsakazweni ezazi ukuthi uphuma kuphi kwenza nabanye abasezikhungweni zemfundo ephakeme bawuhalele umlando wakithi ngoba phela cha wona umnandi. Yize-ke okhokho nomkhulu baphangalala ngaleso sikhathi kodwa uma uxoxwa kuvuka uhlevane uzizwe ungumZulu wangempela. Isizukulwane sanamuhla sazi ukuthi uma saze nje ukuthi ubani uyise, mhlawumbe-ke nomkhulu, kuphelile kanti cha bakwethu ayikho into emnandi njengokusho uyihlo okuzalayo uma uqeda ngaye uye kumkhulu wakho uqhubeke njalonjalo nokubabongela kuze kufike kokhokho ongenalo ulwazi oluningi ngabo.Njengoba kuyinyanga yamagugu, intsha esakhula njengathi kuningi engakuncela kumfo kaNgobe uma engase ageqe amagula ngezindaba zakithi. Okunye ngaye, nakuba ngingakaze ngihlangane naye kodwa uzwakala engumuntu ongazithwele nobazisayo abanye abantu. Angizogxila-ke kakhulu lapho ngoba ngike ngasho ukuthi angikaze ngimbone ngamehlo.Sengiphetha, kuhle sikubone ukubaluleka komuntu esaphila kungathi uma eseshonile usizwe sesikhala kakhulu sithi “hheyi wayewazisa umlando wakwaZulu uTshatha”.Ukwazi ngomlando wakithi ngeke kwasusa ubuchule kumuntu futhi ngeke kumphazamise kwenze ukuthi angabe esalukhuluma ulimi lwesiNgisi abanye abalukhonze kakhulu.Jabulani Pho MadlalaEGreytown",0
326, i anc ayiziphathele yona ikzn ,"UMHLAZIYI wezepolitiki ozimele, uMnuz Thabani Khumalo, uthi ubuholi be-ANC kuzwelonke kumele bungenelele, buziphathele isifundazwe saKwaZulu-Natal ukuze kuphele umdonsiswano okhona obeka ikusasa leqembu engcupheni.Engxoxweni neSolezwe izolo, uKhumalo uthe zimbili izinto ezingaqeda umdonsiswano okhona eKZN. Ukuthi ubuholi bukazwelonke buziphathele noma bujube umakadebona weqembu othembekile futhi ongekho ezinhlangothini ukuthi kube nguyena oshanelayo.“I-ANC eKZN isiphenduke inhlekisa ngezinto eziqhubeka kuyona ezidalwa ukuthi abukho ubuholi,” kusho uKhumalo.Uthe inkinga ye-ANC eKZN izinhlangothi,“Ngendlela okujule ngayo ukungaboni ngasolinye ngisho nokusebenzisana lokhu okuzanywayo ngeke kuze kulunge ngoba uhlangothi oluthile lungadonsa lubheke lena nolunye lwenze okufanayo,” kusho uKhumalo.Omunye umhlaziyi wezepolitiki, uMnuz Xolani Dube, onguMcwaningi kwisikhungo iXubera Institute, uthei-ANC eKZN isifana nento engekho.“Kumele sivume ukuthi uKhongolose eKZN usufana nento engekho usuziphendukele inkampani eqasha abantu,” kusho uDube.UDube uthe akacabangi ukuthi i-ANC esifundazweni inendaba nokhetho lwangonyaka ozayo.“Kuyimanje amaqabane ayisana ezinkantolo ngenxa yokubanga amandla, angiboni olunye uhlangothi lungakhankasela olunye ukuthi lungene emandleni, ingakho ngithi abanandaba nokhetho,” kusho uDube.Uthe iyodwa into ebangwayo, iphalishi.Ingqungquthela yokukhetha ubuholi obusha esifundazweni imiswe ngumzuzu wokugcina ngamalungu enhlangano anganeme asezifundeni ezintathu iMoses Mabhida, Lower South Coast naseHarry Gwala.Lawa malungu akhala ngokuthi ayancishwa ubulungu benhlangano nokuthi ashiywa ngaphandle ezinhlelweni zombutho emagatsheni.Kungakapholi maseko kumiswe ingqungquthela yesifundazwe, kuleli sonto kube sekumiswa ingqungquthela yokukhetha ubuholi obusha baseMoses Mabhida.Izingqungquthela eKZN zimiswa ngamalungu enhlangano ahambisana noMengameli uMnuz Cyril Ramaphosa.",0
1273,vukuzenzele,Ngabadabuka emakhaya anemalingeniso yomndeni ehlangene engeqile kwizi-R350 000 ngonyaka.,0
train_isizulu_02132,AfriHate,@username my question kuyiqiniso kuthi nkomo yesdudla iyashisa and usheshe uchame compare to inkomo yeslenda ##url,0
3134,vukuzenzele,Ngowezi-2017 uhulumeni wamemezela ukuthi imfundo ephakeme izoba mahhala kuzi tshudeni ezimpofu kanye na lezo ezivela emindenini ethola umholo wonyaka ohlangene ngaphambi kwezimali eziba njwayo engaze ifinyelele kwi -zi-350 000 zamarandi.,0
2201,vukuzenzele,"ezibutha kathaka nezintulayo ngokusebenzisa usizo lokusiza imindeni ehlu phekayo nokuhlinzeka ngamathuba omsebenzi ngezinhlelo zemisebenzi kahulumeni. INingizimu Afrika ecinde zelayo lapho kwafela khona u-Steve Biko, ukukhuluma ngokukhululeka kwakunqa",0
3438,vukuzenzele,"baqasheke, kusho Isikhulu Esiphezulu (i-CEO) se-QASA u-Ari Seirlis naye okhubazeke kwesingezansi.",0
3369,vukuzenzele,"kakhulu ngakho uhulumeni wakhipha ithenda yokukhiqiza le mishini yokuphefu-mula,” kusho u-Sanne.Leli thenda beliyingxenye yePhrojekthi Kahulumeni Yemishini yokuphe-fumula kuZwelonke ngaphakathi koMnyango Wezohwebo, Ezezimboni kanye Nokuncinti-sana.Omunye",0
709, okulindeleke ukuba kube seqhulwini kwekamchunu ,"KUBHEKWE ukuthi udaba lokudala amathuba emisebenzi, ukuthuthukiswa kwengqalasizinda nezinhlelo zokufukula intsha kube ngezinye zezinto eziseqhulwini uma uNdunankulu waKwaZulu-Natal, uMnuz Willies Mchunu (osesithombeni), esethula inkulumo yakhe mayelana nesimo sesifundazwe enkundleni yezemidlalo eRoyal Show Grounds eMgungundlovu ngoLwesithathu.Namhlanje iSilo samaBandla uGoodwill Zwelithini kulindeleke ukuthi sivule isiShayamthetho ngokusemthethweni bese kuthi kusasa uMchunu athule inkulumo yakhe mayelana nesimo sesifundazwe.Ihhovisi likaMchunu likuqinisekisile ukuthi nguyena ozokwethula inkulumo yesimo sesifundazwe yize ekade engekho isikhathi esiningi kusukela kuqale unyaka ebanjelwe nguNgqongqoshe wezokuThuthukiswa koMnotho esifundazweni uMnuz Sihle Zikalala.Umhlaziyi wezepolitiki ozimele, uMnuz Thabani Khumalo, uthe ucabanga ukuthi udaba lokudalwa kwamathuba emisebenzi, ukuthuthukiswa kwengqalasizinda nezinhlelo zokuthuthukiswa kwentsha kwezomnotho ngezinye zezinto ezizoba seqhulwini enkulumweni kaMchunu.“Ngicabanga ukuthi le nkulumo kaMchunu sekungeyokugcina, angiboni eqhubeka njengondunankulu ngemuva kokhetho lukazwelonke,” kusho uKhumalo.",0
3318,vukuzenzele,Fundisa abantwana asebekhulile inombolo yakho kamakha lekhukhwini uma kwenzeka kuba nesimo esiphuthumayo.,0
train_isizulu_02025,AfriHate,@username kahle nje wena ngamla ukus’jwayela kabi. kahle kahle uzifihle leni. sphamandla wakwa bani?? kuphi?? uzenza thina nje kutheni??,0
dev_isizulu_00402,AfriHate,nxa wenja awungiyeke ##url,0
449,vukuzenzele,Sebenzisa umanyolo wemvelo nongenamakhemikhali esivandeni.,0
300,vukuzenzele,"Ukushoda kwamanzi kuzoba nomthelela ongemuhle kwezo kuthuthwa kwendle, ezempilo nezokuvakasha.",0
train_isizulu_02521,AfriHate,uma kusekhona umthondo onamahloni nochuku odinga ukudlaliswa kuze uvuke.. kuphinde kube khona imomozi ethi ingathintwa ikhale amanzi inxaphe kuze kuse xaxa nxa mfinxi mnxim mfinxi xa nxa   hhayi kusho khona angikakaz'ukuphumula. ipipi alime mpo imomozi ithi gqu gqu gqu! 🤪🍀💚 ##url,0
301,vukuzenzele,Yini eyenziwayo ukuhlangabezana nalesi simo?Omasipala abakhungethwe yisomiso sebeqalise uhlelo lwezi nyathelo eziqinile zokusetshe nziswa kwamanzi oluqondiswe ezakhamuzini namabhizinisi.,0
858,vukuzenzele,"Ngonyaka wezi-2015, wa kwazi ukudayisa ngapha ndle lwaleli cishe amathani angama-31 kalamula futhi ngowezi-2016, lesi sibalo sakhuphuka kakhulu saba ngamathani angu-168.",0
3138,vukuzenzele,"Ngakho-ke sihlinzeke ezinye izigidi zamarandi eziyi-105 Kuhlaka Lokusebenzisa Ima li Lwesikhathi Esiphakathi Nendawo ukuze kusizwe i-NSFAS ukuthi yandise futhi iqinise ukwazi kwayo ukwe ngamela,” kusho uNgqo ngqoshe. Izitshudeni okumele zihlo mule, kuyo",0
1179,vukuzenzele,"Kusukela lapho, besilokhu sisebenza ngokuzikhandla ukuqinisa nokweseka ama-ejensi ezomthetho nalabo abase benzisana nabo. Sisungule uPhiko Lwezokuphenya kwiNhlangano Yezo kushushisa Kuzwelonke ukuze lubhekane nenko hlakalo esezingeni eli phezulu kanye",0
592,vukuzenzele,izingxenye ezimbili kwezintathu kubo zazinga bantu besimame.,0
train_isizulu_02887,AfriHate,"nothing is fine,imomozi yakho izoba nolwembu. ##url",0
1012,vukuzenzele,"Esikhundleni sokubalisa ngekusasa labo, kunalokho, imboni yabezindaba isebenza kanzima ukuhlela kabusha ibhizinisi, ukuza nezindlela ezintsha kanye nokugcina abasebenzi ngayo yonke indlela.",0
455, kuvulwe isikole esisezingeni eliphezulu emkhanyakude ,"LIGCINE lifezekile iphupho lokuvulwa kwesikole esinobuchwepheshe besimanje kodwa esisemakhaya iMandla Mthethwa School of Excellence esiseNdumo, esifundeni uMkhanyakude, enyakatho yeKwaZulu-Natal.Umqondo wokusungula lesi sikole esiqanjwe ngesishoshovu esaboshwa iminyaka ejele iRobben Island, uMnuz Mandla Mthethwa, waqhamuka nowayenguNgqongqoshe wezeMfundo noNdunankulu wesifundazwe uMnuz Senzo Mchunu. UMchunu uyilungu lesigungu esiphezulu se-ANC aphinde abe yilungu lekomiti elibheka ukusebenza kwansuku zonke lale nhlangano.Echaza ngokwamfikela kuze kube nomqondo wokuthi kube nesikole esifuze lesi, uMchunu uthe wayefuna abantu baseNdumo ukuthi bazuze inkululeko njengoba babengakaze bazuze lutho selokhu izwe lakhululeka.Uthe inhloso kwakuwukuthi izingane zakule ndawo zithole imfundo esezingeni eliphezulu zisemakhaya.UMchunu ubalule nokuthi wafike wakhomba indawo okwakuzokwakhiwa kuyona lesi sikole kwathi noma abadweba amapulani bechitha indawo esegqumeni ayefuna sakhiwe kuyona kodwa waqhubeka wama ekutheni ufuna sibe kule ndawo ngoba wayefuna abafundi ukuthi uma befunda babuke indawo ekude ababengafisa ukuya kuyona.UDKT Bhekisisa Mthabela uthishanhloko waseMandla Mthethwa School of Excellence eNdumo emi egunjini lamakhompyutha Izithombe: SIBANI NGOBESE“Abadwebi babuya bathi kuzodla enkulu imali ukwakha isikole kule ndawo ngoba iphezulu futhi iyiwa. Ngabatshela bahlengezela izinyembezi ukuthi uma behluleka ukusakha kule ndawo engangiyikhombile, ngizobashintsha ngithole abanye ababezosakha lapho ngangifuna khona.” Uthe umbono wakhe wukuthi kube nesikole esizoba sendaweni yasemakhaya esifana nezenza kahle emadolobheni okwakuzofunda wonke umuntu ikakhulu abakule ndawo okuyibo ababencishwe amathuba. “Kuyangijabulisa ukuthi sigcine sivuliwe isikole. Sasifuna ukukhuphula izinga lezemfundo ngokwakha izikole zesimanje. Noma ngingakaze ngiye kosibona kodwa abantu bakhona bayangithinta njalo bafune ukuthi ngize ngizosibona lesi sikole. Nezinye esasizakha ngisasemnyangweni noma zazingeke zifike kulesi saseNdumo kodwa zazizoba sezingeni eliphezulu zifane nalezi ezisemadolobheni ezihlinzeka ngemfundo esezingeni ekubeni zisemakhaya,” kusho uMchunu.Uthe naseMsinga kwakunezinhlelo zokuthi kube nesikole esifuze lesi esasizofaka zonke izinto njengoba kwakuzohlanganyela yonke iminyango kahulumeni njengoba kwenzeka eNdumo kodwa akazi lolu hlelo lwaphelelaphi ngoba waxoshwa njengoNdunankulu.Lesi sikole kumanje sinoGrade 8, ngonyaka ozayo sizoba noGrade 9 kuthi ngo-2022 sigcine sesinawo wonke amabanga kubalwa * -matric.UDkt Bhekisisa Mthabela, uthishanhloko walesi sikole olandwe umnyango esethathe umhlalaphansi, uthe okwamanje bangu-135 abafundi bakwaGrade 8.Othisha bangu-10, amaHead of Department (HOD) mathathu.“Sekuvuliwe ukufakwa kwezicelo zokufunda ngonyaka ozayo kwaGrade 8. Asithathi kwaGrade 9 ngoba sihamba nabafundi abebefunda kulesi sikole. Abafundi sibasusa phansi size sifike nabo kwa-matric. Zingu-150 izikhala zakwGrade 8 ngonyaka ozayo, abeze abasafuna ukuthola izikhala ngoba ziyashesha ukuphela ngoba baningi abafuna izingane zabo zizofunda kulesi sikole.”Lesi sikole sinamagumbi angu-40 okufundela, i-swimming pool, amahhovisi ama-HOD, igumbi lamakhompyutha, izindawo zokukhanda izimoto, isayensi lab nokunye. Sinezindlu ezingu-10, ezinhlanu ezihlala abafana nezinhlanu ezihlala amantombazane. Indlu ngayinye ihlala abafundi abangu-20.“Kunabaqeqeshi bebhola, rugby, tennis, abokubhukuda ne-netball. Asigxilile kuphela ekufundeni kodwa nakwezemidlalo ngoba umfundi kumele kuvele ikhono lakhe bese eya lapho likhona leli khono.”ABAFUNDI baseMandla Mthethwa School of Excellence eNdumoPhezu kokuba kukhokhwa uR12 000 kwabahlala emakhaya noR32 000 kwabahlala ngaphakathi kodwa isikole sikleliswe saba nguQuintile 1 ngoba sisemakhaya futhi nezinga lokungasebenzi kompakathi liphezulu.UMthabela uthe njalo ngemiSombuluko baqeqesha othisha lapho besuke beshoda khona.Nabafundi bahlonyiswa ngemikhakha ehlukene kulandwa abantu abavela emkhakheni ehlukene ukuzokhuluma nabafundi.“Njengoba sisemakhaya nje sifundisa isiNgisi njengolimi lokuqala kanjalo nolimi olwengeziwe. Lokhu sikwenza ngoba uma kukhona umfundi esibonayo ukuthi uzoshayeka ngoba efunde ezikoleni obekungakhulunywa kusona isiNgisi enze lolu limi njengolwengeziwe. Kodwa uma ephuma esikoleni abefunda ngaso isiNgisi engenankinga yokusikhuluma alwenze njengolimi lwasekhaya.”UNgqongqoshe wezeMfundo esifundazweni, uMnuz Mthandeni Dlungwane, evula ngokusemthethweni lesi sikole muva nje, uthe esakhula wayengakaze acabange ukuthi kunesikole esisendaweni yasemakhaya esingaba nedamu lokubhukuda.Uthe sakhiwe ngoR298 million wathi sikwelinye izinga. “Ngijabula ngokuthi kumanje lesi sikole sesiqalile siyasebenza. Ngonyaka ozayo sizoqhubeka nokwamukela izingane ezivela kuzo zonke izinkalo, yize sizobe sigxile kakhulu kule miphakathi eseduze.”Uthe bazohlinzekwa ngokudla kwasekuseni nsuku zonke abafundi nantambama kuzoba yiso leso.Abafuna izikhala bangathinta uMthabela ku-0849897711.",0
train_isizulu_01165,AfriHate,@username akwaziwa okwanonophalisa ingulube🐷🐖,0
834,vukuzenzele,"“Lolu phenyo beluqondiswe ngqo kubantu nezikhungo ebezizitshela ukuthi zingaxhaphaza umzuzu wobuthakathaka besizwe ukuzicebisa bona nalabo abahlangene nabo ukuxhaphaza izinsiza zomphakathi,” kusho uMongameli.",0
1655,vukuzenzele,"abadala ekuhlukunyezweni ngamalungu omndeni. Abamangali bazokwazi ukufaka izicelo zomyalo wokuvikelwa nge-inthanethi. Ukugwema isimo lapho izaphula-mthetho zingafihla imilando yodlame lwasekhaya, kuzosungulwa inqolobane yemiyalo yokuvikelwa. Izichibiyelo",0
train_isizulu_02362,AfriHate,"#model c tweet rt @username : lol the saying is ngilala nezinkukhu rt @username : ngathi uhlezi uyinkukhu, uzela (cont) ##url",0
dev_isizulu_00323,AfriHate,ufice imfene ishawa umphakathi ivele igijime ize kuwe 😭😭😭,0
2096,vukuzenzele,"Ngaso leso sikhathi, sekube nemizamo ebalulekile yomkhakha ozimele kanye nezinyathelo zikahulumeni zokulawula ukubamba iqhaza okukhulu nokubonakalayo kwabantu abamnyama emnothweni.",0
2681,vukuzenzele,"ngalesi sifo nokuthi singakugwema kanjani ukubhebhetheka kwaso. Naphezu kokuba omunye angakubiza ngokuthi 'ukukhathaliswa ngubhubhane', ukuzimisela kwethu akwehlile neze njengabantu baseNingizimu Afrika ukuthi senze lokho okumele sikwenze.Njengoba",0
train_isizulu_00439,AfriHate,ngath kwakwakhiwa imfene.. was’jika sekuphakathi umdali isnqumo ##url,0
train_isizulu_01732,AfriHate,"awas'hluli. we just aren't ama bhari, iy'nyoni ezinya imali, osebentini, olwatha.  ngeke sondle oxubh'-agwinye. ungafa! ##url",0
3122,vukuzenzele,WezikebheUMdletshe uyachaza ukuthi umshayeli wezikebhe cishe u lawula isikebhe sonkana kanye nabantu abagibele kuso.,0
2354,vukuzenzele,"nokulandela izindlela zoku-phepha.“Ukushiswa ngumlilo ku yalimaza futhi kunomthelela omkhulu wempilo yonke nangokwengqondo kulabo abasindile kanye nemindeni yabo,” kusho u-Dkt u-Dos Passos.",0
3497,vukuzenzele,"Isibonelo, iTransnet ihlela, ukukhangisa isivumelwano somhlaba ngasekupheleni kwalo nyaka ukuze yakhe fu thi isebenzise isiteshi iPoint Terminal . Lokhu kuzoso ndeza utshalomali lwabazime le futhi kuthuthukise indlela eqeqeshekile yokuphathwa nokugcinwa",0
train_isizulu_02106,AfriHate,"uzobhebheka sisi""@username : @username #avilove soooo cute **,""",0
1355,vukuzenzele,Ithimba labaphenyi selijutshwe ukubhekana namacala okubulala futhi asebenza ngokubambisana nemipha kathi yasendaweni. Kukhona asebeboshiwe futhi labo aba thintekayo bazobhekana ngqo nengalo yomthetho.,0
946,vukuzenzele,OKUQUKETHWEUngaxhumana nomphathi wenkantolo/umxhuma-Ungaxhumana nomphathi wenkantolo/umxhumanisi ngqo esifundazweni sakho ngokufonela nisi ngqo esifundazweni sakho ngokufonela noma uthumele i-imeyili kule mininingwane noma uthumele i-imeyili kule,0
385, kuqiniswe ezokuphepha kwephini lowenatu ,"KUQINISWE ezokuphepha zePhini likaMengameli weNatu, uMnuz Allen Thompson, osinde ngokulambisa edutshulwa abesilisa abebehlomile, abashaqe zonke izikhwama zakhe zama-laptop ebezinemiqingo ebalulekile eminye okungeyophenyo oluqhubekayo oluthinta uMnyango wezeMfundo KwaZulu-Natal.UThompson ujahwe waze wafika esibhedlela yiBMW emhlophe ebihamba abesilisa abebezifihle ubuso befake nama-gloves ngoLwesihlanu ntambama eMhlanga, eThekwini.UMengameli weNatu uMnuz Siphosethu Ngcobo, uthe baziqinisile ezokuphepha zikaThompson.“Ethanda noma engathandi ngisithathile isinqumo sokuthi ngiqinise ezokuphepha kwakhe. Uma kunje kudingeka ukuthi siqinisekise ukuthi uphephile. Yitulo ebelihleliwe leli, asingabazi ngalokho siyiNatu,” kusho uNgcobo.UNgcobo uthe i-video yasesibhedlela ikuveza konke okwenzeka bemjaha bemfaka ngaphakathi, baphuma bashaqa izikhwama emotweni yakhe.“Inhlamvu ibiya ekhanda ngoba ingene maqondana nalo. Sifuna amaphoyisa abambe abenzi bobubi, bagwetshwe. Ngeke sivume ukusatshiswa noma sithuliswe, sizoqhubeka nokulwa ukuze kuphele inkohlakalo,” kusho uNgcobo.Usho lokhu nje le nyunyana iseqhulwini lokufuna ukuthi umnyango wezemfundo esifundazweni ufakwe ngaphansi kokulawulwa ngumnyango wezemfundo kuzwelonke.Le nyunyana yakhala ngokunyuka kwemali eyabelwe uhlelo lwamaqakelo abafundi oseludle uR109 million lusuka kuR20 million onyakeni owodwa.Ingena ingenile imiyalezo yokukufisela ukululama kukaThompson njengoba i-ANC, IFP, NFP kanjalo neSadtu zithi zifuna amaphoyisa aphenye ngalesi sehlakalo.UMnuz Mike Mabuyakhulu, uSihlalo wekomiti lesikhashana le-ANC esifundazweni, uphawule ngokuthi kule mpelasonto kube nezehlakalo zokudutshulwa kwabaholi okubalwa naye uThompson.USihlalo weNFP esifundazweni, uMnuz Vikizitha Mlotshwa, uthe bakhathazekile ngalesi sehlakalo wathi kuyacaca ukuthi yinto ebihleliwe.“Yinto ebihleliwe lena, yingakho sithi akube nophenyo olunzulu ngoba kuthathwe nemiqingo ebalulekile emotweni ethinta nendaba yenkohlakalo yamaqakelo abafundi nokungakhokhelwa kothisha bakwaGrade R,” kusho uMlotshwa.Uthe bafuna uNdunankulu amukele isicelo saleli qembu sokuthi kungenelele iSilo odabeni lokubulawa kwabaholi.UNkk Thembeni Madlopha-Mthethwa omele i-IFP kwezemfundo esiShayamthetho, uthe kumele kusheshiswe uphenyo ukuze kutholakale abathinteka kulesi sehlakalo.Uthe kushiya imibuzo eminingi ukudutshulwa kukaThompson njengoba ebeyingxenye yemashi ebisesiShayamthetho yokukhalaza ngezinkinga ezibhekene nomnyango futhi usekhaleni lokuthi umnyango ufakwe ngaphansi komlawuli.UNobhala jikelele weSadtu uMnuz Mugwena Maluleke, usigxekile lesi senzo wathi amaphoyisa kumele aphenye abambe abenzi bobubi.“Noma engelona ilungu lethu kodwa unathi emzabalazweni wokulwela othisha. INatu neSadtu ibhikishe ngaphandle kwesiShayamthetho bekhala ngothisha bakwaGrade R. Simfisela ukululama okusheshsayo.”Okhulumela amaphoyisa uCaptain Nqobile Gwala, uthe kuphenywa icala lokubamba inkunzi nelokuzama ukubulala, akukaboshwa muntu.",0
348, akekho ongezukushushiswa okumele ashushiswe shaun abrahams ,"INHLOKO yophiko lezokushushisa uShaun Abrahams usefunge wagomela ukuthi noma ngubani othinteka enkohlakalweni yaseVrede dairy farm uzobhekana nengalo yomthetho.""Siyaluphenya lolu daba. Uma uphenyo lwethu luholela ekutheni kubekwe abanye abantu amacala noma ikanjani sizokwenza lokho,""kusho u-Abrahams namhlanje ngesikhathi echazela ikomidi lezamaphoyisa ephalamende. Uthe akekho ozophunyuka ngisho noma kwenzakalani.U-Abrahams ubephendula amalungu ephalamende abeveza ukungenami kwawo ngokusebenza kwalolu phiko lwezokushushisa, akhale nangokuthi lolu phiko kuhlanganisa namaHawks bamandla ekubopheni izisebenzi zikahulumeni kodwa alusondeli kosopolitiki.Kuke kwaba nezikhalo ngosopolitiki abafana nowayengungqongqoshe wezokuMbhiwa, uMosebenzi Zwane noNdunankulu waseFree State ophinde abe nguNobhala Jikelele we-ANC, u-Ace Magashule, okunenkolelo yokuthi baneqhaza elibalulekile abalidlala enkohlakalweni yaleli famu kodwa akukho okwenzeka kubona.",0
588,vukuzenzele,kwezindawo zokuhlala ezingahlelekile ngokugcwele kanye noku phepha komphakathi.,0
1825,vukuzenzele,"“Ngiyaziqhenya ngemizamo yami kuleli cala, ulwazi lwangisiza kakhulu ngoba ilona olwaholela ekubanjweni kwa lowo owayezingela abulale obhejane,” kusho uNyawo.",0
772,vukuzenzele,"UFuma wazalelwa eloki- shini elingaphandle kwase- Queenstown eMpumalanga Kapa, ehlala endlini encane namalungu omndeni wakhe ayi-15.",0
1506,vukuzenzele,"(ezangaphakathi zesilwane ezidliwayo) futhi ngifuna ukubabonisa ukuthi uma ukupheka ngendlela ekahle, kunga nambitheka kamnandi njengenye inyama. Ngifuna futhi ukugqugquzela ukuthi isilwane sidliwa kusuka ekhanda kuya emsileni, ukuze ngizoqhubela phambili",0
927,vukuzenzele,"sikahulumeni izinsuku eziyi-10, uku suka ngosuku okwaqala ngalo izimpawu zaleli gciwane.Labo abanezifo ezibucayi, okumele baye esibhedlela, kumele baqhubeke bahlale endaweni yokuhlala ngawedwana izinsuku eziyi-10, ukusuka sebezizwa ngconywana futhi",0
183,vukuzenzele,Enye ingxenye ebalulekile yesivumelwano ukuvumelana ngokwamukelwa kwama phepha kazwelonke okugoma kanye nohlelokusebenza lokuhlolela iCOVID-19 – okuyinto ezobaluleka kakhulu uma uvakashela amanye amazwe esikhathini esizayo. Ukuvumelana ngo kusebenzisana,0
169, uchashwe ngenhlamba ocelele umakoti isiqholo kwi opw ,"USOLA isiteshi uMzansi Magic nenkampani ekhiqiza uhlelo iOur Perfect Wedding, iConnect TV, owesifazane waseManguzi, ochashwe ngenhlamba ngemuva kokuvela kulolu hlelo enxusa umkhwenyana ukuthi athengele umakoti isiqholo esizomenza anuke kahle.Lona wesifazane ogama lakhe uMavuyi Vuyi kuFacebook kodwa kulolu hlelo ubizwe ngoPromise Sithole, ukusho lokhu ngemuva kokuchashwa ngenhlamba abesifazane ekhasini elaziwa ngokuthi iLadies House enkundleni yokuxhumana uFacebook.Ubekhuluma emshadweni kaNonkululeko noNjabulo Mkhumbuzi obekukhonjiswa umshado ngeSonto.Kusuka ngeSonto ngemuva kwalolu hlelo inkulumo kaMavuyi idine abaningi njengoba athi kuyashisa ngakho kudingeka umakoti anuke kamnandi.NgoLwesibili ngemuva kokuthola igama lalona wesifazane iningi limthelekele limbuza ukuthi kungani athunaza isithunzi somunye umuntu wesifazane.Eziphendulela khona ezinkundleni zokuxhumana uthe, ababesemshadweni bayazi ukuthi wayethini.“Babehleka umakoti nomkhwenyana ngesikhathi ngisho le nto kodwa kulolu hlelo babaveza sengathi badiniwe ukuze kudonseke amehlo abaningi futhi kube nokukhuluma. Kule nkulumo yami basusa okuningi bagqamisa lokhu okuvelile,” kubhala lona wesifazane.Uthe izinhlelo zethelevishini ziyathanda ukunonga izinto ukuze zihehe zisuse nomsindo.AbeMzansi Magic abayiphendulanga imiyalezo abathunyelelwe yona nge e-mail nemiqhafazo yileli phephandaba.",0
1891,vukuzenzele,"Kwenzakalani emva kokulunywa indlebe ? U-Seloane uthi uma icala libikwa ngenombolo ephu thumayo, abasombululi ba macala bazobe sebehlola ukuthi yonke imininingwane edingekayo ihlinzekiwe yini.",0
1125,vukuzenzele,"(i-SETAs), izinikele emsebe-nzini wokukhuphula izinga lamakhono esizwe ngezi -nhlelo zamakhono kanye nokuqeqeshelwa ukufundela umsebenzi, kanti konke lokho kudinga ukuthi abafundi babe nomatikuletsheni,” kusho uDkt Malapile. Lwethulwa ngokusemthe-thweni",0
2537,vukuzenzele,"Kwabesifazane (i-GBVF), esethulwa nguMongameli u-Cyril Ramaphosa, kanye neForamu Yamazwe Ngamazwe Yabesifazane eNingizimu Afrika kanye nababambi qhaza emphakathini ngoNhlolanja kulo nyaka, silusizile lolu hlelo. I-TVEP yayiphakathi kweqoqo lokuqala",0
train_isizulu_02172,AfriHate,"lmao :''''d ewwu ""@username : fezile udlelwa umkhovu lol rt @username : uzobhebheka vele ""@username : uqondi uzifunela umhlonishwa""""",0
2442,vukuzenzele,"yanamuhla iqhubele phambili umsebenzi wokubuyisana nokwenza izi-nguquko ezweni.Esikhathini esizayo ku-zothiwa lo nyaka, wezi-2020, kwakungukuqala kwesikhathi esisha emlandweni wabantu.Igciwane le-corona aligci-nanga nje ngokuthinta kanzima izimpilo zabantu",0
train_isizulu_01643,AfriHate,"ngasho ukuthi kuyogijima  imfene  emini  ,kunjani uma kunje...iqhutshwa yimi uqobo bafana bamkhulu 🤞🏼🤣🤣🤣 ##url",0
753,vukuzenzele,"Lokhu kube nomphumela hhayi nje kuphela wokudicilela phansi ukulunga kwabakhokhintela, kodwa nokulahleka kokuzithemba njengebhizinisi emnyangweni.",0
305, kumashe odado abafunda ezinkulisa ,"UMZALI oziba ingane uma imbikela ngokunukubezwa kunamathuba amaningi okuthi naye akhalelwe ngamasongo kaSigonyela.Lokhu kushiwo uConstable Lihle Mlotshwa woPhiko oluphenya amacala odlame emndenini, oluvikela izingane, luphenye namacala athinta ucansi, iFamily Violence, Child Protection and Sexual Offenses Unit (FCS), ngesikhathi kunemashi yezingane ezifunda ezinkulisa zaKwaNgcolosi, izolo.Izingane bezinxusa umphakathi ukuthi uzivikele okuhambisana nomkhankaso wesonto lokuvikelwa kwezingane, iChild Protection Week.UConstable Mlotshwa uthe umzali akangayizibi ingane uma imtshela ukuthi kubuhlungu esithweni sangasese ngoba kungenzeka ukuthi inukubezwe ngokocansi.“Izingane azikwazi ukukhuluma zichaze konke futhi ziyakhohlwa. Kuyenzeka ikhohlwe uma ingamboni lowo muntu kodwa uma eqhamuka ikhumbule. Uma seyifike emaphoyiseni isho ukuthi yamtshela unina ukuthi kubuhlungu waziba, thina sibopha umzali,” kusho yena.UNksz Sinegugu Ngobese wophiko olukuMasipala weTheku, i-Environment Affairs, olubheka ukuthi izakhiwo nemvelo okuseduze nezinkulisa akuyibeki yini engcupheni impilo yezingane, uthe ukufundisa izingane enkulisa engaphephile kuwukuhlukumeza ilungelo lengane.“Inhloso yophiko ukubheka ukuthi amathoyilethi asesimeni futhi ayisibalo esanele abafundi, ikhishi lisesimeni, isikhotha nezihlahla eziseduze ngabe kunqunyiwe yini ngeke kwenzeke kuqhamuke izilwane ezingalimaza izingane. Konke lokhu kuyingxenye yemithetho elawula idolobha, asikwenzi ngoba sifuna ukuhlukumeza abanikazi bezinkulisa,” kusho yena.UNksz Busi Dladla, osekomitini likasoseshini wezinkulisa wakule ndawo, uthe abazali kumele baqaphele omalume abahambisa izingane ezinkulisa.“Ngaphandle kokubheka ukuthi imoto isesimeni futhi inamaphepha afanele, mzali yiba nesiqiniseko sokuthi umalume akadluli emathaveni nengane ngoba izingane zibuka akwenzayo bese zicabanga ukuthi kuhle,” kusho yena",0
train_isizulu_01348,AfriHate,one of the reasons why zulus are savage🤣🤣🤣  “ngidla imomozi mina” ##url,0
dev_isizulu_00540,AfriHate,"uzobhebheka, slyza tsotsi ##url",0
3606,vukuzenzele,ehluzekile futhi unomdlandla ne ntshisekelo.” Yilaba bantu abasha abangamagugu oqobo angomuso ezweni lethu futhi abasikhumbuzayo ukuthi inkululeko yethu yazuzwa ngokuzidela nokuzinikela okukhulu kwabantu abasha besilisa nabesifazane ababelokhu bephikelele,0
86,vukuzenzele,kanye nezinhlangano zosizo zihlanganyela nohulumeni ekuhlinzekeni ngosizo oludingeka kakhulu.,0
1999,vukuzenzele,"ukuthi izingane zethu ziyavikeleka kulokhu kulimala kanye nezinye izingozi.Njengomphakathi, kufanele ukuba sakhe isiko lokuzibophezela.Kufanele sizibophezele, ezinganeni zethu kanye nakwabanye. Njengoba nje sifuna ukuqinisekisa ukuthi izingane zikhulela",0
dev_isizulu_00406,AfriHate,khohlwa njenge sdomu eskoleni. 💀💀💀💀💀💀💀💀💀😭😭😭😭😭😭😭😭😭😭😭😭😭 ##url,0
train_isizulu_02449,AfriHate,@username yeyi baffo lomfana ubulawe amabhunu awu two angama security manje @username isishintsha i story because abelungu ababulale lomfana without any weapons or fighting,0
342, onogada beyemali bashaywe ngamaphoyisa ,"BABHODLA umlilo onogada, abagada ama-ATM abathi bamuhluzwe ngamaphoyisa abecabanga ukuthi baziyizigebengu ezicupha imishini yemali, eMpangeni.UMnuz Mbongeni Gcabashe noMnuz Thembinkosi Ndlovu abasebenza enkampanini yonogada iTrinity Protection enenkontileka nabakwaStandard Bank bathi behlelwe yilesi sigameko bephuma kolungisa i-ATM yakwaStandard Bank , enxanxatheleni yezitolo i-Assenwood Centre, eseRichards Bay ngoLwesine ebusuku.UGcabashe obehleli esihlalweni somgibeli emotweni, engabhaliwe ukuthi eyenkampani abebehamba ngayo uthe uqaphele ukuthi kunemoto ebihamba ebibasola ngesikhathi besebenza.Lo mshayeli uthi bacabanga ukuthi ubikele amaphoyisa bathi akabuzanga lutho kubona, ubebabukile besebenza emshinini. Balinde kancane baphinde babuyela kuwo beqinisekisa ukuthi ngempela awunankinga yini njengoba ubuchwepheshe ababusebenzisayo bebukhombise ukuthi unenkinga.“Sihambe ibanga elincane singasayiboni le moto sabona kuqhamuka inqwaba yamaveni amaphoyisa ngemuva kwemoto yethu. Ebingaphambili isimisile, sama. Ngiphume kuqala ngaphakamisa izandla, ngiphethe ikhadi lokusebenza, angikwazanga nokubuza kwenzenjani, ngoba kuqhume impama, nebhuzu ngalahleka phansi nalo ikhadi ebengiliphethe,” echaza.Ngesikhathi esalele phansi uthe amanye amaphoyisa ahambe aya kuzakwabo obengumshayeli wabuzwa ukuthi kungani imoto abahamba ngayo ingabhaliwe futhi eqashiwe.UNdlovu uthe uchazile ukuthi inkampani ikwenza ngamabomu lokhu ngoba uma kunzeka behamba ngezimoto ezaziwayo bangaba sengcupheni yokudutshulwa yizigebengu.Ngemuva kwalokho bathi amaphoyisa abashiye kanjalo angachaza lutho futhi angasho ukuthi abaye esiteshini bayoveza bonke ubufakazi bokuthi bayasebenza.“Esiteshini samaphoyisa eMpangeni amaphoyisa abekhona asibuze ukuthi yithi yini ebesihamba ngePolo Vivo ebisolisa, savuma. Sabuza ukuthi kuthiwa siyasolisa ngobani athi kungene ucingo luchaza le moto njengesolisayo. Indaba yonakale uma sesithi sizovula icala ngoba sishayiwe. Amaphoyisa aphika ukuthi lawo maphoyisa abephuma kulesi siteshi, athi kungenzeka ukuthi sishaywe ngonogada abebesebenzisa izimoto zamaphoyisa. Kube umzukuzuku ukuthi sivule icala,” kusho Gcabashe.Uthe kwale noma sekufika umphathi wabo esiteshini ezobuza ukuthi kwenzekeni iphoyisa elithe liwukhomanda lanqaba negama lalo kodwa icala ligcine livuliwe.Okhulumela amaphoyisa kulesi sifundazwe, uCol Thembeka Mbele, uthe kuvulwe icala lokushaya ngenhloso yokulimaza esiteshini samaphoyisa eMpangeni.“Lolu daba luthunyelwe ophikweni oluphenya amacala athinta amaphoyisa,” kusho uCol Mbele.",0
train_isizulu_01772,AfriHate,ngamla 💔💔 #ripmenzingubane ##url,0
465, imibono kungaba yingozi ukufuna uyihlo wakho wangempela ,"MHLELI: Ngivumele ngibeke umbono wami mayelana nohlelo oluvezwa kumabonakude olubizwa ngoTatakho, lapho kusuke kufunwa ikakhulukazi ubaba wangempela wengane.Zikhona izingane ezihlezi nobaba abangazizali kodwa abaziphethe kahle njengezingane abazizalayo, bese kuba khona izingane ezifika nomama emendweni kungezona ezasemshadweni. Kuphinde kube nezingane ezihlezi kahle zondliwa futhi zifundiswa ngobaba abangazizali kodwa futhi uthole ukuthi kwayona ingane yazi lo baba njengobaba wayo wangempela.Wonke umuntu uyadinga ukwazi ubaba wakhe, noma ngabe usashona noma ngabe usaphila. Kunezingane namuhla ezakhuliswa ngobaba abangazizali okunamuhla ziphila kamnandi ngoba zakhuliswa kahle.Kunezingane ezihlukunyezwayo kumanje okuthiwa, ""Wena kawusiyena owalapha ekhaya, hamba kini!"" Uthole ukuthi ingane kayilazi elinye ikubo yazi lapha, kanti umndeni usuyibukisisile, wazanelisa ukuthi kakusiyona eyalapha ekhaya.Kwesinye isikhathi izithandani ziyavumelana ngokuba nemfihlo lapho indoda izothatha unina nengane yakhe, bavumelane ngokuthi lolu daba kuzokuba ngolwabo bobabili.Ngesinye isikhathi uma ingane ikhula iye ifune usiko lwakubo. Yilapho ke iye igule noma kube khona izinto ezingahambi kahle kuyona, igcine isiya kulaba okuthiwa bayabona, abanye ke kuye kuthiwe bayabona kanti kababoni.Iqala lapho ke inkinga, ufike umntwana atshelwe lokho namuhla kusasa atshelwe okuhlukile, ekugcineni bese ehlasela umama wakhe. Umama uhlaselelwa ukuthi kungani engalikhulumi iqiniso achazele ingane ukuthi ingeyakwabani? Uthole abanye sebeludlulisela udaba kuTatakho!Yilapho ke ingane ithola amahlazo kamama wayo ukuthi walala namadoda amangaka, kanti futhi akayazi okuyiyona eyamkhulelisa. Nakhona lapho kuyenzeka amadoda awakhumbulayo umama ukuthi waya nawo ocansini abe mathathu, nakhona lapho uthole ukuthi imiphumela iyawaphika la madoda amathathu.Kwesinye isikhathi omama bezingane bayalala namadoda ahlukene bese kuthi uma esekhulelwe abheke indoda engakwazi ukondla ingane bese ethi iyona ke ubaba wengane. Abesifazane bajwayele uma kuzikhulunyelwa nje bese bethi bayamazi bona ubaba wengane, kodwa uma ulandela uhlelo uTatakho ugcina sewutholile ukuthi lokho akusilona iqiniso.Uma ke imiphumela yamadoda amabili noma amathathu iyilandula ingane, ibe ibihlala futhi yazi ukuthi ubaba wayo yilona oshade nomama wayo, ishona kephi? Umama wayo ushona kephi? Ubudlelwane bengane nonina buba kuliphi izinga?Kuhle ukuthola iqiniso kodwa elingeke futhi lakushiya nomlilo osuyokusha inguna-phakade! Uma singalandela ukuthi labo abaphikwe yimiphumela okusho ukuthi kumanje ababazi abobaba babo, baphila kanjani ke kumanje? Sizothola ukuthi isimo sibi kakhulu kunakuqala udaba lungakayi kuTatakho.Kuyingozi ukufunwa kukababa yingane, kungcono kune ngubaba wengane oyifunayo. Nakhona futhi lapho, ake sicabange, sekuthiwa mina noma wena, kunobaba othi mina ngiyingane yakhe ngoba balala nomama wami, nomama avume ukuthi walala naleyo ndoda! Umama osekuvela ukuthi walala namadoda athize ekubeni eseshadile, angeke esahlala kahle emzini. Mhlawumbe nje selokhu lolu hlelo lwaqala baningi omama asebethuthile emizini yabo bahamba, ngoba vese bakhombise ukungathembeki. Kuyihlazo kakhulu ukuthi kwaziwe ukuthi ingane kamasibanibani akayazi ukuthi ingekabani!O’ Brien GcabasheEnanda",0
1766,vukuzenzele,UMongameli Ramaphosa uphinde waqinisekisa uku zibophezela kukahulumeni ekubuyiselweni kwesithu nzi nenhlonipho kubaholi bendabuko.,0
186, umthandazi uboshelwe ukudlwengula indodakazi ,"USASHAQEKILE umphakathi waseLovu emuva kokuboshwa komthandazi ophinde abe yinyanga (42) osolwa ngokudlwengula indodakazi yakhe (19) nokusolakala ukuthi uyikhulelisile.Lo mlisa obevele eNkantolo yeMantshi yaseNsimbini izolo kuthiwa uboshwe ngeSonto ebusuku emuva kokuthi evulelwe icala yindodakazi yakhe okuthiwa ubeyidlwengula ephindelela. Indodakazi yakhe eyenza uGrade 11 kukholakala ukuthi seyinezinyanga ezintathu ikhulelwe, akukaziwa ukuthi ubani oyikhulelisile phakathi kwakhe nesoka layo abeyiphoqa ukuthi iyolala nalo njalo uma eseyidlwengulile.Unina wale ngane (38) esalaliswe esibhedlela esingadalulwanga njengoba iselashwa nobengahlali nayo njengoba ahlukana noyise isencane uthe uthole ngeSonto ngokudlwengulwa kwayo.“Ngithole * -call back obuvela kwindodakazi yami ngeSonto ekuseni ngayifonela yase idlulisela ucingo komunye umuntu ongitshele ukuthi ngize ngizoyilanda esiteshini samaphoyisa ngokushesha. Ngize ngakwazi ukufika ebusuku ngoba bengisuka kude. Kuthe uma sengisendleleni ngaphinde ngashaya ucingo ngazama ukuthola ukuthi ikuphi yangitshela ukuthi isesibhedlela. Ngishaywe uvalo ngathi ayingitshele ukuthi kwenzekeni ngoba bebelokhu bengasho ngesikhathi beqala ukungifonela. Ibe seyingitshela ukuthi uyise ubeyidlwengula,” kusho unina wale ngane.Uthe ngesikhathi bebonana nendodakazi yakhe imbikele ukuthi uyise ubeyidlwengula bese eyisabisa ngokuthi uzoyithumelela ngezulu.Ubethi uma eseyidlwengulile bese ethi ayiyolala nesoka layo ngenkani ukuze kuthi noma ikhulelwa kube sengathi yilona.Uthe ingane yakhe itshele umngani wayo ukuthi uyise uyayidlwengula base beya kovula icala ngeSonto ekuseni emuva kokuthi egcine ukuyidlwengula ngoMgqibelo ebusuku.“Namanje ikhanda lami lisaphithene ngoba bengingazitsheli ukuthi kunento efana nalena eyenzekayo. Uyise wafika wazomthatha ekhaya ngo-2016. Bekungathi bahleli kahle kodwa kwathi uma ivakasha ngoJuni kulo nyaka ngabona sengathi kukhona okungamphethe kahle. Ngesikhathi ngimbuza uthe ukhathele ngoba ufunda kakhulu. Uthe uqale ukumdlwengula ngoMashi wathi wayesaba ukusho ngoba ubemsabisa,” kusho unina wale ngane.Uthe okumphatha kabi kakhulu ukuthi ugogo wengane ozala uyise uyamfonela amthuke njengoba eboshiwe. Unina wengane uthe ingane ithe ifisa sengathi uyise angayitholi ibheyili ngoba izibona ingaphephile uma engaphumela ngaphandle.Umthombo osondelene nalolu daba uthe umphakathi wakule ndawo usashaqekile mayelana nokuvela kwezinsolo zokudlwengula ezibekwe lo mthandazi okuthiwa ubehlonishwa endaweni.Okhulumela amaphoyisa KwaZulu-Natal, uLt Col Thulani Zwane, ukuqinisekisile ukuthi lo mlisa uboshiwe nokuthi uvele enkantolo ngoLwesibili.Kulindeleke ukuthi umsolwa aphindele enkantolo ngoLwesithathu oluzayo ukuze afake isicelo sebheyili.",0
train_isizulu_00147,AfriHate,"hawu, wavele wayibeka ngembaba nje ""@username : bhebha uthule!!!!!!""",0
718,vukuzenzele,"ekhaya njengalesi esisibekile lana. Imikhawulo ekuhambeni ibekiwe emazweni amaningi. EUK kanye nakunhlokodolobha yaseFrance , e-Paris , ukuzivocavoca ngaphandle kunemikhawulo yamahora athile ebangeni eli-thile ukusuka ekhaya lomuntu.Izindlela zokugcina",0
1546,vukuzenzele,"ukuthuthu-kiswa kwezimboni zasekhaya, kodwa namabhizinisi aphethwe ngabesifazane. Kumele ludale amathuba emisebenzi yabesifazane kuzozonke izigaba zoku hlela, ezezimali, ezokwakha kanye nokunakekelwa kwezingqalasizi-nda. Ngendlela efanayo, njengoba",0
1099,vukuzenzele,Siphinda futhi sisungula kabusha amaforamu amaphoyisa omphakathi ezweni lonkana. La maforamu ahlanganisa imiphakathi kanye nabamele amaphoyisa ukuze kuzothuthukiswa ukuphepha komphakathi nokuthi amaphoyisa aziphendulele.,0
train_isizulu_02793,AfriHate,"@username uthi umthakathi akayeke ukuthakatha, bese ayenzenjani imfene yakhe.",0
889,vukuzenzele,"Ngowe-1994, isikole sasuka saya eHholo i-Eli Spilkin, elakhiwa nguso mabhizinisi wendawo uEli Spilkin.",0
train_isizulu_00890,AfriHate,umuntu ngabe use ayina ikris manje ulungiselela ukuyokhonza. awu kodwa khovit uyinja!,0
2954,vukuzenzele,Inhlangano yeseka abantwana kanye nentsha enomdlavuza noma isifo esiyingozi segazi kanye nemindeni yabo.,0
2170,vukuzenzele,Umyalezo wabo oyinhloko uthi ‘Real men don’t abuse women’ (Amadoda angempela awabahlu kumezi abantu besifazane)’.,0
1628,vukuzenzele,lizokwehla.Isipiliyoni somsebenzi namakhono azotholwa ngaba zuze kuMzamo kaMongame li Wokusungula Imisebenzi kuzovuselela amathemba okuqashwa ngokusemthe thweni.Isipiliyoni esitholiwe futhi siyindlela eholela ekuziqa leleni ibhizinisi lakho. Aba bambe,0
360, upandor uthembisa ukushanela amabibi ,"UNGQONGQOSHE omusha weMfundo ePhakeme uNkk Naledi Pandor usefunge wagomela ukuthi uzoshanela amabibi enkohlakalo kulo mnyango nasezikhungweni zemfundo kuleli. UNkk Pandor usanda kuqokelwa kulesi sikhundla esuka kwesokuphatha uMnyango wezeSayensi noBuchwepheshe ngesikhathi kushintshwa iKhabhinethi. Lesi sikhundla besiphethwe uDkt Hlengiwe Mkhize ngaphasi kweKhabhinethi kaMnuz Jacob Zuma osedla endala manje.UNkk Pandor utshele ikomiti lasePhalamende elibhekele imfundo ephakeme ukuthi akezwani nenkohlakalo nokungethembeki.“Uma kukhona ukudliwa kwezimali zomphakathi ngeke sisinise amahleza kuzoshuba, ngiyizonda kabi indaba yokuphathwa budedengu kwezimali zabantu,’’ kusho uPandorUNkk Pandor ukhuluma kanjena nje kusanda kuvela izindaba zokuthi uphiko lwabaphenyi lulandela udaba lwesamba esingu-R 3 million okuthiwa yabhubhudlwa eTshwane South Technical Vocational Education and Training College, okwenziwa ngayo imicimbi yabafundi.Uthe umnyango wakhe uzoqhubeka nokweseka amakolishi bawahlinzeke nangemali nangamaqhinga okuyiphatha .Uthe ubona ushintsho olukhulu emnyangweni kusukela ku-2004 nango-2009 ngesikhathi usahlangene nowemfundo eyisisekelo.“Kumanje sizama ukuqhamuka namaqhinga azosisiza ukuze konke kuhambe ngendlela. Uhulumeni uzama ukubambisana nezinhlaka ezahlukene nezasemazweni omhlaba ukuze siyidudule le nqola yezemfundo.”",0
659,vukuzenzele,"eBhayi. Uma ngabe lesi sibhedlela sesiku-lungele ukwamukela iziguli, sizokwazi ukungena imibhede eyizi-4 000.",0
train_isizulu_02557,AfriHate,@username aw wena bazokunqakisa okwabanana unqakwa inkawu,0
train_isizulu_01946,AfriHate,"kuyashisa enorth west yoooooh,siyobhek'inkomo ezidayisayo!!!!!",0
1552,vukuzenzele,"elilawula ukuphathwa kwesikole kanye nezinhlangano zezenkolo ukwenza izimo abesifazane namantombazane abazo hamba, bafunde futhi bakhonze kuzo bephephile.Kumele siphokophele pha-mbili ngemizamo yethu yokuqeda ukuthi abesilisa bakhulu kunabesifazane,",0
3027,vukuzenzele,"labo abaphambili empini yokulwa nobhubhane lwe-corona (i-COVID-19).“Ukuphepha kwabo bonke abasebenzi, kubandakanya izisebenzi zikahulumeni, kuyingxe nye yokukhathazeka kwethu sonke. Sizoqhubeka nokwenza imizamo ukuhlinzeka ngezinsiza zokuzivikela ezanele",0
1828,vukuzenzele,Yibo abahamba phambili ekulweni nalolu bhubhane. Basebenza ngaphansi kwezimo ezinencindezi enkulu futhi bathwala umthwalo owukha-thaza kakhulu umqondo ngokwazi ukuthi nabo base-ngcupheni yokutheleleka ngaleli gciwane. Bangamaqhawe namaqhawekazi eqiniso,0
2982,vukuzenzele,Ukwanda kwezikhungo eziphula imithetho kubuka umuntu wonke kubonisa ukuhluleka kweziphathimandla ukuphoqelela ukuhlonishwa kwemithethonqubo.,0
1505,vukuzenzele,kwakungusuku olukhuthazayo kakhulu lokuxoxa nezinye izingcwe ti zabapheki.“Ngibe nenhlanhla ukuthola abantu abaphu ma kulo lonke leli lizwe futhi bayoyonke iminya ka yobudala ukuthi beze bazothokozela ukudla kwethu. Abantu banokungaluthandi usu namathumbu,0
train_isizulu_01298,AfriHate,@username inyathela ngabantwana lengane madoda majobe ngithi dudlu nayi intsizwa yakwasibiya ithi heshe ntombi enyathela kuzwakale,0
2511,vukuzenzele,"Ukuze lolu hlelo lusebenze kwaba nokusebenza ngo kubambisana phakathi kweNhlangano Yezimpe sheni Nezibonelelo Zikahu lumeni eNingizimu Afrika, uMnyango Wokuqoqwa kweNtela eNingizimu Afri ka, uMnyango Wezasekhaya kanye neminye eminingi.",0
dev_isizulu_00360,AfriHate,"nazoke 🥺🥺🥺.  "" kunokuthi ngijabulele amanga, ngiyekeleni ngikhalele iqiniso"" abasuke ngempela labomasaka manje nali ibhunu ##url",0
train_isizulu_02698,AfriHate,ngamla 😂😂😂😂😅😅😅 #isibaya,0
1974,vukuzenzele,"Ekuboneni ukubaluleka kokukhonza kwebandla ezimpilweni zabantu, uhu lumeni ubelokhu exoxisana nomphakathi wenkolo.",0
722, uzondo uzocubungula ekazuma ,"OWAYENGUMENGAMELI wezwe, uMnuz Jacob Zuma usazolinda uphenyo lweKhomishana kaJaji Raymond Zondo ngezinsongo zokubulawa abhekene nazo ngaphambi kokuba afake isicelo sokuba kwengezwe ezokuPhepha kuye.Lokhu kuvezwe umkhulumeli wakhe, uMnuz Vukile Mathabela emuva kokuba kube nezinhlangano eziphazamise ukuba kuqiniswe ezokuphepha kuZuma, ummeli wakhe u-Advocate Muzi Sikhakhane nomndeni wakhe uZuma.“UJaji uZondo ukucacisile kwikhomishini yakhe ukuthi lolu daba lwezinsongo zokubulawa ezibhekiswe kuZuma zizophenywa abaphenyi bekhomishini ukuze bathole ukuthi ziqhamukaphi.“Kuyothi uma sebesithulele umbiko bese uMengameli Zuma ethatha isinyathelo. Okwamanje lukhona uhlelo lwamaphoyisa ngokuphepha kukaZuma njengoba amaphoyisa ehlale emqaphile,” kuchaza uMathabela obexoxa neSolezwe. NgeSonto eledlule, inhlangano elwisana nezimpi zamatekisi KwaZulu-Natal okuwuBumbano lokuThula Forum, iphakamise ukuthi kuqiniswe ezokuphepha kuZuma. Ikusho lokhu esitatimendeni sayo emuva kokuba uZuma edalule kwiKhomishini kaZondo ukuthi kukhona abasongela ngokumbulala nomndeni wakhe.Usihlalo woBumbano lokuThula, uMnuz Andile Hlatshwayo, uthe babona kuyisikhathi sokuba uZuma avikelwe ngoba sekuyacaca ukuthi impilo yakhe isengozini.“Ngemuva kwezinkulumo ezethulwe uZuma kuKhomishini yokuLawulwa kombuso yiDlanzana ngoLwesibili, kusicacele thina njengoBumbano ukuthi uyakudinga ukuthola ezokuphepha ezengeziwe kulezi anazo. Yingakho sicela kuMengameli wezwe uMnuz Cyril Ramaphosa ukuba alubukisise lolu daba ngoba angeke sibe nokuthula uma kubakhona okwehlela uZuma,” kusho uHlatshwayo.Kule khomishini uZuma uveze ukuthi kuye kwafona umuntu ongaziwa kumsizi wakhe obhekene nezindaba zakhe ku-ANC esabisa ngokuthi bazobulala uZuma nomndeni wakhe kanye nommeli wakhe okungu-Advocate Muzi Sikhakhane.Lezi zinsolo uZuma abeziveza bezilandela nezinye azidalule ngoMsombuluko zokuthi kwakunetulo elaphekwa izinhlaka ezithile lokuba asocongwe emcimbini kaKhuzani owawungoMashi eMoses Mabhida Stadium.Inhlangano eyeseka uZuma, okuyi-Radical Economic Transformation (RET) nayo inanele ikhwelo loBumbano yathi ifuna uZuma avikelwe kuphinde kuqiniswe ezokuphepha kwakhe ngoba ayisathembi lutho.UMnuz Nkosentsha Shezi we-RET, uthe bashaqekile ngezinsongo ezidalulwe uZuma kwiKhomishini kaZondo.“Okwamanje asikalibhaleli ihhovisi likaMengameli nelikaNgqongqoshe wamaPhoyisa ukuze bahlinzeke uZuma ngezokuphepha ezengeziwe kodwa sifuna avikelwe manje nomndeni wakhe ngoba basengozini. Empeleni sekuyacaca ukuthi kade uZuma abasengozini kodwa inkinga ukuthi abafisa ukumsoconga bayehluleka ukuthola ithuba elikahle,” kusho uShezi. Uthe uZuma ungubaba we-Radical Economic Transformation abafisa avikelwe ngakho konke ukuze aphephe.Le nhlangano yiyo eqashe amabhasi abethwele abantu abebesuka KwaZulu-Natal beyokweseka uMnuz Jacob Zuma ngesikhathi evela okokuqala ngoMsombuluko kwiKhomishini kaZondo. Okhulumela uMengameli, uNkk Khusela Diko, ucele ukuba athunyelelwe umyalezo ngalolu daba kodwa ugcine engaphendulanga kwaze kwashaya isikhathi sokushicilela.",0
1792,vukuzenzele,USolwazi Mlisana uthe kubalulekile ukubheka nokulandelela ukuxhumana kwabantu ngqo futhi uMnyango Wezempilo uzoqhubeka nokwenza lokho maqondana nalesi sigameko esitholakele.,0
test_isizulu_00007,AfriHate,@username isende lendlela guys.,0
train_isizulu_01883,AfriHate,ngendla uonke athanda ukucebana ngayo uze akhohlwe aze azicebe kwayena....slima les',0
463, ngangingadlwenguli ngangikhokhisa ,"INDODA yaseMaoti, eNanda, esolwa ngokudlwengula iphindelele abesifazane, itshele iNkantolo eNkulu eThekwini, izolo ukuthi ayisazi isibalo sabesifazane eyalala nabo, ababehluleka ukuyikhokhela imali yayo njengoba bengaphezu kuka-55 abesifazane eyayibagada bedayisa umzimba.UMnuz Amos Ganyeni Ngobeni (29) uqhubekile nokufakaza izolo esephonswa imibuzo umshushini wecala, u-Advocate Noxolo Dube.Umsolwa ubhekene namacala angu-47, kuwona kubalwa abesifazane abangu-19 okuthiwa wabadlwengula ezindaweni ezahlukene.Ngokobufakazi bukaNgobeni yena wayengabadlwenguli abaningi kula macala kodwa wayebakhokhisa ngokuya nabo ocansini njengoba babehluleka ukumkhokhela imali yokubagada eGandhi Peace Park lapho babedayisa khona.U-Advocate Dube ebuza ukuthi bangaki abesifazane ababesebenza ngaphansi kwakhe kumele bamkhokhele ngokubagada, uthe babebaningi kakhulu.“Kungaba nzima ukuba ngikutshele ukuthi isibalo sabo sasingakanani ababedayisa umzimba. Kodwa uma ngiqagela nje ababesePeace Park babengu-35 kuthi e-Ottawa babengu-20,” kusho uNgobeni.Ebuzwa ukuthi bonke wayebakhokhisa ngocansi uma bengenayo imali yokukhokha, uthe kwakuhluka.“Kwakuya ngabantu, abanye abesifazane babekwazi ukungikhokhela ngendlela, singekho isidingo sokuba bangikhokhele ngocansi.Abanye balaba besifazane babehlala isikhashana bese beyahamba uma sebenemali eyanele, babuyele emakhaya bangabe besawudayisa umzimba,” kusho uNgobeni.Uthe akukho lapho ayebhala khona phansi ukuthi ubani omkweletayo ngoba amantombazane adayisayo ubesewajwayele, ewazi ngekhanda ukuthi ubani ongakhokhile.“Ngeke ngiqambe amanga ngithi ngalala nabo bonke laba besifazane kodwa uma sekuvezwa izithombe zabo, ngiyakwazi ukubona ukuthi lona ngalala naye noma cha. Angizange ngiwabhale phansi amagama abesifazane engangilala nabo uma behluleka ukungikhokhela,” kusho uNgobeni.Ephonswa ngemibuzo uthe laba besifazane babekhokhisana uR50 ngomzuliswano owodwa kubantu ababethenga kubona umzimba. Yena imali yokubagada ngosuku kwakuba uR100. Uthe le mali babemkhokhela njalo ntambama uma sebeqede ukusebenza.Ukuqulwa kwecala kusaqhubeka.",0
train_isizulu_01710,AfriHate,@username some times benzala abelungu baphesheya kuphela 😂😂😂,0
3194,vukuzenzele,"Izikhathi ezinje zifuna ukuba thina sibe neqiniso, singabi nobuqili. Zidinga ukusebe nzisana, hhayi ukungqubuza na. Ukuyekethisa nokuhweba kumele kwenzeke.",0
1374,vukuzenzele,"N j e n g o b a s i l w e l a ukuphola kulokhu kuhluku mezeka kwezwelonke, masisu k u m e s i b e m u n y e . Masinqobe lokhu kwahlu kana kwethu ngokuphokophelela ekwenzeni okuhle okufanayo.",0
train_isizulu_01479,AfriHate,@username ufuna ukushawa lowa mlungu serious yazi🤣🤣,0
904,vukuzenzele,"“Ukwengeza kulokhu, imali yokuphila yenyanga nenya nga engiyithola ku-NSFAS ingenza ngikwazi ukufunda futhi ukulala ngidlile,” kusho yena.",0
train_isizulu_02065,AfriHate,"@username funa athi ""injani inkomo'm",0
1770,vukuzenzele,"“Abaholi bendabuko banendima ebalulekile okufanele bayidlale uku -ze kwakhiwe izwe eli ngenabubha, ukuntuleka kwemisebenzi nokuphathwa kwabantu ngokulinganayo.",0
353, ithuba elehlele onebala elimhlophe ,"UZIMISELE ngokubamba iqhaza ekulweleni amalungelo abantu besifazane umfundi ka-matric (17) ophila nebala elimhlophe ozomela iNingizimu Afrika engqungqutheleni ezobhunga ngezinkinga zabesifazane.UGoldgirl Phakathi ofunda eNqabakazulu Comprehensive High KwaMashu uthe ufisa sengathi abantu besifazane bangafunda ukuzethemba kukho konke abakwenzayo bazi ukuthi ukuba ngabantu besifazane akubenzi babe ngaphansi kwabesilisa.UGoldgirl ungomunye wabafundi abahambele ingqungquthela ezobe iseNew York, iCommission on the Status of Women 2018 ehlelwe yi-United Nations.Lo mfundi, ohambe izolo, kulindeleke ukuthi abe kule ngqungquthela kusukela ngoMashi 12 kuya ku-23 nonyaka.Uthe njengoba ephila nebala elimhlophe uzithole ecwaswa ezindaweni ezithile okubalwa kuzo nasesikoleni ngenxa yokuthi abanye abafundi bebengaqondi ngabantu abaphila nebala elimhlophe.Lo mfundi uthe okumqinisa idolo wukuthi umphakathi aphuma kuwona KwaMashu kwa-J awuzange umcwase. Uthe lokhu kumenze wakhula engazizwa enesici futhi engenza noma yini eyenziwa ngabantu abalingana naye.Uthe ufisa sengathi nabantu besifazane bangafunda kulokhu bazi ukuthi noma kungaba khona abazobacwasa kodwa lokhu akusho ukuthi ngeke besakwazi ukwenza noma yini abafisa ukuyenza. Njengoba esengqungqutheleni kulindeleke ukuthi akhulume ngezingqinamba ezicindezela abesifazane namantombazane asezindaweni ezisemakhaya.“Abantu besifazane basemakhaya nabaselokishini bacishe babhekane nezingqinamba ezifanayo kodwa laba abasemakhaya kuba nzima kakhulu kubona. Kimina, enye yezinto eziyinkinga kakhulu okufanele kuliwe nayo wukukhulelwa kwezingane zisafunda, wukusetshenziswa kwezidakamizwa nokungalingani phakathi kwabantu besifazane nabesilisa. Ngisho kungathiwa yiselokishini noma yisemakhaya abantu besifazane nabesilisa abanikwa amathuba afanayo - lokhu kufanele kushintshe ukuze kuthuthukiswe abesifazane,” kusho uGoldgirl.Uthe abanye bakholwa ukuthi akubalulekile ukulwela amalungelo abesifazane ngoba bethi ngeke kushintshe lutho kodwa yena akakholwa yilokho.UGoldgirl, othole leli thuba ngokuba yingxenye yohlelo olucija abesifazane olwaziwa ngeWomen’s Leadership and Training Programme, uthe uzimisele ngokusebenzisa lonke ulwazi azoluthola ukufukula abesifazane.UNgqongqoshe wezeMpilo KwaZulu-Natal, uDkt Sibongiseni Dhlomo usanda kuhambela esikoleni salo mfundi eyomhalalisela ngokuqokwa kwakhe emfisela nendlela enhle ohambeni lwakhe.",0
1328,vukuzenzele,"Ngokusho komnyango, uma ungumama onegciwane le-HIV futhi oncelisayo, kuba lulekile ukuthi uxoxisane nomeluleki wakho we-HIV ngezindlela ezehlukene zoku pha umntwana ukudla.",0
1844,vukuzenzele,Kuthiwa lokhu kunameka ngesihlava kudalwa wukwesaba ukutheleleka ngegciwane nokungaqondi. Indlela ephuma phambili yokunqoba ukwesaba kwethu ukugula nokutheleleka wukulandela imithetho yeze-nhlanzeko emisiwe. Ukwesaba ukutheleleka kuyazwakala futhi kuyinto,0
1746,vukuzenzele,Ukhetho luzobanjwa kuzo zonke izikole zikahulumeni ezweni lonkana.,0
dev_isizulu_00303,AfriHate,"i’m gonna shine in the dark njenge stars eb’suku, sing all day njenge nyoni zezulu ngoba ngibonga bonke labantu base kasie, uthando olungaka ngigcwele ngalo ❤️ ##url",0
train_isizulu_01288,AfriHate,@username isende lingaga 😜😜😜😜🤣,0
train_isizulu_02334,AfriHate,kujuluka isende namuhla.,0
2798,vukuzenzele,"Angandile, okokuqala ngqa futhi kusukela ngowezi-2014.",0
1568,vukuzenzele,"Isikhulu Sokhetho Esiyinhloko sekhomishana uSy Mamabolo uthe zonke izikhungo zokuvota eziyizi-22 612 zizovula ngempe-lasonto yangomhla ziyi-10 kanye namhla ziyi-11 kuNdasa wezi-2018, kusukela ngele-8 ekuseni kuze kube ngele-5 ntambama, ukuze kwenziwe kube",0
1301,vukuzenzele,"Uma inkantolo ikholelwa ukuthi ummangali usengozini engenzeka noma inini ingakhipha incwadi yokuvikela ngokushesha ngaphandle kokuthi inikeze ummangalelwa isaziso ngokukhishwa komyalelo. Okubalulekile, uma inkantolo idedela umuntu obekwe icala lodlame",0
2843,vukuzenzele,"Izingane ezisuke zinceliswe ibele lingaxutshwe nalutho isikhathi sezinyanga eziyisithupha ziba namathuba amancane okungenwa yizifo, izifo zokuphefumula, kanye nokuhlaselwa isifo sokuhanjiswa sisisu.",0
2546,vukuzenzele,"Emavikini amabili edlule, izingxoxo nomphakathi bezi qhubeka mayelana nomthe tho obalulekile ozonikeza umfutho omkhulu emizamwe ni yethu yokuqinisa, ukunike za amandla kanye nokunike za amakhono ezomsebenzi kahulumeni.",0
773,vukuzenzele,"nayo imali eyanele yokungi- hambisa esikoleni. Njengoba ngangingafundile, kwadinge- ka ukuthi ngithole indlela yami yokwenza imali,” kusho uFuma.",0
206,vukuzenzele,"“Ngaphezu kokudala ama thuba emisebenzi kubantu bendawo, sinohlelo lokutshala izimali ngokuphathelene neze nhlalo esisiza ngalo abesifazane baselokishini kanye nase-zindaweni zasemakhaya ukuthi baqale amabhizinisi amancane agxile ekwakheni imikhiqizo",0
train_isizulu_02110,AfriHate,@username your email address ngamla,0
2947,vukuzenzele,"Asiphokophele phambili, njengakuqala, ngokuqa phela. Asigcine omunye no munye ephephile.",0
2036,vukuzenzele,"ezinsukwiniezingama-20 uma abathinteka-yo behlala ezifundazweni eza hlukene, zokuphendula amasa-manisi, kwengeza uPeta. Uma icala selivuliwe, ama dokhumenti azobuyiselwa kummangali, okumele anike isikhonzi senkantolo ama-sethi amabili amadokhume-nti",0
2932,vukuzenzele,Manje sekumele silawule ubungozi futhi siqinisekise ukuthi esesikuzuzile kuze kube manje ekubambeze leni ukubhebhetheka kobhu bhane akubuyeli emuva.,0
100,vukuzenzele,Ohulumeni bomasipala kanye nabesifundazwe bebesebenzisana ngokusondelana neminyango kazwelonke kanye namaejensi ukuze abantu bakwazi ukwakha izimpilo zabo kabusha futhi bavuselele imisebenzi yezomnotho yasendaweni.,0
3281,vukuzenzele,ngenxa yengcindezi elethwa yileli gciwane emzi-mbeni yabo.,0
1940,vukuzenzele,"Njengoba abanye abantu asebehaqwe igciwane leco-rona kungenzeka bangabi nazimpawu noma banga-zazi ukuthi banegciwane, wonke umuntu kufanele afake isifonyo sobuso.",0
1436,vukuzenzele,"Ngesikhathi usihlalo wekhomishana, Iphini LeNhloko yamaJaji u-Raymond Zondo uthe kungaba nesidingo sabanye ofakazi abambalwa ukuze befakaze, umsebenzi wekhomishana awusasalelwe nsuku zingaki manje ukuthi uphothulwe.",0
test_isizulu_00578,AfriHate,@username like i said before. abelungu bayabulalana angingeni ndawo. at least brown bodies are not involved.  where we they sibulawa yigukurahundi. angithi they sponsored umugabe ukuthi asicitshe.,0
335, sigcine singcwatshiwe isidumbu sendoda ebesibangwa ,"SIGCINE singcwatshwe ngeSonto isidumbu sendoda yaseShowe ebesibangwa umndeni nabasekhweni layo eMgungundlovu ngesonto eledlule.Leli phephandaba ngeledlule libike ngesigameko sokulwa kwamalungu omndeni kaMnuz Bhekisisa Msane (62) nomndeni wakwaNdlovu okuyikubo kukankosikazi wakhe omncane nokuyilapho ashonele khona. UMsane, ngeSonto ungcwatshwe emzini kayise eShowe wazilelwa amakhosikazi akhe amadala amabili okunguMaSibisi noMaNxumalo.Lithintwa ilungu lalo mndeni, uNkk Ntombi Msane uthe konke kuhambe ngohlelo abebelufisa njengomndeni. Uveze ukuthi namakhosikazi akhe ayewashiye ngemuva amnikeze inhlonipho amngcwaba ngaphandle kwezaba aze amzilela.“Sifihle kahle, namanye amalungu omndeni abengazi asizwe ukubona udaba kwiSolezwe. UMsane simngcwabe kahle eduze kukanina,” kusho uNkk Msane.Eqhuba uthe bewumndeni babonga ukuthi uMsane akazange angcwatshwe phezu komunye umuntu emathuneni kahulumeni ekubeni enodedangendlala wendawo.“Siyabonga kubantu abakwazi ukusisiza sayolanda isidumbu. Namakhosikazi akhe ayabonga ngokuthi ugcine ubuyile umzimba womyeni wawo. Ukube abazange bajahe impi kwaboniswana kahle ngabe nabakwaNdlovu bakwazile ukumungcwaba uma bebenothando,” kusho uNkk Msane. Leli phephandaba ligcina ukukhuluma nowesifazane owaphucwa isidumbu uNksz Sandile Ndlovu wathi akukho asafisa ukukwenza ngesidumbu ngoba usemzilele umyeni wakhe uyawukhulula lo mndeni ukuthi umngcwabe ngaphandle kwakhe.Kuthiwa kwaba nempi ngesikhathi umndeni wakwaMsane uyolanda isidumbu sawo eMgungundlovu sekunomlindelo. Kuthiwa kwakushayanwa ngamatshe kwagcina kubhuntshe nomngcwabo, umndeni kaMsane usuthathe isidumbu sawo.",0
3563,vukuzenzele,Imibala yeflegi ayinancazelo ethile ngakho-ke akukho ngqikithi jikelele okumele iyamaniswe nemibala yeflegi.,0
250,vukuzenzele,Umntwana uyazihlangula futhi abe inkomo edla yodwa.,0
1523,vukuzenzele,"ukwelashwa okusheshayo,” kusho yena. Ukuze kuhlonzwe uku-khulelwa okungekho esibelethweni, kwenziwa ukuhlolwa kwegazi noma komchamo ukuze kuqinise-kiswe ukuthi owesifazane ukhulelwe. “Emva kwalo-kho kwenziwa iultrasound ukuze kuqinisekiswe ukuthi nembala",0
1781,vukuzenzele,"Ukuqubuka kwaso kwakamuva kunezibalo eziphezulu e-Europe njengoba i-UK ihamba phambili ngezigameko ezingama-700, iSpain inezingaphezudlwana kwama-500, kulandele iGermany, iPortugal neFrance.",0
train_isizulu_03045,AfriHate,sekusele ugibele imfene yazi 😂😂 ##url,0
126,vukuzenzele,"Ukulahla uMthethosisekelo wombuso wobandlululo e mgqonyeni womlando, sizinikele thina kuMthetho sisekelo omusha kanye nohlu olusha lwamagugu.Ngesikhathi ngethula inku lumo kuSigungu Somthe thosisekelo eminyakeni engama-25 eyadlula, ngathi uMthethosisekelo",0
572, amaphoyisa enza umsebenzi oncomekayo kwelikameyiwa chicco twala ,"INKAKHA yomculi wakuleli uChicco Twala onguyise kaLongwe Twala ongomunye wababekhona ngesikhathi kudutshulwa lowo owayengunozinti we-Orlando Pirates uSenzo Meyiwa usephumele obala wazwakalisa ukugculiseka ngokuqhubeka kophenyo lwamaphoyisa.Ngokombiko weTimesLIVE, uChicco ukuphikile ukuthi indodana yakhe iyathintekla ekubulaweni kukaSenzo. Uthe ukuba indodana yakhe ibithinteka ekubulaweni kukaSenzo ubezoba ngowokuqala ukuyinikela emaphoyiseni.""Amaphoyisa enza umsebenzi oncomekayo ngokuphenya udaba. Kuphela nje ukuthi abantu bashicilela umbhedo nje. Abantu kumele bayekele amaphoyisa enze umsebenzi wawo ukuze abambe isigilamkhuba. Izindaba ezingamanga. Angeke ngikholwe yilutho amaphoyisa engakaluphothuli uphenyo,"" kusho uChicco.Ukuphawula kukaChicco kulandela udaba olushicilelwe iphephandaba elinguzakwabo weSolezwe, iSunday Independent neSolezwe ngeSonto obeluveza itulo lokufihla ukuthi ngubani owabulala uSenzo. Kulolu daba kuvela ukuthi uSenzo wadutshulwa ngumuntu owayengaphakathi endlini ngesikhathi ezama ukuhlukanisa udadewabo kaKelly, uZandi nesoka lakhe uLongwe ngesikhathi bexabana.ULONGWE TwalaNgoLwesibili UKelly usole leliphephandaba ngokusenga ezimithiyo ngalolu daba.""Leli phephandaba lase-Independent likwenza kanjani ukuthi lishicilele udaba olungamanga? Engizonitshela kona ukuthi ngelinye ilanga niyohlangabezana nembibizane. Mina noNkulunkulu siyalazi iqiniso,"" kusho yena.UKelly uthe akasoze wavikela umuntu obulale uyise wendodakazi yakhe.""Engingasoze ngakwenza ukuvikela umbulali woyise wendodakazi yami. Bangakholwa noma yini abayithandayo kodwa ekugcineni uNkulunkulu akehlulwa yilutho,"" kuphetha uKelly.NoZandi ushicilele esakhe isitatimende ngoLwesithathu lapho aveze khona ukuthi usawuzwela umndeni wakwaMeyiwa futhi uyafisa atholwe umbulali kodwa wathi akawukweleti lutho umndeni wakwaMeyiwa. Uzikhahlelel ngazo zombili izinsolo zokuthi wadubuleka ngephutha ezama ukulamula ingxabano eyayiphakathi kwakhe nowayeyisoka lakhe uLangwe.Akukaboshwa muntu ngokubulawa kukaMeyiwa.",0
460, inkinga kaphethroli isishaye uhlelo lwamanzi ,"KUZOQEDWA uhlelo lokuhambisela umphakathi waseMsinga amanzi ngamaloli ngenxa yokunyuka ngamandla kukaphethroli. Umasipala uthathe isinqumo sokuba kugxilwe ekufakweni amanzi adonswa phansi nasemifuleni ngamapayipi ukuze wonge imali.Lokhu kuvezwe iMeya yaseMsinga uNkk Buyiswa Ngcobo ephawula ngohlelo oluqhubekayo lokufakelwa kwamanzi ezigodini ezahlukene zaseMsinga oluqalwe ngesonto eledlule, oluphethwe uMasipala wesiFunda uMzinyathi.“Ngendlela uphethroli obiza ngayo sesibone kungcono ukuthi amaloli esiwasebenzisayo siwamise nakuba kungeke kwenzeke masishane kodwa yinto esifuna ukuyenza ngoba nakhu umasipala omkhulu ususilekelele wasifakela amanzi adonswayo afinyelela kalula emphakathini esiwakhele. Uphethroli uyinkinga kakhulu kithi njengoba singumasipala obheke imali yesibonelelo sikahulumeni. Izindawo zethu eziningi ezingenamanzi ziningi futhi zikude okwenza sikhokhele kakhulu uphethroli uma kuyiwa kuzo,” kusho uNkk Ngcobo.Uthe bazokwenza isiqiniseko sokuthi zonke izigodi zithola amanzi afakwa ngamapayipi ngokushesha ukuze bahlukane nokusebenzisa amaloli.Uthe izizumbulu abazikhokha bethenga uphethroli sebezozisebenzisela ezinye izidingo zomphakathi waseMsinga.UMsinga uyingxenye yezindawo zaKwaZulu-Natal ezakhahlamezwa kakhulu isomiso kusuka ngo-2013.UNkk Ngcobo uveze ukuthi indawo yabo iyodwa yafelwa izinkomo ezingaphezulu kuka-2000 zomphakathi ngenxa yesomiso njengoba kwasekushe notshani namanzi.Yize uNkk Ngcobo ezishaya isifuba ngohlelo lokufakelwa kwabantu amanzi kodwa kukhona amalungu omphakathi akhonondayo ukuthi amapayipi afakiwe ezindaweni zawo awawakhiphi amanzi, okwenza bancamele uhlelo lwamaloli.UNkk Ngcobo uthe isimo lesi abasilungisayo ngoba ezinye izindawo ziyenyukela kodwa basebenza ngamandla ukuqinisekisa ukuthi wonke umuntu uyawathola amanzi.",0
2628,vukuzenzele,"kuzothathwa izinya thelo ngalokhu ezikudalulile, kodwa nokuthi zizovikelwa ekuhlukunyezweni noma ekubandlululweni.",0
2267,vukuzenzele,"INkantolo Ekhethekile iphinde yaphumelela ekubuyiseni imali kwizikhulu eziphezulu zezinkampani eziphethwe nguhulumeni ezazenza imisebenzi yamabhizinisi ngokungalandeli umthetho. Isibonelo, ngonyaka owedlule isikhulu saphambilini saseTransnet sayalelwa",0
dev_isizulu_00191,AfriHate,lutho nomgeza golo 😩 ##url,0
train_isizulu_01679,AfriHate,akwenzani amabhunu sikhona? ##url,0
92,vukuzenzele,"Imisebenzi yezempilo ekomahambanendlwane, okubandakanya ukugomela iCOVID-19, ihlinzekelwa abantu ezindaweni lapho zingakasebenzi ngokugcwele izikhungo ngqo. Kumiswe izindlela zokukhokha izibonelelo zikahulumeni kubantu abathintekile.",0
train_isizulu_01054,AfriHate,uyinja kasathane boss ##url,0
3464,vukuzenzele,"Ibhizinisi lakhe, eliseBo tshabelo eFreyistata, iVictory Body and Nail Studio , likhula ngamandla futhi liheha abantu abaqhamuka ezindaweni ezahlukene abazela ukuzo mfanyazwa umzimba kanye nokucwalwa.",0
434,vukuzenzele,"Ukuthathela izinyathelo abaphula umthetho Umnyango ngokuhlanganyela nedolobha usanda kugasela eMfuleni, ugxile ezenzweni zokusetshenziswa kwamanzi ngokungekho semthethweni.",0
train_isizulu_00829,AfriHate,"bhebha mshanami ngamithisi kodwa ""@username : @username i have news for you""",0
3023,vukuzenzele,"ukuphuzelwa ekhaya ngaphansi kwemigomo eqinileyo, ngezinsuku ezithile futhi ngamahora athile. Izimemezelo ezihambisana nalokhu zizo kwethulwa uma sekupho thulwe izingxoxo kuleyo mikhakha eyahlukene,” kusho uMongameli.Ukuthengiswa kuka gwayi kuzoqhubeka",0
571, uthanda amasiko esizulu owomdabu wasendiya ,"UBUHLE bamasiko esiZulu yibona obamheha wagcina esephila njengawo amaZulu usomabhizinisi ongowoMdabu waseNdiya uMnuz Ishwar Ramlutchman osaziwa ngoMabheka Zulu odabuka KwaDukuza.Lo somabhizinisi ungumsunguli wenhlangano iSivananda World Peace Foundation. Inyanga yonke kaSepthemba kuzobe kuqhakanjiswa amasiko ezinhlanga ezahlukene. URamlutchman uthi uqale ukuzifela ngamasiko akwaZulu esemncane ngesikhathi ehambele Umkhosi weLembe KwaDukuza nalapho ayefike abone khona amabutho neSilo samaBandla bevunule kahle.Uthe empeleni amasiko alezi zizwe zombili ayefana ngoba zombili zishumayela inhlonipho nobumbano nokugcinwa kwamasiko.""Ngithe sengiqedile isikole ngahlangana neSilo ngazethula kuso saxoxa ngasitshela ukuthi ngiyathanda ukuba yingxenye yamaZulu. Sangemukela kahle, iSilo singumuntu olungile ohlala efisa nokusiza abantu ikakhuluakazi abahlwempu,"" kusho uRamlutchman.Uthe uma esevunule econsa ngebheshu lakhe esegushe ngesihlangu sakhe, uvele azizwe engumZulu woqobo.""ISilo saze sangihlonipha ngokungifaka ebuthweni Izinyosi nokungelinye lamabutho aseNdlunkunlu kaZulu. Ngajabula kakhulu ngoba ngabona ukuthi sengingaphansi kweSilo, sesifana nobaba kimi.""Uthe lobu budlelwano bakhe neMbube ububona bubalulekile ngoba kugqugquzela ukuzwana phakathi kwabantu bezinhlanga ezahlukene abahlala KwaZulu-Natal. Uthe ukucwasana ngokwebala ukuzonda kabi futhi enye yezinto azikhuzayo uma ehambela imiphakathi eyahlukene. Uveze ukuthi basekhona abantu abambuka bemnyonkoloza uma bembona ephansi phezulu namasiko amaZulu ebe engowoMdabu waseNdiya. Abanye baze bangamkhulumisi uma ebabingelela ngesiZulu.UHLALA eseduze neSilo uMnuz Ishwar Ramlutchman odume ngelikaMabheka Zulu ebuthweni Izinyosi“Ngike ngibingelele abantu ngesiZulu ngibone nje ukuthi bayachiza bayaxakeka ukuthi leli Ndiya liluthathaphi ulimi lwethu. Abaningi kodwa bayajabula baya-ngemukela, ngiphile nabo ngoba ngingumuntu osiza kakhulu abantu abahlwempu.’’Uthe ubambisana neSilo ezinhlelweni ezahlukene uma kudingeka iminikelo yokutakula abantu abasezimeni ezinzima zempilo. Uthe kunabantu abaningi abahlwempu abakhele izindlu enikela nakwezinye izihlelo ezehlukene zokufukula abahlwempu.",0
train_isizulu_01232,AfriHate,yami 🐵 yemi 🐵 yomi 🐵 yumi 🐵   iyiphi inkawu eshodayo la?,0
train_isizulu_01287,AfriHate,"indaba yaloyamlungu or ibhunu, whatever he is, umbhoro ne eff bazoyilungisa.",0
3228,vukuzenzele,"I-Sanral inxusa abashayeli ukuthi bathobele zonke izimpawu zomgwaqo ezexwayisayo, banciphise isivinini uma besondela endaweni okwakhiwa kuyona futhi bacabange lane nabanye abasebenzisa umgwaqo .",0
3314,vukuzenzele,"Izindawo eziningi zamaho lide zimatasatasa kakhulu, okuchaza ukuthi kungenze ka ingane yakho ihlukane nawe esixukwini sabantu.",0
train_isizulu_02685,AfriHate,@username kyafana sdudla or slender coz uyafudumalo kukonke...yonk'insiph'iyawasha baba as long ikhiph'igwebu #stoep992,0
3378,vukuzenzele,"kakhulu noma alazi lutho ngazo. Noma kunjalo, ucwaningo luphinde lwathola ukuthi abantu abasha balesi sizukulwane bavulelekile uku-thi bafunde ngezigameko zomlando futhi bakholelwe ekubalulekeni kwazo okuqhubekayo.Kumele senze okuthe xaxa njengezwe",0
train_isizulu_02505,AfriHate,@username “ vala imomozi ! “ 🤣🤣,0
1275,vukuzenzele,"UMkhize, ongowokudabuka e-Richards Bay, wathweswa iziqu zakhe Zesitifiketi Sikazwelonke Sokwakhiwa Kwengqalasizinda Kagesi (Somsebenzi Wezandla) ngowezi-2017.",0
1135,vukuzenzele,"amaprinta kanye ne-inthanethi izinsizakufunda eziprintiwe zithunyelwa yi-DBE kubona. Abantu abanawo amakho-mpyutha kodwa abanganayo i-inthanethi noma amadatha, bengacela i-CD enazo zonke izinsizakufunda, nezothunye-lwa kubona ngeposi. “Baningi abafundi",0
1586,vukuzenzele,"Sesihambe ibanga elide kakhulu sisuka ezinsukwini lapho imibhikisho yomphakathi yababha-li yadonsa imiyalelo yokumiswa, nokubika okubucayi kwezintatheli kwakubeka engcupheni ukuboshwa noma ukuvalwa kwamaphephandaba. Kamuva nje, inhlangano i-Reporters",0
666,vukuzenzele,"sisize ekutholeni izinsiza zokuzivikela ezizokwazi ukuthi zihlale izinyanga ezimbili emisebenzini yomphakathi yezempilo kanye nakubasebenzi bezempilo yomphakathi.Noma kunjalo, kuseno-kwentuleka kwezinsiza zokuzivikela emhlabeni jikelele, kubandakanya nayo",0
128,vukuzenzele,"Uma singenzi kanjalo, lo mqulu oya phambili kanye nowenkululeko uzoba yize leze futhi uzobe ungasho lutho.",0
3370,vukuzenzele,"umsebenzi we-CSIR wukwakha umshini wokuphefumula Womfutho omigudumibili phe-celezi i-Bi-level Positive Airway Pressure okuhloswe ngawo ukusiza iziguli ezi-nezimpawu ze-COVID-19 ezibucayi. Umshini wo-kuphefumula uzolekelela ngokufaka nokukhipha umoya,",0
train_isizulu_01091,AfriHate,"sikhalela izwe lethu , elathathwa amabhunu : mabawyeke umhlaba wethu oh god i love thus song 2 bit #dead",0
2944,vukuzenzele,"Ukwehlela esigabeni sesi2 sokuvalwa kwezwe akuyona nje ‘inkululeko kawonkewonke.’ Imithetho yokuqhelelana, ukugqokwa kwezifonyo, imibuthano yomphakathi kanye noku vakashela amanye amazwe isamile.",0
2955,vukuzenzele,"“Sihlose ukwenza ngcono ukushesha ukutholaka la kwalesi sifo kanye nokulawula ukwelashwa okuyimpumelelo. Noma ngasiphi isikhathi, i-CHOC ingaba nabantwana kanye nentsha eyinakekelayo engaphezu kwe-1 500, ngesikhathi inikezela ukwesekelwa kokululekwa",0
2534,vukuzenzele,zomphakathi futhi lufundi se abantu ngamalungelo abo. Sisebenzela abahlali abangaphezu kwesigidi esisodwa base-Thohoyandou nezindawo eziseduzane. Si kwazile ukubuyisa ithemba futhi manje abantu sebeya buthemba ubulungiswa ngenxa yobudlelwane bethu,0
3132,vukuzenzele,emanyuvesi kanye naku makolishi e-TVET kulo nyaka.,0
1434,vukuzenzele,"Bese uya esiteshini samaphoyisa esiseduze uvule icala. Iphoyisa lizobuza imininingwane eqondene nawe futhi nokukwehlele. Phendula ngokuthembeka futhi uzame ukukhumbula imininingwane eminingi. Kungaba uhlelo olubuhlungu, kodwa imininingwane izosiza uma",0
1574,vukuzenzele,“Ikhomishani Yokhetho Ezimele ayikabi namakheli abavoti cishe abayizigidi eziyi-2.8. ngaphezu kwalokho sinamakheli ayizigidi eziyi-3.5 abekwe kuhlu ‘lwa ngaphelele’ noma ‘angacacile’. Lo mkhakha usadinga ukuhlaziywa futhi ukuze kutholakale ukuthi ngabe,0
883,vukuzenzele,Uthishanhloko uKoleka Gilman uzimisele ukuthuthukisa ezemfundo eMthatha.,0
train_isizulu_02879,AfriHate,"lmao ay angvumi ukuyikhotha! ""@username : @username hawu nduna, imnandi imomozi ukuyikhotha... imnandi kakhulu""",0
1863,vukuzenzele,"“Emva kwesikhathi eside, abesifazane bangaba sengcupheni yokungatholi abantwana, ukuhlala kombungu ngaphandle kwesibeletho, ukuchitheka kwesisu noma ukubeletha kungakafiki isikhathi noma ukufa imbala, kusho uMuthuphei.",0
278, imibono makuhlelwe imashi yamadoda ahlukunyezwayo ,"MHLELI: Ngithi angidlulise lokhu ikakhulukazi kule nyanga yamadoda aseMzansi.Kunemashi yabesifazane ebihleliwe ngomhlaka 19 Julayi 2018 eqondaniswa nale nyanga ngoba kwabesilisa ekhuluma ngokuhlukunyezwa kwabantu besifazane nezingane akhona namadoda abeyingxenye yayo okuyinto enhle kakhulu ukuze kuzwakale ulaka lawo amadoda. Ngiyafisa ukuba izinhlangano ezithi zikhulumela amadoda kuthi kule nyanga ezoqala u-Agasti zisukume zihlele imashi yokuhlukumezeka okubhekiswe emadodeni ngabantu besifazane.Ngiyafisa futhi ukugcizelela ukuba kumele alalelwe namadoda iphele indaba yokuthi kube sengathi abesifazane bodwa abahlukumezekayo ngoba lokho kubhebhezela ukungazwani phakathi kobulili.Inkulumo yami icacile ayidingi kutolikwa,akekho ngisho uhulumeni imbala okhuluma ngokuhlukumezeka kwamadoda.Akekho ongazi ukuthi nawo ayashaywa, odliswa izingane okungezona ezawo, nawo ayabulawa, athethiswa amacala ngisho engenze lutho njl. Ayikhuzwe yonke lento kungakhethwa iphela emasini.Richard MbonambieNdwedwe",0
train_isizulu_00609,AfriHate,@username wola brazo ngyakwata ngoba angikho edolobheni lami lapho edundee abelungu bangibambile la egoli ngyasebenza ukhonze eshiyane pls,0
train_isizulu_00110,AfriHate,ake nibuze abalaleli bazizwa kanjani ngaloludaba ibhunu lidliwa ibhubesi ekade lilifuye iminyaka eyishumi @username #wnb ##url,0
3008,vukuzenzele,"Ukuvulwa komnothoUkuqaliswa ngokusemthe thweni kwesigaba sokuqapha sesithathu, nesiqale ekuqaleni kukaNhlangulana, kufake phakathi ukubuyiselwa kokusebenza ngokujwayelekile kwemikhakha emini ngi yomnotho, ngokulandela imithetho eqinile yezempilo",0
15,vukuzenzele,Ukuthi ugqoka isifonyo uma ungaphakathi kwesakhiwo kanye nasezindaweni ezigcwele abantu.,0
196,vukuzenzele,Sizuzile ngokuba yingxenye yezwi linye eliphokophele ukwenza ngcono ukupha thwa komhlaba okwesekelwe phezu kokuhloniphana kanye nokulawula okulinganayo kwezizwe.,0
test_isizulu_00322,AfriHate,@username “ungalibuki ibhunu” 😅😅 in the great words of.....? 👂🏽,0
643,vukuzenzele,"Ngokunqaba ukuvuna udlame olubhekiswe kwabesifazane nezingane, ngokungabi yingxenye yalo kanye nokubika lezi zenzo, uyisibonelo kwamanye amadoda, ikakhulukazi kumadoda asemancane nabafana.",0
472, umsindo umfundisi elobola izelamani   ,"SEKUPHINDE kwaqubuka umsindo ebandleni lomfundisi waKwaNongoma, uKing Prophet Saziso Ndwandwe, iHealing Hour Emmanuel Prophetic Global Ministry ngemuva kokulobola ngosuku olulodwa izelamani zakwaMdluli eBhambayi eNanda.Ngokusho komthombo ongaphakathi egatsheni laleli bandla elikhonzela enkabeni yedolobha laseThekwini, kunabazalwane abangayizwa indaba yakhe yokuqonywa yizelamani uNondu noTho.Umthombo uthe uNdwandwe (36), obuye asakaze kwiNanda 84.0 FM ngamaSonto, waqala wathandana noNondu baze batholisana ingane.“Bahlukana noNondu engakabelethi. Uthe esuka wayegxumela kudadewabo omncane (uTho) wamphuca ubuntombi bakhe. Uthe esethi uyomlobola, abakubo kwakhe bathi akasale esebathatha kanyekanye noNondu. Yingakho-ke ephoqeleka ukuthi abalobole kanyekanye ngoR8 000 (okusho ukuthi uR4 000 umuntu ngamunye),” kusho umthombo.Uqhuba uthe okucasule abanye abazalwane futhi abaze bambizela emhlanganweni uNdwandwe ukuthi kunohide lwamantombazane obekwaziwa ukuthi ujola nawo futhi awathembise umshado.“Umfundisi useyaganga ngempela ngoba kunentombazane esimbekezelele kakhulu uSne Mgobhozi, sonke ebesesazi ukuthi uzoyithatha. Kunenye futhi eneminyaka engu-18 esisanda kuzwa ukuthi uyigqekeze wayishiya. Kukhona nenye efunda eMangosuthu University of Technology kodwa edabuka KwaHlabisa nayo ayigqekezile,” kuphetha lo mthombo.Enye yala mantombazane okuthiwa uyigqekezile, iziqinisekisile lezi zinkulumo kwiSolezwe ngoMgqibelo.Kodwa icele ukungagagulwa ngoba yesabela ukuthi unina usayazi iyintombi.“Umfundisi wakhuluma nomama ukuthi ufuna ukungenza enye yamakhosikazi akhe kodwa umama wanqaba.“Ngelinye ilanga sagcina silalile naye umfundisi kodwa ngathi angifuni ukushada ngoba ngisafuna ukuqhuba izifundo zami,” kusho le ntokazi eno-18.USne uvumile ukuthi uyathandana nomfundisi kodwa wenqaba ukuphawula ukuthi kumphathe kanjani ukulobola kwakhe izelamani.Imizamo yokuthola izelamani noNdwandwe ayiphumelelanga futhi kwahluleka ngisho sebethunyelelwa nemiyalezo.UNdwandwe uthe okwamanje ngeke akwazi ukuphawula kahle ngalolu daba ngoba kukhona okusamenze wamatasa, kodwa uzobuye akhulume naleli phephandaba. Phambilini watshela leli phephandaba ukuthi unoxhaxha lwezintombi enkonzweni ayiholayo. Wathi uyakholelwa kakhulu esithenjini, nasekuqonyweni futhi uyakholelwa kukhona. Wathi zonke izintombi namakhosikazi akhe, ubaboniswa wuNkulunkulu.Ngo-2005 washadelwa nguVelile uMaDladla kwathi ngonyaka olandelayo walandelisa ngoThando uMaNgcobo ngaphambi kokubalamanisa ngezingoduso okungoNksz Ntombifuthi Mfekayi (24) waseMtubatuba, uNksz Sinothile Ntshangase (24) waseNewcastle noNonhle Ntuli (22) waKwaNongoma.Wathi akagcinile kodwa usazokwengeza ngabanye ababili ukuze agcine enesithembu samakhosikazi ayisikhombisa, ngokomyalelo kaNkulunkulu.Wathi yena wasindiswa ngo-2007 futhi unamandla alingana nawomsunguli webandla lakwaShembe, uMqaliwendlela.UNdwandwe uqale ukuzakhela udumo ngokuzishaya isifuba ngokuthi welapha isandulela-ngculazi futhi atholele abantu imisebenzi ngamatshe.",0
276, siduve emakhazeni isidumbu somfundisi ,"SEKUPHELE amasonto amabili siduve emakhazeni isidumbu somfundisi waseMnambithi umngcwabo wakhe omiswe yinkosikazi endala ethole ukuthi idivoswe ingazi umyeni washada nomunye.UMfundisi Vika Mazibuko (46) webandla lamaZayoni elingatholakalanga igama lalo, washadelwa wuNksz Dumazile Vilakazi (45) ngo-2001. UNksz Vilakazi uthe owesifazane asebebanga naye isidumbu wafika ezokwelashwa, wagcina ehlala iminyaka emithathu ekhaya.“Ngagcina sengimthatha njengengane yami ngoba wazinikela nangokugcwele esontweni. Ngo-2007 umyeni wami wahamba nayo le ntombazane.”Uthe abazange badivose nomyeni wakhe, waqhubeka wahlala emzini wakhe. Uthole ucingo kuninazala wakhe emtshela ukuthi uMazibuko ushonile ngoJuni 24.“Ngaya lapho abehlala khona umyeni wami, umnakwethu wangikhombisa incwadi ekhomba ukuthi ngadivoswa ngo-2009. Ngithole ukuthi umyeni wami uphinde washada nayo le ntombazane ngo-2013,” kusho uNksz Vilakazi.Ngenxa yokumangazwa ukudivosa engazi, uNksz Vilakazi uye enkantolo wavimba ukuthi kudedelwe isidumbu. Uthe akaze awathole amasamanisi edivosi futhi kwakumele kube khona akutholayo uma bedivosa ngoba babehlanganise amafa. Inkantolo inqume ukuthi imindeni ibonisane ngalolu daba.UNksz Vilakazi uthe umnakwabo ugcine evuma ukuthi angcwabe ngesonto eledlule wabuye wajika.“Sigcinana naye enkantolo wathi kulungile ngingcwabe, ngenza namalungiselelo okungcwaba ngeSonto. Kuthe sengiyolanda isidumbu ngoMgqibelo odlule ngathola enye incwadi yasenkantolo ethi ngingangcwabi,” kusho yena.Uthe bekumele baphindele bonke enkantolo ngoMsombuluko kodwa umnakwabo wangafika. Uveze ukuthi kufike amadoda abesonta nomufi, asabise ngokuthi uzophucwa ngisho umuzi ahlala kuwo.UNksz Vilakazi, ongumsebenzi wasezindlini, uthe uke wamzama ummeli ozimele waxakeka ngenxa yemali.Umnakwabo, uNksz Ncamsile Gamede (30), ucingo ulunikeze omunye wesifazane ochaphe intatheli ngenhlamba. Kuthe noma ebuzwa igama lakhe waqhubeka nenhlamba esabisa nangokuthi uzoyilungisa intatheli uma ike yakhipha udaba.Udadewabo kamufi, uNkk Mabaso, elingatholakala igama lakhe, ubhoke ngolaka wathi useganile, akafuni ukufakwa ezindabeni.Ummeli ozimele, uNksz Nolwazi Malimela, weNN and Associates, uthe kungenzeka ukuthi idivosi kaNksz Vilakazi yakhangiswa ephephandabeni ngoba kuyenzeka uma abantu bengasahlali ndawonye.Uthe uma umfundisi ebeseshadile akumele azixake ngokufuna isidumbu, kunalokho kumele ayofaka isicelo sokuthola ingxenye yamafa akhe ngoba babeshade umshado ohlanganisayo.",0
train_isizulu_01030,AfriHate,ngamla sengaze afe nje ngenxa yenkani #generations,0
293, kuboshwe owesibili ngokufa kowe anc ,"SEKUBOSHWE indoda yesibili ngokubulawa komholi wophiko lwentsha kwi-ANC, odutshulwe ngakubo eMlaza ephuma engqungqutheleni yenhlangano ngoMgqibelo.UMnuz Bongani Usher Mkhize (25), ubenguSihlalo we-ANC Youth League (YCL) eCoastal KZN College eyiPhini likaSihlalo we-ANC ku-ward 88 eMlaza. Indoda yokuqala eneminyaka ewu-29 izinikele emaphoyiseni ngosuku lobugebengu. Izolo amaphoyisa aveze ukuthi sekuboshwe indoda eneminyaka ewu-24 mayelana nokufa kukaMkhize.Okhulumela amaphoyisa esifundazweni, uBrigadier Jay Naicker, uthe indoda yokuqala ibhekene necala lokubulala nokuphatha isibhamu esingekho emthethweni.“Ngezithuba zabo-9 ekuseni ngoMgqibelo umufi udutshulwe umsolwa owaziwayo emgwaqweni uYose Drive kwa-V eMlaza. Isibhamu atholakale naso sike sasetshenziswa kwesinye isehlo sobugebengu. Sithathiwe ngamaphoyisa,” kusho uNaicker.UNaicker uthe indoda yesibili iboshwe eMlaza.Uthe womabili amadoda azovela eNkantolo yeMantshi eMlaza namuhla.Uveze ukuthi asaziwa isizathu sokubulawa kukaMkhize kodwa amaphoyisa asaphenya.Izindaba zokufa kukaMkhize zidalulwe nguNobhala we-ANCYL esifundazweni, uMnuz Thanduxolo Sabelo, ngesikhathi kuqhubeka ingqungquthela yokukhetha ubuholi eThekwini.Utshele abezindaba ukuthi uMkhize ubengumholi osemncane kodwa obesebenza ngokuzikhandla. USabelo uthe kuyabakhathaza ukubulawa kwabaholi ngale ndlela, wanxusa ungqongqoshe wamaphoyisa ukuthi asheshise uphenyo. Imiyalezo yenduduzo nesililo bekulokhu kuqhubeke njalo ezinkundleni zokuxhumana, abaningi bekhala ngokuba wumholi oqotho kukaMkhize.Ngesikhathi sokuloba ubungakatholakali umndeni kamufi.",0
train_isizulu_00772,AfriHate,@username sabaukubiza inkawu ngoaunty?but its cool imnandi leyo angithi hlale usideshela acid.,0
train_isizulu_00616,AfriHate,@username kambe mawufuna ukuba umfundisi uthola imfene notokoloshe nani 🤣🤣,0
train_isizulu_01118,AfriHate,@username inkomo zindala zombini,0
dev_isizulu_00316,AfriHate,"49th bday dad ❤!  radebe, mthimkhulu, bhungane, ndlebe ezintle zombini, mafuza fulele njengelifu lemvu, zikode, mashiya amahle, mashwabada owashwabadela inkomo nenpondo zayo, sigoloza esimehlo abomvu esijonga umntu ibengathi siyamjamela!  song: @username #superman #cassper ##url",0
829,vukuzenzele,"NgoNtulikazi ngowezi-2020, uMongameli u-Ramaphosa wagunyaza uphenyo lwe-SIU.",0
train_isizulu_00662,AfriHate,kahle kahle utelkom uyas'bhebha!!!✋,0
333,vukuzenzele,ukusebenza kusukela ngoMbasa kowezi2022. Inkundla iSAYouth.mobi esiza abantu abasha abafuna amathuba omsebenzi ukuze bafinyelele emathubeni nasekwesekweni manje inabantu abasha abangaphezu kwezigidi ezi-2.3 asebebhalisile kuyona.,0
dev_isizulu_00349,AfriHate,uzobhebheka ke yaz umamlambo,0
1308,vukuzenzele,"Bonke abantu abadala abanolwazi noma abasola ukuthi kukhona udlame lwasekhaya olwenziwa enganeni, umuntu okhubazeke ngokwengqondo noma umuntu osemdala banesibopho sokubika izenzo ezifana nalezo kusonhlalakahle noma emaphoyiseni. Ukwehluleka ukwenza lokho",0
2022,vukuzenzele,"Enye yezingxenye ezibaluleke kakhulu zephrojekthi ukwesekwa kwama-NGO agxile emiphakathini. Le phrojekthi ihlinzeka ngo sizo lwezimali kuma-NGO angama-21 aseseke iziguli ezingaphezu kwezi-3500, iningi lazo elisezindaweni zasemakhaya.",0
train_isizulu_01010,AfriHate,@username animeni. owethu uthe uzohamba unqunu izolo so ngiyaxekeka ngingayiboni imomozi yakho,0
train_isizulu_00258,AfriHate,@username haha😀🤣🤣 khohlwa njenge sdomu eskoleni🙅‍♂️🙅‍♂️,0
3059,vukuzenzele,"Manje sinezingxenye zomnotho ezikhethekile eziyi-13 ezweni lonke, ezi hlinzeka abatshalizimali ngezikhuthazi abazi bekele zona zotshalomali, amanani entela abawakhe thayo kanye nokwesekwa kokuthunyelwa kwempa hla kwamanye amazwe.",0
3558,vukuzenzele,"kuningi oku sadinga ukuthi kwenziwe ukuze kwenziwe ngcono izwe lethu futhi kuguqulwe nezimpilo zabo bonke abantu baseNingizimu Afrika. Le nyanga kaMbasa akuyona kuphela eyokuthi sibheke ukuthi sesizuzeni njengezwe, ko dwa yisikhathi futhi lapho iNi ngizimu",0
train_isizulu_01038,AfriHate,"….aningikhumulele amasende akhe niwabe eceleni eze la, mina ngaqhathwa, angimesabi; mhlampe ubona ngoba naku eyindoda😭😭😭ngivuleleni umgangela….wee🗣maah",0
train_isizulu_00859,AfriHate,for???? @username : ngizwa itl ithi uyinja ngakini @username ,0
1251,vukuzenzele,USithibe uphila impilo emnandi kakhulu enebala elimhlophe Abantu abanebala elimhlophe bangazinakekela kanjani? Gwema ukushiswa ilanga lapho ilanga lishisa kakhulu (ngehora lesi-9 ekuseni kuya kwelesi-3 ntambama).,0
173, angase alahlekelwe yisithabathaba somuzi owakhe esizeni somuntu ,"USENGCUPHENI yokulahlekelwa isithabathaba somuzi umndeni waseSikhaleni, eMpangeni, osuthole ukuthi wadayiselwa ngokungemthetho isiza sawo.Ukhala ezimathonsi uNkk Nqobile Mkhwanazi, osecabanga ukuvele awudilize umuzi awakha ngemali yesinxephezelo somyeni wakhe owalimala engozini yemoto. Utshele Isolezwe ukuthi wathenga isiza ngo-2013 esasibiza uR120 000, wakha nomuzi. Uveze ukuthi walandela konke okwenziwa uma uthenga isiza, wathola nencwadi yetayitela. Ngo-2014 kwafika abazibize ngabanikazi balesi siza, abathe abakaze basidayise. UNkk Mkhwanazi uthe athenga kuyena isiza naye wayesidayiselwe ngomunye okusolakala ukuthi nguyena owakokotela omazisi babanikazi baso.“Angisazi yini engizoyenza yingakho sengibona kungcono ngiwudilize umuzi. Icala selibuya ngisho enkantolo ngo-2015 ngatshelwa ukuthi isiza kumele sibuyele kubanikazi baso. Ngesonto eledlule ngithole ucingo kuthiwa angizosayina ukuthi ngiyavuma ukuthi isiza sibuyele kubanikazi,” kubalisa uNkk Mkhwanazi.Umuzi ongase umlahlekele wambiza uR400 000 ukuwakha, unamakamelo amane okulala, ikamelo lokuphumula, elokudlela, ikhishi, amagaraji amabili nezindlu zokugeza ezimbili ezinamathoyilethi. Ingozi alimala kuyo umyeni wakhe yamshiya engakwazi ukuhamba njengoba esebenzisa isihlalo esinamasondo.UNkk Mkhwanazi uthe uyile kobika udaba kuMasipala waseMhlathuze ngoba isiza siselokishini, bathembisa ukululandela.Okhulumela uMasipala, uMnuz Mdu Ncalane uvumile ukuthi lwafika kubona udaba kodwa akukho abangasiza ngakho.Uthe abakutholile wukuthi indawo okwakhiwe kuyo umuzi ayikho ngaphansi kukamasipala.“Ukungenela kwethu kwakuwukubheka ukuthi isiza esikabani. Ngeke sikwazi ukungenela ngoba lena yindawo ezimele engekho ngaphansi kukaMasipala. Sameluleka uNkk Mkhwanazi ukuthi azame abameli ukuxazulula lolu daba,” kusho uNcalane.Isolezwe lizamile ukuthola umnikazi wesiza, oshayelwe emahhovisi akhe okusebenza ngoMsombuluko kwathiwa usaphumile. Intatheli ishiye umyalezo nenombolo yocingo. Izolo kuthiwe uxinwe umsebenzi futhi ngeke abe khona ehhovisi usuku lonke. Omunye owesilisa osebenza enkampanini yakhe, uthe uyalwazi udaba kodwa kumele kuthintwe ngqo umnikazi walo. Kushaye isikhathi sokushicilela engatholakali.",0
466,vukuzenzele,Umasipala uphinde wani kela ngamanye amabho di okuhuhuluza ayi-10 kwabe-KwaZulu-Natal Surfing Federation.,0
3336,vukuzenzele,okuyeka ugwayi INhlangano Yesifo So mdlavuza eNingizimu Afrika (i-CANSA) sikunika la masu alandelayo uma ngabe uzama ukuyeka ukubhema: Nquma usuku ofuna ukuyeka ngalo ukubhema bese wenza kanjalo. Lahla kude zonke izinto ezikukhumbuza ukubhema. Lokhu,0
train_isizulu_01226,AfriHate,kasi-mlungu? uhlala ealex ughel? ##url,0
train_isizulu_01903,AfriHate,asambeni siyongenela ley’ngamla,0
train_isizulu_00112,AfriHate,happy 60th birthday to our lovely radio station ukhozi fm qhubeka ukhule njalo nje nyoni emaphikophiko @username ##url,0
train_isizulu_00373,AfriHate,"angimthembi lona #tigerwoods , uthanda imomozi 🤦🏿‍♂️🫤😉 ##url",0
train_isizulu_02072,AfriHate,zobuya nini inkomo emathafeni???,0
2416,vukuzenzele,"“Sinxusa izingane nentsha ukuthi ingajahi ukuzibandakanya ocansini baze bakulungele ukuthatha izi nqumo eziphusile neziphi lile,” kusho uMabaso.",0
1850,vukuzenzele,ngcono. Ososayensi bethu kanye nabeluleki bezempilo basitshela ukuthi isibalo saba-ntu abathelelekayo sizonyuka njengoba siya esicongweni sesibalo sabathelelekayo. Kodwa sizokwehla nakanjani.,0
1156,vukuzenzele,"Siphinde futhi sengeza ngezinsiza zebhizinisi zakwaGoogle, zokwenza izinkampani zikwazi ukwenza iphrofayili yebhizinisi kanye newebhusayithi yenkampani enga guquguquki kuGoogle mahhala,” kusho u-Shakung.",0
test_isizulu_00094,AfriHate,@username ilamont ilokishi 😂 uwuthi uhamba uvike inkomo,0
481, umfundisi unikele ngesidumbu sendodakazi esokeni ,"KUHLUKENE phakathi umndeni umfundisi webandla lamaZayoni eMtshezi ‘enikela’ ngesidumbu sendodakazi yakhe esokeningoba ethi lalobola, kodwaizingane zakhe, abafowabo nodadewabo bathi bayakweshwama lokhu.Njengamanje isidumbu sikaNksz Thabile Mpungose (46), sibangwa yilo mndeni nesoka nalo elithi yilona elizomngcwaba ngoba bese lilobole kushoda ngomshado kuphela, kodwa amanye amalungu omndeni awakwazi lokho, abemazi njengomuntu ozijolelayo nje.Lokhu kuvele emuva kokushona kwakhe uMnuz Mbongeni Mathe waKwaNongoma obaziwa njengesoka, eveza ukuthi usengumkhwenyana ngakho uzozingcwabela yena.Omunye wamalungu omndeni utshele leli phephandaba ukuthi uyise kamufi uMnuz Bangumuzi Mpungose wamukela uR30 000 njengelobolo kuMathe nokwenza avumelane naye ngokungcwaba umufi.“Uyanqaba ukuthi angcwatshwe ekhaya eMtshezi ngoba usaba ukuthi uMathe uzofuna ilobolo lakhe. Akekho umuntu obaziukuthi kukhona osekwakhokhwa ngisho ubhuti kamufi akabizwanga.“Nathi nezingane zakhe besingazi nosisi ubengakaze asitshele lokho. Noma ngabe kukhona abakukhipha kodwa ubengashadile,” kusho leli lungu lomndeni.Indodakazi kamufi uNksz Lungi Mpungose (28) ithe yize umkhulu wabo engafuni kungcwatshwe unina kubo bazoqhubeka nemizamo angcwatshelwe eStanger lapho ebenomuzi khona.UNksz Mpungose uveze ukuthi yena akasebenzi kodwa umfowabo (20) uzozithwala izindleko zomngcwabo. “Ushone kade esezohlala nathi eStanger ebuya KwaNongoma ngenxa yezinkinga ebebhekene nazo. Indaba yamalobolo asiyazi, akakaze akhulume ngayo siyiqabuka manje eseshonile. Siyasihlonipha isinqumo sikamkhulu ngoba uthe akasidingi isidumbu sakhe kwakhe. Sizokwenza imizamo yokuzingcwabela,” kusho uNksz Mpungose ekhathazekile.Ethintwa umkhulu wabo ubhoke wakhahlela waveza ukuthi ngeke alubhade kulowo mngcwabo.“Ngangingeke ngitshele bona. Uma umuntu elotsholelwa ubuza abafowabo.“Kodwa ngoba bayizingane ezingezwa abazibonele,mina uma umkhwenyana ethi akayi emgcwabeni ngizongayi nami. Lo oshonile uyazi ukuthi bese kusele umshado ubesanda kufika ezolanda imali yokwembesa abakhwekazi. Ngabe bese beshadilekulibazise bona,” kusho uMpungose.Eqhuba uvumile ukuthi umufi ubese nazoizinhlelo zokubuyela emzini wakhe eStanger nezingane sezibhaliswe ngakhona kodwa wathi lokho akusho ukuthi ubesehlukana noMathe.“Bebengaxabene lokho sekukhandwa yizo lezi zingane. Umkhwenyana ubemnakekela ngisho egula emhambisa kodokotela,” kusho uMpungose.Leli phephandaba liphinde lathola ukuthi kukhona nokushaya amakhala ngokushona kukamufi njengoba kuthiwa wamilwa iqhubu emlonyeni ngoMsombuluko wakhala ngalo kwaze kube ushonela erenki eMpangeni ngoLwesihlanu esendleleni ebheke eStanger.Ethintwa uMathe ngalolu daba uvele wangena ezintangeni waveza ukuthi naye unemibuzo ayibhekise kwiphephandaba ufuna ukwazi lizithola kanjani izindaba, kwaze kwaba ugcine engaphawulanga ngokugcwele.",0
train_isizulu_02076,AfriHate,#ukhozifm60 @username #isidlosasekuseni  @username 🎂🍼🎂🍼🎂🍼🎂🍼🦅 ukhozi ngilifanisa nesikhukhukazi esimatshwele. halala nyoni emaphikophiko ukhule njalo 🦅 ##url,0
train_isizulu_02837,AfriHate,@username ngihlala ngilulalele njalo loluhlelo ngizomlinda umam mazulu marawa umakagugu nonomvula#indumiso,0
1197,vukuzenzele,"Kamuva-nje oKlebe bacacise inqubekelapha mbili esiyenziwe iThimba Elilwisana Nenkohlakalo, i-Fusion Centre eyingxe nye yalo. Phakathi ko nyakamali wezi-2019 nowezi-2022, abasolwa abangama-554 baboshelwa inkohlakalo, abayi-142 babo balahlwa ngamacala.",0
train_isizulu_02645,AfriHate,@username abadayise imomozi kahle kucace,0
2272,vukuzenzele,"Ngasho ngaphambilini ukuthi ukunqoba impi yenkohlakalo kuzoba nzima, futhi kuzothatha isikhathi ukusiphula izimpande zala mandla okwenzelelana esezinabe zasabalala.",0
145,vukuzenzele,ukuphawula okuqhamuka ezigulini mayelana nezikhu-ngo zazo zokuhlala ngawe-dwana.U-Marie Jantjies oqhamuka e-Witzenberg uye waqoka ukulandela iseluleko sabasebenzi bezempilo futhi waya esikhungweni sokuhlala ngawedwana ngoba umama wakhe oneminyaka engama-97,0
train_isizulu_01702,AfriHate,@username izophela imomozi leyo bese siya ku mhlongo wemomozi afike ayipheshe istove sibe ku 6🤌 👍🤣 ##url,0
train_isizulu_00800,AfriHate,“ngithi mina mfethu ngithathele noma yini engiyishoyo ngoba asazi okwanonisa ingulube.. yabo lento engiyshoyo..... ey kabi ubani ozobiza utira.”,0
1944,vukuzenzele,"ugeze izandla zakho ulandele umyalelo wokuqhelelana nabantu khumbula ukuthimule-la nokukhwehlelela endo-lolwaneni yakho gwema ukuthinta ame hlo akho, ikhala noma umlomo ngezandla ezingcolile.",0
261,vukuzenzele,"“Namhlanje singofakazi bokufezwa kwephupho lalo mphakathi. Kungumbono walo mphakathi osekuphele iminyaka engama-25 be lwela ukuwubona ufezeka,” kusho uMongameli emci mbini wokunikezelwa kwa lo mhlaba.",0
train_isizulu_02416,AfriHate,"when dingani was busy saying [umbhebhe, bhebha bhebha] my mom was  like aibo waze wayikhuluma intebhedayo lo😐😐i looked at my sister and looked at u mah and i couldn't hold it in shame ngafa insini #thequeenmzansimagic161 😂😂😂😂🤣🤣🤣🤣🤣🤣🤣🤣🤣",0
2263,vukuzenzele,"Ukuze konke ukulwisana nenkohlakalo kuzophumelela, akwanele ukuthi ababhebhezeli bayashu shiswa. Konke abakuzuze ngenxa yobugebengu babo kumele kubuyiswe. Le mali ngeyezakhamuzi futhi kumele isetshenziselwe ukuhlangabezana nezidingo zazo.",0
3072,vukuzenzele,Uma bebhalisa abavoti kufanele baveze namakheli abo noma incazelo yezindawo abahlala kuzona ukuze iKho mishana yoKhetho ibafake esigabeni esifanele sohlu lwabavoti. Abudingeki ubu fakazi bendawo lapho umu ntu ehlala khona.,0
3484,vukuzenzele,"Ngenkathi lena kuyinqu bekela-phambili ebalu lekile, kodwa usemuni ngi umsebenzi oku safa nele ukuthi wenziwe ukuthi kubekwe ichweba laseThe kwini ezingeni lomhlaba futhi kube yichweba lokuthunye lwa kwempahla ngomkhumbi eNkabeni eseNingizimu Ye zwe.",0
873,vukuzenzele,"Uku qeqeshwa abasihlinzeke kona kusisize ukuthi sibe nokuzethemba ngokuphathelene namakhono,” kusho yena.",0
train_isizulu_00029,AfriHate,"😂😂😂""@username : udlalela abelungu mfana? uyinja🙌🏾🙌🏾 ##url",0
1723,vukuzenzele,"kuthuthukisa imakethe yokudla, izimpahla zolimo kanye nezinsiza.Inhloso enkulu yokudedela lezi ziqephu zomhlaba ngukuguqula isimo sezolimo ngokukhulisa isizukulwane esisha sabalimi. Ukuqasha umhlaba ngaphansi kwezimo ezivunayo kumele kubenze bacabange",0
train_isizulu_01807,AfriHate,nay'ingulube ingnonela noh!,0
3147,vukuzenzele,ekubambezelekeni okungenasizathu kwezinko khelo okumele zitholwe ngabafakizicelo. Angalamula kuphela izikhalo ezifakwe eminyakeni emithathu eye dlule.,0
3075,vukuzenzele,"Yonga ngempahla engenantelaImpahla engenantela yethulwa nguhulumeni ngowe-1991 ukusiza ama khaya anemalingeniso encane. Kusukela yethulwa okokuqala, izinto eziningi zengeziwe ohlwini.NgokweSikhungo Esiqoqa Intela eNingizimu Afrika, ukudla okungenayo",0
train_isizulu_02491,AfriHate,gaxa isende lento.,0
train_isizulu_00411,AfriHate,uzobhebheka ke mntanami 😂😂😂 ##url,0
1694,vukuzenzele,"isicelo elejwayelekile le-Ejensi Yokuthuthukiswa Kwamabhizinisi Amancane (i-SEDA), ele-Ejensi Yo xhasomali Lwamabhizinisi Amancane (i-SEFA), eleSi khwama Sokuthuthukiswa Kwamabhizinisi Kuzwelonke (i-NEF) kanye nele-Ejensi Yokuthuthukiswa Kwentsha",0
train_isizulu_02690,AfriHate,@username abokhlwe njenge sdomu eskoleni ##url,0
3308,vukuzenzele,"Uhlola imoto yakho ngaphambi kokuba uye lapho uphokophele ukuya khona, ukuze uqikelele ukuthi ise simweni esigculisayo.",0
3235,vukuzenzele,futhi kudala yazilungiselela. Kusuka kwabikwa okokuqala ngokuqubuka kwalolu bhubhane sesisukumile ukubeka ngomumo izinhlelo zokuhlola kanye nokugcina labo asebethelelekile. Ukusukuma kwethu njengezwe kuqhutshwa iKomidi Elakhiwe Ngongqongqoshe (i-IMC),0
2073,vukuzenzele,"Ngokusho kuka-Best, iVulekamali yeseka ukubanda kanyeka komphakathi ezinhlelweni zesabelomali futhi wenza izakhamuzi zikwazi ukuba nezingxoxo ezinolwazi neziphusile mayelana nezinqubomgomo zikahulumeni.",0
2639,vukuzenzele,kubona ngumsebenzi womphakathi osezingeni eliphezulu.,0
2380,vukuzenzele,"Imifundaze yakwa-MISA ikhangiswa ku www.misa.gov.za kusuka kwinyanga kaMandulo, kuFacebook @MISA, kuTwitter @MISA_CoGTA nakuInstagram @MISA_CoGTA.",0
2525,vukuzenzele,"Konke kubalulekile kulesi sikhathi, ikakhulukazi ngoba kusondela isikhathi samaho lide, ukuthi kungabi yithina esisonga izandla.",0
1608,vukuzenzele,"ngulwe kabusha.Lokhu kubandakanya ukugxila kwesikubiza 'ngokuqashwa komphakathi'. Sisebenzela phezu kokuthi awukho umsebenzi ongenziwa ukubhekana nezinkinga zenhlalo eziningi emphakathini wethu. Inhloso ngukuseka amakho no okudala, okusungula ka nye",0
dev_isizulu_00262,AfriHate,malini imfene encane kuyaphuthuma,0
341, bajabule ongqongqoshe ngabakhi bamakhondomu ,"UNGQONGQOSHE wezeMpilo kuleli, uDkt Aaron Motsoaledi noNgqongqoshe walo mnyango KwaZulu-Natal, uDkt Sibongiseni Dhlomo, banelisekile ngokusebenza kwenkampani ekhiqiza amakhondomu, eseDube Trade Port.Ngemuva kokuvalwa kwengqungquthela ebidingida izinto ezithinta isifo sofuba, eThekwini, ngesonto eledlule uDhlomo noMotsoaledi bavakashele isikhungo esakhiwe ngokusebenzisana nenkampani yase-United States, iHBM neSA Potection Services. Lesi sikhungo sibizwa ngokuthi iHBM-SA.Lesi sikhungo sikhiqiza amakhondomu angu-700 000 ngosuku. Lawa makhondomu aphakelwa ezikhungweni zezempilo zakuleli, amanye adayiswe emazweni angaphandle. Kulindeleke ukuthi le nkampani yenyuse isibalo somkhiqizo wayo kungekudala njengoba iqhubeka nokunweba ibhilidi esebenzela kulo.Amakhondomu akhiqizwa kulesi sikhungo, iMax Condoms, angene esikhundleni seChoice azosatshalaliswa ezikhungweni zikahulumeni.Le nkampani, eyakhiwe ngoR150 million, iqashe abantu abangu-150 bendawo. Ngaphambi kokuthi kusungulwe le nkampani, uMnyango wezeMpilo bewuwathenga eChina amakhondomu asatshalaliswa ezikhungweni zikahulumeni. Ngemuva kokuthi uhulumeni esungule uphiko oluyisipesheli lokuthuthukiswa komnotho, eDube Trade Port, uthathe isinqumo sokuthi le nkampani ibe kulesi sikhungo esenzelwe ukuthi kube lula ukuthi kuthunyelwe izimpahla kwamanye amazwe.UDkt Dhlomo uthe: “Ungqongqoshe kumjabulisile akubone kulesi sikhungo waze wethembisa ukuthi uzobuya maduze azosivula ngokusemthethweni. Okumjabulise kakhulu ukuthi lesi sikhungo singakwazi ukukhiqiza amakhondomu angu-1.4 million ngosuku. Thina kulesi sifundazwe sishaye izinyoni ezimbili ngetshe elilodwa ngokuvulwa kwalesi sikhungo esifundazweni sethu, ukuba khona kwaso kusho ukuthi ngeke sishodelwe ngamakhondomu njengoba ezobe ekhiqizwa lapha. Kuzoba lula ukuthi athunyelwe ezikhungweni zezempilo kulesi sifundazwe,” usho kanje.Amakhondomu athathwa njengesivikeli esiphephile esingavikela ukukhulelwa okungadingekile nokudluliselana ngezifo socansi.Izibalo zezempilo kuleli zikhombisa ukuthi amantombazane aneminyaka ephakathi kuka-15 no-24 kunamathuba amaningi okuthi athole igciwane lengculazi nokuthi akhulelwe engahlelile. Lokhu kunomthelelela wokuthi kube nabafundi abaningi abaphume esikoleni bengaziphothulile izifundo zabo ezikoleni zamabanga aphezulu nasezikhungweni zezemfundo eziphakeme.UDhlomo uthe uhulumeli usaqhubeka nokugqugquzela ukuthi abantu basebenzise uhlelo lokuzivikela oluhlanganisa izindlela ezembili ngesikhathi esisodwa, iDual Protection. Abesilisa basokwe kodwa baqhubeke basebenzise amakhondomu, njalo uma beya ocasini, abesifazane basebenzise amaphilisi noma umjovo wokuhlela nekhondomu, njalo uma beya ocansini.",0
train_isizulu_01425,AfriHate,"avele amasende aphume eskhwameni abuyele esiswini same time. uzwe ubanjwa inkwantshu esiswini, kushwaqe iynwele ngathi ubona ispoki... ##url",0
train_isizulu_01077,AfriHate,kusho inja nayo ifuna ukuk'bhebha idlule. 😂😂😂 ##url,0
2842,vukuzenzele,Ukuncelisa ibele kunciphisa ingcuphe yokuthi ingane yakho ibe nama-aleji.,0
738, kwebiwe ukudla kokuphekela abafundi ,"BAGODUKE bengadlile izolo abafundi besikole samabanga aphansi KwaMakhutha, abafike kugqekezwe kwebiwa nokudla kwabo.Kuphoqeleke ukuthi basheshe bagoduke abafundi baseHabiyane Primary njengoba izigebengu zithathe konke ukudla abaphekelwa kona, kwebiwa nesitofu. Isolezwe lifike kulesi sikole izolo omama abaphekayo bezipholele ekhishini. Endlini okuhlala kuyo ukudla bekukhona ama-butternut ambalwa okuthiwa yiwona asale ngesikhathi kwebiwa. Kusolwa ukuthi izigebengu zingene ngopotsho maqede zabhoboza uphahla ekhishini.UMnuz Lucky Mbhele ongumzali futhi ongunogada wesikole, uthe ngoMgqibelo wayezongena esikoleni ngezithuba zabo-7 ngesikhathi eficana nomunye wabasolwa.“Ngamfica ekilasini lakwaGrade 7, ngamkhiyela ngaphakathi ngayobiza amaphoyisa. Nguyena ogcine esitshela ukuthi izimpahla zidayiswe kuphi njengoba ethe isitofu sidayiswe ngoR400, kwebiwa nezigubhu zikagesi,” kuchaza uMbhele.UMbhele othe ugada emini kuphela, uthe kukaningi begqekezelwa ngoba isango alikhiywa futhi kunopotsho abaningi. Uthe sekwakhishwa ngisho izinsimbi zasemawindini nasezicabheni. Oyilungu lesigungu esilawula isikole, uNkk Thulisile Mthembu, uthe inselelo enkulu ukuthi abanaye unogada okhokhelwa umnyango. Uthe uMbhele akakwazi ukwenza kahle umsebenzi ngokugcwele ngoba uhlanganiselwa ngabazali imali, abuye angakhokheleki kahle.Okhulumela amaphoyisa KwaZulu-Natal uCaptain Nqobile Gwala, uthe kuboshwe umsolwa oneminyaka engu-30, ovele eNkantolo yeMantshi eMbumbulu izolo.Iphephandaba livakashele naseMasuku Primary eFolweni lapho kwadutshulwa khona uthisha emagcekeni esikole ngaphambi kokuvalwa kwezikole ngenyanga edlule. UMnuz Siboniso Nyawose wadutshulwa efika esikoleni ekuseni, uMnyango wezeMfundo wathembisa ukuqinisa ezokuphepha. Omunye uthisha ocele ukungadalulwa, uthe abazange baphazamiseke izolo yize besasaba. Uthe amaphoyisa afikile ukuzohlola isimo ekuseni. Esangweni bekukhona onogada ababili okuthiwa bashintshana nabanye ababili abangena ebusuku.Esitatimendeni esithunyelwe abezindaba uNgqongqoshe wezeMfundo eKZN uMnuz Kwazi Mshengu, uthe konke kuhambe kahle ngosuku lokuqala lokuvulwa kwezikole. Ungqongqoshe ugasele kungazelewe eMyezaneni High eMgungundlovu ukuyobheka ukuthi kuyafundwa ngosuku lokuqala. Lesi sikole kuke kwabikwa ngaso kuthiwa sinabafundi abasebenzisa izidakamizwa futhi abangakuhloniphi ukungena ngesikhathi. UMshengu uvakashele naseDabulamanzi Combined eMgungundlovu. Kuhlelwa ukuthi lesi sikole sigxile kwezolimo.",0
2132,vukuzenzele,Ngakho-ke angeke neze udale igciwane futhi angeke wenze ukuthi uhlonzwe njengonegciwane emva kokugoma.,0
test_isizulu_00250,AfriHate,ngino 5 years ngidla imomozi kodwa i have no idea what a labia is.,0
871,vukuzenzele,Omunye wabasebenzi ofunde wagogoda izifundo zobunjiniyela uSthembiso Mthembu okujabulela kakhulu ukuthi useyasebenza.,0
386, ezothando ngashada ngenqubo yesonto umyeni wami akangigculisi ,"UMBUZO: Ngishade ngo-2015 nomyeni wami ngenqubo yasesontweni yokuthi akujolwa futhi asibonani size sishade. Iqiniso lithi angazi ngaluthwa yini kulo muntu. Akasiyo nhlobo le nto engangiyifisa empilweni yami. Akanakho nokukodwa nje okungijabulisayo.Lokhu ngaqala ukukuzwa ezinsukwini ezimbalwa nje sishadile, ngabekezela ngoba ngithi mhlambe asikazani kahle. Kodwa kuyangicacela manje ukuthi akusilo ubambo lwami lolu, ngehluleka ngisho ukuzenzisa. Manje useGoli ngokusebenza, uma efikile ngifisa ngabe usehambile. Okubi nje sesinomntwana. Ngifisa ngisho ukuduka nezwe kunokuba kulo mshado kodwa uma ngicabanga ngomntwana wethu ngivele ngihlale. Ngicela ningisize.Igama ligodliwe, eThekwiniIMPENDULO:Uma ushada nomuntu, noma ngabe kungaluphi uhlelo, nishada nobabili senikhulile, ninesipiliyoni sempilo ngokwehlukile. Abekho ababili abashada bese bayanamathelana ngokushesha. Kuthatha isikhathi ukunamathela koshade naye.Akekho noyedwa oshadile, oshade ubambo lwakhe. Sonke njengabashadile sifunda ukunamathela omunye komunye nsuku zonke.Uthando akuyona imizwa kodwa ukuthatha isinqumo nsuku zonke ukuthi uzozinikela ngenhliziyo yakho yonke kulo omganile.Bheka ukuthi yini ngempela ongayithandi ngomyeni wakho, bese nihlala phansi nikhulume. Siqinisekile ukuthi kukhona naye angakuthandi ngawe, ngoba sonke njengabantu asimsulwa.Ukuhlala nomuntu nithandane nize nihlukaniswe ukufa isinqumo ozithathela sona wena wedwa kuqala. Uthatha lesi sinqumo wethembise ukuthi uzomthanda lo oshade naye ngaphandle kokunaka amaphutha akhe. Usuke unquma ukuthi ubudlelwano benu bomshado buyobuswa yintethelelo, ukuthula nokwethembana. Ukuthanda umuntu akuzenzekeli, kuyasetshenzwa.UMBUZO:Sesineminyaka cishe ewu-9 sashada. Ngagana indoda emadodeni, sabusiswa nangezingane ezimbili. Akakaze angihluphe ngalutho. Uyena kuphela osebenzayo, njengoba savumelana ukuthi mina nginakekele izingane nomuzi wethu. Wenza konke engicabanga ukuthi kufanele kwenziwe yindoda.Inkinga nje ukuthi nginesizungu emshadweni wami. Ngazinikela kuye nakulo mshado ngale ndlela yokuthi yonke impilo yami ingomyeni nabantwana bami. Anginampilo ngaphandle kwabo. Akukho engingakwenzi ukujabulisa wonke umuntu la ekhaya. Kodwa mina angisenawo awami amaphupho, futhi loku kungiphatha kabi. Ngicela ningisize.Londiwe, eThekwiniIMPENDULO:Akuve kulula ukuzibona usugwinywe umshado unganakile. Loku kwenzeka kakhulu kubantu besifazane ngoba bangabantu abazinikelayo sidalo. Kuyinto enhle ukuthi uyayibona le nkinga kusemanje.Kufanele uzinikele umshadweni wakho ngokuphelele kodwa ungazikhohlwa phela nawe. Qala ngokuthi kube nelanga nje elilodwa lakho esontweni lapho wenza khona noma yini oyithandayo eqondene nawe. Kungaba ukuyozivocavoca noma ukuya ekhaya kini uyobonana nabakini owaziyo ukuthi bayakuthanda. Zijwayeze ukuba nesikhathi esithi wena. Uma wawunabangani ngaphambi kokushada qala uvuselele lobo bungani. Kuyingozi enkulu ukulahlekelwa impilo yakho usesemshadweni ngezinhloso zokujabulisa umyeni wakho.Hlala phansi uvuselele konke okwakuyiphupho lakho. Kungaba ukuqhubeka nezifundo, ukuqala ibhizinisi noma ukubuyela emsebenzini nje. Cabangisisa nokuthi, njengoba ungasasebenzi nje, wawuyingxenye engakanani ekuthatheni leso sinqumo? Hlala phansi nomyeni wakho umtshele inkinga obhekene nayo.UMBUZO:Ngineminyaka ewu-38, ngiganwe unkosikazi ona-27 weminyaka. Ezinyangeni ezimbalwa ezedlule uqale ukusabisa ngokushiya phansi umshado wethu ngenxa yobudoda bami obungasenamandla. Akukho engingakwenzi ekhaya njengendoda, inkinga yinye nje kuphela, ile yobudoda bami. Sengiyizame yonke imishanguzo nezimbiza ezivusa umlilo kodwa kwanhlanga zimuka nomoya. Kwala ngisho sengimthengela imoto kanokusho ukuzama ukumehlisa umoya kodwa lutho akulungi. Umshado wami usengcupheni. Ngenzenjani?IMPENDULO:Siyazwelana nawe mfowethu. Akulona iphutha lakho ngempela kodwa kumele umzwele noma kunjalo unkosikazi wakho. Kuthatha umuntu oqotho ukuhlala emshadweni ongenalo ucansi, okanye omunye engagculisekile khona ngokocansi. Kona kuyahlaleka, akuyona into engaze inenze nehlukane. Okubalulekile ukuthi nifunde nibe nezinye izindlela zokuzijabulisa.Xhumana nathi ku:Facebook: Mo&PhindiInsta: Mo_PhindiEmail:[email protected]",0
766,vukuzenzele,"Uma izikhungo zikahulumeni zilawulwa kahle futhi ngempumelelo, uma zibonisa ukuthembeka nokuba neqiniso ekusebenzeni kwazo, lokhu kufaka isandla ekwenyuseni ukuthembeka kuhulumeni.",0
2531,vukuzenzele,"Izenzo zethu ezilungi le zokugqoka isifonyo, zokuqhelelana kanye no kuhlanza izandla njalo kusisizile ukudlula ebungo zini bobhubhane. Kuseyizo izikhali zethu ezihamba phambili.",0
1632,vukuzenzele,"kwemisebenzi lapha futhi njengamanje.Umzamo wokusungula imisebenzi ungumphumela wokubonisana okujulile neminyango kazwelonke, yezi fundazwe kanye nomasipala ukuze kwakhiwe ngokushe sha izinhlelo zomsebenzi ezizoqala ukusebenza noma zisatshalaliswe",0
2275,vukuzenzele,"Kodwa-ke, njengoba iNkantolo Ekhethekile ibonisile, kancane kanca ne siyasiguqula isimo.",0
3294,vukuzenzele,"Badle imithi yabo yokwe-lashwa ngendlela eyiyo, njengoba kusho ungoti we-zokunakekelwa kwempilo. Bahlanze izandla zabo ngensipho namanzi oku-ngenani imizuzwana enga-ma-20, ngaphambi kokuba bathinte imithi. Bangalinge bayeke uku-dla imithi yokwelashwa",0
695,vukuzenzele,"zangunaphakade, futhi akukho na-munye okufanele ukuthi abulawe ukusokwa. Kumele siqinisekise ukuthi abesilisa abasebasha ba-sokwa ngendlela ephephile. Sigqugquzelwa yimiphu-mela yocwaningo lwakamuva olumayelana nezindlela zoku-vikelwa kweSandulela ngculazi",0
533, kunxuswa obaba bavikele izingane ,"INHLANGANO elwela amalungelo ezingane, i-Operation Bobbi Bear, isinxuse abesilisa, ikakhulu obaba ukuthi bazivikele izingane kungabi yibo abazidlwengulayo.Lokhu kulandela ukuboshwa komlisa (38) waseMfazazane, eMthwalume, osolwa ngokudlwengula indodakazi (14) yakhe angayizali nokusolwa ukuthi useze wayikhulelisa. Kuthiwa lo mlisa onengane eneminyaka emihlanu nonina wale ntombazane uqale ukuyidlwengula ineminyaka eyisishiyagalolunye.Lo mlisa obevele eNkantolo yeMantshi eMzumbe, uzophinde avele ngesonto elizayo lapho okulindeleke ukuthi afake isicelo sebheyili.UNksz Sibongile Ngcobo we-Operation Bobbi Bear unxuse obaba ukuthi bazivikele izingane ngisho kungathiwa abazizali.“Siyabancenga obaba ukuthi babe ngobaba bangempela kungabi yibo abahlukumeza izingane. Sibona izigameko eziningi zezingane okuthiwa zidlwengulwe ngobaba. Nobaba osuke engayizali ingane usuke ewubaba wayo,” kusho uNksz Ngcobo.Kubuhlungu ukubona lesi simo ikakhulu njengoba kusazongenwa kumkhankaso we-16 Days of Activism for No Violence Against Women and Children obanjwa ngoNovemba 25 kuya kuDisemba 10.UNksz Ngcobo uthe omama kubalulekile ukuthi banakekele izingane zabo futhi baxoxisane nazo ukuze zikwazi ukubatshela uma kukhona izinkinga ezibhekene nazo.Uthe lokhu akushoyo akusho ukuthi unina wale ngane ubengayinakekeli.Uphinde wanxusa abazali ukuthi bangagcini kuphela ngokunaka ezabo izingane kodwa banakekele nezingane zasemiphakathini abavela kuyo.“Kufanele sithi uma sibona ingane emgwaqweni siyithathe njengeyethu. Masibe nomcabango wokuthi ingane yomuntu ingane yami,” kusho uNksz Ngcobo.",0
815,vukuzenzele,"Lokhu kuhlanganisa izinkampani zikahulumeni ezifana neZezindiza zaseNingizimu Afrika, Uphiko Lohlelo LukaHulumeni Lwezokuxhumana Nokudluliswa Kolwazi kanye noMnyango Wokuqo qwa kweNtela eNingizimu Afrika.",0
1502,vukuzenzele,"IKapa inabantu abehluka hlukene, ngaphandle nje kwezivakashi eziphuma emazweni; bonke bathola ithuba lokufunda ngokudla kwesiZulu,” kusho yena.",0
2840,vukuzenzele,UNgqongqoshe wezeMpilo esiFundazweni saseLimpopo uDkt Phophi Ramathuba ekakwe ngomama abancelisa ibele abebehambele umcimbi wokwethulwa kwegumbi lokuncelisa.,0
3064,vukuzenzele,UMashinini uthe zonke izikhungo zokuvota eziyizi-22 932 zizovula kusukela ngo-08h00 ukuya ngo-17h00 ngempelasonto yokubhalisela ukuvota.,0
1967,vukuzenzele,"njalo ngosizo lwenkampani yakwa-BMW kuyingxenye yalokho kuphumelela”.“Ukusuka manje kuya ku nyaka wezi-2025, sizabe sese ka izingane eziyisigidi kanye nentsha emhlabeni jikelele ngezinhlelo zemfundo ezihleliwe, nezigxile emakhonweni.”",0
2839,vukuzenzele,"“Ubisi lwebele luqukethe wonke umsoco odingwa usa na futhi ayikho enye indlela yokulukhiqiza ngaphandle kokwemvelo,” kusho uNgqo ngqoshe Wesifundazwe.",0
test_isizulu_00522,AfriHate,"@username khula nyoni emaphiko phiko endizela ndawo zonke nalapho kungahlali khona ngisho ibhanoyo 🎉🎉🎉 happy birthday ukhozi fm , ngisenquthu kwavulamehlo emagundwaneni #ukhozifm62   #ukhozifmvabs",0
3578,vukuzenzele,"namanje phakathi kwezinhlanga zakuleli, ukuhlaliswa kwabantu ezindaweni ezingakulungele kahle ukuhlalisa abantu kanye nobubha. Laba bantu abasha bagcwele ukuzethemba futhi banezifiso ezinkulu. Bayawazi amalungelo abo futhi abesabi naka ncane ukugcizelela",0
test_isizulu_00441,AfriHate,"uwena ikhasmende ""@username : abakwazi phela wena zalo ""@username : omahosha baphoxa ngokungakweletisi""""",0
test_isizulu_00372,AfriHate,"qomba maqombane  vula-vala skhwama senyanga  yilo👉 nalo👈 mfene bayak'banga'bathakathi  uma akasang'thandi uphakela amaphara😂 @ centurion, gauteng ##url",0
1202,vukuzenzele,"Ukuqhubeka nokuqi nisa imizamo yethu yokulwa nenkohlakalo, ngimemezela ukubekwa koMkhandlu Kazwelonke Oweluleka Ngokulwa Nenkohlakalo.",0
327,vukuzenzele,"kwimakethe entsha, ikhiqize izimpahla ezintsha, futhi iqashe abantu abaningi,” kusho yena.",0
2001,vukuzenzele,"lehlile izinga labantu abashonele emgwaqweni kula maholide, kepha iqiniso elinzima kakhulu yilo nje elokuthi babalelwa kwi-1,600 abantu abashonile enyangeni nohhafu khona emigwaqweni yethu. Kuphinde kwethuse kakhulu ukuthi ba dlula izinkulungwane",0
train_isizulu_02803,AfriHate,@username wenja usizakele 😂😂😂,0
train_isizulu_01833,AfriHate,@username kubuhlungu kuthina sonke. qina amasende ushaye indlwabu kuzolunga,0
train_isizulu_01766,AfriHate,@username power mix sdudla sangempela @username sijaiva 💃🕺🏽 kuphela ngala eshowe #chillaz,0
3576,vukuzenzele,"nowezi-2020. Angingabazi nakancane ukuthi lona ngumuzwa wabo bonke abantu abasha futhi ikakhulukazi uquqaba lwentsha ezalwe ngasekuqaleni kwaleli khulu-nyaka, manje esinga bantu abasha abangena empilweni yabo yobudala, labo entsheni abadu me ngelama-2000.",0
train_isizulu_02078,AfriHate,@username uyinja tlotli ❤️😭😭😂😂😂😂,0
train_isizulu_01459,AfriHate,@username ku zacile lokuya ko mfana nginga vese ngimphule nje🤣🤣🤣,0
1607,vukuzenzele,"le-corona. Konke lokhu sekume ngomumo ukuthi kuqale ukusebenza, futhi kwengeza ezibophezelweni ezikhona.Ngesikhathi ezinye izi ndlela zokungenelela za khela phezu kwamandla ezinhlelo ezivele zikhona, lo mzamo nawo ubandakanya izindlela ezintsha nezisu",0
698,vukuzenzele,"miphumela inamandla kakhulu ekuqiniseni amandla ethu oku-bhekana nalo mqedazwe.Uma sifuna ukuqeda ngempu-melelo i-AIDS njengensongo ye-sihlava sezempilo yomphakathi eminyakeni eyishumi ezayo, kufanele ukuthi sihlanganise le ntuthuko yokwelapha ngo-kwenza",0
748, inqwaba eboshelwe inkohlakalo ,"KUBOSHWE izisebenzi zoMnyango wezaseKhaya ezingu-17 kanjalo nabanye abangezona izisebenzi zalo mnyango abangu-12 ngamacala athinta inkohlakalo.Lokhu kuvezwe nguNgqongqoshe walo Mnyango uDkt Aaron Motsoaledi ephendula umbuzo kaNksz Liezl Linda van der Merwe we-IFP obuze ukuthi iziphi izinyathelo ezenziwayo emnyangweni ukuqeda inkohlakalo ethinta ukukhishwa kwezinto ngomgunyathi emnyangweni okubeka engcupheni ezokuphepha kwezwe.UMotsoaledi uthe bathula umkhankaso iBvisa Masina, elwisana nenkohlakalo. “Sisebenzisana nezinhlaka zokuphepha ukulwa nenkohlakalo emnyangweni. Onyakeni wezimali odlule sibophe abasebenzi abangu-17 kanjalo nabangebona abasebenzi abangu-12 ngenxa yalo mkhankaso.”Uthe bamatasa bafundisa izisebenzi zomnyango mayelana nenkohlakalo kanjalo nomthelela omubi wayo. “Sifuna ukuthi abasebenzi bethu baziphathe ngendlela yingakho uphiko lomnyango olulwa nenkohlakalo luzama ukunqanda izehlakalo zenkohlakalo. Siyaphenya ngazo zonke izinsolo ezibikwayo zenkohlakalo.”Uthe uma kutholakala ukuthi kunobuqiniso ezinsolweni zenkohlakalo udaba baludlulisela kwiLabour Relations ukuze labo abathintekayo baqondiswe ubugwegwe.“Kube sekubikelwa izimenenja ngezindlela ezisetshenzisiwe kwenziwa le nkohlakalo bese kulungiswa lapho kuxega khona. Kube sekuvalwa lelo gebe elikhona ukuze kungaphinde kwenzeke into efanayo.”Uthe kulo nyaka wezimali bazogxila kakhulu odabeni oluthinta ukungena ezweni kanjalo nezithinta amaPassports.“Kuzobhekwa kabanzi lezo zisebenzi ezisebenza lezi zindawo kubhekwe nokuthi zikhokhelwa ngendlela. Sizobheka nokuthi izindawo okukhishwa kuzona izimvume ziyahambisana nayo yonke imigomo ebekiwe.”Kuvela lokhu nje kuhlale kunokukhala kubantu abasuke beshadiswe nabantu bokufika ngokungemthetho.Lo mkhuba kusuke kusolakale ukuthi wenziwe ngabantu abasebenza ngaphakathi emnyangweni.",0
775,vukuzenzele,"eyenziwe ngobuhlalu ngase ngiyiqaqa isinyathelo ngesinyathe- lo ukuze ngithole ukuthi yayenziwe kanjani. Ngase ngizifundisa ukwenza imi- khiqizo yami ngase ngiqala ukuyithengisa e-Ikwezi Cen- tre ePaarl,” kusho yena.",0
train_isizulu_01867,AfriHate,haibo.  bhebha uthule.  yekan’ ukuhlupha.,0
train_isizulu_00367,AfriHate,sikhulile sinethemba khoza. ngivumbeka kwazulu esigodini sasefilidi amabhunu ayibiza ngevryheid ##url,0
875,vukuzenzele,"“Ukuhlanganiswa kwePik Up kuyisinyathelo so kuqala ngokuphathelene nezinhlelo zesikhathi eside ezizokwenza ukuthi kwa nde amathuba emisebenzi kanye nokuthola izinsiza kulesi sifunda saKwaZulu-Natali,” kusho yena.",0
1984,vukuzenzele,"Esikubone emhlabeni kusi fundise ukuthi akumele sili nge ikusasa. Amazwe amaningi asexegise imikhawulo, kanti kuzoba nokunye ukuqubuka kwegciwane, okwadinga okunye ukubekwa kwe mikhawulo eqinile. Imibuthano emikhulu, inga ba eyenkolo noma eminye, inakho",0
2390,vukuzenzele,"“Abanye abahlengikazi baqeqeshelwe izindawo zoku hlinzwa ngenhloso yokwe lashwa kwezempilo. Sonke sisebenze njengabahlengi kazi abajwayelekile, aba belethisi, abaqeqeshi babahle ngikazi kanye nabaphathi be zindawo zombili yezamasosha kanye neyohlelo",0
2917,vukuzenzele,ePhalamende kanye nezinye izinhlelo zokweseka labo abakhahlanyezwe yilolu bhubhane.,0
581, ubhunyelwe ngamanzi abilayo ngumakhelwane ,"ISATHUTHUMELA intombazane yaseKhula Village, eMtubatuba, okuthiwa ibhunyelwe ngamanzi abilayo ngumama wakwamakhelwane ocasulwe wukuthi iphekele iphalishi kwakhe engekho.Uyaveva uyise kaNomcebo Madlopha (19) ovuke esibhedlela emuva kokubhunyelwa ngamanzi ngoMgqibelo odlule. Elandisa Isolezwe uMnuz Caleb Madlopha, uthe akahlali nendodakazi yakhe ekhaya ngenxa yomsebenzi. Wathola ukuthi ishiswe ngamanzi ngumakhelwane ngoba iye kwakhe engekho yayopheka iphalishi.“Kuthiwa wawungekho ugesi ekhaya uNomcebo waya kwamakhelwane wacela ukwenzela ingane yakhe iphalishi. Wafica izingane zakwamakhelwane zamvumela wenza iphalishi wahamba. Kuthe esesekhaya kwafika umama wakwamakhelwane ezombhunyela ngamanzi abilayo,” kuchaza yena.Uthe uNomcebo wangena esibhedlela ngoMgqibelo waphuma ngoLwesibili. Uveze ukuthi indlela ashe ngayo namanje usagqigqa emtholampilo eshintshwa amabhandishi. UNomcebo, onengane enezinyanga eziyisikhombisa encelayo, kuthiwa akasakwazi nokuyincelisa ngenxa yokusha.UMadlopha uthe indodakazi yakhe ibingesona isitha nomakhelwane kodwa bake baxabana (indodakazi nomakhelwane). Uthe uzwile ukuthi umsolwa usagqunywe esitokisini kodwa akakwazanga ukulandela imininingwane yecala ngoba ukude.USEHLULEKA nokuncelisa uNomcebo Madlopha okuthiwa ushiswe umama wakamakhelwane ngoba epheke iphalishi kwakhe engekho Izithombe: ZITHUNYELWEUNomcebo uthe umakhelwane uke wamsola ngokufihla indodana yakhe ngoba yahamba ekhaya yangabuya.“Izingane zakhe zijwayele ukungivakashela. Kuzona kukhona neyomfana eneminyaka engu-13. Yahamba kubo iyodlala kwathi ngakusasa yazolala ekhaya. Unina wasola mina ngokuyifihla wabikela nobaba,” kusho yena.Echaza ngosuku lwesigameko uthe umsolwa wangena kubo ephethe ujeke uvaliwe.“Ungibhunyele ngawo emzimbeni ebuza ukuthi bengifunani kwakhe. Akazisolanga ngisho sengishile kunalokho ungishayile washaya nengane yami endala. Kuhluleke ngisho indoda yakhe izama ukulamula engasabambeki. Ngesikhathi engishaya kwadabuka ingubo yakhe wathi ibiza kabi kumele ngiyithenge. Ungisabise ngokuthi uzongidubula ngoba akudlalelwa kuyena,” kuchaza uNomcebo.Uthe ushe emabeleni, ethangeni, engalweni ngasemlenzeni.Okhulumela amaphoyisa KwaZulu-Natal, uColonel Thembeka Mbele, uthe umsolwa oneminyaka engu-34 uboshelwe icala lokushaya ngenhloso yokulimaza. Uthe uvele eNkantolo yeMantshi eMtubatuba ngoLwesithathu, icala lahlehliselwa uMsombuluko ozayo.",0
567, isitshudeni sigwazwe sashona kunomcimbi ,"KUGWAZWE kwabulawa isitshudeni saseNyuvesi yaKwaZulu-Natal ophikweni lwaseWestville ngemuva kwendumezulu yomcimbi wezitshudeni, iMother of All Bashes ezintatha zayizolo.Lo mcimbi obekumenywe kuwo izintandokazi zeGagasi FM, uSphectacula noDJ Naves, uphele kabi. Isitshudeni esina-22 igama laso eligodliwe ngoba singekho isiqiniseko sokuthi umndeni waso usuyazi ngokushona kwaso, kuthiwa sigwazwe ngemuva kwengxabano esuke phakathi kwaso nezinye izitshudeni ezintathu.Umengameli weSRC eWestville, uFulufhelo Mulidzwi uthe: “Ubulawe ezintatha ngaphakathi enyuvesi ngemuvakomcimbi. Kuthiwa uxabane nezinye izitshudeni azaziyo, omunye wazo wamgwaza washona. Anginayo imininingwane eminingi okwamanje.""UFulufhelo uqhube wathi basazohlangana nezikhulu zenyuvesi ukubheka ukuthi bangaziqinisa kanjani ezokuphepha ngemuva kwalesi sigameko esibashiye beshaqekile.Okhulumela amaphoyisa KwaZulu-Natal uColonel Thembeka Mbele uthe amaphoyisa aseWestville aphenya icala lokubulala, akukaboshwa muntu.“Ngo-4:30 ezintatha kugwazwe kwabulawa isitshudeni ngesikhathi kusuka ingxabano emcimbini wezitshudeni. Lesi sitshudeni sitholwe sinoxhaxha lwamanxeba okugwazwa emzimbeni ngenhla. Kuthiwa sigwazwe abasolwa abathathu, abasagcwele amathafa,” kusho uCol Mbele.",0
3171,vukuzenzele,"Kunalokho sethule isabe lomali esiqukethe izindlela ezahlukene ezisimamile ne zicatshangwe kahle ezizoba nokusetshenziswa kwemali, ukwenyuka kwengenisomali kanye nokugqugquzela uku khula.",0
559, uza kahle umkhankaso we ifp wensangu ,"UBUKEKA uthela izithelo ezinhle umkhankaso we-IFP wokuthi uhulumeni avume ukutshalwa kwensangu ezosetshenziselwa ukulapha abantu.NgoLwesithathu, uSotswebhu we-IFP ePhalamende, uMnuz Narend Singh, ubuze uNgqongqoshe wezoLimo, amaHlathi nokuDoba, uMnuz Senzeni Zokwana, ukuthi ngabe useyithintile yini iminyango efanele ukuqinisekisa ukuthi uhulumeni uphasisa ukusetshenziswa kwensangu ukulapha izifo ezithile.UZokwana uthe bamatasa nezingxoxo ezizoqinisekisa ukutshalwa kwensangu ukuze ilaphe izifo ezithile kulandelwa umthetho.“Umthetho othinta ukusetshenziswa kwensangu ukulapha izifo ubhekelelwe nguMnyango wezeMpilo nowezoBulungiswa ngokomthetho wemithi wango-1965. Siyithintile le minyango nowezoHwebo neziMboni namaphoyisa ukuqinisekisa ukuthi ukutshalwa kwensangu ngeke kuphule imithetho ethile,” kusho uZokwana.Uthe ucwaningo olwenziwayo lokuthi izokwazi yini ukusebenziseka njengomuthi nokuthi izothengwa ngabantu abangaki luhamba kahle.“Njengamanje umnyango wethu nowezempilo umatasa ubheka imithetho yokulawula ukutshalwa kwensangu nemikhiqizo ezokwenziwa ngayo,” kusho uZokwana.Uthe bayitshelile iminyango ethintekayo ukuthi kubalulekile ukuthi insangu ibhekwe ngeso lokwelapha. Basalinde izimpendulo.USingh uthe bazolinda izimpendulo zeminyango ethintekayo njengoba kusathuthukiswa umthetho ozosebenza uma sekudayiswa insangu ezosetshenziselwa ukwelapha.“Sikholwa wukuthi insangu ezosetshenziselwa ukwelapha izifo ezithile ibalulekile ekuthuthukiseni umnotho nasekudaleni amathuba omsebenzi. Ucwaningo lwethu luveza ukuthi umnotho uzohlomula kakhulu ngalolu hlelo. Kufanele iminyango ethintekayo iluphuthume lolu hlelo ngoba luza nenqwaba yamathuba omsebenzi nempilo engcono kubantu,” kusho uSingh.I-IFP ifake lesi sicelo ngoba iqhubeka ezinyathelweni zelungu layo eselashona uMnuz Mario Ambrosini owaphakamise ukuthi uhulumeni avumele ukusetshenziswa kwensangu ukuthi ilaphe ezinye izifo. U-Ambrosini owazibulala wayenomdlavuza.kanti waphoqeleka ukuthi aye phesheya lapho babemnika amakhambi enziwe ngensangu ayepholisa izinhlungu. U-Ambrosini waphetha ngokuzibulala emzini wakhe oseWestern Cape.",0
1894,vukuzenzele,"Lokhu kubandakanya iminini ngwane yokuthi ngubani owenze ini, isenzo esisolwayo senzeke nini, futhi kungani. Uthi uma kutholakala ise nzo esingalungile – kunga ba ukuthengwa noma uku qashwa okungalandelanga umthetho, ukukhishwa kwentshontsho, inkohla kalo",0
dev_isizulu_00335,AfriHate,@username 😂 😂 😂 isende lendlela 🤞🏽,0
700,vukuzenzele,"nabesifazane abasha, ngemfundo, ngomnotho kanye nangenhlalo. Kufanele ukuthi bakwazi ukuthathaizinqumo ngazo zonke izindlela ngempilo yabo, kubandakanya ububili babo kanye nendlela yokuziphatha ehambiselana nezocansi.Ekugcineni, sizophumelela ekuqedeni",0
788,vukuzenzele,"saKwaZulu Natali. “Sengi funde ngobunkimbinkimbi be-civil engineering kanye nendlela konke okuhlangana ngayo ukwenza izinto zise benze. Akukhona nje kuphela ukudizayina izindlela zoku hamba ngezinyawo onqenqe meni lomgwaqo. Sisebenza ngezakhiwo, amapayipi",0
2289,vukuzenzele,"Isebenza nini ngokuse mthethweni incwadi yefa?Incwadi yefa iba semthethweni kuphela uma yenziwe ngu muntu oneminyaka eyi-16 ubudala noma ngaphezulu, futhi kufanele ihambisane nalezi zidingo ezilandelayo:",0
992,vukuzenzele,kwesibhicongo sase-Bulhoek wabhala wathi: Umlando ukhombisile ukuthi umphefumulo womuntu uvukela ukungabi nabulungiswa.Imibhikisho kanye nokuvukelana kwabantu base-Ningizimu Afrika ababe cindezelwe belwa nobuqo nela nobandlululo kwa fakazela ubuqiniso balo,0
dev_isizulu_00274,AfriHate,usuncuke umahosha nge phutha🔥🔥 ##url,0
1759,vukuzenzele,Ukwakha umgomo wokuziphatha. wabafundi owendlala izinqubo zokuqondisa izigwegwe.,0
train_isizulu_00938,AfriHate,@username ungatshi amasende sani.,0
3296,vukuzenzele,"ne-COVID-19, kodwa ubungozi bokuthi lowo muntu angagcina egula kakhulu buncane uma nje izinga lakhe likashukela lilawuleka ngendlela eyiyo.“Ngokuvamile, abantu abanesifo sikashukela yibona abasemathubeni amaningi okuthi bahlangabezane ne-zimpawu ezibucayi",0
3191,vukuzenzele,Ngokusebenza ngeSikhwama Sezingqalasizinda sihlose ukuhlanganisa usizomali ezi ndaweni ezehlukene ukuze kutshalwe izimali ezinhle lweni ezinkulu zokwakha.,0
2307,vukuzenzele,"Umntwana ujwayele ukuba namahloni ngakho-ke akakhulumi ngakho, lokho okwenza kube nzima ukuthi baphunyuke kulolu dobo lokufundiswa ngocansi, kusho u-Poto.",0
3366,vukuzenzele,"kuhluswe khona abantu.U-Sanne uthi i-CSIR izo-be seyikhiqize imishini yo-kuphefumula eyizi-10 000 ekupheleni kukaNcwaba. Ngokusebenzisana ne-Siemens, i-Simera, i-Akacia, i-Gabler, i-Umoya neNyuvesi yaseKapa, i-CSIR ikhiqize i-CPAP ngokwamazinga abekwe",0
555, ukhuza ukusheba amasiko nesilungu ,"NJENGOBA namhlanje kuqala inyanga yokuqhakambisa amagugu eNingizimu Afrika, ongoti bathi sekuyisikhathi sokuthi abantu bakuleli abagcina amasiko athile bawenze ngendlela efanele, basiyeke kancane isilungu esesidla lubi uma kwenziwa le micimbi.Bathi kuningi nokubhimbiswa kwezinto osekubonakala, okwenza ukuthi abasuke begcinelwa leyo midanti babe nezinkinga ngoba isiko lingagcinwanga kahle.Ungoti wamasiko KwaZulu-Natal, uDkt Nomagugu Ngobese, uthe abantu ake bayeke ukusebenzisa imali eningi benza imicimbi yesintu bayihlanganise nesilungu.“Imicimbi yesintu akumele yenziwe njengeyesilungu ngoba abantu bedlalisa imali. Kunemcimbi okungamele intombazane ize ikhule ingenzelwanga yona ekhaya.Umhlonyane, umemulo, umkhehlo nokugcagca ngezinye zezinto okumele zenziwe ngendlela ukuze izinto zilunge.Nokho le eqondene nomendo bangeke benzele wonke amantombazane ekhaya ngoba awagani wonke,”kusho uDkt Ngobese.Eqhuba uthe kuyihlazo ukuthi kunemizi egcina ixuba umemulo nephathi. Lezi zinto uthe azihlangani nhlobo.“Kuyenzeka eminye imizi ithenge notshwala, umuntu anikezwe nokhiye kade emula emini.“Ihlazo lelo. Iphathi nokhiye yisiko labelungu. Akumele lihlanganiswe nomemulo. Uma umzali ethanda nokwenza iphathi akakhethe olunye usuku,”kusho uDkt Nomagugu.Nazi ezinye izinto uDkt Ngobese athi abantu kumele bazenze ngendlela okuyiyo:Umhlonyana:-Lesi yisigaba sokuqala ngqa sengane yentombazane esuke isithombile.Ihlatshelwa imbuzo, igongqe uma iqala ukuya esikhathini.Kulowo mgongqo isuke inikwa iziyalo ngoshintsho olusuke luzoba khona ngomzimba wayo njengoba isithombile nje.Ngenxa yokuthi yonke into idinga imali, kuyenzeka ukuthi abazali bangakwazi ukuyenzela ngaleso sikhathi ikade iqala ukuya esikhathini.Uma sekwenziwa umcimbi, intombazane ihlala nontanga bayo begcobe ibomvu, okuwuphawu lokugongqa. Abafana abavunyelwe ukusondela kulowo mgongqo.Umemulo:-Umemulo kusuke sekuyisigaba sesibili lapho ingane yentombazane seyikhulile yahamba phezu kweziyalo eyazinikwa ngabazali ngesikhathi yenzelwe umhlonyane.Uyise wayo usuke esebonga ukuziphatha kahle kwayo eyikhulisa phambi kwabantu.Endulo ngenxa yokuthi bekungafundwa kungasetshenzwa, owesifazane ubethi uma enzelwa lo mcimbi kube yindlela yokumnika imvume yokuthi usengakhethwa yinsizwa ayiqome noma agane.Umkhehlo:-Intombi isuke seyidlulile kulezi zigaba ezingenhla yaze yaqoma yagana. Uyise usuke eseyikhehlisa ngoba isuke isilungela ukuyogana komunye umuzi.Endulo lokhu bekwenziwa nangokuthi owesifazane enziwe uhlobo oluthile lwesitayela sasekhanda, esihlobe ngezinto ezahlukene.Lo mhlobiso wasekhanda ubuwenziwa abesifazane ababizwa ngokuthi yizinyanga zekhanda ebezikwazi ukwenza isitayela sasekhanda esihlukanisa owesifazane oseganile ezintombini.Esikhathini samanje lokhu sekwenziwa ngezicholo zesimanje ezihlobe ngezimpaphe, ubuhlalu nezinkinobho.Umgcagco-Usuke usulandela konke lokhu okungenhla, lapho intombi isuke isiphuma ekhaya seyiyohlala emzini ngokusemthethweni.Esikhathini samanje kwenziwa ngendlela ehlukile neyakudala njengoba sekuthengwa nezimpahla zasendlini nezitsha nemiswenko ngenxa yezinga lempilo esiphilwa.",0
train_isizulu_01274,AfriHate,@username asizuqhatwa ngama model c,0
603, uzikalala udalule umonakalo wezimvula ,"ULINGANISELWA kuR560 million umonakalo odalwe yizimvula ebezihambisana nomoya onamandla ezihlasele KwaZulu-Natal zashiya inqwaba yemizi, izikole nengqalasizinda kucekeleke phansi.Esithangamini nabezindaba eThekwini izolo, uNdunankulu waKwaZulu-Natal uMnuz Sihle Zikalala uthe bafisa ukubonga uhulumeni wesifundazwe ngendlela osukume ngayo emuva kwesimo esiphuthumayo esidalwe yisimo sezulu ebesingesihle esisanda kubakhona.“Sibonile ukuthi ngoNovemba, isifundazwe sethu sihlaselwe yizishingishane ezine kwashayeka umasipala waseMshwathi, kwathi ngoNovemba 14 kwashayeka uKhahlamba, sisababaza indaba yaseMshwathi nasoKhahlamba kwashayeka eMahlangeni, uLundi nakwaNongoma,” kusho uZikalala.Uthe bangu-31, abantu okubikwe ukuthi bashonile ngenxa yalezi zimvula kwathi abangu-135 balimala.“Imizi elinganiselwa ku-3 072 icekeleke phansi kwathi abantu abangu-15 540, bakhahlamezeka.”Uthe uR560 million wumonakalo wamanje abasawucwaningile, wengeza ngokuthi kusengenzeka imali inyuke njengoba besaqhubeka nokuhlola umokakalo.“Uhulumeni ngokubambisana nezinhlangano ezizimele basukumele phezulu besiza abantu abathikamezekile ngenxa yalezi zimvula, kumanje sesiqede ukuhlanganisa uhlu lwabantu okumele bathole usizo kanti iminyango ethintekayo ingenelela ngendlela,” kusho uZikalala.Uthe uMnyango wezokuHlaliswa kwaBantu KwaZulu-Natal usuqoke osonkontileka abami ngomumo ukuthi basize ngezimpahla zokwakha nokuthi bavuse imizi ecekeleke phansi.“Umonakalo sisawuhlola kodwa akekho umuntu ongazi ukuthi umonakalo mkhulu njengoba kucekeleke phansi imizi, yizikole nengqalasizinda. Labo abalahlekelwe yizinto zabo ezibalulekile bayasizwa wuMnyango wezaseKhaya neSassa,” kusho uZikalala.Uthe bafuna ukubonga uMnyango wezokuBusa ngokuBambisana neziNdaba zoMdabu ngokwenza isiqiniseko sokuthi labo abakhahlamezekile bayaluthola usizo.UZikalala unxuse umphakathi ukuthi uzilalele izexwayiso ezenziwayo mayelana nesimo sezulu.“Isimo sezulu esibhekene naso esihlale siguquka senza ukuthi sihlale siqaphile, siphinde sifundise abantu bakithi ngokukwazi ukuphatha imvelo ngendlela eyiyo,” kusho uZikalala.",0
train_isizulu_00907,AfriHate,"usalinda uk'crown-na, ngabe ungena enganeni nyoni 😂 ##url",0
2017,vukuzenzele,"ezihluku-mezekile futhi zaphazamiseka emqondweni. Singakwazi ukuziqeda nya lezi zenzo zobubi ezibanga ubuhlungu obungaka uma sisonke, omunye nomunye, singazibophezela ekukhuliseni ngendlela izingane ezindaweni zasemakhaya eNingizimu Afrika.",0
train_isizulu_02766,AfriHate,@username zamnandi izingoma baphile o thusi o mfene ngyabathanda bo,0
2127,vukuzenzele,"ebesezifakiwe phakathi kwezinye izinto. Lokhu bekwenzeka ngokwendlule kwinkundla yewebhusayithi.Okunye futhi, ukuqinise kisa ukuthi akekho umfaki sicelo oshiyeka ngemuva, uNgqongqoshe uNzimande uthi u-NSFAS uzoqalisa umkhankaso wokufinyelela ebantwini,",0
154,vukuzenzele,ngokwanele kanye nokuphuza amanzi anele noma yiluphi uketshezi oluhlanzekile ukuqinisekisa ukuthi umchamo wakho uhlala umhlophe ngokufanelekile.”,0
train_isizulu_00044,AfriHate,"lol eqede n buy me beer""@username : @username bhebha bhebha malume .akagcine durex yakhe asishiyele umsele nje kuphela""",0
2120,vukuzenzele,Ukubekwa koMkhandlu we-B-BBEE kuzosisiza ukuthi sinwebe imingcele yokuthuthukiswa komnotho wabantu abamnyama.,0
799,vukuzenzele,"Kwakungumbungazo wobumbano kanye nokuhlukahlukana kwabantu bakithi, futhi kuyisikhumbuzo sokuzidela okwenziwa ngabantu abaningi ukuze sizuze intando yeningi labantu ezweni lakithi.",0
dev_isizulu_00317,AfriHate,"loki - ntshebe ""animk'usize 40 wengxaza ingampintshi"" ""ofun'imfene nanguntshebe man thwebula"" ""ihair food uyifak'esuswini ngemistake 😂😂😂😂"" 🔥🔥🔥🔥🔥#ntshebe",0
1949,vukuzenzele,ngezintambo /ngelastiki bese usi-faka esitsheni esenzelwe ukuwasha isifonyo esenziwe ngendwangu.8. Gezisisa izandla zakho kahle bese uzisula ngaphambi kokwenza enye into.9. Kufanele umuntu ngamunye abe okungenani nezifonyo ezimbili ukuze ukwazi ukuthi uma,0
train_isizulu_02096,AfriHate,@username #fakumoyaa ibhunu lesigange,0
2373,vukuzenzele,"“Ngangihleli ngikhathazekile kakhulu ngoxhaso mali njengoba ngiphuma ekhaya elintulayo. Kwaze kwaba ngunyaka wezi-2018, ngesikhathi ngitholaumfundaze ophuma ku-MISA. Lokhu kwangisiza uku-phothula iziqu zami ngapha-ndle kokukhathazeka okunye. Yonke into",0
3426,vukuzenzele,"NgokweNhlangano Yesithuthwane eNingi zimu Afrika, ama-80% abantu abanesithuthwane bazokwazi ukulawula ukudlikizela kwabo ngokuphuza imithi.",0
809,vukuzenzele,"Singehlezi sikubona lokho, kodwa umlilo wasePhalamende ukhombise ukuthi abantu baseNingizimu Afrika bazizwa beqine kangakanani ngentando yeningi labantu yabo.",0
1508,vukuzenzele,UHlelo Lokwakha Kabusha Nokuvuselelwa Komnotho I-Emazulwini iqashe abantu abane futhi uMolefe unezinhlelo zokukhulisa ibhizinisi lakhe. Uthi ingcebo yamagugu aseNingizimu Afrika iyona eludobo lwezivakashi.Njengengxenye yoHlelo Lokwakha Kabusha,0
train_isizulu_01606,AfriHate,balala kanjani iyngane zabantu abavotayo nazo ezbavotelayo zishawa amabhunu ezwen lazo?  ##url,0
1182,vukuzenzele,"Ngokusebenzisana nezinhlangano ezibalu lekile kuhlelo-kusebenza lwezobulungiswa kwe zobugebengu, uPhiko Lwezokuphenywa Kwa macala seluvule amacala enkohlakalo angaphezu kwama-20 kunyakamali owedlule futhi nabasolwa abangama-65 sebethwe siwe amacala. La",0
2645,vukuzenzele,"“Uma nje ukuxhashazwa kwesibonelelo kubikwa, kuzoqala uphenyo. Uma uphenyo luthola ukuthi imali etholakele ayisizi umntwana, u-SASSA angabeka omunye umuntu ukuthi athole futhi asebenzise lesi sibonelelo asize umntwana, kusho u-Letsatsi.",0
2204,vukuzenzele,"Inkululeko yokukhuluma nokuzibandakanya, ilungelo lokubhikisha kanye nelungelo lokulingana ngaphambi komthetho kubekwe phezulu kukho konke. Njengezwe, sibuya kude ekupheleliseni isithunzi somuntu, okuyisimiso u-Steve Biko ayesiqhakambisa kakhulu.",0
dev_isizulu_00024,AfriHate,@username #sigiyangengoma zimdola ngicela ukuthatha umndeni waka mchunu ka gudlucingo kubo sdudla ngibathanda kakhulu baphile nje ##url,0
train_isizulu_01391,AfriHate,akwehlanga o lu ngehlanga mbulazi ingoduso baythethe o nyoni sindwa isi sila sayo #isibaya,0
234,vukuzenzele,Lokhu kakusho ukuthi untekenteke. Ukungalungi kwesimo kulungile.,0
dev_isizulu_00614,AfriHate,@username angeke uphela lonyaka nginga tshelanga ibhunu elilodwa ukuthi angilisabi la emsebenzini 🤣😅,0
1134,vukuzenzele,"ezikhona zokwesekela ukufunda, ku-suka ezifundweni ezethu-lwa ngezinhlelo zokusakaza emsakazweni kanye nakumabonakude ngezikhathi ezithile; izinsizakufunda ezifakwayo nezitholakala nge-inthanethi; futhi, labo abangakwazi ukufinyelela kumakhompyutha,",0
train_isizulu_00432,AfriHate,amasende ngaphandle ☺ ##url,0
train_isizulu_00891,AfriHate,inkomo ithi yes kodwa wena uthi no. usathane udlala ngawe,0
train_isizulu_02245,AfriHate,iy'nyoni zigodukile k'shaya umoya la ekasi.,0
train_isizulu_01935,AfriHate,@username 🤣🤣🤣 usuthanda amabhunu manje,0
653, isinqumo ngebheyili kwelekhansela ,"KULINDELEKE siphume namhlanje isinqumo ngesicelo sebheyili sekhansela le-ANC elisolwa ngokubulala elinye okusolwa kukho umbango wesikhundla eMlaza. Izolo eNkantolo kaMantshi eMlaza abameli babasolwa baveze izethulo zabo.UMbuso nawo waqala ukuveza ezawo ngesicelo sebheyili. Kulindeleke imantshi, uMnuz Thulani Mbuyazi, ukuba ihlaziye okubekwe wuMbuso nabameli, bese ikhipha isinqumo. Izolo leli cala belithanyelwe uMengameli we-ANCYL kuzwelonke, uMnuz Colleen Maine. Ufike icala seliphakathi.Ikhansela laku-ward 80, uMnuz Mthokozisi Nojiyeza, lisolwa ngetulo lokubulala ikhansela laku-ward 88 uMnuz Sibusiso “Bhabhane” Maphumulo, ngo-Okthoba nyakenye. UNojiyeza usolwa noMnuz Phumlani Nojiyeza noNkosinathi Mbambo ngaleli cala.Ummeli wekhansela, * -Advocate Simphiwe Mlotshwa, okhulume cishe amahora amathathu, enxenxa inkantolo ukuba inikeze uNojiyeza ibheyili, uthe ngokwakhe alikho leli cala ngoba alinabufakazi futhi umphenyi wecala uchemile.“Okokuqala nje umuntu uma esola omunye ngecala kumele akwazi ukuletha ubufakazi ngalezo zinsolo kodwa lapha asikuboni lokho. Bengiqala ngqa empilweni yami ukuzwa umphenyi ethi ngendlela ababaningi ngayo abantu aseke ababopha, wabapheka ngemibuzo ngaleli cala, kwayena uyahluleka nokubabala.Lokhu kwenza ngibone ukuthi umane uzingela ikati elimnyama elingekho, uyazidobela nje ukuze abone ukuthi yini angayibamba ngaleli cala. Akukho okubambekayo okuthinta umsolwa wesibili (Nojiyeza) kuleli cala,” kusho uMlotshwa.Uphinde wathi kwaphulwa umthetho, angalandelwa amalungelo kamsolwa ngesikhathi eboshwa njengoba washaywa, wanqatshelwa nokutshela umndeni wakhe ukuthi ukephi ngesikhathi eseboshiwe.Imantshi ibuze uMlotshwa ukuthi yibuphi ubufakazi anabo bokuthi leli khansela lashaywa amaphoyisa.“UMbuso yiwona obekumele ulethe ubufakazi ngoba yiwona obopha umuntu, umgcine ezitokisini.“Umsolwa uvezile amanxeba abesephola lapho asho khona ukuthi ulinyazwe amaphoyisa kade emshaya. UMbuso uhlulekile ukuphikisa ukuthi umsolwa washaywa,” kusho uMlotshwa.",0
2378,vukuzenzele,“Ngaqhubeka ngakhetha ezokuphatha kwezokwakha ngenxa yokuthi ngikholwa ukuthi nginamandla oku guqula imboni futhi ngiyenze ngcono lapho kunesidingo.,0
541, owe anc obulewe ubecuthelwa ,"KUVELE ukuthi kukhona abebemcathamela uSihlalo wegatsha le-ANC ku-ward 12, KwaNdengezi obulewe ngabantu abebemlalele unyendle egcekeni lakwakhe ngoMsombuluko ebusuku.UMnuz Thulani Nxumalo (53) owake waba nguSihlalo womkhandlu olwa nobugebengu, iCommunity Policing Forum (CPF) iminyaka engaphezu kuka-10, udutshulwe ngabantu abangaziwa ngesikhathi esegcekeni lakwakhe eRockdale KwaNdengezi ngesikhathi ephuma emhlanganweni we-ANC.Kuthiwa ngaphambi kokuthi abulawe uNxumalo, laba abebemfuna bake bazama ukumcuthela kwakhe emasontweni amabili edlule kodwa bangamthola ngoba akazange aphumele emnyango.Abahlaseli kuthiwa babecuthe emnyango, babonwa izingane zikamufi bazijikijela ngamatshe babe sebeyabaleka.Kuthiwa baphinde babuya futhi bangqongqoza ewindini nangaleso sikhathi wangaphuma.UMnuz Thulani Nxumalo obuleweUnkosikazi kamufi, uNkk Makhosi Nxumalo uthe ukhona umuntu obehlale eshayela ucingo umyeni wakhe embuza ukuthi ukuphi ngaso sonke isikhathi.“Ngaphambi kokuthi adutshulwe emasontweni amabili edlule, bakhona abantu abamcuthela lapha ekhaya kodwa wangaphuma, labo bantu babuyile futhi bazongqongqoza ewindini wangaphuma futhi, kanti nangosuku abulawe ngalo abebesemhlanganweni naye bathi ucingo lwakhe belulokho lukhala lona obeshaya ebuza ukuthi ukuphi waze wagcina eseluvala ucingo ngoba lumphazamisa,” kusho uNkk Nxumalo.Uthe nango-2004, umyeni wakhe wake wadutshulwa kodwa wasinda.Isekela likaSihlalo we-ANC ku-ward 12, uMnuz Mbongeni “Killer” Ngwenya uthe basadidekile ukuthi uNxumalo ubulawe ngobani nokuthi ubulaweleni.“Akukho ukungezwani esingathi kukhona ewadini, amaqabane abambisene kanti nekhansela le-ward okuyikhansela lomphakathi nalo asinankinga nalo kuyasetshenziswana kahle.”Uchaze uNxumalo njengomuntu obezilungele engafuni kuthiwe kukhona umuntu angazwani naye. “Uqabane uNxumalo ubelunge kakhulu indlela nesihluku abulawe ngayo bekungamfanele,” kusho uNgwenya.UMnuz Zenzele Thabethe we-ANC eHenry Bona Zone uthe ukubulawa kukaNxumalo yisenzo sobugebengu, akuhlangene nezombusazwe. “Sinxusa amaphoyisa ukuthi enze umsebenzi wawo futhi siyathemba ukuthi abenzi bobubi bazogcina bevelile,” kusho uThabethe.UNobhala we-ANC KwaZulu-Natal uMnuz Mdumiseni Ntuli uthe uKhongolose uyakugxeka ukubulawa ngesihluku kukaNxumalo.“Nakuba imininingwane egcwele mayelana nokubulawa kwakhe kade ingakacaci kodwa kubukeka sengathi ababulali bebecashe egcekeni likamufi base beyamdubula amahlandla amaningi ngesikhathi efika kwakhe ephuma emhlanganweni wegatsha. I-ANC inxusa izinhlaka zezokuphepha ukuba ziphenye kabanzi ngokubulawa kukaNxumalo,” kusho uNtuli..Uthe uNxumalo bazomkhumbula njengomuntu obewuthanda umphakathi, ewuvikela nasezigebengwini.Okhulumela amaphoyisa kuzwelonke, uBrigadier Vishnu Naidoo uthe ukhona owesilisa odutshuliwe washona ngesikhathi esegcekeni lakwakhe kodwa wathi ngeke akwazi ukukuqinisekisa ukuthi ubeyini emphakathini.“Amaphoyisa aphenya icala lokubulala, okwamanje imbangela yokubulala ibingakaziwa bekungakaboshwa muntu,” kusho uNaidoo.",0
3166,vukuzenzele,"Ngakho-ke okuseqhulwini kithi kulesi sabelomali uku buyisela umnotho endleleni yokukhula, siqinise uku chitha imali kukahulumeni nokuzinzisa izikweletu zethu.",0
1693,vukuzenzele,"le-TREP lime kwisigidi esisodwa samarandi, ngengxenye eyodwa eba yisibonelelo bese kuthi enye kube imalimboleko. Osomabhizinisi basemalokishini nasezindaweni zasemakhaya bangafaka izicelo zosizo, kubandakanya uxhasomali, ngokusebe nzisa ifomu lokufaka",0
test_isizulu_00152,AfriHate,angeke uthathe icici legolide ulifake ingulube ##url,0
test_isizulu_00490,AfriHate,@username lomlungu unobothekwininyana emaphareni abelungu ngako berea 🤣🤣🤣 ##url,0
dev_isizulu_00592,AfriHate,babalas isende lakho........ @ rustenburg ##url,0
test_isizulu_00001,AfriHate,@username ibhunu safunda isingisi kopopayi.,0
1054,vukuzenzele,"ukuthi zibeka imi-ngcele engathandeki ezimpilweni zabantu. Kodwa-ke, zi-yadingeka, ukuze sikwazi uku-phepha kulesi sikhathi esiwu-vuthondaba lwalolu bhubhane.Asikwazi ukusigwema lesi sivunguvungu segciwane le-corona. Kodwa singawubeka umkhawulo",0
103,vukuzenzele,"Njengohulumeni, sihlanganisa zonke izinsiza ezikhona futhi senza yonke imizamo ukuqinisekisa ukuthi, njengoba sakha kabusha, angabibikho noyedwa osala ngaphandle.",0
test_isizulu_00128,AfriHate,upravesh ufuna ukuahaya imomozi lapha,0
924,vukuzenzele,"aseka izicelo zabo (umazisi womfundi, incwadi engubufakazi bema lingeniso kamzali/ umnakekeli womfundi, umazisi kamzali/ umnakekeli womfundi, nefomu A labafaki-zicelo abakhubaze kile. UKarabo Mashego ofundela iziqu zobunjiniyela, ubonga Isikhwama",0
554,vukuzenzele,Tendai Gonese | tendai@gcis.gov.za News EditorNoluthando Motswai Writers: More Matshediso Ursula GraaffGraphic Designers Tendai Gonese | Benny KubjanaProduction AssistantsJauhara Khan | Sebastion Palmer Language Practitioners Nomgcibelo Motha | Boitumelo,0
train_isizulu_02483,AfriHate,"lol mxm ""@username : kwathiwa asandisane. ""@username : bazo meter ""@username : aba complaini. ""@username : bazoni bhebha ke namuhla.""",0
563,vukuzenzele,Umfundi waseGoli u-Glen Dlamini uthe lolu hlelo-kuse benza luzoletha isisombululo kubagibeli abayizinkulungwane ngezinkulungwane.,0
train_isizulu_02195,AfriHate,"@username amazulu ngesizulu and ka setswa, sepedi le sesotho ke mazulu",0
1439,vukuzenzele,"Esikhathini esingange minyaka emithathu, sibu zwile ubufakazi obuchaza ngezinsolo zenkohlakalo ezenziwe nezisezingeni eliphezulu kakhulu. Si-zwile ngezenzo eziholele ekuntshontshweni kwezigidigidi zamarandi zemali kahulumeni. Sizwile ukuthi zingakanani",0
2268,vukuzenzele,ukuba sikhokhe izigidi ezingama-R26 esazithola njengomnini-zabelo wenkampani yonjiniyela eyanikwa inkontileka ye-Transnet ngesikhathi sisesengumsebenzi wa khona ngokuphelele.,0
2121,vukuzenzele,"Nginxusa amabhizinisi, abasebenzi kanye nezimboni ukuthi basebenzisane nomkhandlu njengoba uqala lo msebenzi obalulekile.",0
165,vukuzenzele,Okunye okuzodingeka uku thi ukunake ukunakekela nokugcina izihambeli zakho zanelisekile ngaso sonke isikhathi.,0
train_isizulu_00186,AfriHate,gti umuhle masimbakho,0
225,vukuzenzele,"Wonke umuntu uyazi ukuthi yini okulindeleke ukuthi ayenze ngalesi sikhathi seCOVID-19 . Niyacelwa ukuthi niqhu beke nokulandela imihlahla ndlela kanye nemithethomgomo ebekiwe,” kusho uGanuganu.",0
train_isizulu_00366,AfriHate,yidleni ingulube zingulube! ##url,0
dev_isizulu_00622,AfriHate,bathong! what's going on i hope @username and @username are ohk 💀💀💀 i'd say as'phuzeni rather bit it's not safe also 😭😭😭  bafwethu aswayekeni 📍  futhi let's all go to sandton siyophiza umlomo wenja once for moral support 🥲🤧😩 ##url,0
151,vukuzenzele,"Yini okufanele Yini okufanele uyilindele uyilindele esikhungweni esikhungweni sokugonqa?sokugonqa?Ngokusho kukaHulumeni waseNtshonalanga Kapa uthi, kufanele wazi ukuthi zonke izidingo zakho zizonakeke-lwa. Uzothola ukudla zikhathi zonke, ukuqashwa",0
3429,vukuzenzele,"U-Dkt Gumede uthi izimpawu nezinkomba zesithuthwane ziyahluka, futhi zingaziveza ngezindlela ezahlukene, kubandakanya ukudlikiza kwesikhashana (ipetit mal), uma umuntu kuvele kube mnyama amehlo noma agqolozele esikha leni nje; ukudlikizela okubizwa",0
test_isizulu_00378,AfriHate,"awu thatha senzo, taking on ngamla just like that wamshiya omelwe umlomo #generations",0
523, ugeqe amagula ecaleni labakwakhoza ,"UVEZE izindaba ezishaqisayo umlisa osolwa ngokuba ngungqondongqondo ecaleni lokubulawa kwamalungu omndeni wakwaKhoza ayisikhombisa abulawa angcwatshwa endlini eVlakfontein, eGauteng.Umbiko we-Eyewitness News uveze ukuthi uMnuz Ernest Mabaso (27) ongomunye wabasolwa ababili abasolwa ngokubulala amalungu omndeni akwaKhoza uthe wayephoqwe nguMnuz Fita Khupe (61) abasolwa naye kuleli cala ukuthi abulale lo mndeni. Ngesonto eledlule iNkantolo yeMantshi yaseProtea ikuhlehlisile ukulalelwa kokufakwa kwesicelo sebheyili kwalaba bobabili ukuze kuqhubeke izolo nanamuhla.Laba basolwa babhekene namacala okubulala amalungu omndeni wakwaKhoza ayisikhombisa uNksz Mbali Khoza (51), nodadewabo uNksz Dudu Khoza (46) indodakazi yakhe uNksz Nomfundo Khoza (28) nabazukulu uKarabo (11), uLuyanda (7) , uNkanyiso (2) noSibongakonke (2). UMabaso uphinde abhekane namacala okudlwengula.UMabaso okuthiwa wazenza ilungu lomndeni wakwaKhoza, ezibiza ngoSibusiso Khoza utshele inkantolo ukuthi uKhupe wamphoqa ukuthi adlwengule bese ebulala amalungu alo mndeni. Uveze ukuthi wayesaba ukuthi uKhupe uzombulala uma engakwenzi ayekusho.Izolo bekulalelwa ukufakwa kwesicelo sebheyili salaba bobabili. Ngokwe-Eyewitness News uMabaso uthe uKhupe wamphoqa ukuthi adlwengule izingane ezine ezingamalungu alo mndeni phambi kwakhe bese eziklinya azigqibe.Encwadini efungelwe efundelwe inkantolo, uMabaso kuthiwa uthe wasebenzisa isando ukushaya amalungu alo mndeni emakhanda njengoba ayeyalelwe ukuthi enze ngabantu ababemthumbile. Uthe wathunjwa ngabantu ababezenza amaphoyisa bamsabisa ngokuthi bazombulala uma engenzi ababethi akakwenze. Uthe uKhupe usebenzela laba bantu.UMabaso uthe akayena umuntu ongabaleka uma ekhishwa ngebheyili. Uthe angakwazi ukukhokha ibheyili engangoR5000. UKhupe kuthiwa uziphikile izinsolo ezibekwe nguMabaso ngaye wathi konke akushoyo kusemcabangweni wakhe.Ngokusho kombiko we-Eyewitness News inkantolo isale ishaqekile nemindeni yahluleka ukuzibamba ngesikhathi kufundwa incwadi efungelwe kaMabaso.Izidumbu zamalungu omndeni akwaKhoza zatholwa ngo-Okthoba 29 nonyaka zigqitshwe endlini abanye babo bekopolotwe amehlo emuva kokuthi begcine ukubonakala ngo-Okthoba 19.",0
3223,vukuzenzele,"U-Matekane uchaze ukuthi i-SIP2 izoqinisa ezokuthuthwa kwempahla kanye nomgudu wezokuthutha phakathi kwezizinda ezinkulu zezimboni eNingi zimu Afrika, yenze ngcono ukufinyelela esikhungweni sokukhishwa nokungeniswa kwempahla eThekwini futhi kukhuphule",0
3586,vukuzenzele,"eqondise kimina, kunesidingo sokuthi kube noxhaso-mali oluthe xaxa olunikezwa abantu abasha abangosomabhizinisi. Wathi bangathanda ukubona izikhungo zezimali, izikhungo zemali yentuthuko, abatshalizimali abahlinzeka ngengqala-bhizinisi, izinkampani",0
2327,vukuzenzele,"Uthisha osebenzela eNya katho Ntshonalanga uTshepo Kekana uthi, Akusibona bonke abafundi abaphila nokukhubazeka abadinga ukuyiswa ezikoleni zaba ntwana abaphila nokukhu bazeka kanye nezikole ezikhethekileyo. Kukhona ingcosana yalabo abaphila nokukhubazeka",0
1835,vukuzenzele,"Lapho okube nokusho da kwama-PPE, izibhedlela zethu ziyalulungisa lolo daba ngokuphazima kweso ukuze kuqinisekiswe ukuthi ziyatholakala.",0
train_isizulu_02340,AfriHate,inkawu zihlekana iphongo la.. ##url,0
1186,vukuzenzele,Inkohlakalo iyinkinga ngokwedlulele edinga ukushushiswa.,0
test_isizulu_00486,AfriHate,"@username ngokwesilungu, ukushela umuntu wesifazane ukumhlukumeza, bathi yi women's harassment, woooo, lafa elihle kakhulu, lobu model c obugcwel izwe......thixho😭😭",0
1069,vukuzenzele,"IBhodi Lokuthuthukiswa Kwemboni Yezokwakha kamuva-nje liphawule ukuthi kunokukhula okukhona kwi miklamo yengqalasizinda eqhutshwa izinkampani zika hulumeni ezifana no-Transnet no-Eskom, nakumadolo bhakazi kanye noMnyango Wezemisebenzi Yomphakathi",0
test_isizulu_00063,AfriHate,am gonna shine ebusuku njenge star⭐🌟zezulu sing all day njenge nyoni zezulu dibonge apho thathekhona bediyintana kodwa goku diyindoda #qhina zola 7 umzansi nekhaya bajonge kuwe🤞🏾🙏🏽🙏🏽 ##url,0
332, kuxwayiswa ababhukudi njengoba esusiwe amanethi ,"ABE-KZN Sharks Board bagqugquzele umphakathi ukuthi ulalele abaxwayisa abantu ngokubhukuda emabhishi njengoba esesusiwe amanethi avimba oshaka emabhishi aseNingizimu yeKwaZulu-Natal, kwazise osayidinsi sebeqalile ukubonakala.UMnuz Mike Anderson-Reade weKZN Sharks Board, esitatimendeni uthe sekuyisikhathi sokufika kosayidinsi kanti amanethi avimbela oshaka ukuthi beze osebeni asusiwe emabhishi ukuze osayidinsi nezinye izilwane ezihambisana nabo njengamahlengethwa zihambe ngokukhululeka.Uma kuza osayidinsi amanethi ayasuswa ngoba uma ehleli izilwane ezihambisana nabo ziyabhajwa emanethini zigcine sezifa kanti nosayidinsi abahambi ngokukhululeka.“ISharks Board izoqhubeka nokuqapha isimo ngokusebenzisana nomasipala abanamabhishi ukuqinisekisa ukuthi abantu baphephile kanti nosayidinsi bahamba ngokukhululeka,” kusho u-Anderson-Reade.Uthe osayidinsi babonakele eRamsgate, eMthwalume naseMthethweni. Uveze ukuthi amahlengethwa namaCape Gannets okuyizinyoni ezihambisana nosayidinsi nazo ziboniwe ngaseMazeppa Bay yize bezingeziningi.Osayidinsi baheha inqwaba yezivakashi ezisuke zifuna ukubadoba kanti ezinye zisuke zijabulela ukubona amahlengethwa, izinyoni nezinye izilwane ezisuke zijaha osayidinsi.Abanikazi bamahhotela agudle ulwandle nabo sebeqalile ukukhangisa ngezindawo zokuhlala koMargate, Ramsgate, eThekwini, nakwezinye izindawo.",0
train_isizulu_00845,AfriHate,"@username 🤣🤣🤣impela, nayi ingulube ing’nonela, babeshane!",0
train_isizulu_02978,AfriHate,@username awu dude asbonge kuleyo ndawo.  awungphoxe phela sdomu ungaphenduli 🤣🤣🤣 ##url,0
264, imibono nami ngibona luzoba yinkinga uhlelo oluzobamba abajolayo ,"MHLELI: Ngivumelana noMnuz Bonginkosi Grey Phungula embonweni wakhe mayelana nohlelo okubikwa ukuthi sekusemome ukuba lukhonjiswe kwithelevishini. Lolu hlelo ngibona sengathi luzokwenyusa izinga nezibalo zokubulawa kwabantu besifazane uma abathandana nabo sebebabambile ukuthi bayabajolela.Ngendlela okwenzeka ngayo, njengoba vele sanda isibalo samadoda azibulalayo ngenxa yezinkinga ezihlukahlukene, kusobala ukuthi eminyakeni emihlanu kusukela manje sizobe sinamadoda ambalwa ingxenye enkulu kuzobe kungabantu besifazane.Ama-mashi nemikhuleko ehlelwayo ngeke kusisize ngalutho kulobu bunzima esibhekene nabo. Okudingekayo wukuhlangana kwamadoda aqoqe nabafana abazofundiswa ngokubaluleka komuntu wesifazane nokuthi uyisidalwa esikhethekile kuMdali kwazise indalo iza ngomuntu wesifazane. Kungaba yinto enhle futhi uma kuzobuye kube khona nezinhlelo kwithelevishini ezizolekelela kulo mkhankaso.Umkhuleko uwodwa ngeke usize ngoba ukukhuleka nje kuphela singenzi lutho kwakha isithombe sokuthi uMdali simenza isisebenzi sethu ngokuthi sizovele simtshele ukuthi sifunani bese esinika lokho esikufunayo.Kumele kube khona esikwenzayo bese kuba yima sikhuleka simnxuse uMdali ukuthi emizameni yethu asivulele izindlebe zalabo esizobe sibafundisa. Ama-mashi ewodwa ngokubona kwami awasizi ngoba kuvele kumashe abantu abangayenzi le nto emashelwayo yingakho kuthi kukade kukhona imashi uzwe ntambama sekukhulunywa eyokuthi sekuhlukunyezwe umuntu wesifazane kumbe ingane.Kunento ehlale ishiwo engelona iqiniso lena yokuthi abantu abenza lezi zinto bafelwe wonembeza. Iqiniso elimsulwa lithi unembeza womuntu awufi. Into eyenzekayo wukuthi umuntu uhlula unembeza wakhe.Unembeza uyamtshela ukuthi lokhu afuna ukukwenza akulungile kodwa yena avele athi pho kunani. Lokho kusho ukuthi usewuhlulile unembeza wakhe ngoba umkhuzile. Umuntu osahlulwa wunembeza wakhe yilowo okuthi uma efuna ukwenza okuphambene umkhuze unembeza bese eyawulalela.Akuqeqeshwe abafana ukuze babe ngamadoda akusasa aqotho bafundiswe ukuvuma ukuhlulwa onembeza babo. Indoda yangempela ehlulwa unembeza wayo okuthi noma ngabe ithukuthele kangakanani kodwa ingenzi into ephambene nentando yoMdali.Thembenkosi Mbuyazi",0
1636,vukuzenzele,"obunzima ngemali ngeniso eyehliswe kakhulu, nalabo bantu asebephile iminyaka eminingi bengasebenzi.Ngempela, umsebenzi ohloniphekile uyilungelo lawowonke umuntu. Ku ngumbandela wokukhula komnotho nokuzinza ko mphakathi.Ngokwenza ukuthi leli lu ngelo",0
dev_isizulu_00596,AfriHate,ningamangali  ngoba ngi'sdudla xem!!!!!! @ monsterlus b ##url,0
test_isizulu_00410,AfriHate,@username “nawe njabulo uyahlupha ngalabo model c bakho. buka manje bazodlani abantu?”,0
train_isizulu_00787,AfriHate,"imagine 18snvl written in zulu  ""ishumi nesishiyagalombili, ucansi, ukusantuza ididi,nokusakaza ikiwi,impi kanye nolimi oluqojeme""",0
970,vukuzenzele,Siphinde saqasha nabafu ndi abayisithupha abaneziqu zemfundo ephakeme aba ngakawutholi umsebenzi abasebenza njengaBalawu li Nabahlanganisi Bohle lo. Bazobekwa esiFundeni ngasinye kulezo eziyingxe nye yalolu hlelo. Abalawuli Nabahlanganisi Bohlelo ba,0
train_isizulu_01944,AfriHate,@username vele uthayela.. a bashiye  inkomo behlawule ngayo,0
train_isizulu_02115,AfriHate,i'sdudla sami ♥,0
train_isizulu_01043,AfriHate,@username uthi usame kanjalo  kuqhamuke ingulube  no @username ,0
3566,vukuzenzele,"iflegi libekwe eduze noma ngemva kwesikhulumi emhla nganweni, kumele libe kwesokudla sesikhulumi. Uma libekwe kwenye indawo endaweni okuhlanganye lwe kuyo kumele libekwe kwe sokudla sezethameli.",0
test_isizulu_00165,AfriHate,"nothing but the truth ----&gt;&gt; ""@username : ayikho into eyisibusiso njengobona ididi elikhulu kwi legging""",0
dev_isizulu_00390,AfriHate,"lol never,khohlwa njenge sdomu eskoleni ##url",0
166,vukuzenzele,"Ukukhangisa nge-B&B yakho – Umkhakha wezokuhlalisa izihambeli ugcwele ukunci ntisana, ngakho-ke kuzodinge ka unikele ngesikhathi sakho nemali ngokuthi ukhangise nge-B&B yakho. Kuzodinge ka ucabange ngezindlela zobuhlakani zokukhangisa ibhizinisi lakho.",0
test_isizulu_00040,AfriHate,@username yakhumbula nithi imomozi 😭 ##url,0
2280,vukuzenzele,"Uma ushiye umuntu oshade naye kuphela, u mlingani wakho nguye ozodla ifa lonke.",0
320,vukuzenzele,"ukuze sonke sizokwazi ukufeza iphupho lethu elilodwa lesizwe esikhululekile, esiphumelelayo nesithokozile.",0
513, kuzophenywa izikhulu zetransnet ne eskom ,"USIHLALO weBhodi yeTransnet, uDkt Popo Molefe, uthi ezinyangeni ezine ezedlule iTransnet ihlanganise ithimba longoti bomthetho nabaphenya amacala athinta imali ukuze baphenye ngokuphulwa kwemithetho ngesikhathi kuthengwa impahla enkampanini.UMolefe usho lokhu emuva kokuthi uMnyango weziMali uphakamise ukuthi zithathelwe izinyathelo zomthetho izikhulu zakwa-Eskom nezakwaTransnet ngodaba lokuthengwa kwempahla ezinkampanini zikahulumeni phakathi kuka-2012 no-2016.UMnyango weziMali wacela iFundudzi Forensic Services ukuthi iphenye. NgoLwesihlanu kushicilelwe umbiko weFundudzi.Phakathi kwezinto ebeziphenywa yiFundudzi Forensic Services wumsebenzi owenziwa yiMcKinsey eNingizimu Afrika, owenziwa yiRegiments Capital Management neTrillian Capital e-Eskom naseTransnet.UMnyango weziMali ucele oKlebe nophiko oluphenya ngamacala ezimali ukuthi baphenye ukuthi izikhulu zeTransnet neze-Eskom, okuhlanganisa uMnuz Anoj Singh owayephethe ezezimali e-Eskom, baphenywe ukuthi abagwazelwanga yiMcKinsey neRegiments.IFundudzi iphinde yakhala nangohlelo lokuthengwa kwezitimela eziwu-1 064.Esitatimendeni uMolefe uthe selokhu beqale uphenyo ezinyangeni ezine ezedlule banike izikhulu ezithile amaphepha okuthi kufanele zikhokhe imali ebalelwa kuR1.3 billion.Uphinde waveza ukuthi sekumiswe izikhulu eziningi kwaTransnet abale kuzo uMnuz Siyabonga Gama obeyisikhulu esiphezulu oxoshiwe, uMnuz Phetolo Ramosebudi obenguMgcinimafa kwaTransnet oxwayiswe ngokuthi uzomiswa waqoma ukusula emsebenzini, uMnuz Thamsanqa Jiyane, ophethe ezokuthengwa kwempahla eTransnet Engineering osamisiwe, uNkk Lindiwe Mdletshe oyiManager Supply Chain Services omisiwe noMnuz Edward Thomas oyiGeneral Manager of Finance naye umisiwe.UMolefe uthe okwamanje kusaqhubeka uphenyo futhi ngeke bame kuze kube kujeziswa abathintekayo.Isikhulu esiphezulu se-Eskom, uMnuz Phakamani Hadebe, sithe zizosetshenziswa iziphakamiso zombiko woMnyango weziMali futhi nabasebenzi benkampani bayalwa nenkohlakalo njengoba beza nemininingwane esizayo ukuthi kujeziswe abangayilandeli imithetho.Izolo uMnuz Khulu Phasiwe, obhekelele ezokuxhumana kwa-Eskom, uthe sebeqale isigaba sesibili sokucima ugesi kusukela ngo-12.15 emini kuze kube wu-10 ebusuku.Uxolisile ngokucinywa kukagesi esho nokuthi bawucima ukuze bonge lo okhona ngenxa yokuthi kushoda amalahle.Uthe abantu kufanele bangene kwi-website yakwa-Eskom ukuze babone ukuthi ugesi ucinywa nini endaweni abahlala kuyo.",0
1618,vukuzenzele,"sizithole ukuthi simephi mayelana nokuhlinzekwa kwezinsiza eziyisisekelo nengqalasizinda ebucayi, ukubhekana nezinselele zenhlalo kanye nokuguqulwa kwamalokishi nemiphakathi yasemakhaya. Ukuqashwa komphakathi kungakwenza konke lokhu okungenhla: ukusungula",0
1680,vukuzenzele,"Ukuthuthukisa izinhlelo zokugwema izifo ezilwaneni kanye nokuqapha impilo yezilwane ezifweni ezifana nombendeni, siqinisa izindlela zokulawula ukuthuthwa kwezilwane kanye nokukhiqizwa kwemigomo yezilwane.",0
train_isizulu_01734,AfriHate,ngakhumbula ibhunu lami 💕😍 ##url,0
770,vukuzenzele,"Singaphinde sakhe iNingizimu Afrika kuphela uma siqhubeka nokuhlangabezana nale sibopho sethu sonke, futhi uma siqinisa umsebenzi osuqalile wokuqinisekisa ukuthi le ntela isetshenziswa ngobuhlakani nangendlela elungile.",0
test_isizulu_00626,AfriHate,"@username ngihleli nawe sdudla sangempela ngse newcastle noma imvula ina nje, dlala inamba mfana ..",0
1796,vukuzenzele,Uhulumeni manje uthatha igxathu lokuzama ukugwema lolu hlobo lokuhlukumeza futhi uzolwisana nanoma ngubani osemkhakheni kahu lumeni obandakanyeka kulesi senzo esibi.,0
2109,vukuzenzele,"Ezinye izigidigidi ezingamaR25 zithenjisiwe ukuze kuzokwesekwa izinkampani zabesifazane abamnyama, intsha kanye neziphethwe ngabasebenzi.",0
2711,vukuzenzele,"ezizogwema amaphutha ukuqinisekisa ukuthi zonke izinhlaka zikahulumeni ziya-kwazi ukumelana nokuhloli-siswa ngokomthethosisekelo. Lapho sitholakala khona sifu-na, siyobekwa icala izinkantolo zethu futhi, ngaphezu kwakho konke, yizakhamuzi zakithi.",0
dev_isizulu_00408,AfriHate,akekho umuntu oshaya isende njengale nceku abathi wudumi mkokstad🔥... uyalivithiza ikhekhe &amp; dribble.,0
439, uphele kamuncu umshado kushona umngani wabebeshada ,"UPHELE sekumuncu umshado obuseNseleni ngeSonto kushona umngani wabebeshada obeyolanda abanye esikhumulweni sezindiza iKing Shaka International eThekwini.UMnuz Mpilo Ndlazi (30), waseRichards Bay, obezoshadelwa ekuqaleni konyaka ozayo, ushone ngesikhathi imoto abehamba ngayo ishayisana nenye okuthiwa ngeyomndeni waseSwazini. Ingozi yenzeke emgwaqweni uN2 eMthunzini, kwashona abanye abathathu abebesemotweni yaseSwazini okushaye isikhathi sokuloba ingakatholakali imininingwane yabo.Umfowabo kamufi, uMnuz Nqobile Ndlazi, uthe indlela imoto yakhe eshe ngayo bathole sekudlule isikhathi ukuthi nguyena. Uthe bekungekho obekukhombisa ukuthi imoto ekabani ngoba ibishe yangqongqa.“Umfowethu ubesemshadweni womngani wakhe, umshado ungakaqali ngesikhathi ephuma eyolanda abanye eThekwini. Siyacabanga ukuthi bekuyizikhathi zasemini ngoba umshado ubungakaqali kodwa thina sithole umbiko ngabo 5 ntambama. Umyeni obeshadelwa uze wathumela enye imoto ngoba abasesikhumulweni sezindiza bebekhala ngokuthi kade belindile,” kusho uNdlazi.UNdlazi uthe umufi ubesanda kuthembisa umshado ingoduso yakhe ngo-Agasti 4. Bebehlele ukuthi bashade ngoFebhuwari noma ngoMashi ngonyaka ozayo.Umufi, owafundela ubuthisha e-University of Zululand neCivil Engineering eMangosuthu University of Technology, uke wafundisa unyaka owodwa eTholokuhle High, eNseleni, ngo-2007.UMNUZ Mpilo Ndlazi oshone esezoshadelwa Isithombe:FACEBOOKKuthiwa ubesengene nasebhizinisi lokuhweba ebelimenza ahambele amazwe.UNdlazi uthe umfowabo ubaziwa ngabantu abaningi ngoba ubebathanda abantu. Emethembisweni wakhe kwakugcwele nosaziwayo bethelevishini. Ubaziwa futhi nangokudlala izinsimbi emculweni.Isililo sikhulu nasezinkundleni zokuxhumana abamaziyo bebalisa ngokushona kwakhe. Kubona kubalwa no-Eugene Mthethwa weqembu leKwaito iTrompies othe bekungumngani wakhe.Ngokwesitatimende sabezimo eziphuthamayo i-IPSS Medical Rescue, bathathu abasindile engozini bangeniswe esibhedlela. Kuthiwa umshayeli weMercedes uvaleleke emotweni kwadingeka akhishwe ngezindlawu. Abathathu abebekwenye imoto bashonele khona lapho.Okhulumela amaphoyisa KwaZulu-Natal, uColonel Thembeka Mbele, uthe abashonile abakakhonjwa yimindeni yabo. Uthe amaphoyisa aseSikhaleni asaphenya ngembangela yengozi.",0
2756,vukuzenzele,"Abantu abamnyama (Owomdabu, Oyikhala di noma oyiNdiya).",0
train_isizulu_03059,AfriHate,"amaxoki! amonyozela njalo uma ebona abelungu, uma ebona abantu abamnyama akhuluma nge white monopoly capital ##url",0
1332,vukuzenzele,ukuthi uya emtholampilo ngokushe sha uzothola usizo.,0
3536,vukuzenzele,"Ngakube umgomo ungavimbela ukuthi ngingayitholi i-COVID-19? Awukho umgomo ohlinzeka ngokuvikeleka okungama-phesenti ayi-100. Ukugonywa kwenani elanele labantu nakho kakuhlinzeki ngokuvikeleka okuphelele kulabo abangagomile. Noma kunjalo, ngokugonywa",0
train_isizulu_02165,AfriHate,akekho umuntu omthola eyedwa… umuntu um’ncuka kwi nyoni ebhayizayo..,0
1387,vukuzenzele,"okwelapheka kwemidlavuza eminingi yezingane makhulu ka khulu kunemidlavuza ehlasela abantu abadala. Namuhla, emazweni asathuthuka, iningi lemidla vuza yezingane ingalapheka ngempumelelo, futhi epha kathi kwama-50% nama-60% ingalashwa. Emazweni ace bile,",0
train_isizulu_00187,AfriHate,@username ubaba ugodi uma engaphatha angaqhubeka aphasise ukubhenywa kwenzangu? ngoba ibhenywa zingane zethu bona abayibhemi amabhunu ayesicabangela engayivumi insango kithi ndlemnyama,0
train_isizulu_00166,AfriHate,"abanye abantu la benza ngathi abazi kuthi imfene skhule kthiwa eyokthakatha. manje they're busy telling us about an innocent baboon, shem 😕😕",0
475, kufunwa amadoda abaleke   wesitolo olundi ,"BAFUNWA uthuli amaphoyisa abesilisa abathathu okuthiwa bagasele esitolo eBuzi Cash & Carry oLundi bashaqa imali enguR154 000 bashaya bachitha nayo.Lesi sigameko okuthiwa sishiye umphakathi waseMtikini, oLundi, ushaqekile senzeke ngoMsombuluko ngesikhathi kufika imoto ebithi izolanda kulesi sitolo.Ngokuthola kweSolezwe ngomthombo osondelene nalolu daba ngabo-1 emini kugasele amadoda amabili, eyodwa kuthiwa yona ibiqaphe ngaphandle kwasesitolo.Umthombo uthe indoda eyodwa ingene kulesi sitolo iqhuba ngesibhamu unogada wemoto ethwala imali. Kuthiwa iqonde kwisisefo esigcina imali. Ibe isibiza omunye wesifazane okukhokhwa kuyena  ukuba naye eze lapho kukhona isisefo esigcina imali.Kuthiwa indoda iphoqe unogada ukuba avule isisefo kodwa wavele wanikeza yona ukhiye.  Kuthiwa indoda ivule isisefo yathatha imali.“Imali okutholwe ukuthi ithathwe yila madoda kube wuR154 000,” kusho umthombo ocele ukungadalulwa.Ngaphezu kwalokho kuphoqwe lo wesifazane oshaya i-till ukuba ayokhipha enye imali nayo yathathwa. Kwenzeka lokhu nje, kuthiwa enye indoda ibahambe ikhipha imali kuwo wonke ama-till esitolo.Kuthiwa amadoda amabili aphume esitolo nemali esephethe nesibhamu sikanogada. Akwaziwa ukuthi la madoda ababaleke ngani endaweni yesigameko.Okhulumela amaphoyisa KwaZulu-Natal, uLt Colonel Thulani Zwane, uthe bathungatha amadoda amathathu basaphenya ngalesi sigameko.“Kuvulwe icala lokubanjwa inkunzi esitolo. Kusaphenywa ukuze kutholakale konke okwenzekile kulesi sigameko. Amaphoyisa athungatha abasolwa, akekho oseboshiwe,” kusho uZwane.Imizamo yokuthola umnikazi wesitolo ayizange iphumelele izolo njengoba izinombolo zakhe zingazange zitholakale.",0
test_isizulu_00010,AfriHate,"kodwa amabhunu asekzn ayoze asiqede isizwe esimnyama , ubheki cele ngeke enze lutho namaphoyisa ngoba iqondene nomuntu omnyama #ezanamuhla @username ",0
3428,vukuzenzele,"Kulaba abanye abanga ma-40%, singabangelwa ukulimala ekhanda, ukulimala ngesikhathi sokubelethwa, utshwala kanye nokusebenzisa izidakamizwa, ukuguga noma ukuphazamiseka noma ukungalingani kwendlela yokwakheka komzimba noma kwamakhemikhali emzimbeni.",0
3581,vukuzenzele,abasha abanomdlandla nentshisekelo emcimbini we nkulumo-mpendulwano phakathi kwezizukulwane ezihlukahlukene zakuleli owabe uhlelwe wuPhiko Lukazwelonke Lokuthuthukiswa Kwentsha. Sabhunga ngezindaba ezibaluleke kakhulu kubantu abasha futhi sacubungula,0
train_isizulu_01086,AfriHate,yabona ukuhlala nmama wakho nomakoti wakho endaweni enye🖐 mazulu cant breathe now#imbewu,0
3043,vukuzenzele,"Ngonyaka ophelile uwo dwa nje, cishe izigidigidi eziyi-R120 zezibophezelo zotshalomali zaya eku sungulweni noma ekuqhu tshweni kwemiklamo. Lo khu kusho ukuthi cishe ama-38% esamba sezi bophezelo zotshalomali – noma izigidigidi ezinga ma-R290 – kuze kube",0
458,vukuzenzele,Imenenja yomnyango we zokuthuthukiswa kweze midlalo nezokungcebeleka kumasipala u-Teddi Adams uthe amabhodi lawa azosi za abahuhuluzi abasafu fusa.,0
579, sizoqina isandla sezokuphepha kwazulu natal ,"UNGQONGQOSHE wezokuThutha, ukuPhepha nokuXhumanisa uMphakathi KwaZulu-Natal, uMnuz Bheki Ntuli uthi kuzobe kuqhaqhazela utsotsi ngendlela ezizobe ziqiniswe ngayo ezokuphepha KwaZulu-Natal ngala maholidi kaKhisimusi.Ukusho lokhu emhlanganweni obuyizolo ejele iWestville obekubhungwa ngamasu okuqinisa ezokuphepha ngesikhathi samaholidi kaKhisimusi futhi kwethulwa nesiqubulo esizobe sisetsheniswa esithi: Repositioning KwaZulu-Natal as a Zero Tolerance province.UNtuli uthe bajube amaphoyisa ukuthi avale zonke izindawo ezidayisa utshwala ezingekho emthethweni futhi kuhlolwe nalezo ezinamalayisensi ukuqinisekisa ukuthi zihweba ngendlela esemthethweni.“Kuyasikhathaza ukwanda kwezindawo zokucima ukoma ikakhulukazi lezo ezivulwa eduze kwezikole nasemasontweni. Siyajabula ukusho ukuthi abeLicence Liquor Board sebenalo uhlu lwawo wonke ama-tarven aseduze kwezikole namasonto. Okunye okukhathazayo wukuthi izigameko eziningi zobugebengu zenzeka ebusuku nangezimpelasonto. Abantu banesibindi esixakile futhi abanendaba nempilo yomunye umuntu okuyinto ephambene noMthethosisekelo wezwe,” kusho uNtuli.UNtuli ufuna amaphoyisa avale nemibhiyozo yabafundi abaqeda ukubhala izivivinyo eyaziwa ngama-pens down ngoba uma ingaqashiwe kugcina sekubulawa abantu iningi labo elisuke ligwaziwe.“Siyakhathaza isibalo esiphezulu sokubulawa kwabantu emalokishini ngakho kumele kube khona okwenziwayo ngokushesha. Eminyakeni embalwa edlule iziteshi zethu zamaphoyisa bezilokhu zizihola phezulu ohlwini lukazwelonke. Inanda, KwaMashu, eMlaza nePlessislair ezinye zazo. Asiwasusile amehlo ethu emahostela aseThekwini ikakhlukazi iGlebelands naKwaMashu. Sizophinde siqinise ezokuphepha eMthunzini, eMpangeni, Pinetown naseHillcrest enezigameko eziningi zokugqekezwa kwemizi, kuphangwe amabhizinisi nokudunwa kwezimoto,” kusho uNtuli.Bekukhona noKhomishana wamaPhoyisa KwaZulu-Natal uLt-General Khombinkosi Jula nenhloko yomnyango kaNtuli uMnuz Themba Mavundla.UNtuli uthe kuyaziwa ngalesi sikhathi sonyaka ukuthi KwaZulu-Natal samukela izinkumbi zabavakashi ngakho izinhlaka zezomthetho kumele zisebenze ngokubambisana ukulwa nobugebengu nezingozi zomgwaqo eKZN.“Ubugebengu nezingozi zomgwaqo kumele sikuthathe njengesitha sethu okumele silwe naso ngokubambisana. Inkinga yezokuphepha emiphakathini nasemigwaqweni iletha inselelo edinga ukuba siphendule isimo esibhekene naso njengamanje,” kusho uNtuli.Unxenxe abezomthetho ukuba benze umsebenzi wabo ngobuqotho futhi banikele isikhathi sabo ekwenzeni umsebenzi wokuvikela umphakathi.Uthe bahlele izivimbamgwaqo ezibalelwa ku-2 040 KwaZulu-Natal njengoba bezojuba inhlanganisela yamaphoyisa angu-24 325 azoqinisa ezokuphepha ngesikhathi samaholidi okuphela konyaka nangemumva kwawo.",0
3454,vukuzenzele,ULorraine Mokoena (one minyaka yobudala engama-31) waseMpumalanga ungomunye wabaqashiwe futhi osezuze kulolu hlelo. Usesebenze iminyaka eyi-11 esebenzela i-WOF.,0
1049,vukuzenzele,"abasebenza ngezithuthi zomphakathi, nabaphathi kanye nabanikazi banoma yisiphi isakhiwo somphakathi manje baphoqelekile ngokomthetho ukuthi baqinise-kise ukuthi noma ngubani ongena emagcekeni abo noma ezimotweni zabo ungena efake isimfonyo.Amatekisi",0
453,vukuzenzele,"Ingahlasela kakhulu izifunda izinyanga noma iminyaka futhi sinomthelela ekukhiqizweni kokudla, futhi sehlisa iminyaka yokuphila komuntu kanye namandla ezomnotho ezifundeni eziningi noma emazweni wonkana.",0
675,vukuzenzele,"Izinsiza zokuzivikela zabasebenzi bezempiloOkunye okuseqhulwini kwiSima Sobumbano ukuthumela izinsiza zokuzivikela kubasebenzi bezokwelapha njengodokotela kanye nabahlengikazi. Lesi Sikhwama, esesiqongelele izigidigidi eziyi-R2.61 kuze kube manje, sisize",0
test_isizulu_00547,AfriHate,"ungabuzi okuningi. bhebha nje “@username : boghel, ngicela ukubuza. yini le enenza nilahle kangaka on nye??? hahahahha”",0
2622,vukuzenzele,"imbangela yokubulawa kwakhe, wayengufakazi oqavile wophenyo lwe-SIU mayelana nokuthengwa kwezinsiza zokuzivikela kulo mnyango.",0
1190,vukuzenzele,Lokhu kusho ukuthi ukuphendula kwezipha thimandla vele ngeke kuzwakale.,0
747, oklebe bayazi ngezikhalo ngemeya yetheku ,"OKLEBE bathi bayazi ngezinsolo zokuphulwa kwemibandela yebheyili yiMeya yoMkhandlu weTheku uNkk Zandile Gumede emisiwe emsebenzini emva kokuboshwa mayelana namacala enkohlakalo nokukhwabanisa athinta ithenda yezigidi yokuqoqwa kukadoti eThekwini.Okhulumela oKlebe, uBrigadier Hangwani Mulaudzi izolo uthe zikhona izikhalo abazitholile mayelana nokuthi uNkk Gumede uphule eminye yemibandela yakhe yebheyili.“Siyazi ngezikhalo zokuthi iMeya yaseThekwini iphule eminye imibandela yebheyili, ithimba labaphenyi noPhiko lwezokuShushisa kumele baxhumane babikele iMantshi ngalezi zinsolo bese kuba iyona enqumayo ukuthi kuzokwenzekani,” kusho uMaluadzi.Omunye wemibandela yebheyili kaNkk Gumede owawubukeka umnqinda amandla, ilowo owawuthi kumele ame ukuqhuba izinhlelo zikamasipala.UNkk Gumede unikwe ikhefu lezinsuku ezingu-30 yi-ANC ngemuva kokuboshwa mayelana nethenda yokuqoqwa kukadoti.Izolo uNkk Gumede bekulindeleke ukuthi abuyele emsebenzini njengoba ikhefu anikwe lona lenyanga seliphelile.I-ANC izolo bekulindeleke ukuthi yenze isimemezelo mayelana nekusasa lakhe kodwa lize lashona ilanga singekho isimemezelo esenziwayo.Ethintwe uMkhulumeli we-ANC KwaZulu-Natal uNkk Nomagugu Simelane-Zulu ophinde abe nguNgqongqoshe wezeMpilo esifundazweni, akazange atholakale, ucingo lwakhe lubanjwe ngumkhulumeli wakhe uNkk Thando Nkosi othe bazokwaziswa abezindaba uma sekukhona isinqumo esithathiwe.I-ANC kulindeleke ukuthi imemezele ngekusasa likaNkk Gumede namhlanje.Izolo i-ANC ibibambe umhlangano lapho kade ibhunga khona ngalolu daba. Ngakolunye uhlangothi, abalandeli bakaNkk Gumede bahlela ukuthi namhlanje babambe umlindelo bese kuthi kusasa ngoLwesine bayamthatha bamyisa eCity Hall.Okhulumela uMkhandlu weTheku, uMnuz Msawakhe Mayisela, uthe ngeke bakwazi ukuphawula mayelana nodaba lweMeya wacela ukuthi kuthintwe i-ANC esifundazweni.“Siyabanxusa abezindaba ukuthi banikeze ubuholi be-ANC esifundazweni isikhathi sokuthi busebenze lolu daba kodwa mina engingakusho ngasohlangothini lukamasipala, umsebenzi uyaqhubeka siholwa yimenenja yomkhandlu uMnuz Sipho Nzuza nePhini leMeya uNkk Fawzia Peer okuyilo eliyiNhloko yezepolitiki okwamanje,” kusho uMayisela.Uthe bona babheke kakhulu ekutheni umsebenzi wokuhanjiswa kwezidingo kubantu uyaqhubeka, abanendaba kakhulu nokuthi kuqhubekani kwezepolitiki.“Umsebenzi wethu siyawazi futhi akukho okuzosivimba ukuthi siqhubeke nawo,” kusho uMayisela.",0
2407,vukuzenzele,"NgoNcwaba, uNgqongqo she u-Joe Phaahla wathi iNingizimu Afrika ihamba phambili ekuphuzweni kwePrEP e-Afrika eseningizimu ye-Sahara. Wathi ama-70%, noma izi-2 419 zezikhungo zikahulumeni ezinakekela nge zempilo zaseNingizimu Afrika seziwafakile amaphilisi",0
train_isizulu_03057,AfriHate,@username lol uyadelela njalo wena. ngathi ibhunu lase western cape,0
dev_isizulu_00513,AfriHate,unenyoko-nyoko maan lomfazi wokuqala yazi... #uthandonesithembu,0
dev_isizulu_00385,AfriHate,@username ay angisazi kodwa lowababa baze bambiza ngomthakathi bathi uzobadlisa imfene😂😂😂,0
744,vukuzenzele,Kungaba futhi umuntu owa wuthandana naye noma owawethembisene naye u mshado.,0
2938,vukuzenzele,"‘Ihlandla lesibili’ lokwe suleleka amanye amazwe amaningi abhekene nalo into ehlezi ingenzeka na kuthina. Yize imikhawulo eminingi seyisusiwe, lokhu akusho ukuthi ngeke iphinde ibuyiswe uma kungenzeka sibhekane nokukhuphuka kokusuleleka. Lolu bhu bhane",0
test_isizulu_00494,AfriHate,usedlalela abelungu manje lo shimza wenu #lockdownhouseparty ##url,0
2076,vukuzenzele,"U-Best uthe phakathi kwaba bambiqhaza ababandakanyeka yo kule phrojekthi uMnyango Wezokuhlela, Ukuqapha Nokuhlola; umfelandawonye wezinhlangano zomphakathi Imali Yethu; Umzamo Nesu Lomhlaba Jikelele neSikhungo Sikahulumeni Sokwelule kwa Ngobuchwepheshe.",0
2851,vukuzenzele,“Bengibuya esikoleni bese ngiya emasimini. Ngangikuthanda kakhulu ukudla ukudla okunempi- lo. Ngesikhathi sengithatha umhlalaphansi into kuphela engangifuna ukuyenza uku- lima ngesikhathi engangi- ngenzi lutho ngaso”.,0
train_isizulu_00325,AfriHate,@username bhebha. kuzo thuleka,0
898,vukuzenzele,"“Ukwakhiwa kwalesi sikole kuyindlela kahulumeni yokubuyisela isithunzi ezinganeni zasemakhaya ezisafunda isikole nezintulayo kanye nothisha bazo,” engeza. Ilungu lesigungu esilawula isikole, uNksz Nomuntu Dlengane, uthe lesi sikole esisha sizogqugquzela",0
2651,vukuzenzele,"Ukujeza okufanayo kuyasebenza nakubantu abaxhaphaza izibonelelo zokunakekelwa kwabantwana - esikhishwa ngu-SASSA ukweseka ngokwezimali abantwana abaphila nokukhubazeka okunzima abadinga ukunakekelwa ngaso sonke isikhathi, izibonelelo zabantu abaphila",0
2554,vukuzenzele,"minyango lapho kukhona uzinzo kubaholi, imiphumela yocwaningo lwamabhuku ivame ukuba mihle futhi nezimali zikahulumeni kuya phenduleka ngazo. Lapho kukhona uguquko olukhulu kubaphathi bomnyango, ku vamise ukuthi kube khona isiphithiphithi ekuphatheni.",0
1755,vukuzenzele,Ukuthatha isinqumo ngenqubomgomo yokubhaliswa. kwabafundi esikoleni.,0
train_isizulu_00138,AfriHate,"""@username : #masigoduke nobonah thusi silalele silana epmb @username #wnb""uthi ngithe hello kwi mfene yakithi",0
train_isizulu_00213,AfriHate,uyinja kabi wena ##url,0
dev_isizulu_00257,AfriHate,sebeqedile uk'hlanya abelungu? 😂😂 #blackmonday,0
544, imibono liyahamba itheku kukhongolose uma ungashintshi ,"Mhleli: Ngiyabonga ngokungipha isikhala ephephandabeni lakho. Ake ngibonge yize ngingazi ukuthi abaholi be-ANC eThekwini bafinyelele kanjani esinqumeni abasithathile. Umphakathi waKwaZulu-Natal uyayithanda i-ANC kodwa izinto eziningi ezenziwa wuKhongolose kulesi sifundazwe zenza umphakathi ubone kungafanele uzihlanganise nale nhlangano.Ngifunde ephephandabeni kuthiwa ubuholi be-ANC esifundeni iTheku bufuna ukuxoxa namalungu kaKhongolose akhetha ukuzimela okhethweni ngo-2016. Ake ngilungise lapha, bonke abazimela abakaze bawushiye uKhongolose yizinkinga nenkohlakalo okwenziwa ubuholi besifundazwe nobeTheku ezadala umphakathi uvele uthi abazimele nangempela kwenzeka. Ngenzela ukucacisa lokho. Okunye okumele sikukhulume wukuthi umphakathi omningi waseThekwini owalinyazwa ngokufunzwa amakhansela abaholi besifunda seTheku awujabulile.Namanje umphakathi usadiniwe. Ukukhuluma nabazimela ngeke kwenze mahluko. Nikwenza lokhu ngoba senifuna amavoti noma seniwuqala kabusha umbutho?Uma nilungisa amaphutha kumele nibize wonke amaqabane enawona kuqala ngoba umphakathi wazi wona la maqabane nina buholi besifunda anaziwa emphakathini. Naziwa ngemisebenzi yenu emibi yokufunza umphakathi amakhansela uma nihluleke ukuzithoba emphakathini ivoti ngo-2019 nango-2021 lizoya emakhanseleni azozimela futhi.Inkinga enkulu esibhekene nayo wukuthola ubulungu be-ANC emagatsheni. Kuyaqala lokhu akukaze kwenzeke. Selokhu kwangena lobu buholi ubulungu asibutholi. UNobhala wesifunda seTheku uMnuz Bheki Ntuli usikhomba konobhala emagatsheni. Njengoba onobhala kuyizingane zamakhansela sizobuthola kanjani ubulungu ngoba phela lezi zingane zivikela isinkwa zona ngobulungu? Kungani kumele kuthiwa asiye ehlathini sibhekile?Usho kanjani ukuthi angiye kumuntu ozohlezi engatholakali kodwa ngobusuku unikeza omama abathize ukuthi abayojoyinisa labo ababanike imixhaso kuphela? Miningi imikhuba ebuholini besifunda ngoba bunesandla kule nto eyenzeka. Uma beshayelwa izingcingo sengathi kabazi ngale nkinga kodwa emakhoneni bayahlangana nalaba bantu ababulala umbutho.Siwutholile umyalezo wokuthi emagatsheni aseThekwini wonke ngenyanga edlule bekujoyiniswa ubulungu. Umbuzo wami uthi ngaphambi kwalokho senihlanganile yini namaqabane wonke ama-ward nawachazela ngomyalezo? Njengoba sizokhipha imali yethu sizothemba kanjani ukuthi izokhokhelwa ngoba kade sasigileka sikhokhe bese siyakhishwa uma sekukhethwa ubuholi. Ngizokwenza isibonelo njengaku-ward 78 eMlaza lapho ikhansela lingusihlalo bese kuthi indodakazi yekhansela ibe ngunobhala bese indoda yalo iba kwiBEC. Kuyona leyo BEC kunezalukazi zaku-ward 84 ezinikwe ubulungu ku-ward 78 yini ezolunga?Lolu hlelo lokujoyinisa umphakathi kungani ningalwenzi ngenye indlela? Kungaphela isonto ubufakazi bungabuyile bokuthi ukhokhile nezimfanelo zakhe azithole njengoba zinjalo njengoba kunamakhansela eThekwini axosha noma akhela ababengahambisani nawo amatulo okuthi baxoshwe emisebenzini, kusalungiswa nalapho? Njengoba amalungu ekomiti ye-ward enikezwe umyalelo wokuthi alandele abantu abasebenzayo njengezinduna, kusemthethweni yini lokho baholi be-ANC? Kusemthethweni yini ukuthi ubulungu bethu buhlale ezikhwameni zamakhansela?Sengizovala laba bantu enabalaxaza ngo-2016 yibona abazokwenza ukuthi nikwazi ukungena emphakathini uma ningaxoxanga nabo, khohlwani baholi amavoti. Siyawuthanda impela uKhongolose kodwa uma niqhubeka nale nto yenu amagatsha amaningi azohamba kodwa ithuba lisekhona ngoba akumnandi ukubona iqabane elidala elazabalaza lingenabo ubulungu.Esinye isilwane okumele nibhekane naso yilesi okuthiwa wuhlu lwabazovotelwa ebuholini. Okukhishwa abantu abathandwa wumphakathi kuyona. Unobhala omusha wayichaza kahle sayizwa ukuthi isuke yenziwelani. Asithembe ngeke isenzeka. Unobhala, uMnuz Mdumiseni Ntuli, sesithembe wena nomfo kaZikalala ukuthi nizokwazi ukubuyisela uKhongolose ebantwini ngoba eyi uthando emphakathini bese luphelile kodwa nje ukuxolisa ngokuwufunza abantu abangaziwa kuyonisiza bese niyaqinisekisa ukuthi ngokulandelayo ngeke nisawuphinda. Niyobe nisebenzile. Nginifisela inhlanhla, sengathi konke okuhle ebenikucabanga ngombutho kungalunga baholi.Zamani KheswaEThekwini",0
train_isizulu_01757,AfriHate,@username ibhunu safunda isingisi kopopayi.,0
3303,vukuzenzele,"vonesifo sikashukela kanye nomfutho wegazi ophakeme kuyabongeka ukuthi yena akazange wesuleleka ngaleli gciwane – unakekele laba bantwana abanye ababili,” kusho u-Mohammed.",0
429, limlahlile obezibiza ngengonyama ,"USOMABHIZINISI waseShowe, uMnuz Brayce Mthimkhulu obezibiza ngeNgonyama yamaHlubi, ulahlwe yicala eNkantolo eNkulu yaseMgungundlovu ngoLwesihlanu wayalalelwa ukuthi angaphinde azibize ngeNgonyama futhi akhokhe nezindleko zecala.UMthimkhulu ubefakwe enkantolo wuMnyango wezokuBusa ngokuBambisana nobuHoli boMdabu KwaZulu-Natal, ngemuva kwesikhalo esifakwe yiNdlunkulu yamaHlubi kuwona. INdlunkulu yamaHlubi yafaka isikhalo ngoMthimkhulu emnyangweni oqale wamyalela ukuthi angazibizi ngeNgonyama kodwa waqhubeka. UMthimkhulu ubebangisa iNgonyama yamaHlubi ebusayo, iNkosi Muziwenkosi kaLangalibalele Radebe eseMtshezi.Icala abebhekene nalo lokuzibiza ngeNgonyama belisingethwe yijaji Jerome Mnguni.Ijaji lithe, uMthimkhulu angaphinde azibize ngeNgonyama yamaHlubi noma enze umcimbi egameni lobukhosi bamaHlubi ngoba akayona inkosi. Liphinde lamyalela ukuthi kumele akhokhe izindleko zecala ebelifakwe enkantolo.Icala abebhekene nalo alithathanga sikhathi lisenkantolo njengoba kufike kwaphuma isinqumo kwaba sekuphelile njalo ngoMthimkhulu.UMthimkhulu uqale ukuvela ngo-2014 ethi nguye iNgonyama yamaHlubi esemthethweni. Wenza indumezulu yomcimbi wokuzigcoba njengeNgonyama emzini wakhe eShowe. Wayememe umphakathi nosomabhizinisi, abanye ababeqhamuka eGermany.Ngemuva kwalo mcimbi kusuke umsindo kukhala abaseNdlunkulu yamaHlubi ngoMthimkhulu obekuthiwa usegcobe namakhosi angaphansi kwakhe futhi eqhakambisa ukuthi uzobumba isizwe samaHlubi. Ubesezibiza nangoMthimkhulu III.Ngo-2016 umnyango wezokuBusa ngokuBambisana nezoMdabuKwaZulu-Natal uxwayise uMthimkhulu uthi makangabizwa ngeNgonyama ngoba abukho ubufakazi balokho. Waphinde wamyalela ukuthi makayeke ukugcoba amakhosi ezindaweni ezihlukene esifundazweni ngoba akanalo ilungelo lokwenza lokho wathi uzobhekana nomthetho uma eqhubeka.",0
train_isizulu_00443,AfriHate,@username yah uma usiyosithela ngathi ingulube nami cishe ngathi iyona kodwa ke imvubu le,0
train_isizulu_01805,AfriHate,"@username she annoyed me that one,nomlomo ngathi imomozi kade ihlatshwa",0
647,vukuzenzele,"lengqalasizinda ezibhedlela, sihlela kahle nezibhedlela zesikhashana futhi sithola imibhede ukwengeza imibhede yeziguli esezihaqwe igci-wane leCOVID-19 ,” engeza.Ekuqaleni kwenyanga kaNhla-ngulana, ingaphezulu kwezi-27 000 imibhede yezibhedlela zomphakathi",0
1066,vukuzenzele,"Ngalowo mzuzu, lezi zibalo zibonisa ukuthi izindawo ezibekwe eqhulwini oHle lweni Lokwakha Kabusha Nokuvuselela Umnotho – ezi fana nemisebenzi eminingi yomphakathi, izinguquko zomnotho kanye nokuthuthu kiswa kwengqalasizinda – zinomthelela ekusungu lweni",0
820,vukuzenzele,"Kumele sivikele noma yini futhi nayo yonke imizamo yokucekela phansi intando yeningi labantu yethu esayizuza ngokusebenza kanzima – noma ngabe le mizamo ithatha uhlobo lwenkohlakalo ezinkampanini zikahulumeni, ukuketulwa kwezikhungo zethu eziqinisekisa",0
2657,vukuzenzele,Loyo othola isibonelelo somntwana kufanele kube ngumnakekeli womntwa na futhi umntwana kufanele ahlale naye.,0
573, inkinga yesitifiketi somshado engalungiseki ,"LUYINZUKAZIKEYI olwabashadile baseMbazwana abaneminyaka ewu-21 beshadile kodwa isitifiketi somshado sabo sikhomba ukuthi umama uzishadile.UNkk Phikiwe Thandazile Ngobese (Mangeni) ushade noMnuz Bernard Mxoshwa Ngobese kodwa isitifiketi somshado abasinikwa uMnyango wezaseKhaya siveza ukuthi uNkk Ngobese uzishade yena, esikhaleni okufanele ngabe kubhalwe kuso umyeni kubhalwe igama nesibongo sakhe nasesikhaleni sikankosikazi kubhalwe yena.UNgobese uthe bashada ngo-1998 esontweni wathatha incwadi yomshado yasesontweni wayihambisa eMnyangweni wezaseKhaya eMngeni ukuze kuphume isitifiketi, kulapho kwaphambana khona izinkomishi.“Bengilokhu ngitshelwa ukuthi angilinde udaba lwami luyalungiswa. Ngigcine sengibona ukuthi ayikho lento kudlalwa ngami ngoba akukho okugcwaliswayo kusuke kwenzelwa ukuthi ngihambe. Ngabuza ukuthi kwenziwa yini kuphele iminyaka ngephutha elenzeka khona ngoba phela kumele kube lula ukulilungisa ngoba incwadi yomshado isekhona kimi. Kule nyanga bangitshele ukuthi angikhohlwe ngoba leli phutha ngeke lilungiseke, ePitoli bathe ngeke lilungiseke leli phutha. Kuzo zonke izindawo okufuneka kuzo incwadi yomshado siphindiselwa emuva kuthiwe leli phepha esinalo ngeke lisebenza ngoba likhomba ukuthi unkosikazi uzishade yena,” echaza.Uthe uma kudingeka ukuthi abhale unkosikazi wakhe emaphepheni akhe abalulekile akakwazi ukumbala njengonkosikazi umbala njengomama wezingane.“Ngokwalo mnyango mina angishadile. Lento iyasikhathaza ngoba iminyaka iyahamba. Ngiyabona ukuthi ngeke sisizakale njengoba kuthiwa ePitoli bathe ngeke leli phutha lilungiseke,” kusho yenaUMnuz Siyabulela Qoza, okhulumela uMnyango wezaseKhaya kuleli, uthe ngokwazi kwakhe wonke amaphutha ayalungiseka kodwa ngeke akwazi ukuphawula ngokugcwele ukuthi kulolu daba kwenzekeni ngoba uyaqala ukuzwa ngalo. Wacela ukuthi athunyelelwe imininingwane yalo ukuze aluthumele ophikweni olufanele.",0
dev_isizulu_00272,AfriHate,@username yazi 😂😂😂 phinde uzothola ibhunu likhufice ufake idoek yeanc.😢,0
618,vukuzenzele,"ezinezindawo ezihlinzeka ngemisebenzi eziqhelelene (KwaZulu-Na- tali, eGauteng, eMpumala- nga naseNyakatho Kapa).",0
dev_isizulu_00440,AfriHate,and the ibhunu lizosukela owesifazane omnyama. ##url,0
546, abakwampisane basuse ivideo kasbahle ngemuva kokugxekwa ezinkundleni ,"BAGCINE bephoqelekile ukuthu bayisuse ivideo kaSbahle Mpisane abakwaMpisane ngemuva kokuhlaselwa ngabantu ezinkundleni zokuxhumana. Ofake le video, u-Andile Mpisane, ongumfowabo omncane kaSbahle, uthe ukhethe ukuyisusa ekhasini lakhe ngoba bese behlaselwa njengomndeni.""Ngicela niqaphe ukuthi ngiyisusile ivideo yokululama kukaSbahle ekhasini lami ngemuva kokuhlaselwa kwethu (yena noSbahle) nomndeni. Besihlose ukwazisa umphakathi ngokululama kwakhe ngokufaka le video. Ngemuva kwengozi abantu babehleba ngakho konke okubi ezinkundleni zokuxhumana, nasemaphephandabeni ngaye okuyinto esizwisa ubuhlungu kakhulu. Siyabonga ngokuqhubeka niseseka ngomkhuleko, uSbahle uyabonga kini nonke, siyabonga,"" kusho u-Andile.View this post on InstagramKindly note I’ve taken down my sister @sbahle_mpisane recovery video on my page , after some malicious attacks towards me, my sister and Family. The video was to inform the public of the Great progress and recovery stage of her state... after the tragic accident she had as people were gossiping all negative rumors on social media ,newspapers about her which pains me dearly and my family. Thanks very much for the continuous support and prayers and note that my sister Sbahle appreciates each and everyone of you Siyabonga. ❤️A post shared byAndile Mpisane(@andilempisane10) on Sep 11, 2018 at 11:12am PDTU-Andile ufake ivideo kaSbahle, obebangwa nezibi esibhedlela emuva kwengozi enyantisa igazi. Izolo uSbahle uvuke embhedeni waphawula ngomshado wabazali bakhe uShauwn noSbu abebegubha usuku abashada ngalo eminyakeni eyedlule.“Sanibonani nonke, namhlanje (esho izolo), sigubha usuku lapho abazali bami babopha khona ifindo likasofa silahlane futhi sijabule kakhulu. Okunye ukuthi angiphilile ngalo lolu suku. Ngiyabonga kubantu abasondelene nami nakubantu abangithandayo emphakathini ngokungifisela ukululama, ngizizwa ngingcono, nezipho eningilethele zona nazo ngiyazibonga kakhulu,” kusho uSbahle.Le ntokazi ifisela abazali bayo nje, kuke kwaba nezindaba ezike zavela emaphepheni ahlukene zokuthi abasahlali ndawonye emzini wabo oseLa Lucia, eThekwini.USbahle, izolo ubevela okokuqala emphakathini ngemuva kwengozi eyenzeka emgwaqweni uMagret Mncadi, eThekwini.Umfowabo kaSbahle, u-Andile ufake inkulumo eqoshwe uSbahle efisela abazali bakhe okuhle kodwa njengoba bekuwusuku abashada ngalo. Uqhube wathi wonke umuntu omkhombise uthando naye uyamthanda.“Ngiyabonga futhi ngiyawuthanda umndeni wami wonke nokungilethela izipho usuku nosuku unginakekela. Ngiyaqhubeka futhi nokuthi ngiyabonga, ngibonga angiphezi.”Iningi lijabulile ezinkundleni ngokubona le ntokazi izikhulumela ibonga uNkulunkulu ngokumnika elinye ithuba empilweni kodwa abanye babuza ukuthi kungani beshuthe ivideo ekubeni ebonakala ukuthi isimo sakhe asikakabi sihle ngokuphelele.NgoMsombuluko Isolezwe likhulume noyise kaSbahle uSbu Mpisane othe indodakazi yakhe ayisekho esimeni esibucayi. Ubonge uMdali ngokuyisindisa njengoba ehlale amasonto ambalwa egunjini labagula kakhulu iphefumula ngemishini.",0
train_isizulu_02850,AfriHate,imfene zombili nje lezo... ##url,0
18,vukuzenzele,Abafundi BakaMa tikuletsheni bakulonyaka kumele babhekane nezingqinamba eziningi ngenxa yesifo segciwane lecorona (iCOVID-19) .,0
236, bahlezi lubhojozi osomatekisi kubulawa esinye isikhulu ,"BAHLEZI lubhojozi osomatekisi bakasoseshini iDolphin Coast emuva kokubulawa kwePhini likaNobhala kasoseshini, uMnuz Dicky Govender, odutshulwe ngoyaba lwezinhlamvu nenkosikazi yakhe ngoMgqibelo ebusuku.UGovender, omunye wabasunguli bakasoseshini iDolphin Coast, udutshulwe emuva kokudutshulwa kukaMnuz Nhlanhla Lephalo oyilungu lekomidi osinde ngokulambisa ngesikhathi edutshulwa esendleleni ebheke ekhaya ngabo -8 ekuseni ngamadoda abehamba nge-Audi emhlophe.UMnuz Sunshine Mthiyane, obhekelele ezokuxhumana kwiDolphin Coast, uthe badinga kungenelele uNgqongqoshe wezokuThutha nokuPhepha koMphakathi KwaZulu-Natal, uMnuz Mxolisi Kaunda, ngoba ayaphela amalungu abo.“Asazi ukuthi adutshulelwani amalungu ethu kodwa esikuqaphelayo wukuthi kubulawa abantu abasekomidini likasoseshini. Kudutshulwe uSihlalo wethu ngonyaka odlule kanti ngesonto eledlule kudutshulwe uNhlanhla Lephalo naye oyilungu lekomidi njengoba sekubulawa uDicky. Siphatheke kabi ngoba asazi ukuthi kwenzekani, sicela uKaunda angenelele ngoba siyaphela.”ULieutenant Thulani Zwane, wamaphoyisa KwaZulu-Natal, uthe kuvulwe amacala amabili okubulala emuva kokudutshulwa kukaGovender obengusomatekisi nomkakhe ngoMgqibelo ngabo 7.45 ebusuku.“Indoda nomkayo bebehamba emgwaqweni * -R102 phakathi kweShakaskraal noThongathi ngesikhathi bephambana nezimoto ezidedele inhlamvu. Indoda ishonele khona lapho, umkayo ushonele esibhedlela. Amaphoyisa aphenya amacala amabili okubulala, akekho oseboshiwe.”UMnuz Kwanele Ncalane obhekelele ezokuxhumana eMnyangweni wezokuThutha, ukuPhepha nokuXhumana koMphakathiKwaZulu-Natal, uthe ungqongqoshe (Kaunda) ukhathazekile ngokubulawa kwabaholi bemboni yamatekisi ngakho usejube ithimba elizophenya ngakho.",0
test_isizulu_00328,AfriHate,@username sisonke sdudla sangempela,0
dev_isizulu_00271,AfriHate,"@username sjava badale nkinga bafaka uhlanyaa enkudleni ,cishe lamnqamula amasende umfoka khathi.... ##url",0
609, ufuna ukuzwana kwi ifp ne anc ,"UMENGAMELI ngokuhlonishwa we-IFP inkosi Mangosuthu Buthelezi uthi kuyomphatha kabi uma eze washona lungaqediwe uhlelo lokubuyisana phakathi kweNkatha ne-ANC.Ekhuluma emcimbini wokwethulwa ngokusemthethweni kwesikhwama sakhe nomngani wakhe ongusomabhizinisi ohlonishwayo, uMnuz Harry Oppenheimer esikhumulweni sezindiza esidala ngaseSiphingo izolo, uButhelezi uthe inhliziyo yakhe kayikutholi ukuphumula ngokuthi lolu hlelo kalukaqedwa.“Kuyongiphatha kabi uma ngivala amehlo ami ngishona kodwa kusenezilonda ezingakalashwa phakathi kwe-IFP ne-ANC,” kusho uButhelezi.Uthe uyajabula ukuthi umholi ohlonishwayo we-ANC, uMnuz Meshack Radebe ukhona emcimbini wakhe.“Kuyintokozo ukuba khona kukaRadebe lapha owaziwa kakhulu ngamagalelo akhe okudala uxolo phakathi kwe-IFP ne-ANC eHammarsdale ebambisene noDkt Sipho Mlaba ongasekho. Ngisho nangesikhathi uRadebe enze umcimbi wokugubha ukuhlanganisa iminyaka engu-70, wangimema kwakhe eMaqongqo ngaya ngoba ngangazi ukuthi ukungimema kwakhe kwakugqugquzelwa yintshisekelo yakhe yokubona sibuyisana,” kusho uButhelezi.Uthe kade kwasa ethukwa, ebizwa ngawo wonke amagama ngabaholi be-ANC, abanye baze bambize ngomdayisi nangencelebane yabamhlophe.“Noma ngangihlaselwa ngayo yonke indlela kodwa bekungiqinisa kungenze ngime kulokhu engikholelwa kukho ngenxa yokwesekwa enganginikukwa ngumngani wami * -Oppenheimer, wangiseka futhi nangesikhathi ngithatha isinqumo sokunqaba ukuthi isifundazwe iKwaZulu-Natal sibe nguzimele geqe njengoba ezinye izifundazwe ezine zase zivumile,” kusho uButhelezi.Uthe ngenxa yozimele geqe, abantu abamnyama babenziwa abantu bokufika ezweni labo.“Njengoba ngilapha namhlanje emcimbini wokwethulwa kwalesi sikhwama sami nomngani wami ngizizwa sengathi ngisemngcwabeni wami uqobo,” kusho uButhelezi.Isikhulumi sosuku emcimbini, uMnuz John Kane-Berman, sigeqe amagula sichaza umlando kaButhelezi namagalelo akhe emzabalazweni.“Kuyiqiniso elifihliwe ukuthi uButhelezi nguyena owayephoqa uhulumeni wobandlululo ukuthi akhulule uMengameli wokuqala wentando yeningi kuleli uDkt Nelson Mandela ejele, uButhelezi waze wasabisa ngokuthi ngeke alungenele ukhetho uma uMandela engakhululwa, kuningi akwenza ukuze abamnyama bakhululeke kodwa kufihliwe,” kushouKane-Berman.Umeluleki kaNdunankulu waKwaZulu-Natal, uNksz Linda Zama, uthe umlando wakuleli kawuphelele ngaphandle kukaButhelezi no-Oppenheimer.UNksz Zama uchaze uButhelezi njengomholi osezingeni lomhlaba ngenxa yamagalelo akhe emzabalazweni“Kakusilo ihaba ukuthi sithi uMntwana waKwaPhindangene uyingqalabutho yomholi wakuleli, osebenze cishe nabo bonke abaholi abahlonishwayo nabadumile hhayi lapha eNingizimu Afrika nasezwenikazi kodwa nasemhlabeni wonke uqobo,” kusho uNksz Zama.",0
train_isizulu_02254,AfriHate,@username and thats why wagcina ngo2014 uk'bhebha,0
1163,vukuzenzele,"Lezi zifundo zibandakanya ukuqeqeshwa mayelana nokuthi iyini inkampani futhi yini umqondisi, abantu abasemqoka enkampanini, amagunya abaqondisi, izinjongo zezimali zomuntu siqu kanye nokungqubuzana kwezintshisekelo, imiholo nokwabelana ngezinzuzo",0
3354,vukuzenzele,"lokho,” kusho yena. Sikhuluma nje manje, iNingizimu Afrika inemishini esiza ukuphefumula emincane kanti uma ngabe abantu abaningi bengadinga usizo lwemishini yokuphefu-mula ngesikhathi salolu bhubhane, izwe lizozithola lisenkingeni futhi lingakwazi ukusiza",0
916,vukuzenzele,"Lokhu kulinganiswa kukhu phuke ngamaphesenti anga ma-20 ukusuka ngonyaka odlule uma siqhathanisa imininingwane yokubhalisa esayithola esikhathini esifa nayo ngonyaka wezi2019 uqhathaniswa nowezi-2020,” kusho uNgqongqoshe uNzi mande.",0
490,vukuzenzele,Baningi abasebenzi aba lahlekelwe imalingeniso njengoba isikhathi sabo sokusebenza sancishiswa kanti iningi labo ladilizwa emsebenzini. Amabhizinisi amaningi alahlekelwa ka khulu ngenxa yokusebe nzela emuva. Kanti amanye kwadingeka ukuthi avalwe. Abantu,0
test_isizulu_00158,AfriHate,kuyacaca imfene🐒ayiwulale umsakazo📻njengoba iphaphalaza nje😁😀,0
1528,vukuzenzele,"kumele babonane ngoku-shesha nodokotela wabo, isibhedlela noma umthola-mpilo wangakubo.",0
456, imibono sekuphume imiphefumulo ngemali ekhokhwa emarenki ,"MHLELLI: Ngiphawula ngodaba lwezimali eziqoqwa emarenke, abafowethu nodade abahweba embonini yezokuthutha umphakathi sekuyisikhathi sokuthi bakhulume ngazwi linye kubona bonke ososeshini kuqedwe izimali eziqoqwa esandleni umuntu oyedwa.Siyazi ukuthi kunezindleko ezikhokhelwayo kasoseshini bonke kunabasebenzi abaqashiwe wososeshini. Akwenziwe izinhlelo imali ikhokhwe ebhange kwi-akhawunti kososeshini. Uma usoseshini ungenayo i-akhawunti, ayivulwe ilabo abangamalungu abasebuholini benhlangano. Le nto yokuqoqwa kwezimali emarenke isikhiphe imiphefumulo eminingi kakhulu.Njalo uma ufunda iphephandaba kuvamisile ukuba nodaba lokuthi kubulawe usomatekisi. Ake kubhalwe okuhle ngale mboni abafowethu nodade abakuyona. Le mboni iyona kuphela ephethwe ngabamnyama ngokuphelele. Kulolu daba olwenzeke eThekwini kudutshulwa usomatekisi waseDurban Line okubuhlungu kudubuleke nomuntu okuthiwa ubezoqala ukusebenza ehlezi nomqashi emotweni.Bafowethu abasembonini ake siyicabangisise nale nto yokubulalana kule mboni nayo icekela phansi isithunzi semboni. Njengamanje ilona bhizinisi elisavule amathuba omsebenzi njengoba imisebenzi inqabile nje. Kubuhlungu okwenzekile ukuthi umndeni ulahlekelwe ilanga lawo ekade bethembile ukuthi uzoshintsha impilo emndenini njengoba kade esethole umsebenzi.Imboni yonke jikelele ayiphathwe ngendlela esemthethwen, izinto azenziwe ngokubonisana kuhlalwe phansi kubhalwe imithetho, iphele le nto yokuthi kulawule idlanzana elesatshwayo.Ntabeni Mfama WentabaEHammarsdale",0
192, ofakazi kwikhomishini kazondo ,"OWAYEYIPHINI likaNgqongqoshe emnyangweni wezimali, uMnuz Mcebisi Jonas, noNksz Vytjie Mentor, owayeyilungu lePhalamende emele i-ANC, bangabokuqala abazothula ubufakazi kwikhomishini eholwa yijaji uRaymond Zondo ephenya ngezinsolo zokulawulwa kombuso yidlanzana.Kulindeleke ukuthi bafakaze mayelana nezinsolo zokuthi umndeni wakwaGupta wawunezwi uma kuqokwa ongqongqoshe nabazophatha izinkampani zikahulumeni ngesikhathi uMnuz Jacob Zuma esengumengameli wezwe.Izolo iphephandaba lesiNgisi langeSonto libike ukuthi ikhomishini ibize uZuma ukuthi azofakaza uma kuqala izigcawu namhlanje.Phakathi kwabanye abantu okulindeleke ukuthi bafakaze kubalwa uMnuz Willie Mathebula, osebenza emnyangweni womgcinimafa, owayeyinhloko yezokuxhumana kuhulumeni, uMnuz Themba Maseko, nokhulumela uhulumeni uNksz Phumla Williams.Izolo iSACP ithe inethemba lokuthi kuningi okuzovela kwikhomishini yathi labo abathintekayo kumele baboshwe.“Labo abazojaha ukusula ukuze bangashushiswa kumele bangavunyelwa, bonke kumele baboshwe. Kumele kukhucululwe inkohlakalo.”I-SACP ithi iyabeseka labo abazofakaza abanye bebeka impilo yabo engcupheni.",0
2768,vukuzenzele,"Abagibeli abakhubazekile bakubonga kakhulu ukucatshangelwa kwezidingo zabo kanye nomshikashika wo -suku nosuku wokufinyelela ezindaweni ezikude nekhaya, nokuzimela okulethwa ukukwazi ukuzihambela ngokwabo.U-Rodrique Felix, omunye wabasebenzisa uhlelo",0
train_isizulu_02259,AfriHate,isende lendlela sigh,0
776,vukuzenzele,"wabakhiqiza umsebenzi wezandla abangama- 20 abakhethwa nguMasipala Wendawo wase-Drakenstein kanye ne-Drakenstein Local Tourism Association (DLTA), ukuze bayokwethamela uhlelo lokuqeqesha lwezinsu- ku ezine olwalusingethwe yi-Craft and Design Institute",0
1390,vukuzenzele,"Ngokuka-Palesa Mokome le, oyinhloko yeSunflower Fund yezokumaketha kanye nezokuxhumana, uthi izinku lungwane zeziguli zihlonzwa njengezinezifo ezihlobene negazi minyaka yonke.",0
train_isizulu_02185,AfriHate,@username uyinja yezinja boi,0
2522,vukuzenzele,"Izinyathelo eziphuthumayo esizibekile zibe yisisekelo esiqinile esingakhela kusona umnotho wethu. Njengoba ukugxila kwethu sekubheke ekuqalisweni kokusebenza koHlelo Lokwakha kabusha Nokuvuselela Umnotho, okuseqhulwini kuzoba uku khuthaza ukukhula nokusu",0
dev_isizulu_00373,AfriHate,😂😂😂 inkomo seniyicela ngama emoji 🙌🏽. sisele 💔,0
2014,vukuzenzele,"KwaZulu-Natal okuyiyo eyenza umsebenzi omkhulu wokuhlinzeka ngezindlu zesikhashana kulezo zingane ezihlukumeze-kile.Kunezinhlangano eziningi ezihambisana nokholo ezifa-na no-South African Catholic Bishops'Conference, nengiye ngahlangana nabo base",0
3203,vukuzenzele,"sokuqeqeshwa, isicelo sami semukelwa,” kuqhuba u-Arendse. U-Arendse wathola uku-qeqeshwa, okwakudidiyele ithiyori yokucishwa komlilo kanjalo nokwenziwa komse-benzi wokucishwa komlilo ngqo. “Ngafunda okuningi kakhu-lu. Okokuqala nje, ngangingazi ukuthi",0
3440,vukuzenzele,"Abakwa-Avis basiqonda isidingo, futhi bakubona uku baluleka kwalokhu kubona, njengoba beqashisa ngezimoto ezishayelwa ngezandla. Bavu ma ukunikela ngemoto yethu yokuqala eyayizosetshenziselwa izifundo zokushayela, kusho u-Seirlis.",0
1389,vukuzenzele,"sifuna ukuthuthukisa izinga loku lapheka. vNgemininingwane ethe xaxa, thinta inombolo yosizo ye-CHOC ku-0800 333 555.",0
test_isizulu_00542,AfriHate,kodwa why omahosha benganga ama essential workers? 🤔 ##url,0
3196,vukuzenzele,"UVuyiseka Arendse oyisicishamlilo esisesincane (26) uyingxenye ye-Crew Ju-liet, ithimba lokuqala le-zicishamlilo zasendle ezingabesifazane zonke. Amandla nokuzimisela kwakhe ukuba azakhele igama emkhakheni wezi-cishamlilo, ngokuvamile obuswa abesilisa,",0
2683,vukuzenzele,eyanele ngokushesha okukhulu no-kuqinisekisa ukuthi ifikelela kubantu abayidingayo ku-zoba omunye wemisebenzi emikhulu yonyaka. Lokhu kuzoba yinselele enkulu njengoba wonke amazwe emhlabeni aphuthumela ukuthola imigomo enqunyelwe ekhona. Kodwa sisebenza,0
510,vukuzenzele,nezimboni futhi sithenge kubathengisi balapha ekhaya.Isiguli esilimele esinethe mba lokululama sinikwa ukwelashwa kokunyakazisa umzimba kwansuku zonke ukuze sisizwe ukuthi sibe namandla size sikwazi ukuma ngaphandle kokusizwa.Ngakho-ke lezi zinyathelo,0
3555,vukuzenzele,"uthunyelwe emibhosho-ngweni nasemagunjini okugci-na ugesi, ngaphambi kokuba aye ezindaweni zokuphehla ugesi lapho afike aphendulwe khona ugesi, kusho U-Mobatja .",0
130,vukuzenzele,"Esikhathini esingangekota yeminyaka elikhulu sisebe nzile ukwakha umphakathi onjalo. Senze inqubekela-pha mbili engephikwe, kodwa si senazo izinqinamba eziningi futhi usemuningi umsebenzi okusamele wenziwe.",0
train_isizulu_00143,AfriHate,mampara? niyadelela kodwa ##url,0
270,vukuzenzele,"“Asikakhohlwa ngokuphu cwa komhlaba, ukuntsho ntshwa komhlaba kanye nokususwa ngendluzula kwabantu balo mphakathi futhi miningi imiphakathi ezweni lonkana ebekezelele lokhu.",0
273,vukuzenzele,"“Siyakhumbula futhi noku thi uhulumeni wobandlu lulo wabasekela kanjani abalimi abamhlophe ngezi nsizakusebenza, ngoxhaso lobuchwepheshe kanye nokuthola ukuboleka imali ukuze bakhe amabhizinisi abo, kepha abalimi abamnya ma abasafufusa bathwala kanzima",0
dev_isizulu_00447,AfriHate,@username kasi yam usiphathele ngamla,0
2377,vukuzenzele,"Imboni yezokwakha igcwele kakhulu amadoda. “Esikhathini esiningi, abantu besifazane benziwa bazizwe bengelutho ngenxa yokuthi ikhono labo lokuletha uguquko luyangatshazwa. Ngezinye izikhathi bashaywa indiva uma bekhuluma.",0
204,vukuzenzele,"Le nkampani ihambisa imikhi qizo yayo eNingizimu Afrika yonkana kanye nase-Uganda, eNamibia, kanye naseTanzania.",0
train_isizulu_00467,AfriHate,@username uyinja uchilli bite. 🤣🤣🤣,0
dev_isizulu_00195,AfriHate,ilento yakho yokuthanda ama model c ##url,0
1594,vukuzenzele,"ukubika ngaphandle kokusaba ukwenzelelwa ngalabo abasemandleni, ngezi ndaba ezibucayi kakhulu zo mphakathi zesikhathi sethu, nokuhlinzeka umphakathi ngolwazi oluyilo, nolunga thathi hlangothi.Ngesikhathi lapho si sebenza ngokubambisana ukwakha kabusha",0
train_isizulu_00195,AfriHate,abeve besibhala islungu esibhedayo abelungu nkosiyam 😂,0
2077,vukuzenzele,"Kuwo wonke amazinga enza izinqumo nakuzo zonke izinhlaka zikahulumeni, kukhona abamele uhu lumeni nomphakathi, kusho yena.",0
301, umfundi unqgongqiswe nesoka eyotadisha ,"UBEPHUME kubo eyotadisha umfundi waKwaMshayazafe, eNanda, oshiswe ngempelasonto nesoka lakhe, nokusolwa ukuthi bashiswe obeyisoka lobegadiswe umjondolo okwenzeke kuwo isehlo.UNomasonto Zuma (17) obefunda uGrade 11 eSiyathuthuka High, ushe wangqongqa noMbusiseni Langa (18) ngentathakusa yangeSonto. Lesi sehlo kuthiwa sisuswe yingxabano ebiphakathi kukamsolwa nobeyintombi yakhe ebigada umjondolo oshile.Kuthiwa umsolwa wafika endlini ngezithuba zabo 9 ngoMgqibelo ebusuku ezobona uNksz Anelisa Vezi (24) okuthiwa bebethandana naye, ehlala kulo mjondolo onamakamelo amabili. Ingxabano isuswe wukuthi umsolwa ufice uNksz Vezi enoyise wezingane, kwaliwa.Elandisa Isolezwe uNksz Vezi, uthe ubesenamasonto amabili ehlukene nomsolwa wabuyelana noyise wezingane zakhe ezingamawele anezinyanga ezingu-17.“Bengicabanga ukuthi wamukela uma ngimtshela ukuthi sengibuyelene noyise wezingane. Ubevele engezile ngobuhle ngoba akazange angitshele ukuthi uyeza. Wafika walwisa uyise wezingane, ngaphuma ngabalekela kwamakhelwane. Izingane zami zize zathathwa ubhuti wakwamakhelwane,” echaza.Uthe ingxabano iqhubeke kwaze kwashaya izithuba zabo-11 ebusuku, omakhelwane banquma ukuthi umsolwa asale eselala khona endlini ngoba sekusebusuku. UNksz Vezi uthe yena walala kwamakhelwane nezingane. Kwelinye ikamelo elingaphandle elixhumene nendlu obekuxatshanwa kuyo, bekujwayele ukulala uLanga uma evakashelwe intombi yakhe.UNOMASONTO ZUMA oshe nesoka lakhe kuhlaselwa umjondolo abebelele kuwoKuthiwa kwezwakala ngezithuba zabo 2 ekuseni kusha endlini, izicishamlilo zafika emuva kwendaba. Kutholakale isidumbu sikaNomasonto nesikaLanga endlini.UMnuz Sthembiso Xulu onguyise kaNomasonto uthe ubengazi ukuthi uyathandana nomufi. Uthe waphuma ephethe ibhuku lesikole kungathi uyofunda. Uveze ukuthi ubehlakaniphile esikoleni futhi ethanda nokubhala izinkondlo.Oyisihlobo sikaLanga, uMnuz Thokozani Ntuli uthe ubenenyanga efike eThekwini ephuma KwaMaphumulo.“Intombi kamfowethu besiyazi ngoba ibijwayele ukumvakashela futhi ibingaqali ukulala. Ngesikhathi kuvalwe izikole yahlala isonto lonke. Umfowethu ubeya kule ndlu ngoba eseyolala ngoba lapho efikele khona indawo ayanele kahle. Sisola ukuthi umsolwa ubengazi ukuthi kunabantu abalele kwelinye ikamelo, ubethi ulaya intombi yakhe,” kusho uNtuli.Okhulumela amaphoyisa esifundazweni, uColonel Thembeka Mbele, uthe kuphenywa amacala amabili okubulala emuva kokutholakala kwezidumbu ezishile eNanda. Uthe umsolwa oneminyaka engu-33 uboshiwe wavela eNkantolo yeMantshi eNtuzuma izolo, kanti kushaye isikhathi sokuloba ingakatholakali imininingwane yasenkantolo yokuthi icala lihambe kanjani.",0
dev_isizulu_00483,AfriHate,@username ncono ngoba angiyidli ingulube,0
2466,vukuzenzele,"Inqubo yesikhathi eside Ukwentuleka kwengqa lasizinda efana nocingo lokubiya, amathangi amanzi kanye nogesi kwenza ukuthi aqale ukusebenzisa lo mhlaba ngowezi-2016. Oneminyaka engama-49 ubudala wakhumbula indle la ayeyisebenzisa ngakho na injini",0
3129,vukuzenzele,UNgqongqoshe uPandor uthe kuyisibophezelo sezwe ukweseka imindeni empofu kanye nesengcupheni kakhulu.,0
1494,vukuzenzele,Shayela u-*134*550# kumakhalekhukhwini wakho ukuze ubhalise.,0
183, cabangisisa ngaphambi kokucela umshado ,"CISHE yisifiso sabesifazane abaningi ukubona indoda ihlaba phansi ngedolo icela umshado. Yize lokhu bekujwayeleke emidlalweni yethelevishini, bayanda abamnyama abakholelwa ekuthembisaneni umshado esidlangalaleni. Isikhathi esiningi owesifazane usuke engazi nhlobo ukuthi uzocelwa umshado. Lokhu kujwayeleke ukwenzeka ezindaweni zomphakathi, kuhlelwe owesifazane engazi.Ngesonto eledlule uMnuz Scelo Shelembe waseClermont umangaze isithandwa sakhe uNksz Thobile Ntombela esicela umshado endaweni yobumnandi iViews At Twenty5 eThekwini. Bekugujwa unyaka kwavulwa le ndawo yobumnandi. UShelembe osethandane iminyaka emithathu noNksz Ntombela, uthe usezinhlelweni zokuthi bashade. Uveze ukuthi ubone kungcono amthembise umshado kule ndawo ngoba bayithanda kakhulu.Ngo-Ephreli nonyaka waphenduka isilomo uMnuz Thobile Cawana osebenza kwaSA Navy ezothembisa umshado uDkt Vonani Mpangela obeyisitshudeni e-University of KwaZulu-Natal (UKZN). UCawana wasuka emsebenzini ephelezelwa uzakwabo obemphathele izimbali, okuthe sekubizwa uDkt Mpangela esiteji ukuzothweswa umyezane, wamlinda nendandatho.Ngo-2016 kusona lesi sikhungo wenza okufanayo uMnuz Sanele Mhlungu waseMgungundlovu owacela umshado kuNksz Nosipho Nguse ezothweswa iziqu. Lezi zithandani zazihlangane khona e-UKZN futhi uMhlungu wayeselobolile ngesikhathi ecela umshado.Yize lo mkhuba usujwayelekile nakwabamnyama, ihlukene imibono ngawo. Abanye bagxeka laba abathembisana umshado kuthweswa iziqu bathi bafuna ukubukwa. Abanye bakubona kuwukuzifakela ingcindezi emphakathini.UMfundisi Thandi Ngonelo ongumeluleki wezemishado, uthe abesifazane akumele basheshe bajatshuliswe ukucelwa umshado.Uthe kumele umuntu ahluze umqondo ngaphambi kokuthi avume.“Baningi abasanganayo uma umfana eseguqe wakhipha indandatho. Kumele uqale umbuze ukuthi usekhule ngokwanele yini nokuthi unayo yini imali.“Abanye bakwenza lokhu ukujabulisa omunye nje kodwa bengahlelanga,” kusho yena.Ngokombiko weWedding Trends Mag, kuningi okumele ukucabange ngaphambi kokucela umuntu umshado.* Mawube nesiqiniseko sokuthi uzovuma ukuze ungaphoxeki.* Kungenzeka avume ngoba esesaba ukukuphoxa phambi kwabantu.* Uma kungumuntu onamahloni kungcono ukwenze ninobabili.* Makube sendaweni ayithandayo ukuze angalukhohlwa lolu suku.* Zama ukuqala ngokwenza ucwaningo ukuthi angakujabulela yini ukucelwa umshado kugcwele abantu.",0
train_isizulu_01024,AfriHate,kugijima imfene emhlophe umona 🤭 ##url ##url,0
2082,vukuzenzele,nezabelomali futhi bazi ukuthi ubani okufanele bakhulume naye mayelana nalokhu okubaxakile .,0
train_isizulu_02772,AfriHate,"70% of earth is covered by water, and the rest is n’golo kante’🤟🏽 ayi bafwethu, ngiyethulela isigqoko lensizwa sukaaaaa, hha uyawazi umshini ozishintshayo, injini uqobo lwayo🙌🏽  bengibuka nje abaningi bethwele iman city ngeqoma ngasho ngathi weeeeee kuyolalwa kungadliwe uma kunje ##url",0
1915,vukuzenzele,"“Okwesibili, sizogxila ekuletheni uzinzo nokuvuselela, ukuthola indawo yokuhlala yabantu abalahlekelwe amakhaya kanye nokuqhubeka nokuhlinzeka ngezinsiza. Okwesithathu, sizogxila ekwakheni kabusha, kusho yena.",0
1166,vukuzenzele,"Izikhalo zibandakanya amagama enkampani, ukuphathwa kwayo kanye nokukhululwa ekusunguleni amakomidi omphakathi kanye nezimiso zokuziphatha.",0
3537,vukuzenzele,"kwenani elanele labantu, laba bantu bazoba nokuvikeleka okusezingeni elikahle.Ngakube ukugoma kuphephile na?Imigomo ye-COVID-19 idlula kwinqubo enomsebenzi omkhulu, enezigabagaba zokuhlola, okubandakanya ukuhlolwa kokusebenza kwayo okufaka phakathi",0
2310,vukuzenzele,"Kodwa ukwabelana ngalolu hlobo lwemifanekiso kungubufakazi bokuhlukunyezwa kwabantwana. Ukuba nale mifanekiso noma ukwabelana ngayo kuyisenzo sobugebengu, kwengeza u-Poto.",0
749,vukuzenzele,"eziningi ezifana nemitholampilo, izikole nezibhedlela, salungisa futhi sakha imigwaqo emisha, saphinde seseka umphakathi obuthakathaka ngezibonelelo zikahulumeni kanye nezinye izinyathelo.",0
1593,vukuzenzele,"ngqo ezintathelini zabesifazane futhi kujwayele ukuthi kuhambisane nokusatshiswa kodlame lwezocansi. Lolu udaba olukhathaza kakhulu futhi ngeke lwamukelwe.Ngaleso sikhathi, siyaduduzeka ngokwazi ukuthi si nabezindaba abakhululekile, nabanamandla abakwazi",0
1380,vukuzenzele,"“Laba bantu bafundiswa ngezimpawu zokuqala ze-Siluan futhi bafunde nokucacisa izinkoleloze kanye nesihlava emiphakathini,” kusho u-Seegers.",0
2789,vukuzenzele,"Ukubhekana nokusombulula lezi zinselele, sisungule umkhankaso iOperation Vulindlela ngoMfumfu ngowezi-2020 njengomzamo weHhovisi likaMongameli kanye neHhovisi likaMgcinimafa Kuzwelonke ukuqhuba ngesivinini ukuguqulwa kwezakhiwo kulezi zimboni. Ngesikhathi",0
test_isizulu_00299,AfriHate,@username uthi akuyona umhlaba kanyoko,0
2790,vukuzenzele,"iminyango kahulumeni esebenzayo kanye nezinhlangano ziqhuba lezi zinguquko, iOperation Vulindlela iqapha futhi ithole izinselele kanye nezithiyo. Lapho kudingeka khona, ilawula ukwesekwa kweminyango ngokobuchwepheshe.",0
514,vukuzenzele,AIwebhusayithi: www.gcis.gov.zawww.vukuzenzele.gov.zaUkuze ufunde iVuk’uzenzele thola i-GOVAPP ku:Bheka uSA Government ku Google playstore noma ku-appstoreVuk'uzenzele@VukuzenzeleNews UNGASITHINTA LAPHA Tshedimosetso House: 1035 cnr Frances Baard and,0
3434,vukuzenzele,"Khuluma ngezwi elipholile futhi umnike isiqiniseko,” kusho u-Dkt Gumede.",0
2318,vukuzenzele,"lokhu akuhlangene neminyaka yobudala, isimo senhlalo nomnotho, ibala noma inkolo. Akusilo futhi ufuzo.UMaluleka uyengeza ngokuthi i-DS ingukufa okuhambisana namachromosome okujwayelekile ebantwaneni abasanda ku zalwa. Oyedwa ebantwaneni abayi-1000",0
train_isizulu_02020,AfriHate,kungani ikholwa kungamele lidle ingulube?.  impendulo uzoyithola kwi tende lomcimbi ngaphansi kwe ngosi izihlabelelo zama nazaretha   7:30 @username ,0
train_isizulu_00362,AfriHate,"#isidlosasekuseni #bills zika 8km sezikhokhiwe, #akutatazelwa kupholuwe, ngilungisela kuya kwa ngamla u sthembiso gwala emkhuze @username ##url",0
3587,vukuzenzele,zezabelo-masheya ezizimele kanye namabhange okuhweba ahluka hlukene bebolekisa ngemali kubantu abasha abangosomabhizinisi futhi bethatha amashansi ngokubaxhasa kanye nokusebenzisana nabo. Ukuze izwe lethu lichume futhi liphumelele kumele senze konke,0
2744,vukuzenzele,UTemane uyachaza ukuthi emva kokuphothula iziqu zakhe ngowezi-2016 akakwa zanga ukufaka izicelo zomse benzi ngoba wayengenaso isi piliyoni somsebenzi esifanele.,0
3470,vukuzenzele,"kathayela obukeka ungojwayelekile ngaphandle, i-spa sisezi ngeni eliphezulu ngaphakathi elikufanele ukumfanyazwa umzimba kanye nokucwa lwa. “Lokhu okwashiwo abantu kwangimangaza.",0
1468,vukuzenzele,"esingaphezu kweshumi leminyaka lokungabi nogesi, abantu baseNingizimu Afrika banelungelo lokuzizwa bediniwe futhi begane unwabu. Ezikha thini ezifana nalesi, kunga bonakala engathi kusekude phambili.Noma kubonakala engathi ukucinywa kogesi kuba nzima",0
2636,vukuzenzele,"Inhloso yezigebengu ezi bulala izingede akukhona nje ukuthulisa abantu aba thile – kodwa futhi ukuthu mela umyalezo nakwezinye izingede ezifisa ukuhlaba umkhosi. Usuku nosuku, kunabantu baseNingizimu Afrika abanesibindi abafana no-Babita Deokaran abasa",0
train_isizulu_02666,AfriHate,umuthi wokuba iyellowbone lo? ##url,0
538, sizithintele iziqandu isikhulu samaphoyisa ,"LIZITHINTELE iziqandu iBamba likaKhomishana wamaPhoyisa KwaZulu-Natal uLieutenant General Nhlanhla Mkhwanazi, elisolwa ngokubiza omabhalane masembuthweni ngezithusanyoni ezingenamsebenzi walutho okufanele zikhonjwe indlela.Izinyunyana zamaphoyisa eziwotha ubomvu, iPopcru neSAPU zithumele izincwadi ezivuthayo zijijimeza lo sigaxamabhande oseyinkunzi eluvava kulo msebenzi. UMkhwanazi kusolwa ukuthi ukhwele wadilika komabhalane ehlangene nabo eChatsworth, eThekwini, lapho okuthiwa ubebatshela emehlweni ukuthi indaba yabo ifana nomdlalo nje kulo mbutho.Lezi zincwadi zitinyele kwezwela kuMkhwanazi ngoba ugcine eziphendulela ebhula umlilo obusha ubuhanguhangu ekhala ngokuthi kuhlanekezelwa inkulumo yakhe.“Ngesikhathi ngikhuluma kube khona elinye ilungu lombutho elikhale ngokuthi alihambisani nokushintshwa komabhalane babe ngamaphoyisa. Ngibe sengenanela leyo nkulumo ngokuthi nami kangihambisani nalokho ngoba kudala ukudideka ngokomsebenzi.""Uthe uzohlangana nezinyunyana ukuze kulungiswe udaba.",0
214, ibhungu liklabhe abashana lababulala lona labulawa yiloli ,"USAPHITHENE amakhanda umndeni webhungu (21) okuthiwa liklabhe lalimaza unina, labulala abashana balo ababili libagenca ngobhushu, maqede lashayiswa yiloli lashona, eBhobhoyi.Umndeni kaMnuz Siphamandla Smith awuwuvali umlomo ngesigameko esihlasimulisa umzimba esidlule nemiphefumulo yabashana bakhe uSiyamthanda (3) noThobani (2) okuthiwa bahlaselwe nguye ngobhushu izolo ekuseni, emuva kwehora lesithupha. Kuthiwa unina, uNkk Marry Smith usindile kulesi sigameko kodwa usesimeni esibi esibhedlela.Ngesikhathi leli phephandaba lithinta lo mndeni izolo bewuzwakala ukuthi usakhungathekile futhi udidekile.UNkk Nana Ngcobo uthe basafisa ukuthola ongabachazela ngokwenze indodana kababekazi wakhe ivuke ihlasele unina nabashana bayo.Uthe uthole umbiko ophuthumayo kuthiwa akazobheka lesi sehlakalo. “Sisathukile futhi siphithene amakhanda ngale nto eyenzekile. Okubi wukuthi kwayena uSiphamandla ngeke size sikwazi ukumbuza ngoba ushayiswe yiloli washona emuva kwalesi sigameko. Ngeke ngithi uziphonse ezimotweni noma ushayiseke ethi uyawela kodwa naye ushonile,” kusho uNkk Ngcobo.Kuthiwa uSmith ubebaklabha emakhanda ngobhushu.Abashana bakhe kuthiwa bebeshayeke kabi eziphongweni kwaze kwaphuma ubuchopho.Unina yena kuthiwa umklabhe ekhanda nasengalweni.UNkk Ngcobo uchaze uSmith njengomuntu obethula kakhulu kodwa oqale ukuba nenkinga emuva kokudidekelwa wumqondo nyakenye. Ngokusho kwamalungu omndeni wakhe ukuphazamiseka kwakhe emqondweni bekumenza abuye abe nodlame kodwa akekho obelindele ukuthi angagcina enze lokhu akwenzile.UNksz Zamo Smith uthe ubabekazi wakhe ubehlala noSmith ekhaya nabashana bakhe nezinye izingane zakubo, okubalwa unina womunye wabashana bakhe abashonile ngesikhathi ebahlasela.UNksz Smith uthe unina wenye yezingane ezishonile nguyena ozithele phezu kwezidumbu zezingane nonina obelimele kakhulu kodwa esaphila.Uthe umndeni wonke uphatheke kabuhlungu ngenxa yalesi sigameko.Okhulumela amaphoyisa KwaZulu-Natal uLt Col Thulani Zwane uthe kuvulwe amacala amabili okubulala nelilodwa lokuzama ukubulala ngenxa yokuhlaselwa kwalaba bobathathu.Uthe kukholakala ukuthi umsolwa ushayiswe yiloli ngesikhathi ebaleka.Uthe kuzovulwa icala lokubulala ngokungenhloso.UZwane uthe akuqondakali ukuthi umsolwa ubezama ukuzibulala yini.",0
1957,vukuzenzele,"(olubiza imali elinganiselwa ezigidigidini eziyisithupha zamarandi), esasungulelwa ukuguqula izinga lezinkampani zezinqolamlilo nokuvumela ukusebenzisana kulo mkhakha nalabo abekade bencishwe amathuba esikhathini esedlule, okubandakanya abantu besi-fazane,",0
test_isizulu_00421,AfriHate,"frame 1 , nim-poste evezile amasende uphopho. ##url",0
3511,vukuzenzele,Kunezikhungo eziyisikho mbisa eGauteng. Esokuqala savulwa e-Chris Hani Bara-gwanath Hospital ngowezi-2000.,0
train_isizulu_00842,AfriHate,@username nokugibela imfene lol,0
2832,vukuzenzele,Liqanjwe ngoMama A lbertina Sisulu esigubha imi nyaka elikhulu yokuzalwa kwakhe kulo nyaka.,0
781,vukuzenzele,"UYolisa wanquma ukuthi ufuna ukwedlulisela ulwa- zi kanye namakhono akhe kubantu besifazane abanga- sebenzi basendaweni, ukuze nabo baqale ukuzenzela imali abayidingayo ukuze beseke imindeni yabo.",0
326,vukuzenzele,"“Sonke siyazi ukuthi uhulumeni akawakhi amathuba omsebenzi. Amabhizinisi yiwona akha amathuba omsebenzi. Umsebenzi osemqoka kahulumeni ngukwakha izimo ezizokwenza ukuthi umkhakha ozimele – yomibili omkhulu kanye nomncane – ibonakale ikhule, ifinyelele",0
2961,vukuzenzele,"L – Isigaxa esiswini, okhalweni, ekhanda, ezingalweni, emilenze ni, emasendeni noma kwizindlala.",0
train_isizulu_02153,AfriHate,"iyazi abafana ukundlula yonkinto, kodwa eskoleni akwi sdomu umhlolo",0
3063,vukuzenzele,"Njengoba senza inqubeke la-phambili ngokuqaliswa koHlelo Lokwakha Kabu sha kanye Nokuvuselelwa Komnotho ngokugxila kwingqalasizinda, uku thuthukiswa kwezimboni, ukuqashwa kanye nezi nguquko zezakhiwo isimo sotshalomali sizoqhubeka sibe ngcono.",0
train_isizulu_02312,AfriHate,zoboshwa wena slima ##url,0
159,vukuzenzele,"usithathe ukuqonda kumasi pala wakho wasendaweni uye kofaka isicelo sokuthi umuzi wakho uklamwe njengesa khiwo sokuhlinzeka ngendawo yokuhlala izihambeli. Ungase udinge ukuthola imvume kubanikazi bemizi owakhe lene nayo, nokufaka izaziso zokwazisa",0
754,vukuzenzele,"Ngowezi-2018, ngaqoka ikhomishana ezophenya ngokuphathwa nokwenganyelwa kwentela kwa-SARS usihlalo wayo kwakunguJaji osewathatha umhlalaphansi u-Robert Nugent. Ikhomishana yethula umbiko wayo wokugcina ekupheleni kwawo lowo nyaka.",0
train_isizulu_02968,AfriHate,uyinja wena 🤣🤣🤣 ##url,0
2123,vukuzenzele,"isicelo akunazihibe.Uthi uhlelo lwe-NSFAS lokufaka izicelo ngobuchwepheshe ne-inthanethi lwaklanywa kabusha ukuze luzosebenziseka kalula futhi lusondele ekufuzeni ezinye izinkundla abafakizicelo abazijwayele ezifana ne-WhatsApp, i-Twitter, i-Facebook",0
845,vukuzenzele,"Ngokombiko, isamba sezigidi ezingama-R551.5 (inani lemali kanye nempahla) kumele sibuyiswe, kanti izigidi ezingama-R34.2 sezibuyisiwe kuze kube manje.",0
train_isizulu_02381,AfriHate,"lmao ""@username : @username ushilo izolo ulele wena nyoni""",0
train_isizulu_01904,AfriHate,asicwasi ngobuhlanga thina mazulu simukela wonke umuntu ongu-afrika ##url,0
1306,vukuzenzele,"Ukuvikela abamangali ekuhlukunyezweni okuqhubekayo, inkantolo ingakhipha Isaziso Sokuqapha Ukuphepha i-Safety Monitoring Notice esizodinga ukuthi ilungu le-SAPS lithintane nommangali ngaphandle kolwazi lomnukubezi.",0
2811,vukuzenzele,"Emkhakheni wezokuthutha, ukungasebenzi kahle kumachweba nakojantshi bezitimela kukhahlameze kakhulu ikhono lethu lokuthumela impahla kwamanye amazwe. Umsebenzi uyaqhubeka wokusungula ubudlelwano nomkhakha ozimele ukuthi utshale izimali kwingqalasizinda",0
500, ushade namadoda amabili ,"USENKINGENI owesifazane waseManzimtoti onezincwadi zomshado ezikhomba ukuthi ushade namadoda amabili.UNkk Ernestina Nkabinde owumfelokazi ka-Edward Muziwenkosi Masinga owashona engozini yemoto ngo-1990, usola uMnyango wezaseKhaya ngokuthi ngemuva kokushona komyeni wakhe wanikeza enye indoda enegama, isibongo nosuku lokuzalwa okufanayo nokomyeni wakhe inombolo kamazisi yomyeni wakhe, maqede ‘wamshadisa’ nayo le ndoda, ekubeni yena wabuye washada noMnuz Duncan Themba Nkabinde ngo-1997.Le nkilayitheka uthe uyizwe ngo-2015 ngesikhathi eshayelwa ucingo yibhange lithi uMasinga uyalikweleta njengoba beshade umshado ohlanganisa amafa kanti kumele azokhokha, kungenjalo ibhange lizodla imoto yakhe. “Ngabatshela ukuthi uMasinga washona. Bathi ngokolwazi abanalo uyaphila baze bangikhombisa umazisi afaka ngawo isicelo sokuboleka imali. Kulapho ngabona khona isithombe esifakwe kulo mazisi ngabona ukuthi ngesomunye umuntu.”Uthe waya eMnyangweni wezaseKhaya eSiphingo bamkhomba enhlokohhovisi eMgungundlovu. Kwathiwa akazibhekele ifayela lomyeni wakhe ngoba ngaleso sikhathi izitifiketi zazingakenziwa ngekhompyutha. Walithola ifayela, wafaka isikhalo ecela ukuthi lo mnyango ‘umbulale’ umyeni okuvela ukuthi usadla anhlamvana. “Akekho owake wangishayela ucingo engazisa ukuthi kwenzekani. Kwathuleka ngaze ngabuyela emahhovisi ngonyaka olandelayo. Ngatshelwa ukuthi ngeke bakwazi ukumesula umyeni ngoba inombolo yakhe isetshenziswa ngomunye umuntu ophilayo ohlala eGoli. Uma ngibuza ukuthi kwenziwa yini ukuthi lo Masinga ophilayo naye ashade nami, uma kungabantu abehlukene, abakwazanga ukungiphendula. Ngabuza ukuthi kuzokwenzekani uma kushona oyedwa wethu nakhona ayiphumanga impendulo.”Uthe wanikwa inombolo yasePitoli kwathiwa akashayele khona ucingo abuze ukuthi kwenzekani ngalolu daba. Uma eshaya ucingo bathi akukho abakwenzayo akabuyele lapho afaka khona isikhalo, baqale phansi. Akuchazwa ukuthi yini eyinkinga.“Ehhovisi eliseMgungundlovu nabo bangikhomba ePitoli, angisazi ukuthi kumele ngenze njani. Kwenziwa yini umnyango ungibhalise imishado emibili kodwa wehluleke ukulungisa iphutha? Kanti lo mazisi wadayiswa yini?”Ngokuthola kweSolezwe, uMasinga ophilayo uhlala eKlerksdorp, wafaka isicelo sikamazisi ngo-1992. Akucaci ukuthi washada nini noNkk Nkabinde okubuye kuvele ukuthi ushade noNkabinde ngo-1997.UMnuz Thabo Mokgola wehhovisi lomnyango lezokuxhumana kuzwelonke uthe lolu daba uludlulisela kwimenenja yalo mnyango eKZN uMnuz Cyril Mncwabe ukuthi aluphenye.",0
83,vukuzenzele,"Kwathi lapho kugasela lo monakalo wemvelo, kwaba nokukhathazeka ngokuthi iziphathimandla zazingenawo amakhono futhi zingeke zikwazi ukubhekana ngokufanele nangokugculisayo nesimo esibucayi salabo abalahlekelwa yikho konke.",0
1111,vukuzenzele,"nomunye. Masigxile ekunqobeni ubugebengu, noma ngabe ngubani obenzayo.",0
train_isizulu_00038,AfriHate,@username nansi ingulube ingnonela bo 🤨 ##url,0
545,vukuzenzele,"kungenziwa ku-smmesa.gov.za bese ugcwalisa imininingwane edingekayo.Emzamweni wokuqinisekisa ukuthi inqubo yoxhaso lwamabhizinisi amancane ayinazihibe futhi kulula ukuyilandela, uhulumeni uphezu komsebenzi woku hlanganisa izinhlangano zamabhizinisi",0
test_isizulu_00573,AfriHate,imfene yakhona uzobona zeyiswima la tl uzibuze ukuthi manje lemfene ifundiswe ubani uk’swima 😂😂 ##url,0
235,vukuzenzele,Ukuthi wenzani ngo kwesaba kwakho yikho okubalulekile. Ingabe uyayithobela imithetho ye-COVID-19 ebekiwe uku vikela wena nabanye? Yini enye ongayenza ukuqini sekisa ukuphepha kwakho nokwabanye? Ingabe unalo ulwazi oluthembekile ngeCOVID-19 uma kungenzeka,0
train_isizulu_02914,AfriHate,njani ididi limnandi so.   ngeke sizwe ngawe futhi ❤️ ##url,0
3516,vukuzenzele,Enye yezinselele ezibhe kene nomtholampilo ukuthi esikhathini esiningi abantu bafika emva kwesikhathi – kubalulekile ukuthi kuthathwe ubufakazi umuntu anikezwe nemithi singekapheli isikhathi esingamahora angama-72 kwenzeke isehlakalo sokuhlaselwa.,0
train_isizulu_01158,AfriHate,@username iskhwebu sidlala inkawu,0
1595,vukuzenzele,"umnotho wethu kanye nomphakathi wakithi phakathi kobhu bhane lwegciwane lecorona , imithombo yabezindaba e namandla ibaluleke kakhulu kunakuqala. Abezindaba baseNingi zimu Afrika badlale indima ebaluleke kakhulu ekuvundululeni ulwazi esilwaziyo namuhla",0
1295,vukuzenzele,Siziphendulile izikhalo zokuthi siqinise ukulawulwa kwe-NRSO.,0
238,vukuzenzele,"“Lokhu kubalulekile, ikakhulukazi ezifundweni ezinzima kubona,” enezela.",0
1651,vukuzenzele,"emacaleni eGBV , kumele abhale izizathu zakhe phansi. Ngaphandle uma umsolwa wecala leGBV angabeka izimo ezinqala ukuthi kungani kumele akhululwe ngebheyili, inkantolo kumele inqume ukuthi bavalelwe kuze kuphele ukuthethwa kwecala. Ekuthatheni isinqumo",0
602,vukuzenzele,"UMnyango Wezemfundo Eyisisekelo (i-DBE), ngoku- sebenzisa uHlelo Lokuhli- nzeka Ngokudla Okune- mpilo Ezikoleni (i-NSNP), usebenze waze weqa umgo- mo wawo wokuhlinzeka ngokudla kubafundi bakule- li abangama-75%.",0
2149,vukuzenzele,imizuzu eyi-15 enda weni yokuqashwa kwesimo ngemuva kokugoma.,0
319,vukuzenzele,"ngokwezezimali.Abantwana abancane kulezi zikhungo bayisizukulwane esilandelayo sabantu baseNingizimu Afrika okufanele bakwazi ukuphila ngokuphelele nje ngezakhamuzi ezinesi bopho, ezinekhono futhi ezivelele.Kufanele bakwazi ukuphishekela amaphupho abo",0
1807,vukuzenzele,"Uphiko olusha luzomisa izinkambiso nezindlela ze zimiso zokuziphatha, ubu qotho kanye nokuziphatha.",0
1954,vukuzenzele,Lezi zimoto zamukelwe ngu-Mongameli u-Cyril Ramaphosa kanye neShansela laseJalimane u-Angela Merkel. Zinikezelwe enhlanganweni yamabhizinisi eNingizimu Afrika ebhekene nezempilo Kanye neNgculazi (i-SABCOHA) ukuze bazilawule ngendlela egameni lekomidi,0
741, basola abathile kwi anc ngokugxambukela kwezetheku ,"ABAHOLI balabo abeseka iMeya yoMkhandlu weTheku, uNkk Zandile Gumede, basola abaholi abathile kwi-ANC ngokugxambukela ezindabeni zaseThekwini ngenhloso yokufeza izinhloso zabo zezombusazwe.Esithangamini nabezindaba eThekwini izolo, okhulumela abeseka uNkk Gumede, uMnuz Mzomuhle Dube usole uNobhala we-ANC esifundazweni, uMnuz Mdumiseni Ntuli noNgqongqoshe wamaPhoyisa uMnuz Bheki Cele ngokufaka unyawo lwedada eThekwini.“UNtuli uyagxambukela eThekwini, lokho akusithusi ngoba vele umfowabo uMnuz Bheki Ntuli obenguNobhala eThekwini ukhona embangweni wezikhundla njengoba kuyiwa engqungqutheleni yesifunda, esinye isizathu esenza angabi qotho odabeni lwaseThekwini wukuthi uNkk Gumede wayehola ithimba laseThekwini elaliphikisana nokuthi akhethwe njengoNobhala wesifundazwe,” kusho uDube.Uthe kwabathusa futhi ukuthi ngesikhathi beboshiwe ngeledlule esiteshini samaphoyisa eDurban Central ngemuva kombhikisho, bezwa elinye iphoyisa lithi uthe uCele ufuna inombolo yecala.Omunye wabakhulumela abeseka uNkk Gumede, uMnuz Sduduzo Magwaza uthe uNobhala we-ANC esifundazweni, nomfowabo obenguNobhala waseThekwini baba nomhlangano nemenenja yoMkhandlu weTheku, uMnuz Sipho Nzuza kwathathwa isinqumo sokuthi kwelulwe inkontileka yezinkampani ezine ezithinteka ecaleni mayelana nethenda kadoti okuboshwe ngayo uNkk Gumede, kusetshenziswa isigaba somthetho uSection 36, lapho inkampani inikwa umsebenzi ngaphandle kokulandelwa kwemigudu yokukhishwa kwamathenda.Ukwelulwa kwethenda yokuqoqwa kukadoti kumenyezelwe emhlanganweni wamakhansela alawula umasipala ngoJuni 18, iMeya isinikwe ikhefu lenyanga.Omunye wabeseka imeya, uMnuz Ntando Khuzwayo, uthe: “Singabaholi thina emagatsheni nakuma-zone e-ANC konke lokhu esikwenzayo sikwenza ngoba singahambisani nendlela okusingathwe ngayo udaba lwemeya nekhansela uMondli Mthembu ngoba sikholwa wukuthi ubulungiswa abuzange benziwe, asikwenzi lokhu ngoba kuyiMeya singakwenza kunoma iliphi iqabane uma sibona ukuthi kudlalwa ngalo.”UDube uthe: “Sesibhalele ubuholi bukazwelonke ukuba bungenele, uma singaneme ngokungenela kwabo sizophoqeleka ukuthi siye enkantolo.”Okunye okuvelile wukuthi abeseka uNkk Gumede ngeledlule bavale amahhovisi esifunda eCommercial City ngoba bengahambisani nokuqokwa kwethimba lesikhashana okuthiwa kumele lilungiselele ingqungquthela.Okhulumela uCele, uNksz Reneilwe Serero, uthe uCele akahlangani nophenyo lwaphoyisa. UNtuli akatholakalanga.",0
235, ikomiti lizoxazulula izinkinga zabangcwabi ,"UKUNGABONI ngaso linye phakathi kwabangcwabi abamnyama nabamhlophe sekuxazululekile.Lokhu kulandela umhlangano okade ukhona phakathi kukaNgqongqoshe wezokuThuthukiswa koMnotho nokuVakasha, uMnuz Sihle Zikalala, nabangcwabi kanjalo nalabo abathintekayo kulolu daba, izolo. Laba bahlanganisa iNational Funeral Practitioners Association of South Africa (Nafupa SA) lapho kuvunyelwane khona ngokuthi kusungulwe ikomiti elizobhekana ngqo noguquko emkhakheni wazabangcwabi okuvezwe ngabeNafupa SA.“Ngingakuqinisekisa ukuthi zonke izinkinga ebezenza kungabi nokuthula phakathi kwabangcwabi sezixazululiwe. Sihlangane nabo bonke abathintekayo savumelana ngokuthi kudingeka kuhlanganiswe leli komidi elizobhekana nalezi zinkinga, egqame kakhulu ileyo yoshintsho kule mboni yabangcwabi, nakho konke abakuvezile,” kusho uZikalala.AbeNafupa SA nabo sebeguqukile kulokhu abekade besabisa ngokukwenza, kokuvimba izinkampani zamaNdiya nabelungu ukuthi zingangeni emalokishini ukuzongcwaba, kusukela kule nyanga ezoqala.Leli komiti lihlanganisa izinhlangano ezahlukene okubalwa kuzo iSouth African Social Security Agency, uMnyango wezeMpilo, i-Road Accident Fund noMnyango wezaseKhaya.Leli komiti lizohlangana izikhathi eziningi libe selibikela uZikalala ngomgamo eseliwuhambile ekuxazululeni lezi zinkinga eziveziwe.",0
train_isizulu_00875,AfriHate,uma uthenga umahosha wenza into oykhokhelile,0
dev_isizulu_00134,AfriHate,vandag ngiyo omelikhekhe lase makishini ngithe mangifika broer wam' ngathi sdudla kai one ladlali is kwaphuma bantwana,0
488,vukuzenzele,"Izikhungo zemfundo ephakeme zizokwazi kuphela ukuthola ulwazi lwabafakizicelo kuhlelo lwe-CACH, uma abafaki-zicelo sebebhalisile futhi bafaka imiphumela yabo yeBanga le-12.",0
534, umfundi wakwagrade  ugwaze wabulala owakwagrade  esikoleni ,KULINDELEKE ukuthi avele namhlanje enkantolo umfundi wakwaGrade 11 osolwa ngokubulala umfana obefunda uGrade 1 esikoleni saseNorth West. Umfundi obulewe ugwazelwe esikoleni ngoLwesithathu ekuseni.Umnyango wezeMfundo kulesi sifundazwe uthe umsolwa ubecashe ethoyilethe lesikole kanti kusolwa ukuthi ulale kulo. Kubikwa ukuthi ubanjwe uthishanhloko wabe esebizelwa amaphoyisa.Kuthiwa umsolwa ubemazi umfundi obulewe kwazise wayethandana nodadewabo omdala abefunda naye esikoleni.Ungqongqoshe wezeMfundo kulesi sifundazwe uMnuz Jonas Sello Lehari kulindeleke ukuthi ahambele lesi sikole namhlanje ekuseni.Kwenzeka lesi sigameko nje nonyaka zilokhe zande njalo izehlo zokubulawa kwabafundi emagcekeni esikole.,0
dev_isizulu_00185,AfriHate,aibo abelungu bayavela nabo kwipapgeld 😂 ##url,0
2119,vukuzenzele,Ukuthuthukiswa komnotho wabantu abamnyama kuzophumelela kuphela ngokusebenza ngokubambisana kanye nokuzimisela okufanayo kuguquko lomnotho.,0
1318,vukuzenzele,"lokusizwa ngesikweletu. Izicelo zokusi-zwa zingathunyelwa ku: debtrelief@seda.org.za. IsiKhwama Sobunye NobumbanoUMongameli u-Cyril Rama-phosa uphinde wamemezela ukuvulwa kwesiKhwama Sobunye Nobumbano, esiqalwe ngemali eyizigidi ezi-R150 ephuma kuhulumeni.",0
train_isizulu_02208,AfriHate,sdudla nomathousand ft nokwazi abukho ubumnandi obudlulobunye boke ubumnandi buyafana...playing on my ears now,0
299, umholi udlwengule izingane ezingu  ,"UMHOLI womphakathi oyisilomo, odume nangokutetemukisa izingane zendawo aziyise ebhishi, usolwa ngokudlwengula amantombazanyana ayisikhombisa. UMnuz Xolani Ngidi, oneminyaka ewu-40, kuthiwa ubedlwengula amantombazanyana aneminyaka esukela kwemine kuya ku-12 ngezindlela ezahlukene. Amanye kuthiwa ubewabiza, awagcobe uVaselina bese ewanukubeza.Ngokwabazali balezi zingane, umsolwa unguSihlalo weCommunity Policing Forum (CPF) emijondolo yaseManyaleni, e-Unit 2, eChatsworth ngaseThekwini.Kuthiwa uneloli elithutha udoti endaweni, abegibelisa kulona izingane, ebelenza ukuthi izingane zimthande ngoba ubehlale ezipha izinto ezimnandi.Lo msolwa uvele izolo eNkantolo yeMantshi eChatsworth.Umphakathi nabazali bebephume ngobuningi bezothamela icala, bebhikisha nangaphandle kwenkantolo.“Eyami ingane uqale ukuyidlwengula ikade yenza uGrade 1. Ngithole manje seyenza uGrade 3 ukuthi kade aqala ukuyidlwengula,” kusho omunye wabazali.Uthe izingane zabo ubezinunusela ngemali nangamamaswidi. Ngokusho kwabo, umsolwa ungumuntu ozimele kahle endaweni, yingakho izingane zabo bezithanda ukuyodlala nezingane zakwakhe.Bathe emzini kamsolwa kunezinto eziningi zokudlala izingane njengozwingi, amabhayisikili nokunye okuningi okuthandwa izingane.INGXENYE yomphakathi obutheleke eNkantolo yeMantshi eChatsworth eThekwini, uzobhikishela owesilisa osolwa ngokudlwengula izingane zamantombazane emijondolo yaseManyaleni endaweni:Isithombe TUMI PAKKIES“Besiyaye singanaki uma izingane zethu ziyodlala khona ngoba naye unezingane. Bezidlala ndawonye nezakhe kwakhe,” kuchaza omunye wabazali.Njengendoda emi kahle, kuthiwa umsolwa ubenganqeni ukulayisha izingane zomakhelwane azivakashise ebhishi ziyozijabulisana nezakhe.Bathe izingane zabo azisafuni nokuya esikoleni ngoba zihlekwa ngezinye, kwazise sekuyaziwa ukuthi kunezinsolo zokudlwengulwa wumsola.“Ezinye umchamo usuyaziphumela nje, azisakwazi ukuzibamba ngenxa yokudlwengulwa. Abanye babantwana bethu sebehlala bezinwaya amathanga sengathi banotwayi. Badlala le ndoda endala.”Abanye abazali bathe izingane zabo sezihlale zikhala uma kwenzeka zibuka ithelevishini ekhombisa izithombe zabantu ababambanayo ngoba kuba sengathi lokho kwenzeka kuzona.Nakuba abanye babo bethe izingane zabo zithola ukwelulekwa ngokomqondo njalo ngenyanga, abanye bathe ezabo kuselukhuni satshe ukuthola lokho ngoba abazi ukuthi kumele benze njani.",0
test_isizulu_00379,AfriHate,@username inkawu imunandi ipholile,0
train_isizulu_03068,AfriHate,"@username eziphambili la kwanibela safakelwa ugesi ngabo june this year but namanje abakawukhanyisi asazi kubambeni kwaeskom, namanzi awabonwa la kuward 4 kumaspala ihlabisa big5 kodwa akhona emaplazini abelungu n",0
train_isizulu_02389,AfriHate,"when you realize ukuth ""wena ungal'sebenzisa ididi"" given ithuba.. ##url",0
test_isizulu_00038,AfriHate,ngo ngamla aba ##url,0
dev_isizulu_00004,AfriHate,@username -ingakho uyinja yami🤣,0
2659,vukuzenzele,"Uma umnakekeli wokuqala engekho ebudlelwaneni (engakaze ashade, ehlukanisile noma engumfelokazi), imalingeniso yakhe akufanele ibe ngaphezu kwezi-R4 800 ngenyanga.",0
train_isizulu_01515,AfriHate,@username imfene yakhe iyaphala 😂😂😂,0
70,vukuzenzele,"kanye nokuya esikoleni kwabafundi kuthuthukile ngenxa yohlelo lokuhlinze- kwa kwezingane ngokudla. Kamuva nje, iKhabhinethi igunyaze ukushicilelwa koMbiko Wokuhlola i-NSNP odidiyewe uMnyango We- zokuhlela, Ukuqapha kanye Nokuhlola (i-DPME). Lo mbiko",0
366,vukuzenzele,"“Ukulahleka kohlobo lwezi lwane oluyingqalabutho kakhulu lwaseNingizimu Afrika olufana nobhejane, nongesinye ‘Sezilwane Ezinku-lu Ezinhlanu’ kungaba nomthe-lela omubi ngokuphathelene nenani lezivakashi eNingizimu Afrika. Izivakashi eziningi eziza",0
train_isizulu_01107,AfriHate,"@username 😂😂😂 ""ngithi wenja""",0
498,vukuzenzele,"kwemisebenzi elondolozekile kanye naleyo egcine ilahleka.La mabhizinisi azuzile njenge-Sihle’s Brew, okuyi ndawo yokudlela e-Gauteng, ekwazile ukugcina abasebenzi bayo abayi-18 ngenxa yohlelo lwe-TERS . Siyabonga ekwesekweni nguhulumeni, inkampani",0
3252,vukuzenzele,"Abanye abantu baphakamise ukuthi kufanele sikhethe phakathi, ngakolunye uhlangothi, umbuso othuthukayo odlala indima esemqoka ekuguqulweni kwezomnotho kanye nezenhlalakahle, ngakolunye uhlangothi, umkhakha ozimele, onomdlandla oqhuba ukukhula nokuqashwa.",0
1536,vukuzenzele,koHlelo Lwamasu Kazwelonke ukulwisana nodlame olubhekiswe kubulili obuthile nokubulawa kwabesifazane. Okubaluleke kakhulu kulolu hlelo kusekuqinisekiseni ukubandakanyeka okukhulu kwabe sifazane kwezezimali. Lokhu kungenxa yokuthi ukungalingani kwezomnotho,0
train_isizulu_00538,AfriHate,ngamla wants to meet on wednesday. bengithi ngiyayi hlaba,0
train_isizulu_01703,AfriHate,"@username umlomo wadalelwa ukudla nokuphuza ,imomozi idliwa ngomthondo wena man or awusaqhenyelwa usu bhebha ngolimi ##url",0
350, kubulawe owe anc phambi komkakhe ,"SIKHULU isililo ngokubulawa kwevolontiya le-ANC laseMfume ebeligqugquzela ukuvota.Kuthiwa uMnuz Nqobizwe Mkhize (46) waseSimahleni, eMfume uhlaselwe abalisa abangaziwa abathathu elele nomkakhe ezintatha kuzosa kube nguMgqibelo. Kuleya ndawo kuphinde kwabulawa abalisa ababili, uMnuz Sibonelo Hlongwane noMnuz Nathi Hlengwa abatholakale bedindilize emgwaqweni buqamama nalapho okuhlala khona uMkhize.Kuthiwa laba balisa bangene batshela umkakhe okhulelwe ukuthi akamboze angababuki base bedubula uMkhize kaningana. Kuthiwa izinhlamvu ezintathu zingene ekhanda.Okhulumela amaphoyisa uCaptain Nqobile Gwala uthe amaphoyisa aphenya amacala amathathu okubulala.“Kukholakala ukuthi kuthe uma kugamanxa ihora lesibili ekuseni kwatheleka abasolwa abathathu abebehlome ngezibhamu, bakhahlela isicabha bangena kwaMkhize bamdubula. Udubuleke amahlandla amaningi kwesingenhla. Isizathu sokubulawa kwakhe asikaziwa,” kusho uCaptain Gwala.Isigameko sesibili kukholakala ukuthi senzeke ngaphambi kwehora lesithathu lapho okuhlaselwe khona uHlongwane noHlengwa abadutshulwe abalisa abangaziwa abebehamba ngemoto. Lesi sigameko senzeke emuva kokubulawa kukaMkhize.UCaptain Gwala uthe laba balisa bashonele endaweni yesigameko. Uthe isizathu sokubulawa kwabo asikaziwa.Ikhansela lakuleya ndawo, uMnuz Ayanda Ndlovu, lichaze uMkhize njengomuntu obezinikele emsebenzini weqembu nasekusizeni umphakathi. Uthe nguye obenikwe umsebenzi wokugqugquzela abantu ukuthi babhalisele ukuvota.“Ubengumuntu obethandwa kakhulu wumphakathi. Silahlekelwe njengeqembu nomphakathi ngoba ubezinikele futhi esebenzisa ngisho imali yakhe ukwenza imisebenzi yeqembu. Kubuhlungu kakhulu okwenzekile. Sishaqekile nangokubulawa kukaHlongwane noHlengwa abatholakale befile. Sinxusa noma ubani ongaba nolwazi ukuthi asebenzisane namaphoyisa ukuze kutholakale izigilamkhuba,” kusho uNdlovu.UNdlovu uthe inkosikazi kaMkhize okulindeleke ukuthi ibelethe kule nyanga isesimeni esingesihle ngokomphefumulo ngenxa yokubulawa komyeni wayo ibhekile.UMxhumanisi wekomiti lesikhashana le-ANC KwaZulu-Natal Mnuz Sihle Zikalala uthe bashaqekile ngesigameko esenzeke kuleya ndawo. Uthe banethemba lokuthi amaphoyisa azosebenza kanzima ukuthola abathintakayo.Izolo uNgqongqoshe wamaPhoyisa, uMnuz Bheki Cele uye kuleya ndawo eyokhuluma nomphakathi. UCele uthembise amalungu omphakathi ukuthi amaphoyisa azophenya ngesigameko sokubulawa kwalaba bobathathu. Uqhube wathi amaphoyisa azophenya nangamacala osekunesikhathi engaphothulwa. Elinye lalamacala uthe ngelokubulawa kowayengunozinti wePirates neqembu lesizwe, uSenzo Meyiwa, elisahlalise kabuhlungu izihlobo zakhe nomphakathiwonkana.“Sicele umphakathi ukuthi usebenzisane namaphoyisa uphinde ubike amaphoyisa angenzi kahle kodwa uthi uwabika nawo ube ukhumbula ukuthi akhona amaphoyisa enza kahle nokufanele usebenzisane nawo,” kusho uCele.Uthe uxoxe nenkosi yendawo wathola ukuthi lesi sigameko kungenzeka ukuthi asihlobene nezepolitiki.Noma kunjalo uCele unxuse amaphoyisa ukuthi asebenze kanzima ukuthola abenzi bobubi ngisho kungathiwa abantu abaphezulu.",0
test_isizulu_00611,AfriHate,angeke sizwe ngani ke thina mazulu isithembu yiso yiso once...ohlulwa ilokho hambe ayofa @username sisonke kulento. le ntombazane sizoyibizela @username ayiphinde futhi ngoba ifuna ukuthengisa umculo wayo ngathi. ##url,0
train_isizulu_03038,AfriHate,abelungu banesicefe 😑.,0
test_isizulu_00616,AfriHate,cha abelungu abanayo irhythm ngempela ##url,0
train_isizulu_01268,AfriHate,ngathi angan'bhebha uwenger ##url,0
300, odilikajele kwabathumba iphoyisa balibulala ,"BAGWETSHWE odilikajele abalisa abathathu abalahlwe ngamacala okubulala ngesihluku amaphoyisa esigamekweni esenzeke ngoSepthemba 2015 emijondolo yaseNamibia, eNanda. IJaji laseNkantolo eNkulu eThekwini uXolile Ntshulana likhiphe lesi sigwebo ngoMgqibelo lathi sizobafundisa isifundo ababulali abangakhombisi ngisho ukuzisola.ULindokuhle Mchunu (20), uSboniso Khubisa (22) noSabelo Mkhize (28) baphinde bengezelwa eminye iminyaka ngamanye amacala. Bathola iminyaka engu-15 ngokubamba inkunzi behlomile, emihlanu yokuzama ukubulala baphinda bathola eminye engu-15 nezinyanga ezingu-12 ngokutholakala nezibhamu nezinhlamvu okungekho emthethweni.Kuthiwa benza ubuqili baya esiteshini samaphoyisa bayozenza abacela usizo lokuhambisa incwadi yenkantolo kumuntu thizeni bafika bawajikela amaphoyisa.USeargent Vusumuzi Moyane noSeargent Ntombikayise Precious Jojisa bephucwa izibhamu bakhunyuliswa nezimpahla zomsebenzi. Bababophela evenini babavalela bahamba bayobabulalela kwenye indawo bazama ukungqongqisa imoto yamaphoyisa ngomlilo. Phakathi kwezibhamu ababezisebenzisa kwakukhona i-AK 47 ne-9mm okuthiwa babebadubula ngazo kwala ngisho becela uxolo baqhubeka babadubula. Kuthiwa uJojisa wasinda ngenxa yokuthi wazenza umuntu oshonile waphuthunyiswa esibhedlela eMhlanga wahlala inyanga. UNkk Lihle Moyane ongunkosikazi wephoyisa elabulawa ubekhona enkantolo uthe nakuba simgculisa isigwebo kodwa ngeke simbuyise umyeni wakhe.“Lezi zinhlungu ziyohlala zikhona enhlizweni yami. Njalo uma ngibona abasolwa begibela ebhokisini siyabuya isithombe sesihluku abasenza kumnyeni wami,’’ kusho uNkk Moyane.Ilungu lomndeni womunye wababulali uSipho Mkhize elingafunanga ukudalulwa lithe ibambe ngakho ngokugwetshwa kwakhe ngoba bebefuna ajeze nabo bengumndeni ngoba kuyacaca ukuthi wayengabenza le nto. Kuvele ukuthi lo mlisa uvele unenxanxathela yamacala ake amlahla phambilini.",0
train_isizulu_02070,AfriHate,"lol uyaphapha nokuphapha loyo bhebha wena bafo""@username : @username lol yeh i think so....""",0
1379,vukuzenzele,"Kusukela ngowezi-2011, i-CHOC ibilokhu isebe nzisana noMnyango Wezempilo nabalaphi bendabuko ukuhlinzeka ngochwephe she bezempilo, abasebenzi bezempilo, abalaphi benda buko kanye nemiphakathi ngolwazi ngomdlavuza ezinganeni.",0
train_isizulu_00101,AfriHate,ngu black coffee bengzomane ngivale izwe lonke ngok’bhebha ubeyonce,0
922,vukuzenzele,"imininingwane yakho kanye nje vo. Umfaki-sicelo kumele anike umuntu wesithathu imvume yokuba abheke imininingwane yakhe kanti uma benga vumelani ngalokhu, ngeke bavunyelwe ukuba baqhubeke nokufaka isicelo. Ngenxa yesizathu sobhubhane lwegci wane lecorona,",0
train_isizulu_03008,AfriHate,“usahamba ngey’nyawo namanje? ikephi leya nyoni yakho?” ##url,0
356, basuke bengenalwazi lwenkingaabesimame abangabambi kalula ,"ININGI labantu besifazane abasesigabeni sokuthola abantwana abanezinkinga zokukhulelwa, abanalo ulwazi lokuthi banenkinga.Umbhali we-website yezempilo i-healthline echaza ngezifo eziholela ekutheni kube nzima ukuthola izingane, uNkk Stephanie Watson, kule website uthe u-26% wabantu besifazane abasesigabeni sokuthola izingane, unesifo esidalwa ukungasebenzi kwama-hormone esihlasela umgudu wenzalo iPolycystic Ovary Syndrome (PCOS).Abesifazane abanalesi sifo uthe bajwayele ukuya ezinsukwini zabo isikhathi eside noma babe nezimpawu zokuthi bane-hormone yabesilisa eningi i-androgen.Abanalesi sifo baba nenkinga yokuba noketshezi ezikhwameni ezigcina amaqanda okuholela ekuthini ngesinye isikhathi amaqanda abo angaphumi uma sekuyisikhathi sokuthi aphume.UNkk Watson uthi akwaziwa ukuthi iPCOS idalwa yini kodwa abesifazane abanayo bajwayele ukuba nezimpawu zokopha kakhulu uma besezinsukwini zabo noma beqiwe yizinyanga bangayi esikhathini.Kwesinye isikhathi bamila uboya emzimbeni kakhulukazi emalungeni omzimba afana nasebusweni okuvamise ukuthi kube yihwanqa, intshebe, uboya obusesifubeni nakwezinye izingxenye zomzimba.UNkk Dalene Barton Schuster encwadini yakhe ekhuthaza ukuthi kusetshenziswe amakhambi emvelo uma kwelashwa lesi sifo iNatural Fertility Info uthe lesi sifo kuyenzeka sibe wufuzo uma kukhona oke waba naso emndenini.Ngokolwazi alubhale kule ncwadi uthe kuyenzeka sidalwe ukudla okungafanele, ingcindezi nokuba nokhwantalala kwesinye isikhathi ukusetshenziswa kwemithi yokulawula ama-hormones isikhathi eside.Okunye athe kuba nomthelela ekutheni abesifazane bangakhulelwa wukuvaleka kwamashubhu aziwa ngama-fellopian tubes.Izinkinga zokungabatholi abantwana uthe ziyenzeka nakwabesilisa. Kubona uthe ukuhlolwa kokuqala kuvamise ukuthi kuveze ukuthi inkinga idalwa yini kanti abesifazane kudingeka bahlolwe izikhawu eziningi ngaphambi kokuthi kutholakale ukuthi yini inkinga.",0
2691,vukuzenzele,"nezokuthutha, izindawo zokuhlala abantu, amanzi kanye nezokuxhumana. Ngokusebenzisa Uxhaso-mali Lwengqalasizinda ukusa phambili, sisungule izindlela zokuxhasa ngemali le misebenzi edonsa ezinda-weni eziningi emikhakheni kahulumeni kanye nezimele. Lokhu",0
train_isizulu_00544,AfriHate,@username lento yokuvuka uneke amasende nje bese ufuqa ukudla is wrong,0
train_isizulu_01297,AfriHate,@username inkomo enjan ebhedayo?,0
400, udube ibandla exakwe yisitabane ,"IBALEKE yaduba nebandla inkosazana eBuhleni kwaShembe exakwe wumama ongumkhokheli osolwa ngobutabane okuthiwa ubefuna ukuya nayo ocansini.Inkosazana (19) okhonza ethempeleni eKushumayeleni, KwaNongoma, elingeke lidalulwe igama layo, ithe isisaba nokuya esontweni ngemuva kokuthi umkhokheli akhonza naye embizele edokodweni lakhe wamtshela ukuthi umile kahle ufuna ukuthi baye ocansini, ngesikhathi besentabeni eKhenani, oZwathini, ngoJanuwari.Inkosazana ithe umkhokheli wayincoma ngesikhathi begeza, wathi ime kahle futhi nobuntu bayo bukhulu. Wabe esethi ucela amvakashele edokodweni lakhe.“Yize ngingayithandanga inkulumo kamama u... (esho isibongo sakhe), ngaya edokodweni lakhe ngoba ngiyamhlonipha. Okwangixaka ngedokodo lakhe wukuthi ngaphandle lihlotshiswe ngezimbali ezibomvu. Ngazibuza ukuthi ngabe kungani lize lihlotshiwe kangaka kodwa ngabuye nganganaka. Sengingenile wajabula wanginika izipho -ushokoledi, iyoghurt nomnazaretha omude ofakwe ublomu. Ngathi ngisamangazwe yilezi zipho wabe esesondela kimi engithinta ethi uyangithanda uchazwa nayizwi lami. Ufisa sithandane. Angikwazanga nokuyiphendula le nto ayishoyo ngoba ngimazi engumama ohloniphekile. Ngabona kungcono ngiphume ngibaleke,” kusho inkosazana.Ithe selokhu yagcina ukuya esontweni ngaleso sikhathi ngoba isaba ukuthi uzohlangana nomkhokheli kodwa akazi ukuthi izombhekelwa ngubani.Ithe ibikele umkhandlu obhekelele ukuhlukunyezwa kwamaNazaretha, iNazareth Judiciary, ukuze umcebise ukuthi kumele enze njani.UMnuz Wellington Myeza, ilungu lomkhandlu, uvumile ukuthi udaba lubikiwe kubo wathi nabo bengumkhandlu abakwazanga ukuluxazulula. Bacele izeluleko kwiKhomishini evikela amalungelo eNkolo, uLimi namaSiko.Uthe bane abesifazane ababike ukuthi bahlukunyezwe ngabesifazane abakholwa wukuthi bayizitabane besohambeni oluyingcwele ngoJanuwari.UMnuz Thokozani Mncwabe, okhulumela abaseBuhleni, uthe kuyamangaza ukuthi udaba lufinyelele kwabezindaba ngesikhathi esibi kusanda kuphuma isinqumo senkantolo esichitha uNyazilwezulu.“Udaba luthunaza ibandla futhi selunesikhathi lwenzeka. Kungani luputshuka manje. Ngilubona sengathi nalo luyingxenye yokudicilela phansi isithunzi sethu. Ikomiti lebandla yilo okumele luludingide, angiboni ukuthi ukuphumela kwalo kwabezindaba kuzoyisiza ngani inkosazana,” kusho uMncwabe.",0
train_isizulu_01939,AfriHate,#isidlosasekuni ngiqale kahle ngafidumeza ububende obuhlobe kwamnandi ngehlisa ngo 2 litter womncindo ngiya slima kulezi nsuku @username ,0
train_isizulu_02608,AfriHate,@username tli tli tli shuthi ibhizi imfene idla insipho ehlathini umsakazo dololo,0
train_isizulu_02999,AfriHate,"lol mxm ""@username : kwathiwa asandisane. ""@username : bazo meter ""@username : aba complaini. ""@username : bazoni bhebha ke namuhla.""",0
1788,vukuzenzele,Ikhona imigomo kanye nezindlela zokwelapha isifo se-Monkeypox.,0
2248,vukuzenzele,"kwemithambo ezidala izinkinga zokuphapha, nje gokuhluleka ukugxilisa um qondo.Lokhu kugula kuvame uku-vela ngalezi zindlela:",0
144, kusahlolwa umonakalo emabhida ,"KUZOCACA kuleli sonto ukuthi mungakanani umonakalo odalwe abalandeli abavuke umbhejazane bacekela phansi inkundla yezemidlalo iMoses Mabhida eThekwini ngemuva kokuthi iKaizer Chiefs ikhishwe yiFree State Stars kuma-semi final eNedbank Cup ngoMgqibelo ebusuku.IChiefs ihlulwe ngo 2-0 kulo mdlalo okusho ukuqhubeka kosizi kubalandeli bayo bengayazi injabulo yezicoco ngaphansi kukaSteve Komphela ogcine esulile ngawo uMgqibelo.Izolo imenenja yeMoses Mabhida, uMnuz Vusi Mazibuko, ibisemhlanganweni nonjiniyela benkundla bebheka ukuthi mungakanani umonakalo futhi kuzodla malini ukuwulungisa.“Mukhulu umonakalo owenzeke enkundleni kodwa lapho kufikela khona izivakashi ngaphandle akubanga nankinga. Sinonjiniyela ozohlola ukuthi mungakanani umonakalo futhi uzodla malini. Izindawo ezithinteke kakhulu yizihlalo, imipheme evimbela abalandeli ukuthi bangangeni ebaleni nodoti abawusaphazile. Okwamanje angifuni ukuqagela kodwa ngemuva kwamahora angu-48 sizobe sesazi,” kusho uMazibuko.Bekuwumdlalo wesithupha iChiefs isebenzisa iMoses Mabhida njengekhaya layo. Phambilini abalandeli bake bazama ukushisa inkundla ngemuva kokuhlulwa yiBaroka FC emdlalweni weligi.Owangempelasonto ufike besathuthumela ngemuva kokushaywa yiChippa United eFNB Stadium, eGoli koweligi nakhona abadala umonakalo.Njengoba bese belimaza iMabhida nonogada abaphuthunyiswe esibhedlela, iChiefs ibisanda kuhlawuliswa yiPremier Soccer League (PSL) * -R250 000 ngomonakalo waseFNB Stadium. Isigwebo besilengiselwe * -R200 000 ngokuthi ingatholakali inecala elifanayo.UMazibuko uthe yize besigxeka isenzo sabeChiefs kodwa lokho ngeke kuphazamise ubudlelwano neqembu.“Izinto ezifuze lezi zenzeka kuzona zonke izinkundla nakho angicabangi ukuthi kungabaphazamisa ubudlelwano. Noma ngubani olandela ibhola ubelindele ukuthi uma iChiefs ihlulwa kungasuka uthuthuva . Ngicabanga ukuthi sekuyisikhathi sokuthi abalandeli bebhola bashintshe indlela abacabanga ngayo ngoba noma ungafaka onogada namaphoyisa abangakanani ngeke ubavimbe abantu abasuke sebezitshelile ukuthi bazodlova,” kusho uMazibuko.Imenenja yeChiefs, uBobby Motaung, ithe bayakuqonda ukudinwa kwabalandeli kodwa abahambisani nodlame.“Akwamukelekile, wonke umuntu uyakwazi lokho. Akusikhona okwami ukuthi ngithi bayizidlova wukuthi nje abalandeli bacasukile kodwa indlela yokuziphatha ayamukelekile. Isinqumo esisithathile (sokusula kukaSteve Komphela) sisenzele bona.”Okhulumela iPSL, uLuxolo September uthe bazolandela imigudu efanele ngaphambi kokuthi baphawule ngokugcwele.Isitatimende esikhishwe yiPSL sithe bazobhekana nengalo yomthetho abathintekayo ngomonakalo owenzekile.",0
2611,vukuzenzele,"kulokhu, amalayisense noma izimvume zamabhizinisi ezintsha zoku-sebenza ezikhishwe mhla lu-1 kuNtulikazi nazo zizo-sebenza kuze kube mhla zingama-31 kuZibandlela 2022, futhi ayikho imali oku zomele uyikhokhele le layisense.",0
dev_isizulu_00629,AfriHate,@username u zuma once said uma ningavoti abelungu bazophuma ngobuningi bayovota nina nisebenze e mapulazini. niphale izingulube. abantu bakithi abafuni ukuvota badinwe i anc ngokubopha u zuma . abelungu bayavota and da yenza kahle #lge2021 #sadecides2021 #lge2021 #results2021,0
3056,vukuzenzele,"Utshalomali olusha oluningana kwizizinda zokugcinwa kolwazi amadatacentre kanye nezi ntambo ezihamba ngapha nsi kolwandle ngeke kunge nise nje utshalomali olusha kuphela, kodwa kuzohli nzeka nengqalasizinda edingekayo ekukhuleni kobuchwepheshe kanye",0
2230,vukuzenzele,I-CACH ayikwazi ukubona ukuthi isikhungo sizomthinta nini umfakisicelo ukuze mhlawumbe athole isikhala.,0
1668,vukuzenzele,"amakhulu athumela ezimakethe zomhlaba umanyolo, izimbewu zokusanhlamvana nezikawoyela ezidingeka kakhulu kuchungechunge lwezinto ezifana namafutha okupheka.",0
test_isizulu_00595,AfriHate,@username sihllelinawe sdudla sethu nobuyi madlala nozyanda noabongile izingane zethu sikulalele nicemusic brazo@username #chillas,0
303, kushone indodana yowayengumengameli wezwe ,"USEMANZINI owayenguMengameli wezwe uMnuz Jacob Zuma nomndeni wakhe njengoba behlelwe yifu elimnyama kudlula indodana yakhe, uVusi Nhlakanipho Zuma, esibhedlela iMilpark Hospital, eGoli ngeSonto ebusuku.UVusi ubeneminyaka engu-25.Osondelene nomndeni kaZuma futhi owayeyilungu lo Mkhonto weSizwe, uMnuz Carl Niehaus, uqinisekise lezi zindaba ngoMsombuluko ekuseni. Uthe imininingwane ngokushona kukaVusi ubengakayitholi kwazise ubengakaxhumani nomndeni kaZuma.""Kuyiqiniso ukuthi uVusi, oyindodana yalowo owayenguMengameli kuleli uZuma, ushonile izolo (ngeSonto) ebusuku ngemuva kokuxinwa wukugula. Anginaso isiqiniseko sokuthi ubephethwe yini nokuthi unjani umndeni njengamanje kodwa ngizoxhumana nawo maduze,"" kusho uNiehaus.Ngokwemibiko, uVusi Zuma ungumagcino ezinganeni zikaZuma noNkk Kate Mantsho Zuma, owazibulala ngo-2000. Kwabazalwa noVusi kubalwa namawele uDuduzile noDuduzane Zuma.Okhulumela uZuma, uMnuz Vukile Mathabela, naye uziniqisekisile lezi zindaba wathi kusazoqokwa ozokhulumela umndeni ozoveza eminye imininingwane ngokuhamba kosuku.",0
1882,vukuzenzele,"Lezi zingcingo ezishaywa izingede seziholele ekuphe nyweni kwamacala ayizi 24 035 enkohlakalo, uku khwabanisa kanye nobunye ubugebengu, kusho uKhomi shana Wezemisebenzi Kahu -lumeni u-Michael Seloane, owengamele wonke umsebenzi owenziwa ikhomishana.",0
train_isizulu_02032,AfriHate,inkomo yabalandeli yathathwa oban????  ngoba beqhoken njalo  ay kamen madoda😭😭😭,0
1653,vukuzenzele,"isihlobo sesisulu esashona kumele bakwazi ukuyozimela kwi-bhodi likashwele. Ngokubuka amazinga angamukeleki neze odlame kubalingani abasebudlelwaneni ezweni lethu, sesiqinise ukuhlinzekwa koMthetho Wodlame Lwasekhaya. Udlame lwasekhaya manje selu-chazwa",0
3546,vukuzenzele,vLolu lwazi nilulethelwa nguMnyango WezempiloEZEMPILO,0
511,vukuzenzele,"zosizo kumele zibonakale njengemizamo yokuphinde futhi simise umnotho wethu ume qingqo. Inhloso yethu ekugcineni ukuphinde si kwazi ukuhamba futhi.Njengesizwe, sonke masifakeni isandla. Masibe yingxenye yentuthuko kanye nenqubekelaphambili",0
2315,vukuzenzele,Ungabika ngokuhlukunyezwa kwezingane ngokocansi kwi-inthanethi noma ngodlame kubantwana ku-FPB ngokuthumela i-imeyili ku-hotline@fpb.org.za noma ngokushayela ku-012 003 1400. Ungakwazi ukubika ungazisho ukuthi ungubani.,0
2861,vukuzenzele,"Njengengxenye yokulungi selela ukubungaza lokhu, amathimba abehambele ukuqeqeshwa okuhlobene nezokuvakasha nokupheka.",0
1862,vukuzenzele,"“Inkinga yokuqala ngqa ifaka ukopha kakhulu, ukudabuka komlomo wesibeletho, ukumoshakala kwezitho zangasese nasesiswini, ukusuleleka ngamagciwane ngaphakathi esiswini kanye nobuthi egazini.",0
train_isizulu_00727,AfriHate,@username izophela imomozi leyo bese siya ku mhlongo wemomozi afike ayipheshe istove sibe ku 6🤌 👍🤣 ##url,0
382,vukuzenzele,"Imisebenzi yokuthuthukisa amakhono omsebenzi (ukwelulekwa, ulwazi, iseluleko kanye nokuhlelela umsebenzi/ulwazi ngalokho ongakukhetha maqondana noxhaso kanye nokuthola imali yokufunda).",0
2740,vukuzenzele,"Qinisekisa ukuthi umntwana uzizwa ephephile, bonisa ukumeseka ngokuphelele.Bambisana nomntwana wa-kho ukuthola indlela enizo kwenza ngayo enivumelana ngayo nobabili.Xoxisana nesikolo esithi ntekayo ngodaba lobubhoklo lo obenziwa nge-inthanethi. Thinta",0
test_isizulu_00327,AfriHate,mlungu wokqala ongikhulumela into ezwakalayo ##url,0
813,vukuzenzele,"Njengoba umlilo wasePhalamende ugcine ngokucima, iBamba leNhloko yamaJaji u-Raymond Zondo wathumela ingxenye yokuqala yombiko weKhomishana ephenya ngokuQhwagwa koMbuso.",0
3282,vukuzenzele,"Ngenhlanhla enkulu, ngesikhathi udokotela osebe-nza eKapa futhi ongumama wabantwana abathathu u-Insa-af Mohammed (oneminyaka engama-40) uye wahlonzwa njengonegciwane le-corona (i-COVID-19) kwelinye icala eguliswa yisifuba somoya, nokwazile ukulawula lezi",0
2748,vukuzenzele,"UTemane wengeze ngoku thi uyawuthanda umsebenzi wakhe, ikakhulukazi ngoba uphinde athole ithuba loku siza abantu abasha ukuze bathole imisebenzi njengo -ba phela enza umsebenzi njengemfundamakhwela eqa sha abantu.",0
674,vukuzenzele,Yafakwa esibhedlela esise-Soweto i-Chris Hani Baragwanath Academic i-Chris Hani Baragwanath Academic i-Chris Hani Baragwanath. Umnikelo olandelayo uzosetshenziswa ezikhungweni zaseNtshonalanga Kapa.,0
train_isizulu_00797,AfriHate,"adlalile ngaye ""@username : maybe from amabhunu akhona, lol",0
train_isizulu_01432,AfriHate,@username ngiyshaye nje ingulube ezoyithatha lol,0
2454,vukuzenzele,"kudingaumsebenzi womphakathi wo-nke, ngicela amadoda ikakhu-lukazi asemancane ukuqala umzabalazo wokulwa nodlame olubhekiswe kubulili obuthile. Uma singaqeda impi ebhekiswe kwabesifazane baseNingizimu Afrika, iphupho lomphakathi omusha lizolokhu liyize",0
869,vukuzenzele,"ngokuphathelene nokutshalwa kwezimali,” kusho Ungqongqoshe Wesifundazwe Wokuthuthu kiswa Kwezomnotho, Ezokuvakasha Nezindaba Zemvelo uSihle Zikalala ngesikhathi sokwethulwa kwemboni.",0
3416,vukuzenzele,"UMotsoaledi uthe Uhle lo Lokuthuthukiswa Kwe zwe (i-NDP) luye lwayi gqamisa ngokungananazi nokuthi ekuqaliseni uku sebenza kwe-NHI, izinga eliphansi lezinsizakalo ze mpilo kanye nezindleko ezi khona zezinsizakalo zempilo embonini ezimele kudingeka",0
train_isizulu_02383,AfriHate,dudlu madolo kanyoko angithuki wena ngithuka uthando... ngikuthanda ngaphambile ngoba ngemumva siyefana 😍😍😍😍 ##url,0
test_isizulu_00077,AfriHate,@username kodwa le nyoni!,0
1879,vukuzenzele,"Abayidingi imvume yomzali noma yomnakekeli wabo. Ngokusho koMnyango Wezempilo eNtshonalanga Kapa, uma uyingane, uzokwelulekwa ukuthi ukhulume nomuntu omdala ongamethemba kanye nokuza nomuntu ozokuphelezela uma uze emtholampilo.",0
train_isizulu_00756,AfriHate,even production uyinja kakhulu. ##url,0
2018,vukuzenzele,"Engadini Chelela njalo izitshalo zakho ngezikhathi zasekuseni noma ntambama, uma amazinga okushisa esepholile. Njalo uma ubilisa iqanda, gcina lawo manzi apholile ukuchelela ngawo izi tshalo zakho zasendlini. Zizokhula kahle ngezakhi ezizozithola",0
406,vukuzenzele,"ngokwa-nele ukuze ubuyisele amanzi asuke ephume uma uju-luka. Kungenzeka kudalwe ukugula, okwenza ukuthi uhlanze futhi/noma ukhishwe isisu; kanye nokuthi ujuluke ngenxa yemfiva.Umzimba awulahlekelwa uketshezi uma usebenza ngo-kukhandla umzimba kuphe-la,",0
665,vukuzenzele,"Izinsiza zokuzivikela zabasebenzi bezempilo Okunye okuseqhulwini kwiSi-khwama Sobumbano ukuthumela izinsiza zokuzivikela kubasebenzi bezokwelapha njengodokotela kanye nabahlengikazi. Lesi Si-khwama, esesiqongelele izigidigidi eziyi-R2.61 kuze kube manje,",0
486,vukuzenzele,"“Izikhungo zikhetha abafundi kwisizindalwazi se-CACH bese zixhumana ngqo nalabo ezibakhethile,” kusho okhulumela i-DHET u-Ishmael Mnisi.",0
train_isizulu_00944,AfriHate,"@username ngyabonga thina mazulu isihambi sisiphatha kanje,asidlale ngenkotha wethu kuchazeke wonkumuntu. uliqhawe wena.",0
275, iseyinkinga eyokuhushulwa kwezisu ,"ABANTU besifazane basanenkinga yokuthola usizo oluphephile lokuhushula izisu njengoba namanje kusenesibalo esiphezulu sabesifazane abasahushula izisu ezikhungweni ezingagunyaziwe ukwenza lo msebenzi.Kukholakala ukuthi zilinganiselwa ku-260 000 izigameko zokuhushulwa kwezisu okuthiwa zenziwa ezikhungweni ezingekho emthethweni eNingizimu Afrika. Lokhu kusanda kuvela engqungqutheleni eyaziwa nge-Abortion and Reproductive Justice: The Unfinished Revolution III ebikuleli ebidingida izinkinga abahlangabezana nazo abantu besifazane uma bezama ukuyothola izinhlelo zokuhushula izisu nokunye.Umbiko we-Amnesty International wango-2017 usanda kuveza ukuthi yize sekuneminyaka engu-21 kwaphasiswa umthetho ovumela abesifazane ukuthi bazithathele bona isinqumo sokuhushula izisu kodwa ziseziningi izinkinga.Ngokusho kwalo mbiko, zingaphansi kuka-7% izikhungo zezempilo zikahulumeni ezihlinzeka ngezinhlelo zokuhushula izisu ezikhungweni ezingu-3 880.Lesi sibalo singaphansi kakhulu kunesibalo sezikhungo ezingu-505 uhulumeni ahlele ukuthi zenze lo msebenzi eNingizimu Afrika.Yize ukuhushulwa kwezisu kusemthethweni kuleli, kukholakala ukuthi izigameko eziphakathi kuka-52% kuya ku-58% zenziwa ezikhungweni ezingekho emthethweni.Ingqungquthela ebingesonto eledlule e-Eastern Cape, obekukhona kuyona abantu abalinganiselwa ku-285 basemazweni angu-26 emhlabeni wonke, ilandela eyayiseCanada ngo-2014.Imibiko yakamuva yoMnyango wezeMpilo KwaZulu-Natal ikuvezile ukuthi abantu besifazane bagcina benezinkinga ngenxa yokuhushula izisu ezikhungweni ezihushula izisu ngokungemthetho.Lokhu kugcina kuholele ekutheni abantu besifazane babe nezinkinga ezehlukene okubalwa kuzo ukulimala kwesibeletho, ukuphuphuma kwezisu nokunye.Umbiko wakuleli weSaving Mothers wango-2012 uveze ukuthi abantu besifazane abangu-186 abaphuphunyelwe yizisu balinyalelwa nayizibeletho ezikhugweni zikahulumeni.UMnuz Jacques van Zuydam, ongumqondisi jikelele wezokuthuthukiswa kwabantu kuMnyango wezokuThuthukiswa koMphakathi kuzwelonke uthe kubajabulisile ukuba yingxenye yengqungquthela. Uthe ngesikhathi bebheka izinhlelo ezifakwe emuva kwengqungquthela i-International Conference on Population and Development Programme of Action ebiseNingizimu Afrika ngo-2014 bathole ukuthi ziningi izingqinamba ezikhona kuleli okufanele babhekane nazo ukuze baqinisekise ukuthi amalungelo abantu okuhlela aba yinto ekhona ngempela (awagcini ngokubhalwa phansi).“Izinkinga zokungalingani kwabantu ngokobulili, ngokwezezimali nangokwendlela umphakathi oyiyona ziyaqhubeka nokucindezela amalungelo okuhlela abantu besifazne. Ngo-2015 iKhabhinethi yaseNingizimu Afrika yanquma ukuthi amalungelo abesifazane okuhlela abe kulawo amqoka emigomeni yakuleli,” kusho uVan Zuydam.Uthe la malungelo ayehlanganisa namalungelo entsha okuhlela nokusungulwa kwemithetho ezosiza ekutheni amalungelo afezwe ngendlela kuzo zonke izindawo.Ingqungquthela beyihlelwe yizinhlaka ezehlukene okubalwa kuzona uMnyango wezokuThuthukiswa koMphakathi kuzwelonke, uphiko olwaziwa ngeCritical Studies in Sexualities and Reproduction Research Programme olusesikhungweni semfundo ephakeme iRhodes University nabanye.USolwazi Cathi Albertyn ongusolwazi kwezomthetho esikhungweni semfundo ephakeme i-University of the Witwatersrand uthe imithetho ehambisana nokuhlela ihambisana nokuhlinzekwa kwezinhlelo zokuhlela.“Abantu besifazane bayadinga ukuthi banikwe indawo yabo emphakathini nakwezezimali nasekutheni bazikhethele izinhlelo zokuhlela. Abesifazane badinga ukunikwa inkululeko yokuthi bazikhethele ngabakwenza emizimbeni yabo,” kusho uSolwazi Albertyn.Ngo-2015 iKhabhinethi yaphasisa uhlelo olubhekele izinhlelo ezithinta amalungelo okuhlela ezibandakanya intsha, iNational Adolescent Sexual and Reproductive Healthand Rights Framework Strategy (2014-2019).UVan Zuydam uthe uhulumeni uzimisele ngokuqhubeka nokulwa le mpi nokusabalalisa ivangeli lokulwela amalungelo abantu besifazane okubalwa kuwo amalungelo okuhlela nakwamanye amazwe.Uthe bazimisele ukwenza konke okusemandleni ukuqinisekisa ukuthi amalungelo abesifazane okuhlela ayahloniswa.",0
706,vukuzenzele,"kwemingcele – okubonise ukuthi kuyasebenza ngempela ukubambezela uku-bhebhetheka kwesifo. Lokhu kuyenzeka ngenxa yokuthi abantu abaningi baseNingizimu Afrika bayilandele imiyalelo yokuvalwa kwezwe, ukuqhelelana nabanye abantu kanye nokugqoka izifonyo",0
dev_isizulu_00559,AfriHate,"lmao""@username : umuthi kanyoko ""@username : in tomorrow's #dailysun ##url",0
901,vukuzenzele,"Lokhu kuzosisiza futhiukuthi sihlale siqhelelane emagunjini okufundela ukuze siqede ukubhebhetheka kweSifo segciwane le-Corona,” kusho uDlengane.",0
train_isizulu_02742,AfriHate,"mampara weekend ""@username : asphuzeni""",0
train_isizulu_01620,AfriHate,“@username : izigora zibukisa ngemizimba yazo nama abs zaphela intombi zethu.” lol wenja !!!,0
505, akukho okuphambene nomthetho engakwenza ,"UNGQONGQOSHE wamaBhizinisi kaHulumeni, uMnuz Pravin Gordhan, uthe akukho okuphambene nomthetho akwenza ngesikhathi evumela owayeyiPhini likaKhomishana wakwaSARS, uMnuz Ivan Pillay, ukuba athathe umhlalaphansi kungafiki isikhathi sakhe.Izolo uGordhan uhambe nommeli wakhe u-Adv Tebogo Malatji emhlanganweni noMvikeli woMphakathi, u-Adv Busisiswe Mkhwebane, okade efuna uGordhan achaze ukuthi kungani avumela uPillay ukuba asheshe athathe umhlalaphansi amsayinele nempesheni.UGordhan utshele i-eNCA ukuthi u-Adv Mkhwebane udlala ngaye.“Sikhombise ngokusobala ukuthi akukho esasikufihlile ngesikhathi ngiwuNgqongqoshe weziMali. Ngangilandela umthetho futhi nokuqashwa kabusha kukaPillay kwakusemthethweni. Ngicabanga ukuthi ngingenza izinto ezingcono ngesikhathi sami kunokuthi ngizochaza le nto,” kusho uGordhan.Uthe u-Adv Mkhwebane uyadlala ngoba konke ayekwenza kucacile.“Akukho engangikufihla, konke kusemthethweni futhi sinabameli esasikhuluma nabo ngaphambi kokuthatha izinqumo. UMvikeli woMphakathi unenzondo.”UMnuz Oupa Segalwe, okhulumela ihhovisi loMvikeli woMphakathi, ukuqinisekisile ukuthi umhlangano ube khona esho nokuthi u-Adv Mkhwebane ubefuna ukuthola ukuthi uGordhan wazithatha kanjani izinqumo ezithile.“UNgqongqoshe (Gordhan) uye waziphendulela futhi wanikeza uMvikeli woMphakathi amaphepha azomsiza. Okwenze ukuthi abizelwe emahhovisi oMvikeli woMphakathi wukuthi ubengaphenduli uma ebhalelwa,” kusho uSegalwe.NgoMsombuluko uGordhan kulindeleke ukuthi ayokwenza izethulo zakhe kwikhomishini kaZondo ephenya ngokulawulwa kombuso yidlanzana.",0
test_isizulu_00121,AfriHate,anyways umuntu akaqhubeke nokuba i slima... 🥳🚀,0
281,vukuzenzele,“Sibheka ukuthi inqubo mgomo yethu yaphambi lini isebenze ngempumelelo kangakanani. Sizolungisa lolu daba loguquko kwe zomhlaba ngokushesha.”Silungisa ama phutha aphambiliniUMongameli uthe uhulume ni usebenza ngokuzikhandla selokhu kwaqala intando yeningi,0
2736,vukuzenzele,"zokuxhumana bese luvimbela labo abaqhubeka nokuthumela izinkulumo ezinenzo ndo. Luzothumelela loyo oyisebenzisayo imiyalezo emithathu yezixwayiso, uma beqhubeka, luzobavimbela ukuthi basebenzise inkundla leyo yokuxhumana,” kusho uNetshiya. Weluleke abazali",0
2234,vukuzenzele,Ulwazi ngezinqubo zesicelo kanye nezinsuku zokuvala.,0
1029,vukuzenzele,Isichotho se-corona sinamandla amakhulu futhi senza umonakalo ongaphezu kweminye esake sayibona ngaphambilini. Lokhu kuyaziqeda izinsizakalo zethu kanjalo namandla ethu oku-phikelela aya ngokuya esiphelela.Ukudlondlobala kwamanani abantu abatheleleke,0
train_isizulu_01729,AfriHate,uyinja kasathane boss ##url,0
train_isizulu_01523,AfriHate,@username lol ingathi yonk' into enebhunu/mlungu phakathi isenkingeni,0
378,vukuzenzele,Abangazi nhlobo ukuthi bazofundani lapho beqeda umatikuletsheni.,0
2339,vukuzenzele,"Izinsiza Zokwelapha e-Afrika entsha sha nengakaze ibonwe ukuvumela ukuthi wonke amazwe ase-Afrika asheshe athole izinsizakusebenza zo-kuzivikela nezinye izinsiza zokwelapha ngendlela elinganayo, futhi engabizi.Futhi manje umgomo we-COVID-19 usukhona,",0
test_isizulu_00453,AfriHate,@username ukuthi uma wafundiswa ukuthi ufa nalo iqiniso kodwa kubekhona abazenza ngathi bamsulwa in front of the world uyaphoqeleka ukuthi ukhiphe izinfihlo zabo ngoba from 1994 kuthatha u anc izintambo zombuso kwakufanele babophe amabhunu ngesihluku asenza kubantu abamnyama kodwa i anc ##url,0
2158,vukuzenzele,"Ngesikhathi umdlwenguli owayehlome ngesikhali etshela lo mfanyana ukuthi akalale phansi futhi angabuki, usakuzwa na manje ukukhala kukadadewabo.",0
1414,vukuzenzele,"Khokha zonke izikweletu zakho Qongelela imali esalayo noma amabhonasi nale ekukhushulwe ngayo umholo ukuze uyisebenzise ekunciphiseni izikweletu, lokhu kukhokha izikweletu zakho ngokushesha kungasiza ukuthi wonge ekukhokheni inzalo.",0
2451,vukuzenzele,"ekunakekelweni ngokwezempilo, ekuguquleni nakubunikazi bomhlaba futhi, okubaluleke kakhulu, ubu-lungiswa ngokobulili.Njengabo bonke abantu baseNingizimu Afrika, ngi-phazamiseke kakhulu ukwe-nyuka kwezinga lokubulawa kwabesifazane abasebancane bebulawa",0
train_isizulu_00661,AfriHate,@username umfaz'omnyama nezingane zakhe qoma ntombi ngafa inhlaba kanyoko #africamonth,0
2561,vukuzenzele,Sidinga futhi ukwelula ukuvivinywa kokuqashwa esakwethula ngoMbasa kowezi-2020 ezikhundleni ezingaphezu kwezabaphathi abakhulu. Imibuso ephumele layo nethuthukayo inezinya thelo ezifanayo ezisiza ngo kuqeqesheka okusezingeni emsebenzini kahulumeni.,0
508,vukuzenzele,"khululekeni ziye ekwelula meni, futhi kumele sonke sibe yingxenye yalo mzamo.Njengohulumeni, izinqumo ezinamandla ekusetshenzi sweni kwemali kahulumeni kumele zenziwe futhi ziqali swe ukusebenza kulo nyaka.Izinkampani kumele zibe nezindlela ezintsha",0
dev_isizulu_00112,AfriHate,@username angasdini efika lo mlungu! please!,0
train_isizulu_00469,AfriHate,@username bhebha unye mangcobo😭😩 ##url,0
1648,vukuzenzele,"abaphuli-mthetho kwezocansi abalahlwe ngamacala ezocansi kubantwana noma kubantu abaphila nokukhubazeka ngokwengqondo. Isikhathi sokugcinwa kohla lwesaphuli-mthetho sikhushuliwe, futhi labo abafakwe kurejista kuzomele bakudalule lokho uma befaka izicelo",0
383, wethweswe iziqu ucaster semenya ,"ZIYIHAMBELA kahle izinto ingqwele yomhlaba kwi-800m yabesifazane, uCaster Semenya, othole iziqu zakhe kuleli sonto emkhakheni weSports Science eNorth West University.USemenya uveze lezi zindaba ekhasini lakhe le-instagram ngoLwesibili, efaka isithombe sakhe egqoke ijazi lezifundiswa enze uphawu lokucijisa izandla phezu kwamahlombe ajwayele ukulwenza ngemuva kokunqoba imijaho.Lena kubukeka kuyinyanga ezomphatha kahle uSemenya. Ngempelasonto edlule wephule irekhodi leminyaka engu-35 kwi-1000m.Le mpelasonto kungenzeka iphele esasigcinile isicoco sakhe sakuleli kwi-800m nakwi-1500m njengoba kuqhubeka imidlalo ye-ASA National Championship eTuks Stadium, ePitoli.USemenya ufudukele eNorth West ngo-2015 ngemuva kokuhlukana nowayengumqeqeshi wakhe uMaria Mutola. Ngokusho kwale ntokazi yaseLimpopo, lesi kwakuyisiqalo “esisha empilweni” ngemuva kwesigameko sika-2009 lapho yayisolwa ngokuthi ayikufanele ukugijima nabesifazane ngenxa yendlela edaleke ngayo.“Le ndawo ithule. Akukho okuningi ongakwenza kuyona ngaphandle kokujima, ukudla, ukulala nesikole. Ngifunda iSports Science ngoba ngathatha ikhefu ngemuva kuka-2009 ukuze ngilungise impilo yami,” kusho uSemenya kweminye imithombo yabezindaba.Kusukela lapho lo mgijimi akabange esabheka emuva enqoba igolide kuma-Olympic ngo-2016 kwi-800m. Unyaka wonke odlule akekho omehlulile kuleli banga edla ubhedu kwi-IAAF Diamond League nakwi-IAAF World Championship, nethusi kwi-1500m.Kulo nyaka kubhekwe ukuthi aqhubeke nokuphakamisa ifulegi lakuleli kumaCommonwealth Games aseGold Coast, e-Australia ngo-Ephreli. Nyakenye * -Akani Simbine oyibamba kwi-100m ugcine ezitholile iziqu zakhe ze-Information Science e-University of Pretoria ngemuva kweminyaka emihlanu ezenza.",0
1102,vukuzenzele,"nezinyathelo eziqinisekisa ubuqotho bemingcele yethu, zivikele amalungelo abantu baseNingizimu Afrika futhi zihlinzeke ngokuthi bonke abahlala ngaphakathi kwemingcele yethu banelungelo elisemthethweni lokuba lapha. Ukulawula ukungena kwabantu bokufika",0
727, imibono uma sewazi ngeke ubulale umuntu okubize ngongeyikho ,"NGITHI angisike elijikayo ngodaba olushicilelwe kulo leli iphephandaba ngeledlule lapho kube nesehlo esibuhlungu sokuphuma komphefumulo ngenxa yokuthi kukhona obethukuthele ngokubizwa ngeShangane ngumufi, wabe esembhokoda ngomkhonto washona.Ngaphambi kokungena engqikithini yodaba kuzomele nginike umlando (omfishane) wakuleli lizwe nomonakalo owenziwa nguMbuso wamaBhunu ekudaleni ukucwasana phakathi kwabampisholo bebodwa.Inqubo yokucwasana yakwazi ukuthola impande igxile kwabampisholo isizwa izinhlaka zokubusa ezazaziwa ngokuthi oHulumeni beZabelo nalabo okwakuthiwa ngoZimele Geqe. Lapha ngingabala oHulumeni waKwaZulu, Qwaqwa, Lebowa, KwaNdebele, Gazankulu, KwaNgwane ababengoZibuse bese kuba owaseTranskei, Ciskei, Venda naseBophuthatswana ababengoZimele Geqe.Mina nodadewethu ababili uNomonde, noNonceba nomfowethu osadlula emhlabeni uJabulani sizalwa ngumama onguMxhosa intombi yeHlubi yakwaXaba nobaba wethu uBaloyi esikhule sazi ukuthi ungumShangane.Abazali bethu bahlangana eMgungundlovu behlanganiswa umsebenzi bashada, kwazalwa thina. Sikhule elokishini eSobantu sihlala nabantu abangaMaZulu, safunda isiZulu saze saphothula isikole.Yize umama nobaba bebehlale bezikhuluma izilimi zabo isiXhosa nesiShangane/Tsonga uma kuvakashe izihlobo zethu kodwa alikho nelinye ilanga lapho sazibona khona ukuthi singamaShangane kuqala andube sibe ngaMaZulu.Abazali bethu basikhulise ngendlela yokuthi sizibone siyizakhamuzi zaseNingizimu Afrika kuqala andube sizibone imvelaphi yethu engicabanga ukuthi yikho okwenza singazizwa sicwasekile ekukhuleni kwethu.Ngiyakhumbula ukuthi njalo ngeSonto odadewethu babethi uma bebuye esontweni bagqoke imvunulo yesiShangane, ebizwa ngokuthi umtsheko noma iShibhelani, banconywe uma behamba ngaphakathi elokishini abantu bencoma ubaba ngokuziqhenya kwakhe ngemvelaphi yakhe.Ekukhuleni kwami ngifunda ngizazi ukuthi ubuzwe bami ngiliShangane. Ngitholile ukuthi lapha kwelikaMthaniya uma umuntu ekhuluma ulimi olungelona olwesiNguni kuvele kuthiwe uliShangane.Kuhambe kwahamba leli gama lokubiza umuntu ngeShangane lathatha isimo sokuba yindelelo nokuthuka engicabanga ukuthi yiyo imbangela edala intukuthelo kwabanye uma bebizwa ngalo ngenxa yokungazi. Kwabanye bethu, ukubizwa ngento oyiyona akusiyo into esiyithatha ngokuthi yindelelo futhi asiqwashi ngisho ukuqwasha ngoba sivele sibone ukuthi labo abasho njalo yingoba bengazi lutho.Abanye uthi ungabatshela ukuthi unguMshangane usuyobona bekubuza izinto eziyimikhuba abezwa kuthi zezinzwa ngamaShangane, ezinye ezingelona iqiniso.Kukaningi uma ngitshela abesifazane ukuthi empeleni ngiyiShangane, uyobona sebehlisa amehlo ngaphansi kwenkaba yakho uma nimile, behleka becabanga ukuthi kukhona okuhlukile abazokubona ngoba kunemfundiso esabalele ukuthi amadoda angamaShangane anobuntu obukhulu ngokuhlukile kunawezinye izizwe kanti akunjalo.Ngize ngincokole ngithi sengize ngiyingwevu ekhanda angikaze ngisibone isihlahla somvongothi futhi angikhumbuli ubaba etshala enisela ngamanzi muthi thizeni ekhaya ekukhuleni kwethu ukuze kukhulise izitho zethu nomfowethu ongasekho.Kamumva kuhambe kwaba khona ukuzinyeza kulabo phambilini ababengenankinga yokubizwa ngamaShangane, baqala bathi abawona amaShangane kepha bangamaTsonga.Lokhu kwangicacela ngisebenza ePitioli. Babethi amaShangane yilaba abadabuka eMozambique nengcosana ehlala eMpumalanga, ikakhululazi eBushbuckridge lapho uthola izibongo ezifana noSithole, Nxumalo, Ndlovu noMhlongo kepha uma uthi uyabathakazela ngoJobe, Gatsheni, Njomane, Mkhatshwa bavele bathi akuzona izithakazelo zabo.Ngicabanga ukuthi into ebalulekile ukuthi abantu bafundiseke futhi bakujwayele ukuvakasha baphume emingceleni yesifundazwe noma izigodi zalapho behlala khona ukuze bakwazi ukuqonda ukuthi lezi zinto abazizwayo ngabantu bezizwe ezithize azilona iqiniso futhi uma sewazi ngeke unengeke ugcine usukhipha umphefumulo ngoba nakhu uthi ubizwe ngento ongayithathi ukuthi umuntu, isilwanyana ngoba lokho kobe kukhombise izinga elikhulu lokungazi.Lapha KwaZulu kunezibongo eziningi zabantu imvelaphi yabo eyobuShangane ezinye zazo okungoMaluleka nomaMaluleke, Masinga, Makwakwa oMathebula njalo njalo.UMbulelo Baloyi usebenzela uhulumeni waKwaZulu-Natal kepha lokhu okubhalwe ngenhla akuhlangene nomnyango noma nesikhundla sakhe kuhulumeni",0
2545,vukuzenzele,"Kumele bazinikele ukupha kamisa amagugu oMthethosi sekelo, futhi kumele, njengo ba ngangishilo enkulumweni yami yokugcotshwa, “base benzele umphakathi ngoku thembeka kuphela”.",0
test_isizulu_00251,AfriHate,soapies these days kugcwele abo ferbs(febelina),0
2212,vukuzenzele,"Befake isicelo kusenesikhathi ezikhungweni zemfundo abazikhethile kodwa izicelo zabo zachithwa, manje osekuphele isikhathi sokubhalisa kwesinye isikhungo.",0
577, umphakathi utitinye obebonisa izingane ama video ocansi ,"UTHELEKELWE wumphakathi ngamabhodlela nangezibhakela owesilisa waseMachobeni ngaseLindelani, ngemuva kokuvela kokuthi uvezele izingane ezisencane izithombe zocansi.Lo wesilisa esingeke silidalule igama lakhe njengoba engakasho ukuthi uyalivuma noma uyaliphika icala, kuthiwa ubebiza izingane zamantombazane ezingomakhelwane athi uyazithuma, agcine ngokuzivalela endlini ezibukisa izithombe zocansi, esebenzisa i-lap top yakhe.Indaba idalulwe yintombazane eneminyaka ewu-13, evele yasho ngengila kwaphuma omakhelwane.Ngokuthola kwaleli phephandaba, umphakathi uphimile kwahlatshwa umkhosi, watitinywa owesilisa ngaphambi kokubizelwa amaphoyisa.Unina wentombazane esho ngengila, uthe indodakazi yakhe imtshele ukuthi into eyimemezisile wukubona into engakaze iyibone.“Udinga ukwelulekwa ngokomqondo ngoba bekumele ayobhala namhlanje esikoleni, sahamba sayokhuluma nothisha ukuthi sibona engakulungele selokhu kwenzeke le nto kuyena,” kusho unina wale wentombazanyana eyenza uGrade 7 kwesinye sezikole eLindelani.Unina ucele ukuba indodakazi yakhe izikhulumele ngokwenzekile.“Bengikha amapentshisi kwesinye sezihlahla...uphumile endlini wangitshela ukuthi nguyena ogade abantshontsha amapetshisi.Ngixolisile mina, wabe esethi angingene endlini yakhe. Ngingene wabe esevala umnyango, wathi angizobuka kwi-lap top yakhe. Kuvele abantu abebenza ucansi,” kusho intombazanyana.Iqhube ithe umsolwa uyibuze iminyaka yayo yobudala, okuthe uma imtshela, wayesethi kuhle-ke ngoba isikhulile.Ngemuva kwalesi sehlakalo, kuvele nezinye izingane ezimbili nazo ezitshele abaphenyi becala ukuthi zike zabukiswa izithombe zocansi nguyena umsolwa.Owesilisa osolwayo kuthiwa uhlala nengane yentombazane eneminyaka emibili. Ngokwelinye ilungu lomphakathi, kuthe uma bembuza ukuthi uphi unina wengane, wabatshela ukuthi uyobeletha esibhedlela.Unina wengane okukhulunywe naye, uthe ubonga uNkulunkulu ngokuthi indodakazi yakhe ayidlwengulwanga.“Siyile kodokotela bafike baqinisekisa ukuthi akakaze adlwengulwe,” kusho unina wentombazanyana.Kunezinsolo zokuthi ziningi nezinye izingane okungenzeka ukuthi zike zabukiswa izithombe zocansi.“Siyasola nokuthi nale ngane yakhe ahlala nayo hleze nayo uyihlukumeza ngokocansi,” kusho umzali ophumele obala.Ugogo wengane ebihlala nowesilisa kuthiwa ufikile khona izolo wazoyilanda.Amanye amalungu omphakathi athe afuna kungenele nenkosi yendawo ukuze umlisa adingiswe nasendaweni.Okhulumela amaphoyisa KwaZulu-Natal, uColonel Thembeka Mbele, uthe amaphoyisa aseNanda abophe owesilisa (33) ngecala lokukhombisa izingane izithombe zocansi.Uthe owesilisa osolwayo uvele eNkantolo yeMantshi eNtuzuma izolo, bekungakacaci ukuthi uyitholile yini ibheyili.“Kuthiwa ngoNovemba 6 umsolwa udobele endlini yakhe owesifazane oneminyaka engu-13 lapho afike khona wamdlalela ama- video ocansi, wamphoqa ukuthi akawabuke,” kusho uCol Thembeka Mbele.",0
2059,vukuzenzele,"NgokukaNdunankulu waseMpumalanga Kapa uPhumulo Masualle, izigidi zamarandi ezi ngama-21 sezibekelwe ukubuyi selwa kwalo mhlaba futhi lokhu kuzokwenziwa ngezigaba.",0
2242,vukuzenzele,Abafundi baseNingizimu Afrika abangathanda ukufunda ezikhungweni zemfundo ephakeme nokuqeqesha bayamenywa ukuthi bavakashele amaHhovisi Osizo Lwezezimali esikhungweni abazikhethele sona.,0
test_isizulu_00256,AfriHate,yakhumbula sisakhula kwak’thiwa inkawu ayigeji ngoba iwu-left nxi 😂,0
train_isizulu_01885,AfriHate,"""@username : *nods*"" isende linamnandla sisi "" _ @username (2012) :')""",0
2794,vukuzenzele,Ukuvulwa kobuxhakaxhaka obusha buzokwenza ngcono ukuxhumana futhi kwehlise izindleko zedatha.,0
479,vukuzenzele,"zemfundo ephakeme kodwa babhekene nezinkinga zokuthola izikhala zokufunda,” kusho uNgqongqoshe Wezemfundo Ephakeme kanye Nokuqeqeshwa u-Dkt Blade Nzimande.",0
2439,vukuzenzele,"ngezigqila kanye nobuqonela.Embhikishweni waseNyuvesi yase-Oxford muva nje umbhi-kishi wayephethe uqwembe olunamagama athi 'Rhodes must Fall, ukukhala okuhla-ngene kwabafundi ezweni lethu eminyakeni emihlanu eyedlule.Abantu abasha emhlabeni jikelele",0
dev_isizulu_00237,AfriHate,@username uyalisaba ibhunu ukulixosha,0
train_isizulu_00198,AfriHate,when did they stop being abelungu? ubizwani umlungu ngesizulu manje? ##url,0
test_isizulu_00343,AfriHate,awu boni yini slima futhi you don't know what type of gender is... ##url,0
40,vukuzenzele,"“Lolu hlelo lubaluleke kakhulu ekuqhubeleni phambili amalungelo omthethosisekelo abafundi okuthola ukondliwa kanye nemfundo eyisisekelo, kuchaza iPhini likaNgqongqoshe Wemfundo Eyisisekelo u-Dkt Reginah Mhaule.",0
636,vukuzenzele,"Kudingeka ukuthi aqonde ukuthi iyini i-GBV, ikakhulu kazi udlame lwezocansi.",0
1385,vukuzenzele,noma elingahambisani nokuhlanza kanye nokukhula kwekhanda.,0
3520,vukuzenzele,“Ngesikhathi ngikhula no dadewethu nabafowethu bekungelula neze. Ontanga bami bebengenza inhlekisa ngesikhathi ngiqala ukuse benza epulazini bethi ipulazi elabantu abangafundile.,0
3167,vukuzenzele,"Isabelomali siyingxenye ebalulekile empokophelweni yethu yokukhula okubanda kanya wonke umuntu, utsha lomali kanye nombuso one khono.",0
1145,vukuzenzele,"Akukhathaleki uku thi isikole usiyeke ngeminyaka yama-60 noma kamuva nje, kumele ufunde ngohlelo lwezifundo lwamanje.",0
2717,vukuzenzele,"Okukhulu kakhulu esingakwenza ngaphansi kwa-lezi zimo ezinzima, sihlose ukubonisana nokuxoxisana. Sifuna bonke abantu baseNingizimu Afrika babe yingxenye yalo mzamo kazwelonke. Imibono yezakhamuzi zakithi kumele iqhubeke ilalelwe nge-sikhathi esinzima",0
test_isizulu_00133,AfriHate,@username lmao 😂 uyabhampa wenja yezwa 😂😂😂😂 eiy futhi mkhabela,0
1501,vukuzenzele,ngobumina; indlela mina engichaza ngayo ukuthi kuyini ukudla kwesiZulu. Ngiyathemba ukuthi abantu bazokwamukela njengoba kunjalo. Siyathemba ukwenyusa izinga lokudla okwejwayelekile sikubeke emgangathweni.,0
1571,vukuzenzele,"Izakhamuzi zaseNingizimu Afrika ezineminyaka yobudala eyi-16 kanye nangaphezu-lu ezinomazisi noma ikhadi elisemthethweni zingabhalisela ukuvota. Uma ungabhalisanga, angeke uze uvunyelwe ukuthi uvote ngowezi-2019.",0
train_isizulu_00357,AfriHate,"2vandag ngiyo omelikhekhe lase makishini ngithe mangifika broer wam, ngathi sdudla ka1, ladlali is kwaphuma bantwana bafun' ukukhuluma nam",0
616, isenzima eyokulwa nokuhlukunyezwa ,"UKUHLUKUMEZEKA kwabesifazane nezingane kulokhu kuqhubeka kuleli njengoba owesifazane nengane yakhe eneminyaka engu-13 behlalele ovalweni ngenxa yokuchanasa kukayise oyizalayo osolwa ngecala lokuyidlwengula.Le ntombazane yaseMtubatuba, kusukela ngoMashi nonyaka uyise oyizalayo usolwa ngokuyidlwengula ephindelela. Kuthiwa ubeyithuma ukudla namanzi okugeza ukuba imlethele bese ethola ithuba lokuyihlukumeza. Le ntombazanyana yayisatshiswa uyise ukuthi uzoyibulala uma ike yabhoboka ngale ndaba.Ithumba lize laqhunjuzwa ngoJuni nonyaka, isixoxela unina ngokwenzekayo. Unina wale ngane ubehlala kwenye indawo, yona ikhuliswa uyise. Isolezwe likhulume nonina okhale ngobunzima abhekene nabo selokhu kwavulwa leli cala.“Okokuqala asazi noma siphephile yini njengoba uyise wengane engaboshiwe? Satshelwa ukuthi icala labikwa sekunesikhathi lenzeka, yingakho engaboshiwe,” kusho unina wengane ongeke avezwe ukuyivikela.Elandisa Isolezwe, uthe emuva kokwenzeka kwesigameko, indodakazi yakhe yathathwa abezenhlalakahle.“Kwangiphatha kabi lokho ngoba ingane ngangifisa ihlale nami. Owayephethe icala wathi ngeke ngikwazi ukuhlala nengane yami emqashweni, kumele ngithole ikhaya. Angisebenzi kahle, ngibamba amatoho. Ngaphoqeleka ukuba ngithole umuzi. Ingane ihlale esikhungweni sabezenhlalakahle izinyanga ezintathu. Nalapho kube khona izinto eziningi ebe isizifunda. Bekunzima ukuhlala ngaphandle kwengane yami ngibe ngazi ukuthi ihlukumezekile, idinga unina,” kusho lo wesifazane. Uthe impilo ayisafazani kwindodakazi yakhe selokhu kwenzeka lesi sigameko njengoba ihlala ngokusaba.“Usizwa ukuthi uhlala nami ngakho ngiyakwazi ukuxoxa naye. Akathandi kulokhu kukhulunywa ngalolu daba ngoba lokhu kuyamhlukumeza,” kusho unina wengane. Uthe esikoleni indodakazi yakhe isenza kangcono uma kuqhathaniswa ngesikhathi isahlukunyezwa uyise. Uqhube wathi abangakujabulela ukukubona kwenziwa ubulungiswa icala liye enkantolo, liqulwe bese kugwetshwa umsolwa.“Sihlukumezekile kakhulu nendodakazi yami ngenxa yalesi sigameko, siyaqhubeka ukuhlukumezeka njengoba isimo sinjena. Bengike ngashaya ucingo esiteshini samaphoyisa ngizama ukuthola ukuthi kwenzekani ngecala,” kusho lo wesifazane. Kwenzeka lokhu nje kunomkhankaso wokulwa nokuhlukunyezwa kwabesifazane nezingane kuleli. Lo mkhankaso ushumayela ivangeli elithi abesifazane nezingane abangahlukunyezwa. Unina wale ngane akawuboni ubalekelela.Okhulumela amaphoyisa KwaZulu-Natal, uColonel Thembela Mbele uthe: “Kunezinsolo ukuthi intombazane eneminyaka engu-13 yadlwengulwa kaningi kusukela ngoMashi 3 nonyaka, umsolwa emaziyo. Icala lavulwa KwaMsane esiteshini samaphoyisa. Labe selidluliselwa ophikweni oluphenya amacala omndeni, awocansi nathinta izingane KwaMsane. Idokodo lisathunyelwe kumshushisi omkhulu ukuze enze isinqumo ngecala.”Inkantolo iyona ezonquma ngokuthi aboshwe bese eshushiswa umsolwa.Emacaleni afuze lawa, asuke engenabo ubufakazi bolibofuzo ngenxa yokuthi asuke ekade enzeka noma enesikhathi eside enzeka kodwa engabikwa. Kuqoqwa ubufakazi abaphenyi, buthunyelwe kubashushisi bese benza isinqumo ngecala.UMengameli Cyril Ramaphosa muva nje uvakashele umndeni wesitshudeni esabulawa ngesihluku sigwazwa ngaphezu kuka-50 wamanxeba, eLimpopo uPrecious Ramabulana. Kuboshwe * -Aubrey Manaka ngaleli cala.Unina wale ntombazanyana eyadlwengulwa uthe ufisa umthetho udlale indima yawo kuleli cala ukuze ezozizwa ephephile nendodakazi yakhe, ngokuthi kuboshwe uyise ajeze ngesenzo sakhe.Funda umbono wephephandaba ekhasini 12",0
3071,vukuzenzele,"Abazovota kufanele baphathe umazisi wabo onamagabelo, omazisi abangamakhadi noma omazisi besikhashana uma beya kobhalisa esifundeni zoku vota lapho behlala khona.",0
169,vukuzenzele,"Kusukela kuguquko lwe zakhiwo lwangowe-1994 ngesikhathi sithatha isinqu mo sokuphuma hhayi nje kuphela kubandlululo ko dwa nakubudlelwano obu zayo bamazwe ngamazwe babaklami, umthethonqubo wezangaphandle weNingi zimu Afrika uyaqhubeka ngokwakheka ngalokhu",0
train_isizulu_01377,AfriHate,baze bathula bo abantu abaholile  nenzani? its mampara weekend for some of us,0
test_isizulu_00478,AfriHate,@username abafana baka mgqumeni imfene kamakhelwane usungayithenga online nansi link ##url don't hesitate.   sebegalelekile abafana bebhova,0
2593,vukuzenzele,Kudingeke ukuthi silinga nise phakathi kokusindiswa kwezimpilo kanye nokulondwa kwendlela yabantu yokuziphilisa.,0
57,vukuzenzele,"“Isibonelo, sinesivande sokudla esisinika izitshalo ukwengeza ekudleni kweNSNP, kuchaza u-Sejake.",0
2764,vukuzenzele,"ngowezi-2015, aba ngawokuqala eNingizimu Afrika ukuba nomshini wokukhuphula abagibeli abanezihlalo zabakhubazekile.",0
test_isizulu_00632,AfriHate,"@username mphemba, wena wase lenge. kumele ungene kwizithakazelo. wena onemali esinda amabhange nakwi mampara week👏🏾👏🏾",0
dev_isizulu_00479,AfriHate,yahlupha le nyoni 😂😂😂 ##url,0
test_isizulu_00603,AfriHate,"@username like, isibindi to approach imfene nje phakathi kwemizi sivelaphi? surely, someone owns it.",0
1300,vukuzenzele,"Silukhulumile udaba lokuhlukunyezwa kwabesifazane kanye nezingane naphezu kokuba, besafake isicelo somyalelo wokuvikelwa.",0
dev_isizulu_00378,AfriHate,#isworetonever skip a class but imfene ayilulahli ukhobo lwayo😂 ##url,0
3568,vukuzenzele,Isiphandla sezwe siyingxe nye esemqoka yophawu le zwe olukhulu. Incwadi eno mnyatheliso wophawu olukhulu inegunya eliphelele ngoba igu nyazwe uMongameli waseNi ngizimu Afrika.,0
1107,vukuzenzele,Ukuthotshelwa komthetho wokufuduka kuseqhulwini kuhulumeni. Sisebenza ukuqinisekisa ukuthi ababhebhezeli bokukhwabanisa kwezokufuduka bekanye nezikhulu ezikhohlakele babhekana nomthetho.,0
train_isizulu_00978,AfriHate,"hawu ""@username : 😂😂😂😂“@username : baaaadle zuma abantu bakho laba!! bhebha nxamalala!!”""",0
train_isizulu_00390,AfriHate,@username lol 😂 hey ngoba uzobhebheka ngedlela ongayiqondi bro 😂😂😂😂,0
1806,vukuzenzele,"Njengoba sisebenza ukuqeda nya inkohlakalo, kumele sigxile ngokulinga -nayo ekuziphatheni kahle, ngoba into esemthethweni ingaba ngukungaziphathi kahle futhi ingamukeleki ukuthi yenziwe ngumsebenzi kahulumeni.",0
train_isizulu_02119,AfriHate,"@username silimele, sibuhlungu....siwasabani amabhunu.",0
train_isizulu_02141,AfriHate,this guy balekela into uthi yimbi uyahlanya inkomo yayo ayimbi nhlobo,0
2231,vukuzenzele,I-CACH isiza abafakisicelo abangenasiqiniseko sokuthi bafuna ukufundani noma labo abangahlangabezani nalokho okudingekayo ukuze bangene Ohlelweni i-PSET?,0
train_isizulu_03007,AfriHate,hlukanani nokuhlukumeza amabhunu. bayekeni bakhe isikole sabo anixhumi anixhasi. imali yabo futhi ilungelo labo.,0
train_isizulu_00400,AfriHate,"lmfao wislima tjoe! ""@username : @username ubukeka njengomuntu othanda imomozi kuleso sthombe!""",0
dev_isizulu_00070,AfriHate,"“kanti uwena lo guy ahlezi ekhuluma ngaye uchommie, ave ekuthanda umngani wethu, nice to finally meet you”  weeeh mxm🚮😤nyoni!!",0
3382,vukuzenzele,"kakhulu kulezi zikhathi zanamuhla. Abantu abasha basalokhu behamba phambili kubushoshovu, kungaba ngenxa yokulwela imfundo yamahhala noma ukulwa nezinkinga zenhlalo ezifana nodlame olubheki-swe kubulili obuthile.Namuhla umzabalazo omkhulu abantu abasha",0
dev_isizulu_00538,AfriHate,bhebha uthule zamo.. ##url,0
3596,vukuzenzele,"ngiqinisekile ukuthi kungenye yezindlela ezinhle futhi eziphumelelayo ezizokwenza abantu abasha bazazi kahle ukuthi empeleni bona bangobani, futhi babe nezifiso nezi nhloso empilweni, bazizwe beyi ngxenye yabantu bakuleli, futhi babe nethemba mayelana",0
332,vukuzenzele,Somphakathi Sabangasebenzi sizokwakha amanye amathuba omsebenzi ayizi-50 000. UMnyango Wezemfundo Ephakeme kanye Nokuqeqeshwa uzofaka abafundi abayizi-10 000 abathole iziqu zasemakolishi angama-TVET abafundele imisebenzi yezandla ezindaweni zokuqeqeshelwa,0
2885,vukuzenzele,"Sebesungule uHlelo lweInvestRural , olwethulwa e Nyakatho Ntshonalanga nge nyanga edlule. Kuyakhutha za kakhulu ukuthi abaholi bendabuko bahlanganyele ngalolu hlelo futhi bafuna ukusebenzisana neziphathi mandla zasendaweni ukuqi nisekisa ukuthi luyimpu",0
1732,vukuzenzele,"Ngonyaka olandelayo, wa bhalisela izifundo zobunjini yela, i-Electrical Engineering N3 ekolishi langakubo kepha washesha ukubona ukuthi bengadalelwanga lezo zifu ndo. Waphinda futhi wathu mela izicelo zokufunda emanyuvesi ethemba ukuthi uzothola uxhaso.",0
643, uzobuyela enkantolo ngelizayo obulale izingane zakhe  ,"UZOLINDA elinye isonto ngaphambi kokuthi akwazi ukufaka isicelo sebheyili owesifazane waseKlarinet, eMpumalanga, osolwa ngokubulala izingane zakhe ezine ngamaholidi kaKhisimuzi.UNksz Zemhle Zinhle Maditla (24) uvele eNkantolo yesiFunda eWitbank ngoMsombuluko lapho ebhekene khona namacala amane okubulala. Kubikwa ukuthi ngosuku ‘abulala’ ngalo izingane zakhe naye wayazama ukuzibulala kodwa wangaphumelela.Ubegcinwe esibhedlela ngaphambi kokuthi avele enkantolo kanti icala lihlehliselwe isonto elizayo njengoba kusaqhubeka uphenyo.Izingane zikaNksz Maditla ezatholwa zigoqwe ngoblankethi endlini, zagcina ukubonakala emphakathini ngoDisemba 26.Umsolwa kuthiwa wafonela umndeni wawushiyela umyalezo othi ubashiyele isipho sikaKhisimuzi egunjini lakhe lokulala ngoDisemba 30.Ekhasini likaNksz Maditla kuFacebook abangani bakhe bebelokhe bebuze njalo ukuthi kungani ‘ebulale’ izingane zakhe.Icala lizobuyela enkantolo ngoJanuwari 14.",0
test_isizulu_00444,AfriHate,"to think that few months back you dj's were complaining about loss of income during the lockdown saying it was unfair treatment from government kodwa namhlanje ngoba isiyangena imali usubona ""amahliphihliphi"" on the people u wanted to entertain slima ndini!!! ##url",0
1858,vukuzenzele,"UMnyango Wezempilo unezikhungo zezempilo zomphakathi ezingama-346 ezihlinzeka ngokukhishwa kwesizu okuphephile, ethasisela.",0
710,vukuzenzele,"ezinyangeni ezimbalwa ezizayo.Noma kunjalo, isivinini eli-bhebhetheka ngaso igciwane nenani labantu abasulelekayo lizolawulwa ukuthi thina senza-ni manje. Yingakho ukuxegiswa kokuvalwa kwezwe kudinga kwenziwe kancane kancane nangokucophelela. Kungalesi",0
1399,vukuzenzele,Ngangihlala ngiphutha esiko -leni ngezizathu zokwelashwa futhi ngangingakwazi noku ba yingxenye yezemidlalo.,0
3219,vukuzenzele,"Izimpambanomgwaqo ezingaphephile zizoklanywa kabusha,” kusho u-Mate kane.",0
1962,vukuzenzele,"imizamo yokuvikela, ekuqinisekiseni ukuphepha kanye nobulungi swa kwabesifazane kanye nezingane ezweni lakithi. Lolu hlelo luphinde luthinte kakhulu ezokuthuthukiswa kwezomnotho, njengento ebaluleke kakhulu ukuthi thina singuhulumeni, sizobe sigxile",0
626, ubulale abemsola ngokujola nentombi ,"UHLALELE ovalweni umndeni wowesilisa waseRedcliffe, eVerulam, okuthiwa udutshulwe wabulawa ngomunye wesilisa wakule ndawo obemsola ngokuthi uyishende le ntombi yakhe ngoMgqibelo.Umndeni kaMnuz Sibusiso Ncanana (34) uthe uzizwa ungaphephile njengoba owesilisa odubule umufi engakaboshwa ekubeni kuthiwa uke wabonakala kule ndawo ebusuku yize ebalekile emini ngoMgqibelo ngesikhathi efunwa ngamaphoyisa.UNkk Happy Ncanana, udadewabo kamufi uthe akazi ukuthi yini eyenze ukuthi le ndoda eyisoka lowesifazane owaziwayo kule ndawo ukuthi ikhombe umfowabo ithi nguye ojola nentombi yalo ngoba ngoLwesihlanu kuthiwa yabona ukuthi ubani le ndoda ejola nentombi yayo eyayifica ihleli nayo.“Ngesikhathi efika lapha ekhaya ufice umfowethu ehleli nomngani, ubuzile ukuthi ukhona uS’bu, umfowethu wavela. Wayisho le nsumansumane yakhe, umfowethu nomngani wakhe bamtshela ukuthi ayikho leyonto wathi akuyiwe entombini yakhe. Abazange banqabe ngoba babazi akulona iqiniso.Ngokuzwa kwami indaba yonakale uma sekufanele bangene kubo kantombi esethi akuyiwe ehlathini engasayingeni eyokuya kubo kwantombi.Yilapho bebuze khonaukuthi wangabe esakwenzi obekuvunyelwene ngakho wasedubula umfowethu. Ingane yakithi ifele into engekho ngoba intombi ithi ayimazi umuntu okuthiwa uS’bu, isoka eyayihleli nalo ngalelo langa liyayisho.”Uthe okubenza babe novalo ukuthi abalibonile leli soka ngesikhathi lihamba libalekela amaphoyisa bathi lithe liyabuya, akwaziwa ukuthi njengoba libuya nje libuyela bani.“Sonke siyesaba futhi sizwile ukuthi like labonakala ebusuku ngawo uMgqibelo.”UMnuz Prem Balram weReaction Unit South Africa (RUSA), uthe onogada beRUSA bahambe namaphoyisa beyofuna intombi obekusolwa ukuthi ineshende ngenhloso yokuthi iyokhomba lapho kuhlala khona isoka layo, bafike itshe selome inhlama, isoka kuthiwa libonakale liphethe isikhwama lihamba.Okhulumela amaphoyisa KwaZulu-Natal, uCaptain Nqobile Gwala, uthe owesilisa oneminyaka engu-34 udutshulwe washona ngumuntu owaziwayo endaweni ngoMgqibelo.Uthe umufi uphuthunyiswe esibhedlela washonela khona ngoba ubelimele ekhanda emuva kokudutshulwa.“Imbangela yokudutshulwa kwakhe ayaziwa, amaphoyisa asezithendeni zakhe umsolwa,""  kusho uCaptain Gwala",0
dev_isizulu_00388,AfriHate,"""i'm gonna shine in the dark like the star ebusuku, sing all njenge nyoni zezulu ngoba ngibonga bonke labantu base kasi uthando longaka""",0
train_isizulu_00085,AfriHate,@username uyahleka nawe mlungu? ##url,0
912,vukuzenzele,Abafundi abaqhamuka emakhaya antulayo kanye nalabo abasebenza imise -benzi eholela kancane labo abafisa ukuyoqhuba izifundo zabo kunoma yimaphi ama kolishi nama-TVET noma eNyuvesi bangaqala bafake izicelo.,0
2857,vukuzenzele,“Sengithole nendawo engi- zoyithengisela izihlahla ze- tiye. Izihlahla zetiye zenza owoyela abadingekayo abe- lapha izinkinga zesikhumba ezifana nokuqubuka.”,0
2655,vukuzenzele,Umnakekeli kufanele abe neminyaka eyi-16 ubudala (uma kulikhaya elisele nabantwana) noma ngaphezulu.,0
test_isizulu_00581,AfriHate,😧😩 ungathini ngo mlungu  ##url,0
191, imibono bakhona nabesifazane abahlukumeza amadoda ,"MHLELI: Njalo ngoJulayi singamadoda aziphatha kahle siyabikelwa ngoba amadoda agxekwa ngapha nangapha. Amadoda angabadlwenguli, amadoda awondli, amadoda ahlukumeza abesifazane, kuze kube nemashi emashela ukuhlukunyezwa kwabesifazane nezingane.Mhleli kuliqiniso ukuthi kukhona amadoda ahlukumeza abesifazane nezingane. Kuliqiniso futhi ukuthi kukhona amadoda amahle akholwayo njengami nje. Kuliqiniso ukuthi bakhona nabesifazane abahlukumeza amadoda; isibonelo abesifazane abondlisa abesilisa izingane okungezona ezabo. Bakhona abesifazane abazala izingane bazilahle emgqonyeni kadoti. Bakhona abesifazane abathelela amadoda ngeHIV ngamabomu. Bakhona abesifazane ababhanqa amadoda bewakhwahle imali.Uma kuziwa emadodeni kuphakanyiswa okubi kanti uma kungabantu besimame kuphakanyiswa okuhle, “Wathint' abafazi wathint' imbokodo”. Ngenyanga yabantu abasha (uJuni) kunezinhlelo eziningi ezithuthukisa abasha. Uma kuyinyanga yabesimame kukhona izinhlelo ezithuthukisa abesimame, kube yinyanga yobaba siyagxekwa. Akumele kube njalo ummese awusike nhlangothi zombili kanti amadoda adlani kabani? Uma ufuna ukuthola amathenda kumele kube abasifazane nezingane nabaphila nokukhubazeka. Kanti senzeni singamadoda?Bhekisisa Khumalo.KwaMashu",0
3348,vukuzenzele,kwiziguli ezinesifo sofuba (i-TB) kodwa Inhlangano Yezempilo Emhlabeni yexwayise ngokuthi iziguli ezine-TB zingaba nemiphumela emibi uma zingatheleleka nge-COVID-19.”Uthe ukuvalwa ngokusemthethweni kokuthengiswa kukagwayi kulesi si-gaba sokuvalwa,0
729,vukuzenzele,"ethu sonke kumele siwa-bhekise ekuqinisekiseni ukuthi ezempilo nempilo kuyagcinwa, ukuthi ukuthuthwa kokudla, amanzi, usizo lwezempilo, ukuphepha komphakathi no-kwesekwa komphakathi aku-phazamiseki. Ngaphansi kwalezi zimo ezi-ngajwayelekile,",0
3053,vukuzenzele,"emnothweni onekhabho ni ephansi ngokutshala izimali emandleni avusele lekayo, kwigreen hydrogen kanye nasezimotweni ezise benza ngogesi. Lokhu kuzibophezela kweMe lika, i-United Kingdom, i-France, i-Jalimane kanye noBumbano Lwamazwe aseYurophu kuhambisana",0
2927,vukuzenzele,Imikhawulo efanayo kumele ukuthi iphinde ibekwe ezingxenyeni ezini ngi zaseYurophu njengo ba bebhekane ‘nehlandla lesibili’ lokusuleleka. Lezi zigameko zibonisa ukuthi izinto zingaguquka kanjani ngokuphazima nje kweso ngenxa yeCOVID-19 .,0
2131,vukuzenzele,izifundo zasenyuvesi ngaphambi kowezi-2018 futhi umholo wekhaya lakho awukho ngaphezu kwezi-R122 000 ngonya kaIsikhathi sokufakwa kwezicelo sizovalwa mhla wama-31 kuMasingana 2023.,0
3236,vukuzenzele,"eliholwa ngusihlalo walo uNgqongqoshe Wezempilo, uDkt Zweli Mkhize. Indlela i-IMC kanye namaqembu asekayo asisukumele ngaso lesi simo senhlekelele kube yisibonelo nokuqinisekisa, ikakhulukazi ekusizeni ukuqeda ukwenyuka kwamaphaphu komphakathi. Ngizobe",0
112,vukuzenzele,"Iminyaka engamashumi amabili, uMthethosisekelo weRiphabhulikhi yaseNingi zimu Afrika wangowe-1961 wawungumfutho osemthe thweni wengcindezelo yaba ntu abacishe babe ngama-90% baseNingizimu Afrika.",0
train_isizulu_00600,AfriHate,wena uyinja 😂😂😂😂😂 ##url,0
train_isizulu_02375,AfriHate,liyayidliva hlatshwayo langaphandle kwasho imfene ibuya kothakatha ngizolala kamnandi manje akukho kushisa,0
train_isizulu_00243,AfriHate,bongiwe thengani imizi madoda niyeke ukuyoba ama bhoklolo kuma town house ngoba bazonishaya abelungu 😂😂,0
test_isizulu_00662,AfriHate,@username bazoku bhebha ntombo,0
train_isizulu_01631,AfriHate,@username ngisenawe sdudla sangempela @username #chillas,0
1521,vukuzenzele,"ubuhlungu engxenyeni esezansi yesisu, ukweqiwa ukuya esikhathini; ukopha esithweni sangasese sowesifazane.“Kodwa-ke, abanye aba-ntu besifazane ababi nazo izimpawu kuze kuklebhuke ishubhu lesibeletho. Lapho kwenzeka lokhu, owesi-fazane angezwa ubuhlu-ngu",0
3295,vukuzenzele,ngaphandle uma kusho ungoti wezokunakekelwa kwempilo futhi bangabe-lani namuntu imithi yabo. Bazame ukuvocavoca umzi-mba imizuzu engama-30 ngosuku.Umnyango uthi abantu abanesifo sikashukela bana-mathuba aphezulu okuhla-ngabezana nezimo zokugula okuqhamuka,0
train_isizulu_00300,AfriHate,"inkomo ""@username : indlwabu? rt @username : nginolaka uma kade ngayigcina""",0
950,vukuzenzele,Kwa-Zulu NataliKwa-Zulu Natali – u-Roelien Wiesner – 033 3928712 – Rwiesner@npa.gov.za LimpopoLimpopo – u-Reneilwe Mashamaite – 015 483 0302 – Rmashamaite@justice.gov.za Nyakatho KapaNyakatho Kapa – u-Henley Nathan Sass – 054 337 5375 –,0
457,vukuzenzele,Amabhodi akhelwe izi nhloso zokuthuthuka fu thi akhiwe ngegwebu futhi asiza abahuhuluzi abasa yizimfundamakhwela uku ba bakwazi ukuntanta phe zu kwamanzi.,0
489,vukuzenzele,UMnisi uthi i-CACH iphinde isize labo abazoba abafundi abasadidekile ngokukhetha umkhakha wokufunda ngokubathumela Kwi nsiza ye-DHET Ethuthukisa Amakhono i-Khetha Career Development Service.,0
train_isizulu_00575,AfriHate,"@username inja ye game,ngamla👌😁 ##url",0
train_isizulu_02352,AfriHate,@username amasende am uwabethelani kodwa lomntana ##url,0
1947,vukuzenzele,"uqiniseke ukuthi semboza ikhala nomlomo wakho kahle.4. Bopha izintambo ngemuva kwekhanda lakho, noma uma use-benzisa esinamabhande elastiki, qiniseka ukuthi aboshwe aqina.5. Qiniseka ukuthi sikulingana kahle. Sinyakanyakazise ukuze sime kahle. Ungalokothi",0
test_isizulu_00634,AfriHate,uyinja boi. ngiyak'vuma 👏👏 @username ,0
2483,vukuzenzele,"Ukwengeza, i-SAPA se yishicilele incwadi ezofundisa abalimi ngokukhiqizwa koku fuywa kwezinkukhu kanye nokuthuthukiswa kwezi hlelo zabo zamabhizinisi.",0
1695,vukuzenzele,Kuzwelonke (i-NYDA).Abanikazi bamabhizinisi kumele babe ngabalapha eNingizimu Afrika.Imikhakha elandelayo ikhona kosomabhizinisi abafanelekile:,0
1903,vukuzenzele,"U-Seloane uthi abantu base Ningizimu Afrika kumele babike inkohlakalo ngoba intshontshela abampofu futhi imisa intuthuko, lokho okuvimbela izwe ukuthi li phokophele phambili.",0
2980,vukuzenzele,"Okufanayo phakathi kwenhlekelele eyenzeke ethaveni yaseNyobeni, nesibhicongo sasendaweni yokuzijuxuza ebusuku i-Throb nightclub eThekwini ngowezi-2000, kanye nenhlekelele yasethaveni yase-Osi eKhayelitsha ngowezi-2015, wukuthi lezi zindawo zidayisela",0
611, bafuna kushintshwe umphenyi wecala lowe ancyl ,"SEKUVELE isiphakamiso sokuba kushintshwe umphenyi wecala lokubulawa kwelungu lesigungu esiphezulu se-ANCYL KwaZulu-Natal, uNksz Sindisiwe Beauty Ndlovu (34) okusolwa ukuthi udutshulwe yisoka. Umzala kamufi, uNksz Slo Khuzwayo, wenze lesi siphakamiso enkonzweni yomngcwabo enkundleni yezemidlalo eThokozani ngoMgqibelo.UNksz Khuzwayo uyiphoyisa naye njengoba nomufi kusolwa ukuthi ubulawe yisoka eliyiphoyisa okuthiwa limhlabe ngenhlamvu esifubeni washona. UNksz Khuzwayo uthe balibheke ngabomvu icala futhi abeneme ngomphenyi wecala.“Siyezwa ngomuntu ophenya icala sengathi akalungile kahle, yingakho sicela iziphathimandla ukuba ashintshwe uma kungenzeka. Umsolwa (emgagula ngegama) akafanele ukuba semphakathini emuva kwesenzo sakhe,’’ kusho uNksz Khuzwayo ebamba izinyembezi.Uthe akasiboni isizathu sokuthi iphoyisa livele liqhulule umuntu ngenhlamvu ngoba bayadonswa ngendlebe ngendaba yesibhamu nokuziphatha uma beqeqeshwa ekolishi lamaphoyisa.Ukhale nangokuthi amaphoyisa ambalwa abulala abantu athunaza isithunzi sombutho wonke njengoba sebedume kabi nje.Uthe into abeyenziwe wusibali wabo ngeke bayikhohlwe ebulala umzala wabo ngesihluku ekubeni kade ezilungele, engakaze aphoxe muntu.Ugcizelela ukuthi isibhamu asiyona inkinga kodwa kuba wumuntu osiphethe oba yinkinga uma engasiphathanga ngendlela efanele. Umzala kamufi uqede ukukhuluma wehla esiteji wajikela emuva kwetende wakhala kakhulu waze wabhuquza phansi kwasuka ithimba layomsingatha, limphathele amanzi kodwa elokhu eshilo ngesililo.Umnewabo kamufi uMbishobhi Bhekizitha Ndlovu, uthe ufisa ukuthi kuvele kuzwakale ukuthi umsolwa uzibulele ejele ngoba ubashiye nesilonda esingeke siphinde selapheke. Umsolwa kulindeleke ukuthi abuyele enkantolo kuleli sonto azofaka isicelo sebheyili.",0
train_isizulu_02661,AfriHate,@username uthi wena uzithathaphi lezindaba ezingaka ngithi mina ku twitter   wathi ke   nami anongfakela lo twitter onezindaba za mazulu 🤣🤣🤣🤣🤣🤣🤣🤣🤣🤣🤣🤣🤣🤣🤣🤣🤣🤣🤣🤣🤣🤣,0
1691,vukuzenzele,"Yize amanani kaphethiloli kanye nesimo esibi sezulu kuyizinto esingenakuzilawula, kusekuningi esingakwenza, njengohulumeni, amabhizinisi, abasebenzi kanye nemiphakathi ukusiza abantu baseNingizimu Afrika bedlule kulesi sikhathi esinzima",0
187,vukuzenzele,"Ukubambisana namanye amazwe e-BRICS, ikakhu lukazi endimeni yocwaningo lokuqamba kabusha, kuzosiza ukuqhuba ngesivinini uhlelo lezwe lokuthuthukiswa kwe zimboni luphinde lusisize ukuhlangabezana nezifiso zethu zeNguquko yesine Yezimboni iFourth Industrial",0
373,vukuzenzele,Ukuqeda Isikole Nokuqeqeshwa (i-PSET) kodwa kungenzeka ukuthi ibhekene nesimo lapho:,0
1090,vukuzenzele,"ezaziwa ngokuthi ezabamhlophe. Abantu abamnyama babephoqelekile ukuthi baveze udompasi futhi uma bengawuphethe, babeboshwa.",0
61,vukuzenzele,"Ngowezi-2020/21, i-NSNP yahlinzeka ngokudla kubantwana ezikoleni eziyizi-21 189.",0
1302,vukuzenzele,"lwasekhaya ngebheyili ongenayo incwadi yokuvikelwa anikezwe yona, inkantolo kumele ikhiphe eyodwa ngemuva kokwenza uphenyo.",0
2871,vukuzenzele,"Ngokukhothama kwabo, silahlekelwe ngamaqhawe okulondolozwa kwesiko lethu, kanye nabagcini bo mlando abahlonishwayo kubantu babo.",0
dev_isizulu_00376,AfriHate,"onolwazi ukuthi ngingayithola kuphi imfene, ngifuna mangi retire emsebenzini ngiqhubeke ngisebenze ekhaya.",0
train_isizulu_01940,AfriHate,@username uyinja kalife 😂🙌,0
2435,vukuzenzele,"Noma ngabe bahlala kuphi futhi noma ngabe benzani, bonke ngamunye banentshi-sekelo yokushintsha umhlaba.Ngesikhathi befuna ngoku-ngangabazeki ukuthuthukisa izimpilo zabo, bafuna futhi ukuba nomphakathi ongcono kanye nomhlaba ongcono. Bazibona bengamanxusa",0
test_isizulu_00157,AfriHate,bhebha uthule...  ungachazi lutho.. be joyful ngok'khipha isemen nje qha..,0
2153,vukuzenzele,"Ngokusebenzisa umgomo, sibona ukwehla kwezinga lokushona kwabantu abadala ngenxa yeCOVID-19 ema zweni amaningi.",0
test_isizulu_00303,AfriHate,@username nginawe sdudla sangempela sikandlamlenze kwamnyayiza #chillas,0
2147,vukuzenzele,Umbuzo: Uma ngike ngangazwana nomuthi wo kwelapha ngaphambilini noma umgomo ngakube kumele ukuthi ngigome?Impendulo: Noma ngu bani onomlando wokunga zwani nanoma yimuphi umgomo noma imithi yokwelapha kumele bakhu lume nabanakekeli babo bezempilo.,0
962,vukuzenzele,"ezibhekene nezinselelo kwe -zomnotho, ngokuthuthukisa amakhono abo nokubanikeza isipiliyoni somsebenzi,” ku sho u-Tlhabane.",0
325,vukuzenzele,"kwenyuka kwaze kwafika ezingeni elingakaze libonwe lama-34.9% kwikota yesithathu, emva kokukhahlamezeka komnotho ngenxa yeCOVID-19.",0
train_isizulu_00139,AfriHate,slima ujosh bafwethu🤣🤣🤣🤣🤣🤣🤣🤣🤣🤣🤣 ##url,0
1009,vukuzenzele,"Ukulahleka kwemisebenzi okubangelwe ukuvalwa kwezwe sekwandise inkinga yezinkampani zabezindaba ezivele zibhekene nezi nselele ezifana nezimali zokukhangisa, ukusatsha laliswa kwephephandaba kanye nesabelo semakethe esesihlwithwe izindaba ezikhishwa",0
1756,vukuzenzele,Ukuthatha isinqumo ngenqubomgomo yolimi lwesikole.,0
2256,vukuzenzele,"Kulolu daba, esinye sezi khali zethu esisebenzayo ekulweni nenkohlakalo kanye nokuqhwagwa kwamandla ombuso iNkantolo Ekhethekile yoPhiko Lwezokuphenywa Kwamacala Akhethekile (i-SIU), enga yisungula ngowezi-2019.",0
train_isizulu_00515,AfriHate,inkomo baygwaz’eceleni 🐃 wawngakanani sihlab’inkomo 🔪,0
2088,vukuzenzele,"kuqinisekiswe ukwanda kwabaphathi abamnyama kanye nobunikazi kubantu abamnyama emabhizinisini, kanye nokubuyisa abesifazane abamnyama kuchungechunge lomnotho.",0
1923,vukuzenzele,"“Izikhungo zezempilo ezingamashumi ayisithupha nesithupha zithintekile, yize kube khona ukuphazamiseka okuncane ekulethweni kwezinsiza zezempilo ezifundeni eziningi ezithintekile, kusho uMongameli.",0
train_isizulu_01497,AfriHate,@username leya ngamla hlula abo britney spears mfethu 😂🙄,0
test_isizulu_00030,AfriHate,yazi uyakuhlanyela str8 rt@username : nayi ingulube ingi nonela 😳,0
679, ushayele isipiki ngomhlalaphansi ,"UNGQONGQOSHE weziSebenzi zikaHulumeni nokuPhatha, uNksz Ayanda Dlodlo uthe uhlelo lokunxenxa abantu abadala ukuthi basheshe bathathe umhlalaphansi balwenza ukuze behlise isabelo sezimali esiphezulu esikhokhelwa abasebenzi.UNgqongqoshe wezeziMali, uMnuz Tito Mboweni umemezele ukuthi kunohlelo lokuzama ukwehlisa isabelo ngokuthi bagqugquzele abantu abadala ukuthi basheshe bathathe umhlalaphansi, ikakhulu abaneminyaka engu-55 kuya ku-59.I-SA Gov News ifake i-video kwiTwitter kaNksz Dlodlo, lapho ebechaza kafuphi ngohlelo lokwehlisa isabelo.Uthe imali kumele iye kwezemfundo nakwezempilo njengoba isabelo sezimali sabasebenzi bakahulumeni singesibili ezintweni uhulumeni achitha imali enkulu kuzona.Ngemuva kwesimemezelo sikaMboweni abantu ezinkundleni zokuxhumana bakhuluma ngaso, ikakhulu abasebenza kuhulumeni.Omunye wabo othe wake walubona lolu hlelo oluzokwenziwa, uthe iSars ngeke iyibambe imali yentela ejwayele ukubanjwa uma umuntu esethatha umhlalaphansi.Uthe lokhu kuzokwenza ukuthi asebezothatha umhlalaphansi basheshe bazishiyele.Okunye ngukuthi uma kuhamba umuntu omdala kuzoqashwa umuntu omncane esikhaleni sakhe.Umuntu uthatha umhlalaphansi uma eseneminyaka engu-60 kodwa uvunyelwe ukushesha ayithathe uma eneminyaka engu-55.Uthisha oseneminyaka engu-53, obelinde ngabomvu umhlalaphansi, uthe ubehlaliswe ukuthi iSars itapa imali enkulu uma usheshe wathatha umhlalaphansi.“Kuzosisiza kakhulu ukungathathi imali yethu ngoba kuzokwenza kube lula ukuthi ngishiye ngingalokhu ngilula isikhathi ekubeni amandla okusebenza engasekho.”",0
test_isizulu_00663,AfriHate,"@username kunjalo mfene🐵emhlophe ethakatha emini,ezinye zihambahamba ebsuku @username i stil believe in ❤ @username #usomatekisi",0
test_isizulu_00247,AfriHate,ngine fear yokuthi umuntu ngeke esahola njengoba eseyinkawu.   ikhona kodwa inkawu esike yahola ku2016?  ngiphuthumeni,0
3480,vukuzenzele,"Izinkampani ezithutha izi mpahla ngomkhumbi, ikakhu lukazi, zikhathazekile kakhu lu ngesiminyaminya samaloli kanye nesikhathi esilindwayo, isikhathi sokungeniswa ko mkhumbi siyabambezeleka kanye nesikhathi sokukhumu la umkhumbi, ukunganakeke lwa",0
test_isizulu_00333,AfriHate,sefuzi ucetshwayo na bo hintsa. esandlwana si shayi ibhunu. guerilla shayi ibhunu. guerilla shayi ibhunu ##url,0
1359,vukuzenzele,"Angeke baphumelele. INingizimu Afrika inomlando ozigqajayo onemigomo engacwasi ngokobuhlanga kanye nobumbano lwabase benzi. Imiphakathi yabantu abaMnyama namaNdiya yayimunye emzabalazweni olwa nobandlululo, futhi ngokubambisana neminye imiphakathi,",0
train_isizulu_02355,AfriHate,@username iskhwebu sidlala inkawu,0
1706,vukuzenzele,"wethu wonke njengamanje usetshenziselwa ezolimo ukuze kuthengiswe.Njengamanye amazwe, umhlaba wethu ovundile usengcupheni yokuncipha kokuvunda, ukungabi namanzi ngokwanele kanye nokusetshenziswa komhlaba ukwakha kuwona. Siphinde silahlekelwe umhlaba",0
419,vukuzenzele,"phakathi kanye nendawo ethambile eshone pha-kathi okhakhayini (ifokothi). Ezinganeni, ezinye izinkomba ezixwayisa ngoku-phelelwa ngamanzi emzimbeni zibandakanya lezi:",0
train_isizulu_00294,AfriHate,abantu base ezimbokodweni mawuthenge pizza 🍕 udlula enduneni ushiye u 2 slice..,0
train_isizulu_00259,AfriHate,@username intombazane idla 2 slice nakhon ayisqedi ##url,0
1681,vukuzenzele,"Ukongeza ekukhuliseni umkhiqizo wokudla kuleli lizwe, uhlelo lwethu lwezibonelelo zenhlalo kanye nokungakhokhwa kwentela ekudleni okubalulekile kusiza ukuvikela labo abadla imbuya ngothi emananini enyukayo. Ngezidingonqangi zamahhala ezifana namanzi",0
3448,vukuzenzele,"Ngokwesekwa ngabakwaDriving Ambitions, uKhoza wa feza iphupho lakhe lokuthola izincwadi zokushayela.",0
2959,vukuzenzele,Izimpawu zomdlavuza wabantwana zeSt Siluan S – Thola usizo lokwe lashwa kusenesikhathi uma izimpawu ziqhu beka.,0
719,vukuzenzele,"nokugwe-ma ezifanayo nezethu zibekiwe emazweni amaningi. Isibo-nelo, ukudayiswa kotshwala ngesikhathi sokuvalwa kwezwe kunemikhawulo ethile noma ku-misiwe ezindaweni eziningi ngohulumeni bendawo, kubanda-kanya i-Mexico , i-Hong Kong kanye neGreenland ,",0
train_isizulu_01286,AfriHate,"asiqhume, sichathe, siphalaze mazulu.. ezinye izinto zethu zibanjwe ukungazenzi lezinto. sigcabe siqine!",0
3421,vukuzenzele,Izinkokhelo ezicazelwa umthengi zichaza ukuthi isikimu sikhokha ingxenye ethile yesikweletu umhlinze ki kungaba isibhedlela noma udokotela ozimele – ayibize isiguli. Yonke enye ingxenye kumele ikhokhwe yisiguli kusuka ephaketheni laso.,0
test_isizulu_00480,AfriHate,"iex yakho inebadi,slima ngempela how could he let you go we phuzeni ngempela ##url",0
190,vukuzenzele,Lokhu kubalulekile ikakhu lukazi mayelana nokuguquka kwesimo sezulu.,0
379, ubuthelezi uxwayisa ngolomhlaba ,"UMENGAMELI we-IFP, inkosi Mangosuthu Buthelezi uxwayisa uhulumeni we-ANC ngokuthi kumele uluphathise okwezikhali zamaNtungwa udaba lokuthathwa komhlaba ngaphandle kwesinxephezelo, ukugwema ukuthi izwe lingagcini selifana neZimbabwe.Ekhuluma emcimbini wokugubha uSuku lwamaLungelo aBantu eKing Zwelithini Stadium eMlaza izolo, uButhelezi uthe udaba lomhlaba lujulile akumele lusingathwe noma yikanjani.“Ngikhuluma nje abantu baseZimbabwe bagcwele lapha eNingizimu Afrika ngoba bebalekela ukuhlupheka okukhona ezweni labo kusukela kwathathwa umhlaba kwabamhlophe.Nathi vele siyazihluphekela njengoba iningi lisaphila ngaphansi kwendlala. Umbuzo wami uthi sifuna ukuhlupheka phezu kwalokho esinakho?” Kubuza uButhelezi.Uthe umnotho waseZimbabwe ubuqinile ulandela owaseNingizimu Afrika kodwa manje usudonsa kanzima.“Obengumengameli waseZimbabwe, uMnuz Robert Mugabe ulibulele izwe lakhe ngokusingatha budlabha udaba lokuthathwa komhlaba. Kuhle ngoba leli zwe lingomakhelwane bethu. Kumele ngabe kukhona esikufundile khona,” kusho uButhelezi.Uthe bayamuzwa uMengameli we-ANC uMnuz Cyril Ramaphosa ethi umhlaba uzothathwa kodwa kumele kwenziwe isiqiniseko sokuthi umkhiqizo wokudla awuphazamiseki.“Sithule silindele ukubona ukuthi kuzokwenzakani,” kusho uButhelezi.Uthe i-IFP ayikanqumi ukuthi imi kuphi odabeni lokuthathwa komhlaba ngaphandle kwesinxephezelo.Njengoba uqina umkhankaso we-ANC wokuthi kubuyiswe umhlaba ngaphandle kwesinxephezelo, sekukhona amazwe asentshonalanga asesabise ngokuthi azolinswinywa leli uma like lawuqhuba lo mkhankaso.Uphinde waxwayiswa ngesiphakamiso sokuthi kufakwe izimayini nokunye ngaphansi kukahulumeni.“Thina sikhulele khona kwi-ANC. Into ebikhulunywa wukuthi kufakwe izinto ngaphansi kukahulumeni. Nami ngaze ngahamba ngayohlangana nowayengumengameli waseTanzania ongasekho, uMnuz Julius Nyerere okunguye owayethathwa njengobaba wase-Afrika, ephusha indaba yokufakwa kwezinto ngaphansi kukahulumeni. Yena futhi uNyerere wabuye washintsha wasixwayisa ngokuthi udaba lokufaka izinto ngaphansi kukahulumeni lulibulele izwe lakhe,” kusho uButhelezi.Uthe ngesikhathi umholi we-EFF, uMnuz Julius Malema efike kuyena ezoxolisa ngemuva kokumdelela, wamxwayisa ngodaba lokufakwa kwezimayini ngaphansi kukahulumeni.“Kuyabokalala ukuthi uMalema akazange angilalele njengoba esaqhubeka nalolu daba. Kodwa isisho sesiZulu siyasho ukuthi isalakutshelwa sibona ngomopho,” kusho uButhelezi.Uphinde wasola uMalema ngokukhomba ngomunwe isihlalo seSilo Samabandla uGoodwill Zwelithini, ngokuthi athi akuthathwe kungaphansi kwaso.Uthe inkulumo kaMalema ethi iSilo akumele sisatshwe kodwa kumele sihlonishwe, ayizange yehle kahle.“Kade kwasa ngithukwa ngodaba lomhlaba. Ukuba izinhlamba ziyahlala ebusweni ngabe angisabonakali,” kusho uButhelezi. Wengeze ngokuthi wathatha isinqumo sokuthi achibiyele umthetho iNgonyama Trust ngo-1994 ngoba wayefuna ukuvikela amanenjana omhlaba ayesesele kowase uthathwe ngabamhlophe.UButhelezi uphinde wakhala ngokuthi yize leli selibe ngaphansi kwentando yeningi iminyaka engu-24 kodwa iningi labantu lisaphila ngaphansi kobubha.Uthe isikhumbuzo somgubho wamalungelo abasikhumbuli ngokuzila kodwa ngokuqinisekisa ekuvikelwa kwamalungelo abantu.",0
test_isizulu_00245,AfriHate,lowa mlungu ubhema umsuzwane yazi. ##url,0
2262,vukuzenzele,"Selokhu yasungulwa, iNkantolo isibuyise izigidigidi eziyisi-R8.6 kwizinkontileka ezakhishwa ngokungemthetho.",0
train_isizulu_01725,AfriHate,"@username ukhozi lunokuzenza juice kanti lulalelwa abantu basemakhaya, loma model c abancetheza kuwo awanandaba nokhozi",0
1162,vukuzenzele,"“Lesi sizinda-lwazi singumhlahlandlela wokufunda wezobuchwepheshe bedijithali futhi sihlanganisa ukufundisa ngevidiyo kanye nokuzivivinya wena ngesifundo ngasinye kweziyisikhombisa,” kusho u-Shakung.",0
2626,vukuzenzele,"Nakuba ukugxila kwethu esikhathini samanje bekusezingedeni emkhakheni kahulumeni, kusafanele sibonge nezingede eziku-mkhakha ozimele izenzo zazo ebezingatholi ukunakwa kangako, kodwa-ke nazo ziba luleke ngokulinganayo.",0
2150,vukuzenzele,Umbuzo: Ngakube kuphephile ukugoma uma ungezwani namaqanda?Impendulo: Yebo. Awu kho umgomo weCOVID-19 onephrotheni yeqanda.,0
1441,vukuzenzele,"Lolu hlobo lokuvezwa obala, ubukhulu nokujula kokuqhwagwa kombuso akwenzekanga nje esithe, kepha kwasakazwa ezweni lonke jikelele. Ngoku -vumela bonke abantu baseNingizimu Afrika ukuthi balandele inqubo yekho mishana, kusizile ukufaka ukuzethemba",0
train_isizulu_01551,AfriHate,ngithi malini imfene?,0
train_isizulu_01961,AfriHate,ukubamba inyama straight. i was relieved from ukuhulula because inkomo. so at least. ##url,0
532, inkabi izishaya isifuba ngokuqotha abantu ,"INATIONAL Freedom Party (NFP) isiveze ukuthi iphenya kabanzi ngengxoxo eqoshiwe ngeselula lapho kukhuluma khona umlisa ozibiza ngenkabi edabuka KwaMaphumulo ezishaya isifuba ngokuthi isibaqedile abantu embonini yamatekisi nakwezepolitiki.Kule nkulumo ekuWhatsApp inkabi izwakala ibhadlaza igama lomunye umholi weNFP wesilisa ukuthi isebenza naye. Isolezwe ngeSonto liyizwile le ngxoxo eshaqisayo esabalele kuWhatsApp.Okhulumela iNFP, uMnuz Sabelo Sigudu, uthe bayitholile le ngxoxo bayaphenya ngayo. ""Lolu daba lusethimbeni labameli bethu. Sifuna ukuthola kahle umsuka. Ngeke siyithathe kancane le nto ngoba isimo sokubulawa kosopolitiki siyaziwa eKZN. Asazi noma abantu nje abanqonde ukungcolisa igama lenhlangano njengoba kubhekwe okhethweni.""Lo mlisa ozibiza ngenkabi ukhuluma nomunye wesilisa amtshela ukuthi ubeqashwe owesifazane ukuthi ambulale futhi usekhokhelwe ingxenye yemali yokumbulala. Inkabi iyazisho igama layo nesibongo, ithi ayesabi kwamaphoyisa yona kade kwasa inethwa zimvula kulo msebenzi.Lo ofonelwayo kuthiwa uyisikhulu enkampanini edumile ekhiqiza ushukela. Inkabi izwakala ithi lo mlisa usesinde izikhawu. Ithi ngelinye ilanga ngesikhathi sebeyombulala baphazanyiswa ukuqhamuka kwamaphoyisa endaweni okwakufanele bamthele othulini kuyo.""Thina sisebenzisana nabamatekisi nosopolitiki, siqashwa ngoR250 000 futhi ubuchopho bendoda asibunqeni sibubamba nangezandla. Ngineminyaka emibili ngiphumile ejele abanye esisebenza nabo bangaphakathi. Empeleni siwu-6 senza lo msebenzi wokushaya abantu,’’ kusho inkabiLo ofonelwayo uzwakala ehlisa umoya ezwakala ukuthi wethukile, ethi kufanele baxoxisane balungise lolu daba. Iyaqhubeka inkabi ithi lo mlisa usindiswe ukuthi uyisihlobo sayo.""Abazali bethu bayazi ukuthi siphila ngalo msebenzi, sayalwa ukuthi singasibulali isihlobo ngoba sojikelwa nayidlozi. Sisanda kushaya amaphoyisa amabili KwaMashu futhi sisebenzisana no (egagula igama lo munye wabaholi beNFP).’’Okhulumela amaphoyisa KwaZulu-Natal, uLieutenant Colonel Thulani Zwane, uthe lowo oshayelwe ucingo kufanele aye emaphoyiseni awalalelise leyo ngxoxo ukuze kuphenywe.",0
test_isizulu_00126,AfriHate,bayahleba abelungu jizasi,0
881,vukuzenzele,"Kuze kube manje, i-ASIDI isiyakhe izikole ezingama-266, yahlinzeka ngokuthuthwa kwendle ezikoleni ezingama-886, izikole eziyi-1 030 zathola amanzi futhi ezingama-372 zafakelwa ugesi.",0
750, sizovulwa isikole esithikaziswe eyezigodi ,"SIZOVULWA ngelizayo isikole iSahlumbe High, eWeenen osekuphele inyanga sivaliwe ngenxa yezimpi zezigodi zabafundi ezikapakele esikoleni.Kuthiwa nezidakamizwa zidliwa udede esikoleni kukhalwa nangokushoda kwamakilasi.Izolo uNgqongqoshe wezeMfundo uMnuz Kwazi Mshengu ube nomhlangano nomphakathi wakule ndawo kubalwa nenkosi uMthembu lapho kuvunyelwene khona ngokuthi kumele sivulwe isikole.Okhulumela uMshengu, uMnuz Kwazi Mthethwa, uthe kuvunyelwene nomphakathi nazo zonke ezinye izinhlaka ukuthi lesi sikole kumele sivulwe uma sekuvulwa izikole ngoLwesibili oluzayo.Uthe bekungokwesibili bebuyela kulesi sikole enyangeni eyodwa.“Ungqongqoshe uzimisele ngokuthi kulungiswe isimo sesikole yingakho ebuyele kaningi kusona ezama ukuthi kutholakale isixazululo. Ziningi izinto ebezinomthelela wokuthi kuphazamiseke isikole njengokuthi izimpi zezigodi zikapakele esikoleni, kube nokukhala kubazali ngendaba yezinguquko ngohlelo lwezemfundo kanjalo namagumbi angomahamba nendlwana okufundela okusho ukuthi ayashoda ngakho kudinga ukuthi sakhiwe isikole,” kusho uMthethwa.Uthe kuvunyelwene ngokuthi kubanjiswane wathi nendaba yengqalasizinda izolungiswa.UMshengu unxuse umphakathi ukuthi izikole uziphathise okwamagugu ngoba yilapho kwakhiwa khona abantu abazoba wutho ngomuso.Uthe kube nesikhalo ngokuthi isikole asilawuleki kahle ngoba abafundi baningi.“Bese sisezinhlelweni zokuthi sakhe esinye isikole eSahlumbe ukuze sikwazi ukuthatha omunye umthamo wabafundi bafundele khona. Kube nesikhalo ngendaba yezidakamizwa okuthiwa ziba nomthelela ekutheni baxabane balwe.”Uthe kube nesikhalo ngokusebenza kothisha njengoba abazali bethi abazange abafundi bawathole amaripoti kuvalwa izikole.Kumele kwenziwe umsebenzi, uthisha kumele afundise cishe amahora ayisikhombisa ngosuku. Ngesonto elizayo ngoLwesihlanu bonke abafundi kumele bagoduke bephethe amaripoti abo ukuze abazali babone ukuthi basebenze kanjani,” kusho uMshengu.Uthe impahla yesikole icekeleke phansi ngenxa yokulwa kwabafundi.“Besibize nobuholi bezigodi ezehlukene ukuze sibambisane sonke kubuyiselwe ukufunda esimeni esifanele. Sizosebenzisana namaphoyisa ukuze kuseshwe noma yinini ukuze abafundi bangaphathi izikhali,” kusho uMshengu.",0
2911,vukuzenzele,"Ukhumbuze izakhamuzi ukuthi imigomo iyindlela engcono kakhulu yokuzivikela ekuguleni, ukufa kanye neCOVID-19, esibulale abantu abacishe babalelwe kwizi-100 000 lapha ezweni lakithi.",0
train_isizulu_02437,AfriHate,@username azingidini nje lezozi mfene ##url,0
3116,vukuzenzele,Impumelelo kaMdletshe yokunqoba lezi zithiyo iyabonakala ngendondo ayi hlomulile njengemenenja eyi bamba kwezobuchwepheshe bemikhumbi nolwandle.,0
2035,vukuzenzele,"komshado, futhi acacise ukuthi zinhlelo zini ezizokwenziwa ngezingane zabalingani, njengokuthi ingane izohlala nobani.Amasamanisi kumele aphi-nde asho ukuthi ummangalel-wa unezinsuku eziyi-10 – ezimweni lapho ehlala endaweni eyodwa nomma-ngali, noma",0
1178,vukuzenzele,"ENkulumeni yami yo kuqala Engesimo Sezwe, ngowezi-2018, ngenza isethembiso sokwenza uguquko lokulwa ne nkohlakalo ezikhungweni zethu zikahulumeni kanye nokulwa nokukhwabanisa nenkohliso emkhakheni ozimele ngomfutho na ngenjongo efanayo.",0
train_isizulu_00704,AfriHate,inja ye sdomu leyo 😂😂 ##url,0
3541,vukuzenzele,"Ngobani abazothola umgomo kuqala?Izwe lilinganisele ekutheni abasebenzi bezempilo aba-balelwa kwisigidi esi-1.25 yibona abazothola umgomo kuqala. Esigabeni Sesibili, abase-benzi abenza imisebenzi engumongo njengothisha, amaphoyisa, abasebenzi",0
3482,vukuzenzele,"Ngempela kukhona inqu bekela-phambili ebonakala yo eseyenzekile eminyakeni eyedlule ukuguqula indle la yokusebenza echwebeni, ngale komthelela weCOV ID-19 .",0
2833,vukuzenzele,"Kwethenjwa ukuthi igu mbi leli ngeke nje ligcine ngo kweseka omama abancelisayo abasebenzayo kuphela, ko dwa lizophinde likhutha ze neminye iminyango ukuba yeseke abesifazane abancelisayo ezindaweni zomsebenzi.",0
2369,vukuzenzele,Iphinde futhi ikwazi ukudlu lisela izisulu ukuze zithole ukwesekwa ngokwengqo ndo.Insiza ebalulekileI-CGE beyiqhubeka nokuse benza njengenye yensiza ebalulekile nangesikhathi sokuvalwa kwezwe.,0
3153,vukuzenzele,UMlamuli angeke akwazi ukwamukela icala uma seku nophenyo olusemthethweni oluqhubekayo kwenye indawo.,0
3250,vukuzenzele,"nobuholi kanye nabantu baseLimpopo abasiza ngohlelo lendawo yokuhlalisa ngabodwana labo abathelelekile. Lesi isikhathi esinzima. Futhi ezikhathini zobunzima lapho kwambulwa khona amandla ethu. Sizosukumela phezulu sithathe izinqumo, ngokuzimisela nokuba",0
548, sekunemishwalense ekhokhela abebelwe izinwele ,"ISEMATHENI indaba yokwebiwa kwezinwele zokufakelwa ezibizwa ngama-weave. Ukwanda kwalo mkhuba sekwenza ukuthi abesifazane abafake lezi zinwele bahambe bejeqeza besaba ukuhlwithwa zona. Ukubiza kwalezi zinwele ezinye okuthiwa zitholakala emazweni aphesheya, yikho okwenza nezigebengu zicuthele odade abazifakile.Kuvele nokuthi eminye imishwalense isinezinhlelo zokukhokhela abantshontshelwe izinwele. Ngokombiko wephephandaba elisesitebeleni esisodwa neSolezwe, iBusiness Report, kuvele ukuthi uhlelo lokukhokhela ukwebiwa kwezinwele lungaphansi kwebhizinisi lezobuhle kweminye imishwanelense.UNksz Natasha Kawulesar oyinhloko yezabathengi kwa-Outsurance utshele iBusiness Report ukuthi bayawakhokhela amakhasimende abo ngokwebiwa kwezinwele.Uthe babone kunesidingo sokuthi nezinwele zibe nomshwalense ngoba ziyabiza futhi ziyebiwa.Sibe sematheni nesigameko sokwebiwa kwezinwele zikaSbahle Mpisane osanda kulimala engozini yemoto. Kuthiwa ngesikhathi ingozi isanda kwenziwa kukhona owangena emotweni wadonsa izinwele wabaleka nazo.UNksz Thobile Ndlovu ongumnikazi we-Ethnic Hair eThekwini, uyavuma ukuthi ziyabiza izinwele. Uveze ukuthi ngenhlanhla ubengakavelelwa umshophi wokuntshontshelwa izinwele.“Abantu bayazi ukuthi izinwele ziyabiza yingakho sezebiwa kangaka. Elinye ikhasimende lami lisanda kuhlwithwa izinwele ezibiza kakhulu. Beliphethe isikhwama kodwa abafana basiyeka bahlwitha izinwele kuphela.”Phezu kwalokhu kwebiwa kwalezi zinwele, uNksz Ndlovu uthe abesifazane abapheli mandla. “Abesifazane abanqeni ukukhipha noma imalini ngezinwele. Ezibiza kancane kunazo zonke zinguR2 400 futhi zimfishane.”Uthe okwenza abesifazane bathande lezi zinwele ukuthi kulula ukuzifaka futhi zihlala isikhathi eside.Idumela lokudayiswa kwezinwele selibonakala nangokuthi babe baningi abazithungela emgwaqweni emadolobheni, bazidayisele abadlulayo.UNkk Getrude Uche ongumcwali wezinwele uthe usedla kakhulu ngokuthunga izinwele ngoba amakhasimende amaningi asefuna zona. Akuqali ukuthi kube nomkhuba wokwebiwa kwezinwele kuleli. Ngesikhathi kusadume ukuluka ama-dreadlocks, izigebengu bezibagunda abanawo, ziwadayise.",0
539,vukuzenzele,"“Sihlose ukubhekana nokuswelakala kwemisebenzi nobubha, kodwa sinomsebenzi wokukhu lisa umnotho,” kusho uNgqongqoshe uNdabeni-Abrahams.Ethula inkulumo kwiNgqungquthela Yentsha ye-SheTradesZA ebibanjwe kamuva ePitoli, ungqongqoshe uthe inani eliphezulu",0
test_isizulu_00617,AfriHate,inja yasema khaya lol uyinja ugqoka e dunns malume. kopela kimi phela ama lebuli ##url,0
213,vukuzenzele,"“Kuphinde futhi kube yithuba lokuthi abahlengikazi bakhu njulwe, kodwa kumele futhi siqhu beke nokuhlinzeka ukunakekela okusezingeni eliyilo, ikakhu lukazi ngalesi sikhathi sobhu bhane,” kusho yena.",0
1343,vukuzenzele,"ngesisindo oku ngenani esingama-500g njalo ngenyanga, lokho kusho ukuthi unobisi olwanele.Umbuzo: Ngenzenjani uma umntwana wami ekhala njalo?Impendulo: Shushuzela u mntwana wakho ngokumbeka ebeleni njalo nje. Aba ntwana badinga ukusonde lana nomama babo.",0
655, kubhubhe umndeni kushayisana izimoto ,"KUVALWE ngehlahla kubhubha amalungu omndeni waseMlaza ayisikhombisa, abebuya emngcwabeni eMandeni ngoMgqibelo.Engozini eyenzeke emgwaqweni uN2, kushayisane iHilux neToyota Etios kuyo obekunomndeni wakwaNtshingila. Kuthiwa umndeni ububuya ukuyongcwaba ekhweni. Kwabashonile kubalwa uMnuz Siyabonga Khangelani Ntshingila (33) okuthiwa ubephelezelwe eyongcwaba ekhweni. Ushone nendodana yakhe uSphelele (2). Kushone nonina uNkk Ntombifikile Angel Ntshingila iminyaka yakhe engatholakalanga, uNksz Sithembile Ntshingila (30), uNksz Samkelisiwe Ntshingila (27), uMnuz Luyanda Ntshingila (35) noNksz Londiwe Ntshingila.UMnuz Bongani Ntshingila okhulumela umndeni uthe abashonile bebehambe ngemoto eyodwa bephelezele uSiyabonga obeyongcwaba ekhweni.“Nathi sizwe sesishayelwa ucingo ntambama sitshelwa ukuthi behlelwe yingozi sebebuya emngcwabeni. Kumanje sisadidekile kodwa sinesiqiniseko sokuthi kuzomele bangcwatshwe ndawonye ngoba umndeni owodwa. Kumanje siphuma emakhazeni eMandeni ukuyokhomba izidumbu. Balimele kakhulu ezinye izicubu zabo bezicoshwa phansi,” kusho uNtshingila.Ngokwesitatimende sabezimo eziphuthumayo i-IPSS Medical Rescue, kuthiwa izimoto ezimbili zishayisane mahlanze kwashona abayisikhombisa endaweni yesigameko. Kuthiwa ingozi yenzeke ngasebhulohweni lasoThukela. Abezimo eziphuthumayo iPhilamed Ambulance Services abafike endaweni yesigameko, bathe izidumbu bezisakazeke emgwaqweni.Okhulumela uMnyango wezokuThutha nokuPhepha koMphakathi uMnuz Mluleki Mntungwa uthe bajube ithimba elizophenya ngengozi, lixhumane nemindeni.Kwenye ingozi eyenzeke ngoMgqibelo kushone owesilisa oneminyaka engu-47 oshayiswe imoto kuN3 ngaseMkondeni eMgungundlovu.Okhulumela abezimo eziphuthumayo kwa-ER24 uNksz Ineke van Huyssteen, uthe bafike owesilisa ephakathi nomgwaqo eseshonile.",0
2873,vukuzenzele,"Ngokufika kwentando ye ningi labantu ngowe-1994, kwakuseqhulwini kuhulu meni omusha ukugcinwa kobuqotho nokuba semthe thweni kobuholi bendabuko ngokuhambisana nomthetho womdabu kanye namasiko ngokoMthethosisekelo We zwe.",0
3567,vukuzenzele,"Isiphandla Sezwe Isiphandlwa sezwe, siphinde sazi we ngokuthi uphawu lombuso, si wuphawu lombuso olubonakalayo olusezingeni eliphezulu kakhulu.",0
2897,vukuzenzele,"Njengoba sisebenza ngo kubambisana njengezwe ukwakha kabusha umnotho wethu, sizoqhubeka noku thembela ekwesekweni yisi khungo sabaholi bendabuko, esiyingxenye emangazayo yemuva lethu, imanje lethu kanye nekusasa lethu.",0
train_isizulu_01998,AfriHate,"@username uzohlala unguntombie ngane yakho ngunhlahla.  it says a lot abt how authentic u played that role. it was pure, u lived ntombi. ey yakukhalisa nelaya ngamla yakho nkosyam ##url",0
2117,vukuzenzele,"Hhayi nje ukuthi kuyiphutha kuphela, kodwa futhi akusimeme, ukuthi amabhizinisi agcine izikhundla zabaphathi nezobunikazi kungezabamhlophe noma amadoda.",0
test_isizulu_00159,AfriHate,uzobhebheka after that invite ##url,0
dev_isizulu_00558,AfriHate,when he says “we will see” vele ukhohlwe njenge sdomu eskoleni. ##url,0
2875,vukuzenzele,"Muva-nje, ngibe nethuba lokuba nenkulumo-mpiki swano ngokuvulwa kwe Ndlu Kazwelonke Yabaholi Bendabuko, eyayimayelana nezinkinga ezibhekene ne zwe njengamanje.",0
train_isizulu_00708,AfriHate,2016 years later akho jesus christ obuyayo sidlala abelungu,0
637,vukuzenzele,"Izibalo zakamuva zobugebengu zibonisa abantu cishe abayizi-4 000 abadlwengulwe emakhaya abo noma emakhaya ezigilamkhuba, futhi emacaleni angama-400 okudlwengula abikiwe isisulu nesigilamkhuba bebenobudlelwano. Lokhu kubonisa ukuthi amanye amadoda",0
train_isizulu_03032,AfriHate,inkomo ayitshaliwe bakwethu.,0
1467,vukuzenzele,Izinga lesithupha loku cinywa kogesi kwadalwa ukulahleka kwamamegawathi (ama-MW) angaphezu kwezi-18 000 amandla aphehlwa ugesi ngenxa yokungasebenzi kwezingxenye ezithile kanye nesiteleka esingekho emthethweni sabasebenzi baka-Eskom.Emva kwesikhathi,0
1734,vukuzenzele,"Uhlelo Lokuxhasa Abafu ndi Ngezimali Kuzwelonke (i-NSFAS) lwakhokhela izifundo zami zonyaka wokuqala, i-MISA yangipha umfundaze sengisonyanke ni wesibili futhi yangeseka ngaze ngaqeda izifundo zami ngowezi-2016, kusho yena.",0
train_isizulu_02540,AfriHate,"ezintwana ke zingayakhela inkawu ngenja ipirates , remember maluti college? ##url",0
714,vukuzenzele,"sentambo, u-Justice Arthur Chaskalson wabhala wathi: “Amalungelo empilo nesithunzi yiwona abaluleke kakhulu kuwowonke amalu-ngelo omuntu futhi angumtho-mbo wawo wonke amalungelo omuntu. Ngokuzinikela kwethu emphakathini owakhiwe ngo-kwamukela amalungelo",0
509, abaphumele obala abahlukunyezwa emabandleni ,"ABEFUNDISI besifazane bamahlelo ahlukene ezenkolo eThekwini banxuse abesifazane abahlukunyezwayo emabandleni ukuthi baphumele obala ukuze kuliwe nalesi sihlava.Esithangamini nabezindaba eCity Hall eThekwini izolo, uNobhala wabefundisi besifazane uNkk Ziningi Jali okunguye obefunda isitatimende, uthe sekwanele ukuhlukunyezwa kwabesifazane, wengeza ngokuthi bafuna ukuthi bonke abagila imikhuba babhadle ejele.“Siyakuqaphela ukuthi sekunabefundisi abaningi abagila imikhuba egameni lenkonzo okuyinto ethunaza umsebenzi kaNkulunkulu,” kusho uNkk Jali.Uthe abantu besifazane abahlukunyezwayo kufanele bangathuli ukuze unqandwe lo mkhuba odla lubi“Abantu besifazane ikakhulukazi izingane zamantombazane zisatshiswa ngokuthi zizoqalekiswa zilandelwe ngamadimoni uma zibika ngokuhlukunyezwa, umuntu ongakakhuli ngokomoya angasaba ngempela uma ezwa lokho angabe esakhuluma ngokuhlukunyezwa kwakhe,” kusho uNkk Jali.Uthe abefundisi abagila imikhuba basebenzela ubumnyama.“Iningi labo lisungula amabandla ngoba lifuna ukwenza imali liphinde lithokozise imizwa yabo ngokuhlukumeza abesifazane,” kusho uNkk Jali.Uthe bengabafundisi besifazane bayameseka uNksz Cheryl Zondi ongufakazi wokuqala emacaleni okudlwengula abhekene noMfundisi Tim Omotoso waseNigeria.“Ubufakazi obethulwe nguNksz Zondi sebungamyisa * -Omotoso ejele,” kusho uNkk Jali.Kulesi sithangami sabezindaba kukhona nomunye umzalwane ocele ukuthi angadalulwa ophumele obala wathi naye ubehlukunyezwa ngumyeni wakhe ongumfundisi, waze waphuma emshadweni.“Ngize ngaphoqeleka ukuthi ngiphume nasebandleni ngenxa yokuhlukunyezwa obekwenziwa kumina,” kusho lo mzalwane.Kuphele isithangami sabezindaba kwabe sekuba nenkonzo ngaphandle kwaseCity Hall.",0
608, bagwetshiwe abakhwabanisa kuhulumeni ,"BAGWETSHWE iminyakaewu-15 umuntu emunye abesifazane ababili ababengabasebenzi boMnyango wezokuBusa ngokuBambisana neziNdaba zoMdabu KwaZulu-Natal ngokukhwabanisa * -R7.5 million.Inkantolo ephenya amacala athinta izimali eThekwini izolo igwebe uHlengiwe Hlela (35) noPatricia Chule (33) iminyakaewu-15 ngokukhwabanisa yengeza eminye iminyaka ewu-10 ngokuphula isigaba somthetho olwa nezenzo zobugebengu obuhleliwe.Imantshi * -G Davis ithe bazozidonsa kanyekanye izigwebo zabo.UNgqongqoshe obambile walo mnyango, uNkk Peggy Nkonyeni, uthe: “Izigwebo ezinde ezitholwe ababengabasebenzi bomnyango zithumela umyalezo oshubile ukuthi ngeke zibekezelwe izenzo zokukhwabaniswa kwemali kahulumeni.Abasebenzi babesophikweni olubhekelele ukukhishwa kwamathenda emnyangweni. Inkantolo yayikade ibalahle ngamacala ngo-Okthoba.Ukugwetshwa kwabo kulandela okukaMex Dladla ogwetshwe iminyaka ewu-12 ebhadla ejele ngecala elifanayo.UDladla wayewungqondongqondo ekukhwabaniseni okwenziwa ngabesifazane abagwetshiwe ngobugebengu obenzeka ngo-2015.“Izigwebo zisiza ukwakha uhulumeni ongenayo inkohlakalo ngokuthi kuqedwe ukukhwabanisa ezikhulwini zikahulumeni. Ukukhwabanisa ngenye yezingqinamba ezidala ukuthi igqoze intuthuko eyiswa kubantuo. Lolu (esho izolo) wusuku oluhle kuhulumeni wesifundazwe. Siyethemba bonke abasebenzi bakahulumeni bazofunda isifundo kokwenzekile,” kusho uNkk Nkonyeni.Emuva kwesigwebo uNkk Nkonyeni uthe baqinisa izinhlelo zangaphakathi zokukhokhela izinkampani ezenzela uhulumeni umsebenzi ukuvikela izenzo zenkohlakalo kubasebenzi.",0
train_isizulu_00820,AfriHate,@username manje amabhunu angenaphi laa🤣🤣 ##url,0
350,vukuzenzele,abasindile bavikelekile futhi nokuthi ziningi izindlela ezisebenza kahle ezinganqanda lolu dlame.” Owodwa wemithetho emisha uMongameli uRamaphosa abekhuluma ngawo uMthetho Ochitshiyelwe Wobugebengu kanye Nezindaba Ezihlobene nawo ovikela abantu,0
2145,vukuzenzele,"Ukugula emuva kokugoma kuncane futhi akuthathi isi khathi esedlula usuku noma izinsuku ezimbili, ngesikha thi ukuguliswa yiCOVID-19 kungaholela ekulalisweni esibhedlela noma ekufeni.",0
454,vukuzenzele,I-Surfers Not Street Chi ldren iyinhlangano ehli nzeka ngezifundo zamahha la zokuhuhuluza emaga gasini ezinganeni ezihlala emgaqweni kanye nentsha eswele ehlala khona enka beni yedolobha.,0
train_isizulu_02623,AfriHate,kodwa why omahosha benganga ama essential workers? 🤔 ##url,0
dev_isizulu_00601,AfriHate,"isipiliyoni""@username : inkomo ihlala ifudumele""@username : ey wena ukuthathaph lokho ""@username : ey ikhekhe le cheri enopete limnandini""""",0
train_isizulu_02099,AfriHate,vandag ngiyo omelikhekhe lase makishini ngithe mangifika broer wam' ngathi sdudla kai one ladlali is kwaphuma bantwana,0
1014,vukuzenzele,Basebenza ukugcina umpha kathi unolwazi nokugcina abaphethe emgqeni.,0
train_isizulu_01993,AfriHate,kube umuntu akalazi impela ngabe sewaba istabane ninempatho. ##url,0
468, umfundi onomdlavuza wezinso unikelelwe ngendlu enogesi ,"UNIKELELWE ngendlu umfundi wasoLundi onomdlavuza wezinso obesekuphele iminyaka emithathu ehleli esibhedlela ngoba umuzi wakubo wodaka awuvumelani nesimo sakhe sempilo.UNokwethemba Dlamini (16), wasoThini, eNkonjeni ofakelwe izinso ngemuva kokuthi ezakhe zihlaselwe umdlavuza, ubesehlale iminyaka emithathu esibhedlela Inkosi Albert Luthuli, odokotela bethi akuphephile ukuthi ayohlala endlini yodaka eyodwa abehlala kuyo namalungu omndeni wakhe angu-20.UNokwethemba isimo somuzi wakubo siholele ekutheni abuye esegula kakhulu kungakapheli nesonto enikezwe ithuba lokuthi abavakashele ekhaya, ngemuva kwalokhu odokotela bathatha isinqumo sokuthi ahlale esibhedlela aze alulame ngokuphelele.UNksz Kholiswa Nonkwelo weSisekelo Foundation okuyinhlangano esiza izingane ezinezifo ezibucayi, eziphoqeleka ukuthi zihlale ezibhedlela ngenxa yesimo senhlalo emakhaya, ngokuhlanganyela noMnyango wezokuHlaliswa kwaBantu KwaZulu-Natal, uMasipala wasoLundi nosomabhizinisi bendawo bakhele le ntombazane indlu enamakamelo amane anikezwe wona ngokusemthethweni ngempelasonto.Kule ndlu uNokwethemba uzohlala nezingane zakubo nonina kuphela.UMnuz Mbulelo Baloyi womnyango uthe ungqongqoshe uMnuz Ravi Pillay uthinteke kakhulu ngesimo sale ntombazane eyahlaselwa umdlavuza ineminyaka eyisishayagalolunye.UNQQONGQOSHE wezokuHlaliswa kwaBantu KwaZulu-Natal, uMnuz Ravi Pillay, uNokwethemba Dlamini noNksz Kholiswa Nonkwelo ngesikhathi kuvulwa ngokusemthethweni indlu ayakhelwe umnyangoUmnyango wakhe indlu, inkampani yendawo iMathamsanqamahle Trading and Projects yafaka ugesi, umasipala wathenga imibhede negilosa.UNokwethemba uthe ujabule kakhulu ukuthi usezohlala nomndeni wakhe ebese kunesikhathi eside ehlukene nawo.Uthe akufisayo manje ukuthi abuyele esikoleni , wagcina esikoleni kwaGrade7 eSivannda Higher Primary eminyakeni emithathu eyedlule.",0
train_isizulu_02657,AfriHate,"@username akusiyo imfene le sisi, inkawu. futhi, akufani nje.",0
395, usafisa ukulanywa obegcagca nenyanga ,"USAFISA ukulanywa yinoma abangaki owesifazane ogane esithenjini eNdwedwe, obegcagca ngosuku olulodwa nomnakwabo.UNkk Thokozile Lushozi, uKaMakhoba (49), usehlale iminyaka engu-19 noMnuz Sabelo Lushozi (57) abegcagca naye izolo. Ugcagce nomnakwabo uNkk Khanyisile Lushozi, uMaKhumalo (43). UKaMakhoba othe wafika kwaLushozi eneminyaka engu-17, uthe wayevele efisa ukuthola umnakwabo ozomlekelela ngoba miningi imisebenzi emzini wakhe. ULushozi obeganwa izolo uyinyanga edumile eNdwedwe, aphinde abe nendawo yokusebenzela oThongathi.“Ngijabulile ukuthi ekugcineni sengize ngangena ngokusemthethweni kwaLushozi ngoba kade ngalinda. Bekukuningi ubaba obekumele akulungise, kwabambezela nomshado. Ngajabula ubaba engitshela ukuthi sekukhona uMaKhumalo ngoba bengivele ngigqilazeka. Engingakuthandi ukufihlelwa uma sekukhona olandelayo. Namanje anginankinga ngisho ngingalanywa abangaki ngoba mningi umsebenzi layikhaya. Ubaba uyinyanga usebenza nabantu kakhulu, kudingeka sibuye sibasize, sipheke namakhambi,” kuchaza uKaMakhoba.Uthe akaze abe nenkinga yokuhlala noMakhumalo, abapheka ekhishini elilodwa naye.UMaKhumalo uthe wafika kwaLushozi esazi ukuthi uyoba ngowesibili.“Siphathene kahle noKaMakhoba kungathi udadewethu. Akukho esikwenza singabonisananga. Sihlukana ngoba sekuyolalwa. Umuntu unezinsuku zakhe zokuvakashelwa ubaba futhi asinankinga,” kusho uMaKhumalo.ULushozi obehleka yedwa, uthe ubesalungisa izinto zasemsamo nezomndeni njengoba ebengakwazi ukugcagca. Uthe akaze aganwe phambilini, yingakho enqume ukuthi abashade ngosuku olulodwa ngoba vele bayezwana.“Engikwenzayo ngikutshelwa ngabaphansi engisebenza ngabo, yibona nabangivumele ukuthi amakhosikazi ngiwashade ngosuku olulodwa. Bangibonisa la makhosikazi, yingakho sihleli ngokuthula,” kusho uLushozi.Ebuzwa ngemfihlo yokwenza isithembu sakhe sizwane, uthe ukuthi wasinikwa abaphansi akazenzelanga. ULushozi uthe yize okwamanje emphethe kahle amakhosikazi akhe, ngeke aphike ukuthi ngeke esaganwa. Uthe ukhokho wayenamakhosikazi angu-19. Ugcizelele ukuthi akukho okwakwenziwa uKaMakhoba obekungamanelisi kodwa wathatha uMaKhumalo ngoba kuwumyalelo wabaphansi. Umphakathi ubuphume ngezinkani kule ndawo uzobuka umngcagco.",0
train_isizulu_00490,AfriHate,ntombazana ufake i heel uwazi angithi? so yekela ukuhamba ngathi inkomo ibuhlungu nyathela i heel. #askies,0
train_isizulu_01555,AfriHate,liyakonwabisa isende wena 💙 ##url,0
2023,vukuzenzele,"I-Mosamaria ese FreyistataEtholakala eMangaung, i-Mosamaria ingenye yamaNGO asethole ukwesekwa ngezimali yile phrojekthi.",0
3383,vukuzenzele,"ababhekene nawo ukuntuleka kwemisebenzi, okube nzima kakhulu ngesikhathi sobhubhane lwe-COVID-19. Ukudalela abantu abasha amathuba amaningi, noku-finyelela kulawo mathuba, kuyinto eseqhulwini kuhu-lumeni.Konke esikwenzayo njengohulumeni kunegalelo",0
1307,vukuzenzele,Izisulu ezisinde ku-GBV zijwayele ukukhala ngokuphathwa kabi noma ukushaywa indiva kwezinkinga zabo lapho befaka izikhalazo eziteshini zamaphoyisa. Amalungu e-SAPS ehluleka ukuthobela izibopho zawo ngaphansi komthetho omusha ayobekwa icala lokungaziphathi,0
1227,vukuzenzele,Ukusekwa ngokudla kuyi-ndlela yesikhashana yokubhe-kana nesimo esiphuthumayo. Kuzomele kuhambisane ne-zisombululo ezimile ezisiza izakhamuzi zakithi ezibuthaka kakhulu ukunqoba izikhathi ezinzima eziseza.,0
2042,vukuzenzele,kwesikhathi angase azame ukusigudlula isahlukaniso som shado ngesizathu sokuthi wayenesizathu esifanele sokuphuthwa usuku olungumnqamulajuqu.,0
3184,vukuzenzele,Sizoshicilela umthetho omu sha kulo nyaka sethule uhlaka lwamaholo lwezinhlanga no zikahulumeni kanye ne zinkampani eziphethwe uhulu meni ukugwema ukukhokhe lwa ngokweqile kwamalungu ebhodi kanye neziphathima ndla.,0
train_isizulu_02360,AfriHate,ngamla ingamla mara yaz ##url,0
2297,vukuzenzele,"Kumele uqinisekise ukuthi incwadi yamafa yange mpela esayiniwe igcinwa iphephile, ngoba oku ngeyona eyangempela ayi sebenzi.",0
436,vukuzenzele,"“Ngokwamazinga emikhawulo 6B yedolobha, amanzi kama sipala angaphuzwa ngeke ase-tshenziswe ukuwasha izimoto. Izindawo zokuwasha izimoto ezingekho emthethweni zisebenzisa amanzi amaningi. Abanikazi bezindawo zokuwasha izimoto abaningi basebe-nzisa ompompi",0
test_isizulu_00554,AfriHate,"ay majita, nibamba amasende imini yonke bese uthi take 5 unya ##url",0
3034,vukuzenzele,Ngeminye imininingwane ethe thuthu shayela Isikhungo Sezifo Ezithelelanayo Kuzwelonke kule nombolo esebenza ubusuku nemini ethi: 0800 029 999 noma ungene ku: www.health.gov.za naku: www.nicd.ac.za,0
388,vukuzenzele,Isigaba 3: Imininingwane eqondene nomfakisicelo kanye nemiphumela kamatikuletsheni kuzoqinisekiswa futhi kudluliselwe esikhungweni semfundo ephakeme nokuqeqesha ngokuzenzakalela ukuze mhlawumbe umfundi abhaliswe noma,0
2931,vukuzenzele,"Njengoba izwe lehlela esigabeni sesi-2 sokuqapha, imikhawulo eminingi kwe zenhlalo nakwezomnotho isi susiwe. Lokhu kuza nobungo zi obukhulu bokusuleleka.",0
1776,vukuzenzele,Uthe uthole umbiko ovela ku-National Health Laboratory Services (i-NHLS) wokuthi sebekuqinisekile ukutholakala kwesifo i-Monkeypox eNingizimu Afrika emuva kokuhlola okwenziwe elabhorethri.,0
240,vukuzenzele,"“Abafundi badinga ukuhlale bekhunjuzwa njalo-nje ukuthi imizamo yabo nokuzinikela kwabo kuyabonakala futhi kuyabongeka, lokho kuzokhuphula ukuzithemba kwabo.”Ulinciphisa Kanjani IxhalaUTlhapane uthi kunezindlela ezehlukene abazali nabafundi abanganciphisa",0
2236,vukuzenzele,Noma ubani onentshisekelo emisebenzini ehlinzekwe ama-CDS angaxhumana nophiko lwezosizo lwe-CDS ngokusebenzisa izinkundla ezilandelayo:,0
train_isizulu_00576,AfriHate,@username omane ahlulwe yi bhebha uthule inkinga..,0
2852,vukuzenzele,iklabishi kanye no-beetroot ngase ngiyokudayisa emtho- lampilo wendawo. Ngangi- buya uphele wonke umkhi- qizo wami nsuku zonke.,0
3017,vukuzenzele,"zokusebenzela.“Abathengisi kanye nohwebo lwezitolo kuzovulwa ngokuphelele nakho, okubandakanya izitolo, iziphaza kanye nabathengisi basemgwaqeni. Ukuthenga nge-inthanethi kuzoqhubeka kusebenze. Eminye imikhakha eyayi vele seyivuliwe, njengezoli mo kanye",0
3185,vukuzenzele,"Abalingani bethu bezinyo nyana zabasebenzi baqinisile uma bethi kumele sivimbele ukuvuza kwezimali zikahulu meni ngendlela ebonakalayo ngokubhekana nenkohlakalo, ukuqeda ukusetshenziswa kwemali okungekho emthe thweni, okungenamiphumela nokuchitha imali.",0
1261,vukuzenzele,"Ncoma izingane ngaso sonke isikhathi uma ziziphathe kahle Ngokuzitshela ukuthi uzithanda kanjani izinto ezinhle ezizenzayo, zingayeka ukungaziphathi kahle. Ukengeza kulokho, ukuklomelisa kusebenza kangcono kunokujezisa.",0
dev_isizulu_00150,AfriHate,"lo ngamla uwrongo, ubafaka emakhaleni, uyaba user #mmusimaimane ##url",0
276,vukuzenzele,"“Kuze kube namuhla, uhu lumeni usabe kabusha umhla ba ongaphezu kwamahektha ayizigidi ezinhlanu, usuwo nke ubalelwa emapulazini ayizi-5 500, nozozuzwa nga bantu abangaphezu wezi 300 000.Kuze kube manje, inqu bo yokwabiwa kabusha ko mhlaba ihlomulise",0
train_isizulu_01327,AfriHate,kungangifanela yini ukuba istabane?😜😂🙆‍♀️ ##url,0
724,vukuzenzele,"ko-gwayi.Lesi kwaba yisinqumo esathathwa ndawonye nezitatimende ezethulwa emphakathini yimi-na noNgqongqoshe zethulwa simele, sigunyazwe, yithimba engiliholayo.Wonke umthethonqubo esi-wubekile ucatshangisiswe kanzulu. Ngesikhathi senza lokho kube khona",0
train_isizulu_00688,AfriHate,"🔊🔊🔊gibela phezu’kwendlu ubatshele, umama uya jabula masishaya amabhunu... jabuuuuula mama 🔊🔊🔊🔊",0
1601,vukuzenzele,esiyenzayo kanye nezinselele esibhekana nazo.Ukwethembeka kubaluleke kakhulu ekugcineni ukuthembana phakathi kwezi ntatheli nomphakathi. Uma izintatheli zivuma ukuthi zona noma izizindakusebenza zazo zisetshe nziselwe izimpi zepolitiki noma,0
2100,vukuzenzele,"Ngokuhlanganisa uguquko kwinqubo yokuthuthukiswa kwezimboni, senza ngcono indlela yokukhulisa umnotho efaka wonke umuntu eyabelanayo, kunokugxila emnothweni.",0
2183,vukuzenzele,"Application received: The application was received, but has not yet been processed.",0
3387,vukuzenzele,"babuke futhi bafinyelele kumathuba futhi bathole ukwesekwa ukuthola izindlela ezizobafaka emnothweni. Lokhu kuyingxenye yokuse-qhulwini oHlelweni Luka-Mongameli Lokusungulela Intsha Imisebenzi, olwethulwa emavikini ngaphambi nje kokuthi kuvalwe izwe",0
1283,vukuzenzele,"Baphawula ngokwenyuka kokudlwengulwa kanye namacala ezocansi, babhala ngokuthi abesifazane basaqhubeka nokuhlalela ovalweni; futhi sebelahla ithemba kumthetho.",0
3137,vukuzenzele,“Lokhu kuchaza isidingo zokwenza ngcono ukwenziwa komsebenzi kanye noku thuthukisa izinhlelo ze-NSFAS.,0
train_isizulu_02919,AfriHate,kaizer chiefs ilele phansi liyatalabha ibhunu,0
2323,vukuzenzele,Enye futhi indlela yoku hlola ngaphambi kokubeletha ukwenza uhlolo olubizwa ngeamniocentesis . Lapha kusuke kuqoqwa ingxenye encane yoketshezi iamni otic fluid bese luthunyelwa ukuyocutshungulwa amachromosome . Lokhu kucwa ninga yindlela yokuhlonza,0
2194,vukuzenzele,"Ngaleso sizathu, sihlala njalo sikhohlwa ukuthi sibuya kuphi ekusebenzi seni izimiso eziyisisekelo soMthethosisekelo wethu futhi ezenanela imica bango nezimfundiso zika-Steve Biko. Ngowe-1977, umbuso ongenanhliziyo wabulala omunye wabaholi bezwe",0
323,vukuzenzele,"UMongameli uthe uhulumeni ukubeka eqhulwini ukunqoba Isifo sobhubhane lwegciwane leCorona (iCOVID-19), ukwakhiwa kwengqalasizinda, ukwenyuswa komkhiqizo walapha ekhaya, ukwakhiwa kwamathuba omsebenzi kanye nokubhekana nezinkinga zokuntuleka kwamandla",0
958,vukuzenzele,"Kapa, isiFunda iLembe kanye noMzinyathi KwaZulu-Na tali, ngokunjalo nesiFunda i-Sekhukhune kanye neMo pani eLimpopo.",0
3083,vukuzenzele,yingqopha-mlando kulo mkhakha eminyakeni engama-42 waba khona.,0
test_isizulu_00657,AfriHate,"@username mazulu uyalayeka honestly. yena she slept with pakade willingly, whereas uzimele i don't blame him for his behavior ngoba uma ka nkululeko uyamsebenza.",0
train_isizulu_01667,AfriHate,"ey yabo ""@username : iyaphilisa imomozi ""@username : lelikhehla le playboy alikakafi?""""",0
743, umalema useka umkhwebane ,"UMENGAMELI we-EFF uMnuz Julius Malema uthi bazolwa kuze kufike ekugcineni beseka uMvikeli woMphakathi * -Adv Busisiswe Mkhwebane njengoba esempini yomthetho noNgqongqoshe wamaBhizinisi kaHulumeni uMnuz Pravin Gordhan.Ekhuluma nabalandeli beqembu lakhe ngaphandle kwaseNkantolo eNkulu yasePitoli izolo, ngemuva kokuthi inkantolo isigodlile isinqumo sayo odabeni luka-Adv Mkhwebane noGordhan, uMalema uthe uma inkantolo ephakeme ikhipha isinqumo esingahambisani nabo ngeke baze bangabaze ukuyisa lolu daba eNkantolo yoMthethosisekelo.“Sizimisele ngisho ukukhokhela zonke izindleko zaleli cala, lokhu esikwenzayo akukho mayelana noMkhwebane kodwa sivikela isithunzi sehhovisi lakhe,” kusho uMalema.Uthe bazimisele ukulwa nohulumeni.“UGordhan kumele azi ukuthi asimsabi futhi ngeke aze asisabise,” kusho uMalema.UMalema uthe akekho noyedwa umuntu ongaya kwiKhomishini athi uMalema uthinteka kwinkohlakalo emabhizinisini kahulumeni. “Bangakusho lokho kuphela uma bekhuluma emgwaqweni,” kusho uMalema.Abantu abacabanga kancane bayasisola ngokuthi asizazi ukuthi sifunani ngoba phambilini besimgxeka uMvikeli woMphakathi.“Amacala awafani, odabeni lwakhe ne-Absa samtshela ukuthi uzimele kodwa kuleli sinaye,” kusho uMalema.Omunye wabameli ka-Adv Mkhwebane, * -Adv Thabani Masuku izolo ugxeke uGordhan ngokudelela ammele ngemuva kokukhipha umbiko wakhe mayelana nophiko lwezingede lwakwaSars.UMasuku uthe inkulumo kaGordhan ethi * -Adv Mkhwebane umqambimanga osabalalisa izindaba ezingekho, kuphambene nomsebenzi wakhe wokuvikela izinhlaka zikahulumeni ezaziwa ngokuthi ngamaChapter 9 Institutions.",0
1504,vukuzenzele,"enkundleni yezokudla emhlabeni jikelele. Umnci ntiswano uvumela laba bapheki abahamba pha mbili abasebancane ukuthi baqhakambise ngokudla kwabo emhlabeni.UMolefe uhambele umcimbi wokunikezwa kwemiklomelo ngoNhla ngulana e-Bilbao, e-Spain, futhi uthi",0
3230,vukuzenzele,"lukhuphuka ngamandla emazweni athuthukile nasathuthuka. Njengoba sekukhuphuke izinga lokuhlolwa kwaleli gciwane, inani labathelelekile eNingizimu Afrika kulindeleke ukuthi likhule. Ngisanda kumemezela isimo senhlekelele sikazwelonke, okunguhlelo",0
2421,vukuzenzele,"Kulandela izibhelu zika zwelonke ngaphansi kwe siqubulo esithi: #FeesMu stFall , kwamenyezelwa ngoZibandlela ukuthi intsha evela emindenini lapho u mholo wakhona ungapha nsi kwezi-350 000 zamarandi ngonyaka izothola imfundo yamahhala ezikhungweni zemfundo",0
train_isizulu_01840,AfriHate,@username akwaziwa okwakhuluphalisa ingulube ##url,0
train_isizulu_01230,AfriHate,"weee bro ngeke lunge nje ""@username : @username indla uval'umlomo lol!khona zokhulphala verl akwaziwa okwanonisa ingulube ha ha ha",0
test_isizulu_00331,AfriHate,amanazaretha awayidli ingulube? ##url,0
test_isizulu_00402,AfriHate,ziyabhebhana bo inkomo zamkhulu 32 yonke ##url,0
1420,vukuzenzele,Qikelela ukuthi uyayihlola imali yakho njalo esebhange – zihlole ukuthi uyisebenzisa kanjani imali. Zilungiselele izikhathi ezizokubuyisela emuva. Hlukana nezikweletu ezingahlelelwe. Thenga ngobuhlakani. Zibuze ukuthi: Ngakube lokhu ngiyakudinga na?,0
train_isizulu_02308,AfriHate,kodwa mazulu uyayivala itv #sisonkedrive @username ,0
3449,vukuzenzele,Ngibonga abakwa-QA SA ngokunginika inkululeko yokuzimela nokuzethemba.,0
train_isizulu_01695,AfriHate,@username ukhozi mam'khoza luyehluleka  ukundilza @username kugqugquza imfene nje @username ,0
train_isizulu_01549,AfriHate,@username #chillaz wadlala sdudla ngikulalele kuyabanda la ngaphezulu eskhobho zikuhambela kahle izinto sky the limit mina ngithemba ukuthi nami ngizowina #happy birthdaykaizerchiefs,0
train_isizulu_03051,AfriHate,"lol@username : 😂😂😂 ""bhebha uthule wena"" 😂😂💀💀👏👏💀💀💀💀💀😂😂""",0
dev_isizulu_00590,AfriHate,@username lmao manje udiniwe 🤣 nawe uneke amasende lawukhona.,0
307, bashise isikole bekhala ngokudla abafundi ,"KUMISIWE ukufunda okwesikhashana esikoleni eBunguni Secondary kulandela ukuvuka umbhejazane kwabafundi, bashisa isikole bekhala ngokungabibikho kokudla.Izolo akuzange kufundwe kulesi sikole esiseNkanini, eMuden ngaphandle kwaseGreytown, emuva kwesigameko sangoMsombuluko lapho abafundi beqale bashaya khona othisha ngamatshe, baphihliza nezimoto zabo. Kuthiwa othisha baphume sebephelezelwa amaphoyisa. Abafundi basale baphihliza wonke amawindi esikole basokhela ngomlilo sasha sangqongqa.Isolezwe lithole ukuthi lokhu kwenzeke emuva kwesonto abafundi bebhale incwadi bebuza uthishanhloko ukuthi “balamba kangaka ikhona yini inkinga?” Kuthiwa bebefuna izimpendulo ukuthi kungani begcine ukudla ngoMeyi 15 nonyaka. Sekuphele amasonto amathathu kungadliwa namanzi engabonwa.Uthishanhloko kuthiwa wabhala incwadi wayihlohla eMnyangweni wezeMfundo nophakela lesi sikole ukudla emuva kwesikhalo sabafundi.NgoMsombuluko kuthiwa kuqale ngokujwayelekile ukufunda esikoleni kodwa kwathi sekuyisikhathi setiye abafundi bangabuyela emakilasini, kuthiwa yilapho beqale khona ukudedela amatshe bewabhekise kothisha.Othisha kuthiwa babaleke bangena endlini yabo yokuhlangana, amatshe elokhu ebalandela.Kubizwe amaphoyisa nabanye abazali ukuba bazolamula.Othisha bakhishwe amaphoyisa, babaleka.Abazali bafikile esikoleni bezolamula kodwa kwanhlanga zimuka nomoya njengoba abafundi bevele bokhela isikole ngomlilo besebenzisa amafutha.USihlalo wesigungu esilawula isikole uMnuz Ndoda Manyoni ethintwa izolo, uthe badumele ngalesi sigameko ngoba izingane zabo zizophazamiseka ezifundweni.“Kunzima nokuba ngikhulume ngalento njengoba isikole sishe saphela. Wonke amawindi esikole abulewe, kushe amagumbi okufunda, ihhovisi, indawo egcina impahla yesikole. Esikutholile ukuthi abafundi abazange besabuyela emakilasini beshaya othisha ngamatshe, kubizwe amaphoyisa, bagcina ngokushisa isikole. Asazi noma abafundi noma imidlwembe enza lento. Esikwaziyo ukuthi abafundi bakhala ngendaba yokungabi bikho kokudla namanzi esikoleni. Uthishanhloko ubesalulungisa udaba,” kusho uManyoni.Uthe okubaphatha kabi ukuthi abazi ukufunda kuzoqhubeka nini.“Nginezingane ezintathu kulesi sikole, efunda uGrade 12, 11 no-9. Angazi ngizokwenzenjani uma kuvalwa isikole, izingane ngizozilusisa izinkomo yini njengoba singenayo imali yokuziyisa kwezinye izikole. Namhlanje (izolo) bekumele kubhalwe izivivinyo zika-matric wangonyaka odlule kodwa akwenzekanga njengoba isikole sishisiwe. Kunomhlangano ebesinawo othisha bafike begadwe amaphoyisa ngoba besaba. Akufundwa nje esikoleni, asazi koze kufundwe nini ngoba isikole simoshwe saphela,” kusho uManyoni.Emuva komhlangano wayizolo kuphume umbono womhlangano ophuthumayo nokulindeleke ukuba uhanjelwe ubuholi bendawo okubalwa nenkosi.Lo mhlangano uhlelelwe uLwesihlanu ekuseni.Okhulumela uMnyango wezeMfundo KwaZulu-Natal, uMnuz Kwazi Mthethwa uthe bayalwazi loludaba futhi benza konke okusemandleni ukuba isimo sibuyele kwesijwayelekile bese kuyafundwa. Uthe basenza uphenyo ngendaba ethinta ukudla kwabafundi naso isigameko sangoMsombuluko ukuthi senzeke kanjani.Okhulumela amaphoyisa KwaZulu-Natal, uLt. Col Thulani Zwane, uthe kuvulwe icala lokucekela phansi impahla.“Kushiswe isikole, kwaphoswa amatshe kwalinyazwa izimoto namakilasi. Izimoto ezine ezilinyaziwe. Amacala avulwe esiteshini eMuden, uphenyo luyaqhubeka kodwa akekho oboshiwe,” kusho uZwane.",0
1208,vukuzenzele,"Yebo, lena imiphumela emibi eyasala yesikhathi esedlule ebesinokukhubazeka nokungalingani. Kodwa futhi kuyizimpawu zokwehluleka kwethu emphakathini wase-mva kobandlululo. Ukuvalwa kwezwe kulolonke lakuleli ngenxa yokulwisana negci-wane le-corona sekuvele",0
663, zingase zivalwe izikoleezithole u  ku matric ,"ZINGASE zivalwe ezinye zezikole okuvalwe ngehlahla kwangaphasa ngisho umfundi oyedwa ku-matric KwaZulu-Natal ngo-2018 ngoba ezinye zazo bezinomfundi oyedwa obhalile.UMnyango wezeMfundo esifundazweni uzobizela esigcawini othishanhloko balezi zikole ukuthi bazochaza ngemiphumela engemihle abayitholile. Sinyukile isibalo sezikole okungaphasanga muntu kuzona ngo-2018 njengoba ziyisishiyagalolunye zisuka kwezintathu ngo-2017.Okhulumela umnyango uMnuz Sihle Mlotshwa, uthe bazobiza nothishanhloko bezikole ezithole ngaphansi kuka-60% ukuze kucutshungulwe imiphumela yalezi zikole. Uthe kulezi eziyisishiyagalolunye ezithole u-0% asikho esango-2017 okwakungaphasanga muntu kusona, yizikole ezintsha.“Lezi ezintathu ezazithole u-0% azikho kulezi eziyisishiyagalolunye zangonyaka odlule okungaphasanga muntu kuzona. Ezinye zalezi ezithole u-0% bezinesibalo esincane sabafundi ababhalile njengoba kwesinye ubeyedwa kwesinye bebane. Abazali kumele babambisane nathi uma sifuna ukuvala isikole ngoba ezinye zezingqinamba uma sifuna ukuhlanganisa izikole noma sivale ezinye ngukuthi abazali bayanqaba,” kusho uMlotshwa. Uthe basuke befuna ukuzivala ngoba basuke sebenze ucwaningo olunzulu wathi abamane nje bavuke sebevala isikole.“Nakulezi kukhona okubonakalayo ukuthi azisebenzi ngakho kudingeka ukuthi zivalwe, zihlanganiswe nezinye kodwa sizoxoxa nemiphakathi ethintekayo. Sizokwakha uhlelo lokuphucula imiphumela yalezi zikole ngoba sifuna ukuqeda ngezikole ezithola ngaphansi kuka-0%.”UNgqongqoshe walo mnyango, uMnuz Mthandeni Dlungwane, wayethe ufuna ukuqeda ngezikole ezithola u-0% kulesi sifundazwe. Zingu-12 ezweni lonke izikole okungaphasanga muntu kuzona ngo-2018.Esinye sazo yiMpikayizekanye Secondary ebinabafundi abangu-18. Lesi sikole sike sangena ehlazweni lokukopela kwabafundi ngo-2014. Umnyango waqinisa kakhulu ezikoleni ezathinteka ekukopeleni kwabafundi ngokuthi kube nabantu abazozinza kuzona kuze kuqala ukubhala kwezivivinyo zize ziphothulwe.Ezinye zezikole ezithinteka ekukopeleni kubalwa iMaweni High, Mzoniwe High okubhale kuyo abayisishiyagalombili, Ncwecwe Secondary okubhale abafundi ababili, Nende Secondary okubhale abafundi abangu-10, Sbonginhlanhla Secondary okubhale umfundi oyedwa, Groenvlei Combined okubhale abafundi abayisishiyagalombili, Vuleka School for the Deaf okubhale abane naKwaMpunzi Combined okubhale abafundi abayisikhombisa.",0
test_isizulu_00624,AfriHate,"ndikuncamile @username , uyinja sikhulule!!! 📸🔥🔥🔥🔥🔥 ##url",0
2199,vukuzenzele,"imiphumela yemfundo yabantwana, kanye nokuhlinzeka ngosizo lwezenhlalo ngezinhlelo zesondlo ezikoleni ukuqinisekisa ukuthi abafundi bethu abancane bathola imiphu mela emihle esikoleni. Ngoxhasomali lwaba fundi iNational Student Financial Aid Scheme",0
dev_isizulu_00415,AfriHate,@username sijatshuliswa ukulandelwa kwaso kwa instagram isitabane sa se pitoli ngu saziwayo ubonang matheba... ;),0
588, umqaphi udubule uzakwabo wafa ,"BASHAQEKILE abasebenzi bakaMasipala wasoLundi emuva kokuthi indoda eqapha izikhulu zomkhandlu idubule uzakwabo obesebenza kwizicishamlilo wafa endaweni yokucima ukoma ngeSonto.Indoda (35), engeke ize idalulwe ngoba ayikabuzwa ukuthi iyalivuma noma iyaliphika yini icala, izolo bekulindeleke ivele eNkantolo yeMantshi yasoLundi mayelana necala lokubulala uMnuz Phakamani Bukhosini (27).Kuthiwa kube nokulizisana phakathi kokuthiwa udubulile nomufi endaweni yokucima ukoma. Lokhu kuholele ekutheni adonse isibhamu adubule umufi kaningana.Isolezwe lithole ngomthombo walo ukuthi umufi uqale wadutshulwa onyaweni, wabe eseyaxolisa, ecela ukuthi angabulawa.Kuthiwa ilapho emdubule khona amahlandla amaningi, waze wasondela eduze ukwenza isiqiniseko sokuthi usefile.Omunye umthombo ongaphakathi kumasipala uthe umdubuli ubengasasiphathi isibhamu somsebenzi ngenxa yokuba nodlame ekhaya.“Usebenzise isibhamu sakhe okungesona esomsebenzi. Ubaziwa ukuthi unesandla esilula, uma eke waxabana nomuntu uvele asikhiphe, noma adubule.“Unolaka olumangalisayo. Yingakho ubengasanikezwa isibhamu somsebenzi,” kusho umthombo ocele ukungadalulwa.Imenenja yoMkhandlu wasoLundi, uMntwana Nkosenye Zulu, uthe abasebenzi bashaqekile ngokwenzekile.“Sikhungathekile njengomkhandlu nabasebenzi emveni kokuthi sithole izindaba ezithi omunye wabasebenzi bethu ongumqaphi udubule omunye umsebenzi wethu obesebenza kwizicishamlilo wambulala,” kusho uZulu.Uthe bezwe kuthiwa kube nokuhilizisana okuthile phakathi kwabasenzi babo nokugcine ngokuthi kudutshulwe.“Umufi obesebenza kwizicishamlilo ubelindele ukubizwa emsebenzini noma yinini. Umsolwa ubengasebenzi besendaweni yokuzithokozisa babe sebeyaxabana. Asazi ukuthi kubangweni kwagcina ngokuthi lona ongumqaphi adubule abulale lona obeyisicishamlilo,” kusho uZulu.Uthe namhlanje (izolo) bekungasebenzeki kubasebenzi baze babiza izinceku ukuba zizokhuleka.Okhulumela amaphoyisa KwaZulu-Natal, uBrigader Jay Naicker, uthe indoda (35) ivele eNkantolo yeMantshi yasoLundi namhlanje (izolo) mayelana necala lokubulala.“Kuyasoleka ukuthi ngoNovemba 3, indoda (27) idutshulwe yashona emgwaqweni uBhambatha e-Unit B oLundi. Umufi ubenamanxeba amaningi okudutshulwa, kuvulwe icala lokubulala esiteshini samaphoyisa oLundi ukuze kuphenywe,” kusho uNaicker.",0
542, ungoti ugxeka uhulumeni ngemfundo engagculisi ,"UNGOTI wezemfundo owaziwayo ngokugxeka uhulumeni angahlonizi ngokuhluleka ukufukula imfundo yakuleli uSolwazi Jonathan Jansen uthi uma uhulumeni ungase ugxile kakhulu emazingeni aphansi ezemfundo ngeke ibe khona inkinga yezinkumbi zabafundi abashiya phakathi ukufunda bengafinyelelanga kwa-matric.UJansen ozinze eNyuvesi yaseStellenbosch oke waba ngumphathi weNyuvesi yaseFree State, ukhwele wadilika kuhulumeni ngokuthi akayikhathalele imfundo ngoba izingane zosopolitiki zifunda ezikoleni ezingcono.“Ukuze uhulumeni alungise inkinga yezemfundo kuleli, kumele kugxilwe emazingeni aphansi ikakhulu ezinkulisa (Grade R). Akungagxilwa emazingeni aphezulu ikakhulu emanyuvesi,” kusho uJansen ekhuluma engqungqutheleni yenyunyana yothisha iNaptosa eThekwini ngoLwesihlanu.Uthe izinto zimapeketwane kwezemfundo yingakho abafundi abawuhhafu wesigidi bengafinyeleli kwa-matric beshiya phakathi izifundo.Usho lokhu nje izinyunyana zothisha zihlale zikhala ngokuthi kumele kuqiniswe emazingeni aphansi ikakhulu uGrade R njengoba othisha bakhona bengaqashiwe ngokugcwele. Imfundo ethathwa njengebalulekile iqala kwaGrade 1.Uthe kukhulu ukwehlukana kwezemfundo njengoba izingane zabacebile zithola engcono.Unxuse othisha ukuthi bangalindeli uhulumeni ukuthi afukule imfundo kodwa babhukule bazenzele.“Ningalindeli uhulumeni ngoba ayikho into azoyenza ngoba izingane zongqongqoshe zifunda ezikoleni ezikahle. Sukumani nenzele izingane zabahlwempu ezidonsa kanzima.”Ukhale kakhulu ngenye yezinyunyana angayidalulanga ukuthi uma iteleka ayifuni kuvalwe izikole zabamhlophe ngoba yilapho kufunda khona izingane zamalungu ayo.Uthe ucwaningo luyaveza ukuthi umfundi ofunde esikoleni esinayo yonke into, noma lezo ezazaziwa njengazabamhlophe kuba negebe uma umqhathanisa nalabo abafunde ezikoleni zabamnyama wathi leli gebe alibe lisavaleka kuze kuphele iminyaka engu-12 yokufunda.Ugqugquzele ukuthi kufundelwe abafundi nezingane izincwadi wancoma nothisha bokufika ukuthi bayawazi umsebenzi wabo.UMnuz Basil Manuel, isikhulu seNaptosa sikhale kakhulu ngokuthi kunenkinga kwiMaths njengoba abafundi beyifeyila.Uthe izinga lokuphasa lesi sifundo liphansi wathi noma bedlulela kwamanye amabanga aphezulu isimo siba sibi kakhulu.UNksz Thirona Moodley, isikhulu sale nyunyana kulesi sifundazwe, uxwayise othisha ukuthi bangabacwasi abafundi noma bafake imizwa yabo uma befundisa.Ukhulume ngesehlakalo sikathisha osulile waseWestville Girls High, osolwa ngokubiza abafundi abamnyama ngegama lokubacwasa eliqala ngo-K.",0
1462,vukuzenzele,"Siqinise imithethonqubo kaMgcinimafa, sakha isikhungo i-fusion centre futhi sanikeza uPhiko Olukhe-thekile Lwezokuphenya igunya elibanzi lokuphenya zonke izinsolo zenkohlakalo ezihlobene ne-COVID-19.",0
239,vukuzenzele,"Umndeni nabangani bange seka abafundi ngokuzwelana nabo, ngokubagqugquzela nokubaqinisekisa njalo-nje, kusho uTlhapane.",0
2419,vukuzenzele,"Njengoba izwe libungaza Inyanga Yentsha, iVuk’uze nzele ibukisisa ukuthi intsha yezwe ihlinzekwa kanjani ngamathuba nguMnyango wezeMfundo ePhakeme Nezokuqeqesha ukuze i phumelele.",0
408,vukuzenzele,"engaphansi kwemihlanu ubudala, abantu abadala kanye nabantu abasebenzela ngaphandle basengcupheni yokuphelelwa ngamanzi emzimbeni kanye nesifo esidalwa ukushisa kwelanga (lokhu ukugula oku-dalwa ukushisa komzimba ngokweqile).Isifo esidalwa ukushisa",0
390, isililo kushona abezempilo ,"KUSHIYE isililo emnyangweni wezempilo esifundazweni ukushona kwezimenenja ezimbili ebezisebenza ezibhedlela zaKwaZulu-Natal, ngoMsombuluko.UNKK Thandazile Octavia Manzini (55), ungoti wokubelethisa obebuye abe yi-Operations Manager ophikweni lokubelethisa esibhedlela eManguzi, ushone ngesikhathi imoto abehamba ngayo ishayisana neloli kuR33, ngasesiqiwini iSmangaliso, kwathi uMnuz Phathakahle Jali (41) obeyi-Operations Manager ebhekelele imitholampilo engomahamba nendlwana esibhedlela uNtunjambili, ngaseKranskop, wadutshulwa wabulawa, ngamadoda angaziwa esemzini wakhe, ngoMsombuluko.UNkk Manzini kuthiwa ubephuma koqeqesha abanye abahlengikazi emtholampilo KwaMsane ngesikhathi kwenzeka le ngozi. UJali kuthiwa uhlaselwe ngamadoda amabili angaziwa esemzini wakhe ntambama, avulele ngenhlamvu ebhekise kuye, washonela khona lapho.UDkt Siphiwe Vumase isikhulu esiphezulu esibhedlela iManguzi, uthe balahlekelwe kakhulu ngokushona kukaNkk Manzini obesesebenze iminyaka ewu-30 kulesi sibhedlela.“Ubefundisa abanye abahlengikazi lapha eMkhanyakude. Ubesebenza kahle kakhulu ophikweni lokunciphisa ukudlulela kwegciwane lengculazi enganeni ezalwa umama onegciwane onalo, iPrevention of Mother to Child Transmission of HIV. Ngenxa yokuzimisela kwakhe sekuphele iminyaka emithathu singakaze sibe nenkinga yokushona kwengane ngesikhathi unina eyibeletha noma ngemuva kokubeletha.”UMNUZ Phathakahle Jali obeyi-Operations Manager ophikweni lwemitholampilo engomahamba nendlwana, esibhedlela uNtunjabili, odutshulwe wabulawa esemzini wakhe, ngoMsombuluko Isithombe: SithunyelweUPastor Klaas Manzini umfowabo kaNkk Manzini uthe bashaqeke kakhulu ngokudlula emhlabeni kukankosikazi kamfowabo.“Namanje kusenzima ukwamukela kodwa kumele samukele ngoba sizifikele mathupha endaweni yesigameko, sibone siqhamuka ukuthi mancane amathuba okuthi usaphila, bekuyinhlekelele yengozi leya,” kuchaza yena.Uthe unkosikazi kamfowabo ubewuthanda umsebenzi bekuthi noma besenkonzweni abashayele ucingo esibhedlela abuze ukuthi ngabe konke kuhamba kahle yini.UJali okuthiwa ubenamakhosikazi amabili, kuthiwa uqale ukusebenza kulo mnyango ngo-2001. Efika kulesi sibhedlela kuthiwa wayengu-staff nurse, waba ngu-professional nurse, waba yi-clinical nurse practitioner wagcina esekulesi sikhundla ashone ekuso. Ushiye amakhosikazi akhe nezingane eziyisikhombisa.UNgqongqoshe wezeMpilo kulesi sifundazwe, uDkt Sibongiseni Dhlomo, uthe kubuhlungu ukushiywa yilaba basebenzi bezempilo abashone kabuhlungu. “Kubuhlungu ukushiywa ngozakwethu ngale ndlela. Kusazoba nzima ukuthola abantu abebezinikele njengabo emsebenzini,” kusho yena.Okhulumela amaphoyisa kulesi sifundazwe, uCol Thembeka Mbele, usiqinisekisile isigameko sokudutshulwa kukaJali, wathi kuvulwe icala lokubulala, eliphenywa esiteshini samaphoyisa eKranskop.",0
test_isizulu_00640,AfriHate,why mabekwenza islima ama feelings avele aphindwe kabili kuwena oyi slima… ?,0
dev_isizulu_00204,AfriHate,if it not umdidi sivezelwa imomozi nje lakutwitter. kanti senzeni bantu benkosi 🤷🏾‍♂️🙆🏾‍♂️🙆🏾‍♂️,0
2635,vukuzenzele,"Njengomphakathi, sidinga ukubonisa lapho imithetho kanye nezinqubomgomo ezikhona kunganele ekuvikeleni izindlela zabantu zokuziphilisa, isithunzi kanye nokuphepha kwezingede futhi sisebenzisane ukubhekana nalokhu.",0
317,vukuzenzele,"ntwana.Ngezinsizakalo eziningi ezihlinzekwayo, kungaba ukufundisa abantwana bethu, ukuhlinzeka ngokunakekelwa kwaba ntwana ngesikhathi abazali besemsebenzini noma ukusungulela osomabhizinisi amathuba, i-ECD inegalelo elikhulu ekuphumeleliseni kwamaphupho",0
test_isizulu_00072,AfriHate,uy'lethe la ngiqale ngiy' checke leyo nyoni. ang'funi lutho ngawe 👀 ##url,0
571,vukuzenzele,bathola amavawusha athunyelwa komakhalekhukhwini babo.,0
2528,vukuzenzele,"Kuzodicilela phansi imizamo esebenzayo yokuvuselela umnotho ebisikhona, futhi kusibuyisele emuva sisuka kwintwasahlobo siye ebu sika.",0
train_isizulu_02724,AfriHate,@username yoh besonqamulela emaplazini amabhunu. besengsaba ukuthi sodutshulwa nje okulandelayo,0
train_isizulu_00475,AfriHate,@username inkomo🐄 ngalethani? phela mna ngyafela😍ngama dark dindy usheshe uphendule ke ngoba ngfuna ukuth umkhongi wami kube ujayz besa kuxoxa kodwa lokho ubeyonce uthe uintombi ephethe kahle! ##url,0
train_isizulu_00105,AfriHate,@username inkomo🐄 ngalethani? phela mna ngyafela😍ngama dark dindy usheshe uphendule ke ngoba ngfuna ukuth umkhongi wami kube ujayz besa kuxoxa kodwa lokho ubeyonce uthe uintombi ephethe kahle! ##url,0
train_isizulu_02721,AfriHate,@username ubuza amasende umdala.,0
3508,vukuzenzele,kakhulu ukuvikela ngaphezu kokunakekelwa kwangemva kwesehlakalo sodlame.,0
train_isizulu_02414,AfriHate,umamakho is angry coz imfene yakhe ayibuyanga.,0
2814,vukuzenzele,Lomzila Wezitimela Zempahla kwa-Transnet seluvele luqalile ukuvula izikhala zabasebenzisi bojantshi abazimele.,0
2211,vukuzenzele,Ukuqeda Isikole Nokuqeqeshwa (i-PSET) kodwa kungenzeka ukuthi ibhekene nesimo lapho:,0
28,vukuzenzele,Izi-nhlelo zokusakaza zizotholakala ukuze zibukelwe yizigidi eziyi-1.2 zabafundi ababhalela izivivinyo zabo zikaMatikule-tsheni ngoLwezi. UMkhandlu woNgqongqoshe Bezemfundo unxenxa bonke abafundi kanye nabazali ukuba basisebenzise lesi sizinda-lwazi.,0
train_isizulu_00505,AfriHate,"""@username : jola, bhebha usule umlomo uthule.. masek'fiki skhath sokuth udlule, dlula ! umelen ? ngazo khoza itraffic in my life !""",0
605,vukuzenzele,"Onyakeni wezimali wezi- 2015/16, isabelomali esabe- lwe lolu hlelo silinganise- lwa kuzigidigidi eziyisi- 5 703 zamarandi. URakwe-",0
3446,vukuzenzele,Ezokuthutha zomphakathi zaba yinkinga enkulu kimi.,0
241, ziya ngokwanda iziteleka emanyuvesi ,"IYASHUBA eyeziteleka emanyuvesi aKwaZulu-Natal njengoba izolo kuphazamiseke ukubhalisa eDurban University of Technology (DUT) nase-University of South Africa (Unisa) abasebenzi betelekela ukunyuselwa amaholo. Abasebenzi base-Unisa abangaphansi kweNational Education Health and Allied Workers Union (Nehawu) bafuna ukunyuselwa umholo ngo-12% kulo nyaka, umqashi uthi angabanika u-6%, abaseDUT bafuna u-10% umqashi uthi angabanika * -4%.Izinyunyana zabasebenzi baseDUT abangaphansi kweNehawu, iTertiary Education National Union SA (Tenusa) neNational Tertiary Education Union (NTEU) bangenele isiteleka ngoMsombuluko.Ngalolu suku bavule ngemashi ebiqondiswe koyiPhini likaShansela wale nyuvesi, uSolwazi Thandwa Mthembu.Izolo, abasebenzi abebethi babona sengathi umphathi uyabaziba babuyele ehhovisi lakhe befuna ukukhuluma naye.UMnuz Milton Estrice okhulumela lezi zinyunyana uthe kusukela bahambisa uhlu lwezikhalo ngalolu suku kuMthembu akukaze kube khona mpendulo noma umhlangano ohleliwe phakathi kwezinyunyana nomqashi.“Sibona sengathi iphini likaShansela lizishaya indiva izikhalo zethu kungakho namhlanje (izolo) sithe asibuye size ehhovisi lakhe ukuze asichazele ukuthi umi kuphi nodaba lwethu.“Sidinga isixazululo esisheshayo ngalolu daba ngoba sibona sengathi akazimisele ukululungisa,” kusho yena.Abasebenzi bazithele phezu konogada abebevimbile ehhovisi lomphathi, abasebenza kuleli hhovisi abathe akekho.ABASEBENZI baseDurban University of Technology (DUT) abatelekele ukwenyuselwa umholo izolo bemasha belibangise kumphathi wale nyuvesi, uSolwazi Thandwa Mthembu Isithombe: DOCTOR NGCOBOBathi uthe uzothumela umyalezo nge-email mayelana nomhlangano wokucacisango-4% no-6% umqashi azimisele ukunyusela ngayo abasebenzi.“Thina asiwazi u-6% ngoba sazi ukuthi abasebenzi abaqashwanga ngaphansi kohlelo olwaziwa nge-cost to company, yingakho sitshele abezindaba ukuthi umqashi ufuna ukubenyusela umholo ngo-4%. Sisamile ekutheni ngeke sibuyele emsebenzini lungalungisiwe lolu daba,” kusho yena.Lesi sikhungo siqashe abasebenzi besikhashana abebesebenzela kwenye ingxenye yenyuvesi abebebhalisa abafundi.UNksz Noxolo Memela oyimenenja yezokuxhumana kule nyuvesi, uthe inyuvesi izimisele ukulungisa lesi simo ngokushesha.Uthe abaphathi bazimisele ukuhlangana nezinyunyana kuleli sonto ukuze kuxazululwe udaba lwamaholo, olwaqala ukudingidwa ngoMeyi nyakenye.“Izitshudeni nabanye abantu abangena enyuvesi baphephile,” kusho yena.Khonamanjalo e-Unisa, abasebenzi abangaphansi kweNehawu bamise ukubhalisa befuna ukunyuselwa amaholo ngo-12%.Okhulumela iNehawu, uMnuz Khaya Xaba, uthe umqashi ufuna ukunyusa amaholo ngo-6% wathi bakhathele ukuthathwa kancane ngabakule nyuvesi.“Sifuna kuqashwe ngokugcwele abasebenzi abayitoho kuyekwe ukuxhashazwa kwabo emnyangweni wezobuchwepheshe.“Siyazi inyuvesi ingakwazi ukunyusela abasebenzi umholo ngoba babalelwa ku-400 000 abafundi ababhaliswayo minyaka yonke kanti kunoR400 billion osezinqolobaneni. Sizoteleka baze bahlangabezane nezimfuno zethu.”Imizamo yokuthola okhulumela le nyuvesi uMnuz Matrin Ramotshela ayiphumelelanga, ucingo lwakhe belukhala lungabanjwa nemibuzo athunyelwe yona akayiphendulanga.",0
689,vukuzenzele,"kakhulu izinga lokwesuleleka ezinganeni.Nakuba sikwehlisile ukushona kanye nokwesuleleka okusha, sisekude kakhulu ekufezeni umgomo wethu esawubekangonyaka wezi-2016 wokufinyelela ngempumelelo ekunci-phiseni ukwesuleleka nge-HIV ngamaphesenti angama-75",0
train_isizulu_00646,AfriHate,ai ngeke lo bhebhatov inkomo nje #amazulu,0
train_isizulu_00449,AfriHate,@username ukhuluma nje ngoba ekhaya kubo kade kukhona umqimba bacela mina ngihlinz’inkomo nganqaba ngathi angikwaz’ bangangiphakel’ yaz makoti wam’,0
train_isizulu_01329,AfriHate,nyoni zase kapa zyadelela 😡awbheke zingkakela kanjani 😡 ##url,0
train_isizulu_03023,AfriHate,saw this combo live.... slima ngempela! makenqeza! ##url,0
1435,vukuzenzele,"sekwenziwa uphenyo. Cela inombolo yokuxhumana nomphenyi, ukuze ukwazi ukuxhumana naye ngeminye imininingwane. Umphenyi uzophinde axhumane nawe uma kudingeka eminye imininingwane.",0
167,vukuzenzele,Ukuze uthole olunye ulwazi ngoMkhandlu i-Tourism Grading Council of South Africa shayela ku: 011 895 3000.,0
715, imibono umthethosisekelo waba yingcwaba lokugcina komnyama ,"ABAMHLOPHE bafika ezwenikazi i-Afrika bathola abamnyama benamasiko abo. Nakuba babaphuca okuningi kodwa kukhona abangabanga namandla okubaphuca khona. Kokunye abangakwazanga ukukuphuca khona abampisholo yilo isiko nesintu sabo. Bafaka inkolo ngenhloso yokumdunga umqondo umuntu omnyama. Kuyadabukisa ukuthi kuthe uma sekuphatha umuntu omnyama, waphuca umuntu wakubo isiko nesintu sakhe. Namhlanje sinobugcwelegcwele izwelonke uhulumeni wakha imali ngabo, namhlanje sinezingane ezihlala emigwaqweni ezijika zibe yizigebengu, ezigcina sezibizwa ngamaphara.Ngo-1996 kwaqhanyukwa noMthethosisekelo wezwe owanconywa kwathiwa muhle kunayo yonke emhlabeni. Lihle iqiniso, lokho kwaba yingcwaba lokugcina kumuntu omnyama. Umuntu omnyama kuqale lapho ukuthi kuthiwe akenze izinto eziphambene nesiko nesintu sakhe, okugcine kumngcwaba okokugcina.Uma ingane izalwa emandulo bekwaziwa ukuthi uma uyise nonina bengashadile leyo ngane ingumlanjwana, iyohlale ingeyakoninalume. Namhlanje uma ingane izalwa esibhedlela akubuzwa nakubuzwa kuvele kuthiwe ayibhalwe ngesibongo sikayise, lawo maphepha ayogcina eseMnyangweni wezaseKhaya, nakhona ingane igxivizwe ngesibongo sikayise. Unina ngokungazi isiko njengalokhu selamuka nezinkolo avume kugcine isibongo esisebenzayo kungesikayise wengane. Uma makhathaleni ingane isinezinkinga, kugcina sekufanele kuhlehlelwe emuva ingane ilungise iphutha elenzeka ngesikhathi izalwa sekuthiwa ayihambe iyofuna izincwadi ezifungelwe kokunye kuthathwe igazi. Uma uyise wengane nonina sebexabana kuqala inkinga. Akubhekwa ukuthi iphutha leli elenzeka emuva esibhedlela, lilungiswe kalula ngoba kwaziwa ukuthi isiko nesintu kuthini.Namhlanje la maphara esikhala ngawo amaqanda azalwe nguMthethosisekelo wethu owakhiwe omnyama kubusa omnyama, amachwane achanyiselwa yilokhu kuhlupheka esikubona kubhebhetheka imihla namalanga enganeni yomuntu omnyama. Siqamba amanga sithi kunezinkumbi zezingane ezingayitholi imisebenzi ngoba sifuna ukwanelisa izifiso zepolitiki sibe sazi kahle kamhlophe ukuthi akulula ukuthola umsebenzi kuphambene esibongweni. Uma ingane iphuma iyofuna umsebenzi iphuma naliphi ithongo? Lokhu ongqongqoshe abaphethe kowezaseKhaya bakwazi kahle kamhlophe, ezabo izingane ngeke bavume ukuthi zibizwe ngesibongo abaziyo ukuthi akusona. Kufana ncamashi nokuthi ezemindeni yabo ezakhona izingane bazifaka ezibhedlela ezingcono, nasezikoleni ezingcono bese bethi bahola umphakathi wona oyiswa ezikoleni nasezibhedlela abathi ezikahulumeni. Liphi iqiniso eliyophephisa lisindise liphinde liphilise umuntu omnyama oholwa omnyama na?Namhlanje sekuyinsakavukela umchilo wesidwaba ukuthi yonke ingane ezalwayo uyise nonina abashadile, noma beshadile kodwa akuzange kwagcagcwa njengalokhu sekwalahleka isintu namasiko. Namhlanje sekuyinto enzima ukuthi uma uganwa ungaganwa umuntu ongenayo ingane. Iningi labesifazane linezingane, kanjalo nebesilisa.Ukuyeka imikhuba efana nokusoma nokuhlolwa kwabesimame nokufundiswa kwabafana entabeni yikhona okuchamisele le nkinga yokuthi wonke umuntu usethatha isinqumo sokuganwa enomuntu onengane yomunye. Kukabili-ke le ngane ayithole engakashadi owesimame uzohamba nayo uyoyibiza ngesibongo salapho eganele khona, kokunye uzwe bona abadala obathembile okuthi bazi isintu abazizalukazi namakhehla bethi hamba uyobiza isibongo sakini khona ungayohlupheka. Kulapho-ke kuqala khona izinkinga. Kulapho uqala khona ukuba nezinkinga zasemsamo usuhlangabezana nale nkinga yaseMnyangweni wezaseKhaya, sekuthiwa thola izincwadi ezifungelwe, kumbe kuthathwe igazi ukuthola ukuthi bayakuzala ngempela yini laba bantu ngoba uthi uzama ukuguqula isibongo kube ngesilungile.Abantu abaningi abaya kohlola ezangomeni namhlanje bazi kahle kamhlophe ukuthi yisibongo esonakele. Uyozwa nohlolayo ethi thatha isibongo sikayihlo into engelona nakancane isiko, belekelelwa amanye amabandla akhona athi ancike esintwini kodwa ebe ekhuthaza into ephambene nesintu.Lithi-ke elami uma uhulumeni engakalungisi ezibhedlela lapho kuzalelwa khona izingane kanjalo nasemnyangweni, abantu bakithi abathi beyokulungisa batshelwe lokhu nalokhu, usekude umuntu omnyama ukukhulukeka nokuthi umnotho ube sezandleni zakhe.NANSI INDABANgeke ulahlwe abezizwe, uyolahla abakini.Bhedlindaba(033) 5691317/ 0797471911/ 0728972001.",0
train_isizulu_02454,AfriHate,@username phela that’s when i discovered umuntu ukhuluphala beyond amafutha nenyama 😂😂😂😂!  cha zingabuyi inkomo ngzozidla nazo kumane kubeworse!,0
dev_isizulu_00450,AfriHate,@username sdomu awuzi lutho ngebhola 😂. typical manchester united fan.,0
3259,vukuzenzele,"Echaza Ngesimo Sezwe yakamuva nje, ngibalule ukuthi uhulumeni, amabhizinisi kanye nabasebenzi kufanele basebenze ngokubambisana, umuntu ngamunye asebenzise amakhono akhe ahlukile, ukudala amathuba omsebenzi.",0
test_isizulu_00512,AfriHate,engabe sebephelile o compliments of the what what emsebenzini because bekumele ngivule izolo kodwa angiyanga... nanamhlanje ngisahlabe yona ingulube,0
1065,vukuzenzele,"Kunjalo, kuningi okusa mele kwenziwe uma sifuna ukwenza umehluko obona kalayo kwizinga eliphezulu lokweswelakala kwemise benzi ezweni lethu.",0
train_isizulu_00111,AfriHate,"""yini? usufuye imfene endlini yakho?""  lezo yizinkulumo esibhekana nazo uma siyonenzela ukudla endlini enkulu. anazi lutho. 😐",0
train_isizulu_01965,AfriHate,elika baba itiye ulenza ngephunduka teabags ungalikhiphi uzozikhiphela yena ufuna ukuqale elikhame lize linuke engathi imbiza iteabag 🤮 ##url,0
train_isizulu_01999,AfriHate,"@username sanbona basakazi bami seluqalile usuku ngisendleleni ngishaya ngonyawo ngiya. kwa mlungu la e vryheid , ngiyabonga we dali bagcina beziqoqa izincanga lapha zavalelwa      #isidlosasekuseni",0
1249,vukuzenzele,Ezinye izinkathi uSithibe aziqhenya ngazo kakhulu zi bandakanya ukuthola isicoco emncintiswaneni wonobuhle abanebala elimhlophe i-Miss Free State Albinism 2018 noku khethwa njengomunye wabadle umhlanganiso embuki sweni wemfashini i-Face of Free State,0
train_isizulu_02611,AfriHate,@username lol amasende ngiwabamba kanje ##url,0
2726,vukuzenzele,Isihluku kanye nemi phumela emibi yo bubhoklolo obenziwa nge-inthanethi kubantwana sekuvezwe obala ezinya ngeni ezisanda kudlula.,0
3406,vukuzenzele,"Vuk: Ngeziphi izinkinga ezi ngase zivele emshadweni wesintu?MvN: Ukungabhaliswa ko mshado kudala izinkinga ezi nkulu. Ukubhalisa kuhli nzeka ngobufakazi bokuthi impela umshado ukhona, ngakho kuba nzima ukufa kazela ubukhona bomshado ongabhalisiwe. Lokhu",0
2634,vukuzenzele,"Ngesikhathi kunezinhlelo eziningi ezikhona ezivu mela izingede ukuthi zibike ngokungadalulwa, sidinga ukuqinisa izinhlelo ezikhona futhi sihlinzeke ukwesekwa okuthe xaxa kulabo abaphumela obala ngolwazi abanalo.",0
279, umyalelo kapandor kwabensfas ,"UNGQONGQOSHE weMfundo ePhakeme useyalele abesikhwama esiboleka izitshudeni imali yokufunda, iNational Student Financial Aid Scheme (NSFAS), ukuthi bangaqhubeki nokwamukela izicelo zezitshudeni ezifuna ukuxhaswa ngemali ngonyaka ozayo.Encwadini ebhalwe nguNkk Naledi Pandor, ayibhalele uSihlalo webhodi lakwaNSFAS, uMnuz Sizwe Nxasana, eputshukele kwabezindaba, uthe ukhathazekile ngendlela isikhwama esihlela ngayo izinhlelo zokuxhasa izitshudeni, okubalwa kuzo ukuphuza kwaso ukuphasisa izicelo nokuphuza ukukhokhela izitshudeni eziphasisiwe.Kule ncwadi ukhala ngokuthi lesi sikhungo kubonakala sengathi asikwazi ukulawula izigidi zemali okumele sixhase ngayo izitshudeni.Lesi sikhwama bekumele sivule ithuba lokufakwa kwezicelo zika-2019 kusasa. Kule ncwadi uthe kunenqwaba yezitshudeni ezingakakhokhelwa imali yokufunda kwalo nyaka.Okunye okuvelayo wukuthi ubuchwepheshe obusetshenziswa yisikhwama ezikhungweni zemfundo ezehlukene abusebenzi kahle, okuholela ekutheni ulwazi lwezitshudeni olufakwa kubo lube nezinkinga.Kuvele ukuthi uNkk Pandor uke wabhalela ibhodi lesikhwama phambilini ethi akulungiswe izinkinga ezikhona mayelana nokukhokhelwa kwezitshudeni imali yokufunda.Waphakamisa ukuthi isikhungo masiqhamuke nendlela yokuxhumana yezobuchwepheshe esebenza kahle exhumanisa izicelo ezifakwa ezikhungweni zemfundo ephakeme nehhovisi elikhulu lalesi sikhwama.Okhulumela iNSFAS, uMnuz Kagisho Mamabolo, uthe ibhodi lesikhwama nabaphathi baso basebenzisana nomnyango namathimba abo asebenza ezikhungweni ukulungisa izinkinga ezikhona.Uthe zilinganiselwa ku-20 000 izicelo zika-2018 ezingakaphothulwa okusamele ukuthi lesi sikhwama sithathe isinqumo sokuthi ngabe izitshudeni ezifake izicelo zizohlomula yini esikhwameni.“Uma iNSFAS inikeza izitshudeni imali engekho amaphepha adingekayo, kuzoholela ekutheni ibukeke njengabantu abangawenzi kahle umsebenzi wabo. Uhlelo lwa-online seluyakuvumela ukuthi izitshudeni zifake amaphepha azo adingekayo zisebenzisa lolu hlelo.UMnuz Zola Saphetha, unobhala weNehawu, uthe izinkinga zakwaNSFAS zidalwa wukuthi lesi sikhungo sisebenza sengathi siyi-spaza, kuqashwa izihlobo.UNkk Pandor uthe kunzima ukuthi asivikele lesi sikhwama ekuhlaselweni wumphakathi nezitshudeni ngenxa yokuthi kusenezitshudeniezingakazi ukuthi ngabe zizohlomula yini kusona ebezifake izicelo zokuhlomula kulo nyaka.",0
train_isizulu_00324,AfriHate,@username wenja sufuna ukucela imali😂😂🤣,0
313,vukuzenzele,"nokusungulwa kwemisebenzi. Lezi zikhungo ziyingxenye ebalulekile yomnotho wezokunakekela. Zisimamisa izindlela zokuziphilisa, ikakhulu kazi kwabesifazane, lokho okufaka igalelo ekusu ngulweni kwemisebenzi emiphakathini eminingi.Ngesikhathi ubhubhane",0
dev_isizulu_00491,AfriHate,"""@username : @username isafuquza kangcono eyakho imomozi these days."" yew bish i am tryina change ningibuyisela emuva...",0
279,vukuzenzele,"Kuphinde kube mayela na nokuthuthukiswa ko mnotho. Ezolimo nochunge chunge lwezolimo kunga kwazi futhi kufanele ku guqule iminotho yasema khaya,” kusho uMongameli uRamaphosa.",0
3117,vukuzenzele,“Ngahlomula ngendondo ngokuba ngovelele esikhathi ni esifushane ngenxa yokuthi umsebenzi wami wathola u mphumela wocwaningo-ma bhuku ongenagcobho evikini lokuqala ngibambe kulesi sikhundla.” Waphinde wahlo mula ngendondo ‘yokuba yiqhawe’ ngoMfumfu,0
3598,vukuzenzele,ezinomthelela omncane.Ngamemezela futhi eNkulumweni Echaza Isimo Sezwe ukuthi sizobeka eceleni isamba esiyi-1% lesabelomali sezwe ukuze sisetshenziswe ohlelweni lwamathuba omsebenzi aqondiswe entsheni. Kunezinhlelo nemiklamo eminingana eyenziwayo ukuze,0
train_isizulu_01730,AfriHate,@username awungazi ingizwa ngendaba njengo mshado kanyoko 😂,0
1557,vukuzenzele,"Inhloso yokuthi kube nesi gaba sempahla engakhokhe lwa intela yokuthenga wu kusiza imindeni ehola imali encane, esebenzisa ingxenye enkulu yomholo ukuthenga impahla yasendlini.",0
dev_isizulu_00519,AfriHate,"bebedependent on a government that’s never been able to cater to them. ayiyekwe nje lento. mazulu amahle kyonisiza ukuthi nizisukumele izinto eziphathelene nozulu, ngoba niyovuka ngelinye ilanga esengekho wonke lamasiko enithanda ukwaposter la kwi tl.",0
test_isizulu_00309,AfriHate,@username ukuthi ibhunu noma ngonsundu nhlane akushitshi ukuthi mudala mnewethu.,0
train_isizulu_01680,AfriHate,intombazana eqoka u size 8 entlek uzimisele ngani sisi or should i say sisbhuti ##url,0
1322,vukuzenzele,"bantu abasebenza kulo mkhakha.Lokhu kubandakanya uhle-lo lokweseka iziphaza. “Ukwesekwa kweziphaza kuzobandakanya ukuxhuma-na okubhekiswe ngqo kwizi-phaza, amandla okuthenga kanye nokuthenga inqwaba yezimpahla kubathengisi abakhethiwe nabavumelekile,”",0
218,vukuzenzele,Ngesikhathi salolu bhubhane uGanuganu kudingeke ukuthi afunde ukusebenza ngaphansi kwengcindezi.,0
3361,vukuzenzele,"sokutheleleka nge-COVID-19.Ngokuvamile umoya ophefumulwa umuntu unamaphesenti angama-23 omoya ohlanzekile. Umshini wokuphefumula we-CPAP ukwazi ukumpompa izinga elingaphezulu kwalokho lomoya-mpilo, nokusiza umuntu akwazi",0
train_isizulu_00451,AfriHate,"""bang'thathele imali, bang'bhebha"" 🤦🏽‍♀️ ##url",0
test_isizulu_00359,AfriHate,ilento yakho yokuthanda ama model c ##url,0
train_isizulu_00134,AfriHate,nx slima😂😂😂😂😂😂😂😂 kusamele ngikuse kwambhebheni bakusethe kahle uyeke ukuhlupha ezinye iyngane ##url,0
762,vukuzenzele,"Umphumela woshintsho lwaka-SARS ludale ukuba ngcono ekuthotshelweni kwentela yomuntu ngamunye, intela yenkampani kanye neNtela Ngobungakomholo.",0
train_isizulu_00146,AfriHate,robot ubaqedile ocheese bakwi tinder..,0
1264,vukuzenzele,"zizizwe zikhe thekile; futhi nawe wethe mbeke, ukuze zikwazi uku thembela kuwe.",0
train_isizulu_01955,AfriHate,mele niyophahla nihlabe inkomo enelove pimple  ##url,0
1818,vukuzenzele,"“Sifisa ukuphuma sifundise umphakathi ukuthi kungani kubalulekile ukunakekela imvelo. Kulapho-ke umphakathi uzoqonda indima yezilwane nezinyamazane zasendle,” ngokusho kukaNyawo.",0
train_isizulu_01818,AfriHate,amabhunu ayazenzela nje kulamasaftas,0
728,vukuzenzele,"kanjani lolu bhubhane. Siyaqhubeka uku-lalela ukukhathazeka kwabantu bakithi futhi sizimisele ukwenza izinguquko ezizohambisana nokukhathazeka kwabantu ngezingqinamba abahlangabe-zana nazo nesidingo sokuphe-phisa izimpilo.Kulesi sikhathi esinzima, ama-ndla",0
3251,vukuzenzele,"nenhloso. Sizosebenza ngokubambisana, ngoba ukuphumelela kwemizamo yethu kuncike ekusebenzeni kwawo wonke umuntu waseNingizimu Afrika. Umzuzu kaThuma Mina ususengamele, mhlawumbe kakhulu kunakuqala. Nalokhu kuzodlula. Sizonqoba SingabaseNingizimu Afrika.",0
train_isizulu_00248,AfriHate,akukho ngamla nje kule top8 yamagenge?! #idolssa,0
2990,vukuzenzele,Abanye esibambisene nabo emphakathini njengosomabhizinisi kumele nabo balekelele ngoxhasomali.,0
2589,vukuzenzele,"Kubanikazi abaningi bama bhizinisi, ukubona ibhizinisi olikhulisile kusuka ekuqaleni lithwele kanzima ekutheni liphokophele phambili, noma ukuphoqeleka ukuthi livalwe, kuzwisa ubuhlungu obukhulu.",0
1547,vukuzenzele,"sikhuphula izinhlelo zemisebenzi yomphakathi, kumele siqinisekise ukuthi abesifazane abasebasha ikakhulukazi babamba iqhaza. Ekwengezeni kumalingeniso, lezi zinhlelo zizobahlinzeka ngethuba lokufunda amakhono kanye nesipiliyoni esidingekayo ukungena",0
2743,vukuzenzele,"I-YES, esanda kwethulwa nguMongameli Cyril Rama phosa, ihlose ukulungiselela abantu abasha umsebenzi kanye nokubahlinzeka nga makhono emicikilisho edinge kayo ukuze kwakhiwe umno tho othuthukisa izimboni.",0
test_isizulu_00529,AfriHate,asambeni siyongenela ley’ngamla,0
train_isizulu_02264,AfriHate,"""i'm gonna shine in the dark like the star ebusuku, sing all njenge nyoni zezulu ngoba ngibonga bonke labantu base kasi uthando longaka""",0
3052,vukuzenzele,izimvume zokuphehla ugesi kuya kumamegawatts ayi-100 kungenzeka kube nomphumela kutshalomali oluzimele kwimiklamo yokuphehla ugesi. INingizimu Afrika isanda kuthola isibophezelo sokuqala sezigidigidi ezingama-R131 ukuxhasa uguquko olufanele oluya,0
3350,vukuzenzele,"kukagwayi kodwa-ke sabe sesishintshwa lesi sinqumo emva kokuhlangana noMkhandlu KaZwelonke Olawula Igciwane le-corona kanye nabanye abadlala izindima ezahlukahlukene.U-Dkt. u-Egbe uthi ngaphandle kobungozi obuza ngqo nokubhema, ugwayi uvame ukwatshelwana",0
3188,vukuzenzele,"Sisabhekene nokusetshe nziswa kwemali kahulumeni, siphokophelele ukukhula.",0
2994,vukuzenzele,Masibambisane ekuvikeleni isizukulwane sethu esiyigugu sangomuso ekunaphazweni wutshwala nezidakamizwa kanye nemithelela yalokho.,0
train_isizulu_01212,AfriHate,"sanibona webahlali, nginombuzo lana, ok siyavuma angisiyona iyellowbone, kodwa cha inakhunga yami ngathi isimunyama ngama lengiso manje. ngisho ikepisi dade. ##url",0
train_isizulu_01994,AfriHate,is’khwebu sidlala inkawu kanje... ##url,0
2362,vukuzenzele,"I-CGE ingasiza mayelana nemali yesondlo somntwana, ukunukubezwa kwezocansi, ukubandlululwa ngokobulili kanye ne-GBV , futhi inikezela ngokwelulekwa kwamahha la kwezomthetho kanye nezi nsiza kwizisulu.",0
2758,vukuzenzele,"Ingabe izohola malini le ntsha?Umholo kulindeleke uku thi ulingane nezinga leholo eliphansi likazwelonke lezi3 500 zamarandi ngenyanga, okubandakanya ukuqeqe shwa nokwesekwa oku zohlinzekwa. Izindleko e zilinganiselwe ngonyaka yizi 55 000 zamarandi.",0
972,vukuzenzele,"Eminyakeni emibili edlu le, sabamba iziNgxoxo Zokubonisana zokuqala ngqa mayelana neMfundo Yase makhaya emkhakheni we zinga lemfundo eyisisekelo.",0
1685,vukuzenzele,Ezamabhizinisi eNingizimu Afrika kufanele ziqinisekise ukuthi abathengi abakhokheli kakhulu ukudla ukwedlula lokho okufanele. Siyazemukela izinkomba ezivela kubakhiqizi bokudla kanye nezitolo zokuthi benza imizamo yokusiza abathengi ukuthi bathole,0
58,vukuzenzele,"Esigabeni Sezikole Ezihamba Phambili, isikole i-Grootdrink Intermediate, esiFundeni i-Mgcawu eNyakatho Kapa, sithathe indawo yesibili; kwathi i-Aaron Gqedu Primary School, ese-Nelson Mandela Bay eMpumalanga Kapa, yaphuma isithathu. Zizothola impahla",0
166, imbokodo igcwale imigwaqo imasha ,"IMBOKODO ebiyingxenye yemashi ebizwa nge#Totalshutdown izolo ithi ifuna kubuyekezwe izigwebo zabantu besifazane ababoshelwa ukubulala abantu ababethandana nabo ababebahlukumeza.Laba besifazane abebemasha eThekwini, begqoke imifaniswano ebomvu neminyama, bebemasha nezinhlangano ezihlukene zabantu besifazane okubalwa kuzo i-Agenda Feminist Media, iKZN Network on Violence Against Women, bebezwakalisa ilaka labo ngezigameko zokuhlukunyezwa nokubulawa kwabantu besifazane.Le mashi ibibanjelwe emadolobheni ehlukene kuleli.Imashi yaseThekwini iqale eCurries Fountain yaphela eCity Hall lapho abesifazne bethule khona incwadi yezikhalo zabo. Bekulindeleke ukuthi incwadi yezikhalo bayethule kwiMeya uNkk Zandile Gumede kodwa bagcina beyethule kuMnuz Mthandeni Dlungwane ongungqongqoshe wezemfundo eKZN ngoba umphathi wohlelo ethe kumele yamukelwe umuntu wesilisa ngoba ibona abahlukumezayo.UNksz Beverly Mpho Motlabani, onguSihlalo wekomidi ebelihlela imashi yaseThekwini, ethula incwadi yezikhalo uthe bafuna kube noshintsho ezimpilweni zabantu besifazane.“Sifuna uMnyango wezokuThuthukiswa koMphakathi, wakhe izindlu eziphephile ukuze abantu besifazane nezingane bahlale ezindlini eziphephile. UMnyango wezeMfundo kumele unake izingane, ubone ukuthi azihlukemezekile, futhi azishayani ezikoleni.”Uveze nokuthi uphiko lwezokuphepha alubavikeli abantu besifazane emacaleni okudlwengula.“Kubalulekile ukuthi uma umuntu wesifazane eya esiteshini samaphoyisa ukuthi amaphoyisa amkholwe ummangali emacaleni okudlwengulwa, akufanele ukuthi abesilisa abadlwengulayo bathole ibheyili uma besolwa ngakho.”Uphethe ngokuthi kumele kube nezigwebo ezithe xaxa kubantu abadlwengulawayo, waphinde wathi kumele kubuyekezwe izigwebo zabantu besifazane ababoshelwe ukubulala abantu ababethandana nabo “ababebahlukumeza” ngoba uma babengababulalanga kwakuzofa bona (abesimame).Uthe laba besifazane kumele banikwe ithuba lokuthi bafake isicelo sikashwele ngoba babesuke bezivikela.Lo muntuza naye ubeyingxenye yabesifazane abebemasha eThekwini bezwakalisa ilaka labo ngesihlava sokuhlukunyezwa nokubulawa kwabesifazane nezingane izoloUNkk Lindiwe Thanjekwayo-Mzimela weSouth African Lawyers Association uthe, “Sekwanele ngokubulawa kwabantu besifazane, bafuna nokubona ubulungiswa.”Uthe abantu besifazane kumele bafundiswe ngamalungelo abo ukuze bakwazi ukuzivikela.Uqhube wathi kumele bagqugquzelwe ukuthi basebenze baphinde banikwe amathuba emisebenzi.“Abantu abaningi besifazane abakwazi ukushiya imishado enodlame ngoba sebehlalele ukuthi abasebenzi. Basuke besaba ukuthi uma beshiya abayeni babo ababahlukumezayo abazi ukuthi bazozondla ngani izingane zabo. Yingakho kubalulekile ukuthi abantu besifazane banikwe amakhono okuzithuthukisa ukuze bengeke bahlale emshadweni enodlame ngenxa yokuthi bahlalele imali.”Umbhali wezincwadi obuye abe ngumlingisi, uGcina Mhlophe, ekhuluma neSolezwe ugqugquzele ukuhlonishwa kwembokodo nabantu abadala kuleli.“Ukuze izwe liphephe kubalulekile ukuthi abantu bahloniphane. Kumele abantu bazwelane nabantu abasebunzimeni.”Le mashi ibikhona eTshwane, eGoli, eKapa nakwezinye izindawo kanti abesifazane bebephume ngobuningi bethi, Sekwanele ngokuhlukunyezwa kwabo!",0
train_isizulu_02992,AfriHate,"imfene ziya zalwa ngabanye abazali ""@username :""d rt @username : umangabe umuhle kuthiwa ""bayazala abanye abazali""",0
train_isizulu_00064,AfriHate,"@username mina mroza no mzo ngangithanda i afrikaans ngsahlala e richard'sbay, ngoba ngangsebenza kuwona amabhunu, bengfundisa isbhunu, nami ngasengi gheleza impela, konakala ukuthi ngize e durban, kanti nesi sotho ngyasithanda futhi @username #sisonkedrive",0
853,vukuzenzele,esedayisa olamula bakhe abatshale esiqeshini somhla ba asiqashile.,0
252,vukuzenzele,Ukungaqedi imisebenzi nomsebenzi wesikole wasekhaya.,0
1789,vukuzenzele,Lesi sifo sibonakala ngezimpawu ezinjengezomkhuhlane kanye nesifo se-Legionnaires. Okubaluleke kakhulu wukuthi uma umuntu ebonisa isithombe sokuxilongwa esiveza izimpawu zesifo kuba lula kakhulu ukuhlonza lesi sifo futhi okunye okuba luleke kakhulu,0
dev_isizulu_00475,AfriHate,imomozi yakho your choice! njenge nge vote! kambe uvotile usuphisani nge momozi 🙄🤔 ##url ##url,0
2188,vukuzenzele,Ungakwazi nokubona isimo sesicelo sakho mahhala ngeinthanethi.,0
2399,vukuzenzele,"uguquko, olwesekwe phezu kocwaningo, ukuqwashisa kanye nosizo olubonakalayo ezinhlanganweni ezibambe iqhaza ekulweni ne-GBVF.",0
1123,vukuzenzele,"Kulo nyaka u-DebtSafe ukhu thaza abathengi ukuba bazame ukusebenzisa amaphepha ajwayelekile ansundu uma besonga izipho, ashibhile futhi ahambisana nemvelo.",0
dev_isizulu_00520,AfriHate,@username izokulanda yona imfene yami lapho,0
1480,vukuzenzele,"ngokucinywa kogesi.Ngesikhathi izinyathelo esesizithathile zizogcina ukuthunyelwa kogesi ngokuthembekile futhi kungambi eqolo esikhathini esizayo, besibheka ukuthi yiziphi ezinye izinyathelo esingazithatha manje uku sondeza leli phupho eduze.Maduze nje",0
2375,vukuzenzele,UMagwaza ungomunye wabafundi abangamakhulu abedlula ezinhlelweni zokuthuthukiswa kwentsha minya ka yonke. Izinhlelo zihlinzeka ngoxhasomali nokusekela futhi lusiza abafundi ukuthi bathole imisebenzi uma sebegogodile. “Bengiwulinde ngamehlo abomvu umgubho,0
1556,vukuzenzele,"senzele bona, senzele thina kanye nezizukulwane zakusasa ukuthi singaphoxi leli lifa elihle kangaka.",0
3287,vukuzenzele,"Isifo somfutho wegazi, amaphesenti angama-58 Isifo sikashukela, amaphe-senti angama-56 Isifo esiyimbelesela sezinso, amaphesenti ayi-17 ISandulela Ngculazi, ama-phesenti ayi-16 Isifuba somoya noma izifo eziyimbelelsela zokuphefu-mula, amaphesenti ayi-15",0
train_isizulu_01858,AfriHate,generationz witout. ngamla or wandi ayikho mnandi bt imuncu. ningabafaka bonke. abasha kodw abenzi mehluko omkhulu.,0
499, ufaka umasipala enkantolo odilizelwe isitolo ,"LUYASHUBA udaba lukasomabhizinisi waseNtuzuma odilizelwe isitolo ngabasebenzi bakaMasipala weTheku namaphoyisa awo ngoLwesihlanu olwedlule, osethole ummeli ozolungisa udaba lwakhe, wavula necala.UMnuz Nduduzo Magwaza (37) obengumnikazi weYoung Minds Tuck Shop, usamile ekutheni isitolo sakhe besisebenza ngokusemthethweni kodwa yilungu elithize lomphakathi elibikele uMasipala amanga ngaye. UMagwaza ubesedayise iminyaka engu-11 kulesi sitolo esiyikhonteyna. Uthe ufuna umasipala umbuyisele endaweni yakhe futhi umkhokhele nezimpahla ezicekelwe phansi ngesikhathi edilizelwa isitolo. Kuthiwa abasebenzi bakaMasipala namaphoyisa baklabhe ikhonteyna emuva kokuba kukhishwe incwadi yesexwayiso yokuthi uMagwaza kumele ayisuse.Okhulumela amaphoyisa kuMasipala uSuperintendent Parboo Sewpersad, uthe isitolo sikaMagwaza besingabekiwe endaweni efanele ngoba besiphazamisa nokuhamba kwezimoto nomphakathi.FUNDA:Usola umona odilizelwe isitolo“Ubesexwayisiwe ukuthi akayisuse ikhonteyna kodwa wangakwenza lokho. Sithole izikhalo zokuthi kuyagcwala kakhulu esitolo sakhe, kuphuzwe notshwala futhi sinama-video awubufakazi. Kusolwa nokuthi kusetshenziswa nezidakamizwa futhi umnikazi wesitolo ubechitha ngisho indle kuyona le ndawo. Sinqume ukuthi sithumele amaphoyisa ngoba uMagwaza ubengasilalelanga isexwayiso,” kusho uSewpersad.Uveze nokuthi sebeyazi ngecala elivulelwe amaphoyisa kamasipala, athe lingamanga futhi bazolilandela. “Wanikwa isexwayiso esanele kodwa wakhombisa ukudelela umthetho ngoba esekwa yikhansela elihlangene naye. Useke wahlawuliswa uR4 300 ngenxa yokuphula umthetho nokungabi nayo imvume. Kumele aye eNkantolo eNtuzuma ngoDisemba 7 ukuyokhuluma ngendaba yenhlawulo. Sithole nokuthi incwadi ayisayinise umphakathi uthathe nabantu abangahlali kuleya ndawo,” kusho yena.Mayelana nezinsolo zezidakamizwa nokugcwala ngaphandle kwesitolo uMagwaza uthe akukho okubi obekwenziwa.“Kuyo uyonke indawo enesitolo kujwayele ukugcwala abantu ngaphandle, obekuyizingane ezingomakhelwane. Kule ndawo kudonsa noWiFi yamahhala obekwenza ukuthi abantu bagcwale bezosebenzisa yona. Abefika kaningi amaphoyisa nekhansela bezosesha kodwa bathole ukuthi konke kuhamba kahle,” kuchaza uMagwaza.UMnuz Thomas Ntshangase oyikhansela uthe naye umangele ukuthi kungani sidiliziwe isitolo ngoba konke bekuhamba kahle.",0
2072,vukuzenzele,"ngendlela okulula ukuyiqonda, ukuze kwenziwe lula ukwabelana ngolwazi, ukuhlaziya nokucwaninga,” echaza.",0
train_isizulu_02409,AfriHate,"uzobhebheka, akadlali ululo ""@username : @username rt @username : mention your celebrity crush""""",0
256, imibono ayiqalwe kubantu eyokukhulelwa ,"IDINGA ukubukwa ngeso elibanzi indaba yenqubomgomo ehlongozwa wuMnyango weMfundo eyisiSekelo, okuhloswe ngayo ukufundisa abafundi abenza uGrade 3 kuya kaGrade 5 ngokukhishwa kwezisu kwabakhulelwe bengahlosile nokuvikela ukukhulelwa, ngokuthi badle amaphilisi athile emuva kokuya ocansini.Inzima le nkinga ebhekene nohulumeni. Kuthiwa babalelwa ku-15 000 ezweni abafundi abakhulelwe. Isikhathi uhulumeni asinikeze umphakathi ukuba uphawule, sincane. Kuthiwe ukuphawula kuzophela ekupheleni kwezayo. Indaba yokukhulelwa kwabafundi kangaka ezweni elidume ngokuba neningi elingamakholwa, isho lukhulu.Sibona ukuthi bekuzoba ngcono ukube uhulumeni usungule ithimba elimukela izincomo ngokuthi kwenziweni, kunokuthi aqale ngokwenza ezakhe izincomo umphakathi ungakasho lutho.Siyayidinga inqubomgomo esuselwe ebantwini emazingeni aphansi futhi kungabi nohlangothi oluzibona lubukelwe phansi ekubunjweni kwayo. UMntwana waKwaPhindangene, ongumholi we-IFP, wake wathi abanye abaholi ababesethimbeni elabumba inqubomgomo sekukhululeke izwe, bathi uma bebuka emuva, bangayikholwa eminye yemithetho eshaywe yibona uqobo.Kungenzeke yini namanje kuphinde leso? Sekukhona abathi kuhamba phambili abaziyo ukuthi izingane zabo azithinteki lapho.",0
2324,vukuzenzele,"esebenza kahle ngokubalelwa kumaphesenti angama-98.UMaluleka uthi abantwana abanesifo se-DS bayakwazi ukuphila ngokupheleleyo, ngokunempilo kanye noku phila isikhathi eside. Noma lingekho ikhambi lokuyilapha, abantu abane-DS bayazuza kakhulu emakhaya",0
359,vukuzenzele,"nokwaholela eku-theni isibalo sibe ngama-518, sehla sisuka kuma-680 ngowe-zi-2016.",0
3357,vukuzenzele,Uthi bewazi ukuthi? Ungashayela Umkhandlu Olwisana Nokubhema Ku-zwelonke (i-National Council Against Smoking) kule nombolo: 011 720 3145 ukuze uthole usizo lokuyeka ukubhema. INhlangano Yomdla-vuza yaseNingizimu Afrika (i-Cancer Association of South,0
1874,vukuzenzele,Kunobungozi obukhulu bokuthi umbungu ungahaqwa isimo esingajwayelekile ngokomzimba noma ngokwengqondo.,0
442,vukuzenzele,Washa imoto yakho ngebhakede nesiphontshi kuphela.,0
3216,vukuzenzele,impahla asuka ezibukweni laseThekwini asebenzisa umgwaqo onguthelawayeka oya e-Gauteng,0
2311,vukuzenzele,Kunezinsiza ezehlukene ezikhona ukusiza abantwana ukuthi basebenzise i-inthanethi ngokuphepha.,0
3316,vukuzenzele,Qikelela ukuthi aba ntwana abancane baqa shwe umuntu omdala ngaso sonke isikhathi.,0
3418,vukuzenzele,"izinsizakalo zempilo zabesifazane aba khulelwe abanezinkinga ngokukhulelwa kwabo ezi bhedlela ezingama-22 ezithi nteka kakhulu kanye nokwe lashwa komdlavuza (i-onco logy), ngosizo oluqondile eGauteng naKwaZulu-Natali, kodwa futhi nezinye izifunda -zwe",0
train_isizulu_02200,AfriHate,"""akwaziw okwanonis ingulube"" ☺ ##url",0
67,vukuzenzele,"na uthe imali esetshenziswa ohlelweni iyakhushulwa minyaka yonke ukuze ku- hlangatshezwane nokukhu- phuka kwamanani ezinto, is- abelomali sonyaka wezimali wezi-2017/18 silinganiselwa kuzigidigidi eziyisi-6.4 zam- arandi.",0
856,vukuzenzele,"Ngaphinde ngabona uku thi abalimi babenza okwa kwenziwa yithina badayisi abahamba ngezinyawo – babepakisha isitokwe sabo bese besidayisa eMakethe yaseKapa. Ngabona ukuthi kungekudala thina badayisi abahamba ngezinyawo sizo phelelwa indawo yokudayi sa,",0
test_isizulu_00409,AfriHate,maritzburg sucks mxm abekho omahosha ngamasunday😓😁😋,0
317, kuzophela ukushaywa umoya emahhovisi kosigaxamabhande bamaphoyisa ,"KUZOPHELA ukushaywa umoya emahhovisi kosigaxamabhande bamaphoyisa asebezophakwa emgwaqweni balwe nobugebengu obehlukene, ikakhulukazi ukubanjwa kwenkunzi kwezimoto zemali nokubulala.Izolo ngaphambi kokuthi uNgqongqoshe wamaPhoyisa, uMnuz Bheki Cele, noKhomishana wamaphoyisa, uLt-General Khehla Sitole, bethule izinhlelo zabo zokulwa nobugebengu esithangamini nabezindaba, kubikwe izenzo ezintathu zokubanjwa kwezimoto zemali eMpumalanga.USitole uthe bazotshala inqwaba yamaphoyisa emgwaqweni khona kungeke kubelula ezigebengwini ukuthi ziqhubeke zenze ubugebengu.“Sizojuba noLt-General ukuthi bahole amathimba ethu esizobe siwaphaka emgwaqweni,” kusho uSitole.Uveze nokuthi bazosebenzisa nezobuchwepheshe angazange adalule okuningi ngazo ukufihlela izigebengu induku emqubeni.“Siyazi ukuthi amanye amaphoyisa ayathinteka ezehlakalweni zobugebengu. Lawo esiwabambayo siyawaxosha embuthweni, siwabeke namacala ayobhadla ejele,” kusho uSitole.Uthe kunoLt- General abathathu ababaxoshile ngoba bebethinteka ezehlakalweni zenkohlakalo.“Siyaluseka futhi uphenyo olwenziwa wuphiko oluphenya amaphoyisa, i-Independent Police Investigative Directorate (IPID).Yize luqhuba uphenyo lwalo nathi siyaqhubeka nophenyo lwethu lwangaphakathi,” kusho uSitole.Ephendula mayelana nophenyo olwenziwa yithimba eliphenya ngokubulawa kosopolitiki KwaZulu-Natal, uCele uvumile ukuthi umsebenzi waleli thimba awujabulisi.Uthe emacaleni cishe awu-40 okubulala mhlawumbe bane abantu ababoshiwe ngawo.“UMengameli Cyril Ramaphosa wajuba oNgqongqoshe abaphethe izinhlaka zezokuphepha ukuthi bahlanganise amakhanda ukuze balwe nendaba yokubulawa kwabantu eKZN. Ngingasho ukuthi sesiwuhambisile umbiko wethu wokuqala kuMengameli. Ngingakuveza ukuthi akajabule ngokuphelele ngokwenziwayo,” kusho uCele.UMqondisi we-Institute for Security Studies, uSolwazi Johan Burger, ekhuluma nabakwa-eNCA ngemuva kwesithangami sabezindaba sikaCele noSitole, uthe bese belinde isikhathi eside ukuzwa ukuthi iziphathimandla zamaphoyisa zinaziphi izinhlelo zokulwa nobugebengu.UBurger uthe bayakwamukela ukutshalwa kwenqwaba yamaphoyisa emgwaqweni, wengeza ngokuthi wathi naye uyakholwa wukuthi lokhu kuzosiza kunciphise ubelelesi.Uthe kodwa ukutshalwa kwenqwaba yamaphoyisa ngeke kusize ngalutho uma ezobunhloli zingekho bukhali.“Ngisakhala ngithi kumele kubuyiswe uphiko lwamaphoyisa olwavalwa iSerious and Violent Crime Unit. Lolu phiko lwasebenza ngenkulu impumelelo futhi amanye amaphoyisa ayesebenza kulona asekhona embuthweni,” kusho uBurger.Uthe ufisa futhi ukuthi kusungulwe i-Anti Corruption Unit ngaphakathi emaphoyiseni ezobhekana ngqo nenkohlakalo.",0
test_isizulu_00375,AfriHate,"i rather have umfazi oyivila kunikthatha imfene ekhuthela, ngdelelwe amajita ngomubiza wempilo yam yonke never",0
train_isizulu_01650,AfriHate,robot ubaqedile ocheese bakwi tinder..,0
train_isizulu_01007,AfriHate,@username uyinja wena kodwa ngikuthanda unjalo gaz'lam wena😂😂😂😂😂😂,0
1146,vukuzenzele,"Uhlelo lwezemfu- ndo lwaseNingizimu Afrika luhlinzekelwa abantu abayeke isikole ngaphambi kokufika eBangeni Lesishiyagalolunye, ngohlelo lwemfu- ndo eyisisekelo yabantu abadala kanye nokuqeqe- shwa koMnya- ngo Wemfundo Ephakeme kanye Nokuqeqesha.",0
396, kubulawe amakhansela amabili ele ifp nele anc ngolwesihlanu ,"KUBE uLwesihlanu lwegazi KwaZulu-Natal njengoba kubulawe amakhansela amabili amaqembu ehlukene i-ANC ne-IFP ngobusuku obubodwa, behlaselwa ngesibhamu ezigamekweni ezehlukene.UMnuz Sibuyiselo Dlamini (35) waseDlebe khona Olundi, obeyikhansela emkhandlwini iZululand, udutshulwe ngasedolobheni Olundi emzileni uR66 King Dinuzulu Highway ngesikhathi imoto yakhe imiswa amadoda angaziwa avulele ngenhlamvu washonela khona lapho. Kuthiwa lesi sigameko senzeke kuyoshaya u-7 ntambama.IPhini loMkhulumeli we-IFP kuzwelonke uMnuz Joshua Mazibuko, uthe bafe olwembiza ngalo mholi obekhombisa ukukhalipha kodwa esemncane.""Le nsizwa besigadla ngayo njengoba ibibuye ibe umholi wentsha Olundi, silimele kakhulu ngokuhamba kwayo. Asifuni-ke ukuqala sishaye amathambo siqagele ngoba kuyahlupha lokho. Sizodedela amaphoyisa enze umsebenzi wawo ukuze sithole kahle ukuthi bekwenzenjani,’’ kusho uMazibuko.Kwesinye isigameko ikhansela le-ANC emkhandlwini uMsunduzi ebelibuye libe umholi oqavile esifundeni iMoses Mabhida, nalo lisocongwe ngobusuku obufanayo. Kwenzeka lesi sigameko nje, sivele isimo simanzonzo kulesi sifunda njengoba kuze kwamiswa nengqungquthela yokukhetha ubuholi kwesabelwa ukuphepha kwabantu.UMnuz Musawenkosi ‘Qashana’ Mchunu (45) uthelekelwe amadoda angaziwa ngakwaPata, eMgungundlovu ehamba ngemoto yakhe ngo-7 ntambama. Kuthiwa la madoda avulele ngenhlamvu waphuthunyiswa esibhedlela, kwafika kwamenela.Umxhumanisi ebuholini besikhashana be-ANC KwaZulu-Natal, uMnuz Sihle Zikalala, kuthiwa uhlangabezane nembibizane exoshwa kubo kukamufi.""Angixoshwanga nginqume ukuthi ngingangeni ngoba ngibona amaqabane ehlukene phakathi kunezinhlangothi ezimbili. Sithume oyedwa ayosimela emndenini,"" kusho uZikalala.Uthe kuzofanele amaphoyisa alubeke eqhulwini lolu daba lokubulawa kwekhansela.""Lesi sihlava silokhu siqhubeka sidala kungabibikho uzinzo esifundazweni. Siyacela amaphoyisa kube khona akwenzayo ngempela ayifakele izibuko le nkinga,"" kusho uZikalala othe bahambele umndeni beyobabaza lo muga.Uthe bayazwelana futhi neqembu i-IFP nayo eyehlelwe yisigameko esifanayo sokusocongwa kwelungu layo.Ibamba lomkhuzi wamaphoyisa esifundazweni uMajor General Bhekinkosi Langa, uzigxekile lezi zigameko zokubulawa kwamakhansela.Uthe amadokodo asedluliselwe ethimbeni eliyisipesheli elizophenya.Unxuse namalungu omphakathi angaba nolwazi ukuthi asize athintane namaphoyisa aseduze nawo.",0
358, abasemadolobheni abangayizwa  ,"US’MANGELE ZUMA uxoxe noMntwana uThulani Zulu, okhulumela iNdlunkulu, ukuthola kabanzi ngalo mnikelo ka-R5 ocelwe yiSilo Samabandla uGoodwill Zwelithini kaBhekuzuluYEBO kunjalo, ivulwe ebhange i-Absa. Ngicela ukulungisa sonke lesi sikhathi benginikeza abantu izinombolo ezingaphelele. Izinombolo ze-akhawunti ezifanele zithi 924 198 1117. Igama le akhawunti lithi Zulu Zwelithini Land Prosecution from Repossession, uma ulinqamulela uthi: ZZLPR.KUNGANI iMbumbe iqoke ukuvula i-akhawunti kwa-Absa?OKWAMANJE iSilo asikho kuleli, siseMorocco. Uma sibuya sizovula ama-akhawunti nakwamanye amabhange akuleli. Inhloso yeSilo wukufinyelela kuwo wonke umuntu ongumZulu oseNingizimu Afrika, nangaphandle.NGABE isiqalile ukungena iminikelo?KUFANELE, into ephazamisile wukuthi benginezinombolo ezingaphelele ze-akhawunti esivuliwe. Ngiqale ukubona sengifonelwa abantu bethi banenkinga yokufaka iminikelo yabo ngoba izinombolo ze-akhawunti aziphelele. Ngiphoqeleke ukuthi ngisithinte iSilo ngiqinisekise izinombolo. Umuntu ongaqinisekisa yisona iSilo ngoba imiyalezo yokungena kwemali ingena efonini yaso.KUNGANI iSilo silufake enkantolo lolu daba lomhlaba?NGESIKHATHI kuthathwa lesi sinqumo, akuzange kuxoxwe neSilo. Sibonile ukuthi uma singasukumi sisebenzise izinkantolo, sizozithola siphucwa umhlaba. Umhlaba uyinto enkulu kithina sizwe samaZulu. Siwusebenzisela ukutshala, kudla khona imfuyo yethu, sakhe khona, siphinde singcwatshwe kuwona. Umuntu ongahlali emakhaya ngeke akuqonde lokhu.UTHINI ngabangahambisani nalesi sicelo seMbube?BAKHONA abanemibono eyahlukile. Abantu abakhumbule ukuthi umnikelo lo, njengasesontweni, umuntu unelungelo lokuthi angawukhiphi. Abantu abayeke ukukhipha amagama ayiziswana, baphendule iSilo. Akuyona inhlonipho leyo.OKHULUMELA iNdlunkulu, uMntwana uThulani Zulu, unxuse abantu abangahambisani nesicelo seSilo Samabandla uGoodwill Zwelithini, somnikelo kaR5 ukuthi bayeke ukukhuluma amagama ayiziswana Isithombe: SIGCINIWEISILO sifinyelele kanjani enanini lika-R5?SIBONILE ukuthi iyona mali wonke umuntu angakwazi ukuyikhipha. ISilo siyazi ukuthi abantu abaningi bayahlupheka. Abanesifiso sokukhipha engaphezulu bamukelekile ukwenza njalo.NGOBANI abanenkinga enkulu ngokukhipha lo mnikelo?ABANTU abahlala emadolobheni, emhlabeni osikiwe. Abavuka ekuseni baye emsebenzini babuye bayothenga emakethe. Abaphili ngokulima nokufuya. Kungangcono basixolele, bayeke ukukhuluma ngento abangayazi.KUNGANI iMbube icela umnikelo kubantu kube kukhona imali eyithola kuhulumeni?OHLAKANIPHILE uyazi ukuthi iSilo sinikezwa imali esuke ikalelwe izidingo zaso njengokuphucula izigodlo zaso. Le nto ayiqondene nohulumeni ngakho asikwazi ukuthatha leyo mali.",0
train_isizulu_01182,AfriHate,#isibaya abanye sebafuna ukuba mazulu bazosloya kahle ##url,0
train_isizulu_00196,AfriHate,@username ngdunusile ntombi ngiyazibiza ngizibuka esbukweni lol ungabona wena izinqa wutununu ungath ngigibele imfene 🤣🤣,0
test_isizulu_00628,AfriHate,umhlanzo wenja leyo. @username bathi umjita ongakaze alivule ivirgin akahlukile nomjita ongakaze athole...,0
train_isizulu_02299,AfriHate,"lmao ugcwele i-mash wena ekhanda lakho ""@username : uzobhebheka “@username : lmao.....some tweets though :-d”""",0
1185,vukuzenzele,"Eminyakeni eyisishiya galombili eyedlule, i-SIU yathola izimali kanye nempahla yenani lezi gidigidi ezi-R2.6 kanye nezinkontileka ezibekwe eceleni zenani lezigidigidi eziyi-R18. Inani lamacala ayi-119 angabiza izigidi gidi ezingaphezu kwe-R13 avulwe i-SIU",0
2708,vukuzenzele,baphumelele kulezi zinselelo zabo abanye abaphumelelanga. Abanye baye ezinkantolo ngokubhekela ukuphuthuma kodaba lwabo lapho abathole impikiswano yabo ephuthumayo isichithwa enkantolo futhi abanye bathola ezinye izindlela zokukhulu-leka abebekufuna.,0
train_isizulu_00211,AfriHate,if it not umdidi sivezelwa imomozi nje lakutwitter. kanti senzeni bantu benkosi 🤷🏾‍♂️🙆🏾‍♂️🙆🏾‍♂️,0
2876,vukuzenzele,"Okwangihlaba umxhwele kakhulu ngale ngxoxo kwaba ngukuthi ubuholi bendabuko buyaziqonda izimo ezinzima zomnotho ezibhekene nezwe lakithi, futhi bufuna ukuba yingxenye yokubhekana nezinselele eziningi zokunga thuthukiswa kanye nobubha ezindaweni zabo.",0
2216,vukuzenzele,Abangazi nhlobo ukuthi bazofundani lapho beqeda umatikuletsheni.,0
352, isikhalo senkampani eholela abantu izibonelelo ,"INKAMPANI eholela abantu izibonelelo zikahulumeni, iCash Paymaster Services (CPS) ikhala ngokuthi izobe ingasenayo imali ngoMeyi uma uhulumeni engayinyusi imali ayikhokhela le nkampani ukuze yenze umsebenzi.Izolo abameli beCPS, batshele amajaji eNkantolo yoMthethosisekelo ukuthi uma unganyuswa uR16.44 okhokhwayo ukuze iholele abantu izibonelelo kusho ukuthi izohluleka wukuqhuba ibhizinisi layo.Ummeli weCPS, u-Adv Les Morison, uthe uma beqhubeka nokwenza umsebenzi ngemali encane abayinikwa wuhulumeni kusho ukuthi njalo ngonyaka bazolahlekelwa nguR70 million.UMorison uphinde wathi bafuna inkontileka yabo ilulwe ngezinyanga eziyisithupha baholele abantu kuze kube nguSepthemba.IJaji uJohan Froneman ubuze uMorison ukuthi kungani iCPS ibona kufanele yenze inzuzo ngoba kudala iholela umphakathi izibonelelo?UMorison uthe iCPS ifuna ukuthola yonke imihlomulo yenkontileka yayo.“Inkontileka yethu neSassa isemthethweni futhi uMnyango wezeziMali kufanele uqinisekise ukuthi imali iyanyuswa ukuze iCPS ithole umhlomulo obhekile,” kusho uMorison.UMnuz Gilbert Marcus, ongummeli weFreedom Under Law, uthe iCPS kufanele ikhokhe uR705 million ewuthole enkontilekeni yayo engekho emthethweni.Uthe ngeke bavume ukuthi iCPS ingakhokhi lutho ngoba ihlomule ngendlela engafanele.UChief Justice Mogoeng Mogoeng, uthe iFreedom Under Law kufanele ifake udaba lwayo eNkantolo eNkulu ukuze iCPS ikhokhe uR705 million.“Akufanele yini ikhasimende lakho liqale eNkantolo eNkulu uma lifuna iCPS ikhokhe inzuzo eyayithola ngokungemthetho?” kubuza uMogoeng. UMarcus uthe kuyishwa ukuthi iSouth African Social Security Agency (Sassa) yaze ngoNovemba ukuthi ngeke ikwazi ukuholela abantu kulo nyaka kodwa yalinda ukufaka isicelo sokuthi kululwe inkontileka yeCPS njengoba isifake ngoFebhuwari.UMarcus uthe njengoba kunomengameli omusha noNgqongqoshe omusha wezokuThuthukiswa koMphakathi, uNkk Susan Shabangu, banethemba lokuthi izinto zizoshintsha.ICPS ithe iwenza kahle umsebenzi wokuholela izibonelelo zikahulumeni njengoba isikhokhe uR720 billion selokhu yathola inkontileka ngo-2012.Isinqumo asikakakhishwa kulolu daba.",0
1884,vukuzenzele,Amanye amacala asele adlu liselwa kweminye iminyango kahulumeni noma ama-ejensi ezomthetho ukuze aphenywe.,0
train_isizulu_02933,AfriHate,abasafuni uk'sebenzisa ididi abantu to reimburse..😭 ##url,0
2817,vukuzenzele,Sicela amabhizinisi nabatshalizimali ukuthi basebenzise lezi zinguquko eziqhubekayo ngokuthatha iminikelo nezibophezelo zabo zibe utshalomali oluphathekayo nolusungula amathuba emisebenzi.,0
train_isizulu_00926,AfriHate,@username 🕛&lt;&lt;#zidlumnjonjo&gt;&gt;🕒 heshe ntshebe ngicela ukuthi #njonji ku ✔️ skhindi mjoli ✔️ cosmocity vilakazi ✔️ tsepe sitshulu mkhulusi ✔️ nozzy nkosi edumbe ✔️ thandeka tdk mbuyisa ✔️ ! @username ,0
824,vukuzenzele,"Uma sisenza kanjalo, masithole amandla kanye nesikhuthazo ekuzinikeleni kwethu okujulile entandweni yethu yeningi labantu kanye nentshisekelo yethu efanayo yokwakha isizwe esibumbene, esikhululekile futhi esinokulingana.",0
train_isizulu_01445,AfriHate,kodwa lutho uku bhebha :( ##url,0
1194,vukuzenzele,"Kunyakamali owedlule, umsebenzi weFusion Centre wasiza ngoku phenywa kwamacala okukhwabanisa nenko hlakalo angama-276. Cishe izigidi ezingama-R613 zemali eyamiswa kuqulwa amacala obugebengu.",0
158,vukuzenzele,"Ama-B&B akanakuba namagumbi ezihambeli anga phezu kwamathathu. Uma amagumbi ezihambeli engaphezu kwalokhu, ibhinizisi lakho kumele lichazwe ngokuthi i-guest house . Ngeziphi izinqubo oku mele uzilandele ukuze uqale i-B&B yakho?Isinyathelo sokuqala okumele",0
train_isizulu_00812,AfriHate,@username mampara aka ithemba alibulali 🤣🤣🤣,0
dev_isizulu_00244,AfriHate,@username awume kancane ngo febelina,0
dev_isizulu_00190,AfriHate,"abelungu ave bengasithandi yaz🤨 umuntu uhlulwa ukukuniza usizo evoke ngokuthi abekho abukulelo hhovisi, kodwa uma kufika lo wesikhumba sakithi, ukunika lolu sizo kahle akukho hhovisi elidingeka ukwenza lento🙄",0
train_isizulu_03013,AfriHate,@username uyaphila kodwa mazulu,0
267,vukuzenzele,"Okwamanje lo mhlaba usetshenziselwa ukutshala ugwayi, ukotini kanye ne mikhiqizo yokudla.",0
1772,vukuzenzele,"“Badinga ukuqinisekisa ukuthi umhlaba ubuyise lwa kulabo abawuse benzayo kanye nokuthi labo umhlaba obuyise lwe kubona banezindlela zokuwusebenza,” kusho uMongameli Ramaphosa.",0
485, kuzalwe izingane eziwu  ngokhisimusi ekzn ,"SIGCINE sifinyelele ku-106 isibalo sezingane ezizalwe ezibhedlela ezahlukene KwaZulu-Natal ngoKhisimusi, eziningi eziphume nezitifiketi zokuzalwa.UDkt Sibongiseni Dhlomo onguNgqongqoshe wezeMpilo esifundazweni ngoKhisimusi uvakashele isibhedlela ePrince Mshiyeni naseRK Khan ukuyonika izipho omama ababelethile. Ubehambisana noNgqongqoshe woMnyango wezaseKhaya uDkt Siyabonga Cwele osizane nabasebenzi bomnyango ukukhipha izitifiketi neMeya yeTheku uNkk Zandile Gumede. UDhlomo ukhale ngokuthi isayinkinga indaba yokukhulelwa kwezingane njengoba bekukhona eneminyaka engu-16 komama ababelethe ngoKhisimusi.Lo mama omncane ubelethe esibhedlela iQueen Nandi Memorial eMpangeni, kwathi ababili abaneminyaka engu-17 babeletha ePrince Mshiyeni naseSt Apollinaris esifundeni eHarry Gwala.“Le ngane ebelethe ineminyaka engu-16 kusho ukuthi yakhulelwa ineminyaka engu-15. Kusobala ukuthi kusamele kuqiniswe imikhankaso yokuqwashisa ngokukhulelwa. Okubi ukuthi omama abaningi abashona bebeletha kusuke kungabancane ngoba bayasaba ukusho, baphuze nokuya emtholampilo bafihle ukuthi bakhulelwe,” kusho uDhlomo.Ezinganeni ezizelwe esifundazweni kubalwa abafana abangu-63 namantombazane angu-43. Kulesi sibalo kukhona namawele abelethwe esibhedlela eShowe okungumfana nentombazane.UCwele uthe uyajabula ukuthi izibhedlela eziningi esifundazweni sezinawo amahhovisi omnyango wakhe. Uthe inhloso yabo ukuthi izingane ezizwele zibhaliswe zingakapheli izinsuku ezingu-30 emnyangweni, wakuncoma ukuthi omama abaningi bafika nabo omazisi uma bezobeletha ukuze bathole izitifiketi. Unxuse nokuthi obaba baphelezele omama ezibhedlela uma beyobeletha ukuze nabo babhaliswe imininingwane yabo.IGauteng iyona enesibalo esikhulu sezingane ezizalwe ngoKhisimusi, esifinyelele ku-324. Isitatimende soMnyango wezeMpilo eGauteng siveza ukuthi isibhedlela iChris Hani Baragwanath Academic sibe nesibalo esiphezulu ngezingane ezingu-47 ezizelwe. UDkt Gwen Ramokgopa onguNgqongqoshe wezeMpilo eGauteng ukhale ngokungababoni oyise bezingane ngesikhathi evakashele omama ababelethe ngoKhisimusi esibhedlela eSebokeng.Kuzalwe izingane ezingaphezu kuka-60 eLimpopo kwathi eWestern Cape kwazalwa ezingaphezu kuka-75.UNgqongqoshe wezeMpilo e-Eastern Cape uNkk Helen Sauls-August uncome onesi nodokotela ababelethise izingane ezingu-275. Zingaphezu kweshumi izingane ezizalwe eNorth West okuyiyona enesibalo esincane kuzo zonke izifundazwe.",0
train_isizulu_00512,AfriHate,"lmao!""@username : lol hao ""@username : kuzoshwabana amasende ""@username : ngathi kuzobanda ksasa 😢""""",0
2065,vukuzenzele,engeza nangokuthi kusazotholakala izinyathi kanye nezimpala maduze nje. Wengeza nangokuthi umpha kathi wawuthola ukuqeqeshwa yi-ECPTA ukuze uqhube isiqiwi. “Sihlele ukwakha izindawo zokuhlala izivakashi (ama-lodge) ezimbili futhi sisakha izizinda zabaqaphi,0
3519,vukuzenzele,"Nakuba edla izithelo zomsebenzi wakhe, uthi akukaze kube lula nenze.",0
759,vukuzenzele,Esinye sezincomo zeKhomishana ka-Nugent kwakungukuthi u-SARS aphinde asungule ithimba elizoqapha liphinde liphenye ukuhweba okungekho emthethweni.,0
2890,vukuzenzele,"Abaholi bendabuko abakhu luma bethula imibono yabo ‘yokuthuthukiswa kwa makhosi’, abazibona hhayi njengabagcini bamagugu nje kuphela kodwa nanje ngabaqhubi bokuchuma ne nqubekela-phambili kwe zomnotho. Sebethole Imise benzi eminingi namathuba omnotho",0
625, kulindelwe imvula nokuduma kwezulu ngokhisimusi ,"KULINDELE imvula ephelezelwa ukuduma kwezulu ezoqhubeka kulo lonke leli sonto likaKhisimusi KwaZulu-Natal.Isangoma sezulu kwaSA Weather Service, uMnuz Mkhushulwa Msimang ngesikhathi ekhuluma naleli phephandaba, uthe yize kuzoba nezimvula kusona sonke isifundazwe ikakhulu ngezikhathi zantambama kusukela namuhla, kodwa asikho isexwayiso sesimo sezulu esinobungozi esikhishiwe okwamanje.“Abantu bangakhululeka ngezikhathi zasemini benze imisebenzi yabo isimo sezulu ngeke siphazamise. Azoba khona amathuba emvula ahambisana nokuduma njalo ngezikhathi zantambama,” kusho uMsimang.Emasontweni amabili adlule izulu ebeliyidliva isonto lonke ezingxenyeni zakulesi sifundazwe, ligcine liletha itwetwe emphakathini njengoba ligcine lidlula nemiphefumulo yabantu abathathu kwalimala abayisithupha eNanda, eThekwini, okukhona phakathi kwabo nomfundi ona-11 oshone ngesikhathi udonga lwendlu yakubo ludilikela kuye. Umndeni ubuqoqene ndawonye ubuka uhlelo kwithelevishini.",0
272, i anc igcizelela okushiwo ngomhlaba ,"I-ANC KwaZulu-Natal isiphinde yakugcizelela okushiwo uMengameli uCyril Ramaphosa yathi ngeke iwulokothe umhlaba ongaphansi kweSilo samabandla uGoodwill Zwelithini.Ekhuluma engqungqutheleni ebidingida udaba lomhlaba eCoastlands Hotel, eThekwini, izolo uMdidiyeli we-ANC KwaZulu-Natal, uMnuz Mike Mabuyakhulu, uthe umhlaba owu-13% osezandleni zamakhosi awukho ezinhlelweni zabo zomhlaba abazowuthatha ngaphandle kwezinxephezelo.“Akekho umuntu ofuna ukuthatha umhlaba weNgonyama Trust. Umhlaba esifuna ukuwuthatha ngaphandle kwezinxephezelo yilowo owu- 78% osezandleni zabamhlophe,” kusho uMabuyakhulu.Uthe kuyishwa ukuthi ithimba lalowo owake waba ngumengameli, uMnuz Kgalema Motlanthe, elaphakamisa ukuthi umhlaba weNgonyama Trust kumele uthathwe, alikaze lixoxe namakhosi nobuholi be-ANC KwaZulu-Natal.“Kusukela kuqale indaba yethimba likaMotlanthe siyakuqaphela ukuthi sekukhona amaqembu ezombusazwe angosomathuba asedlala ipolitiki eshibhile ngalolo daba ukuze azuze amavoti,” kusho uMabuyakhulu.Uxwayise ngokuthi udaba lomhlaba lubucayi wathi kumele luphathiswe okwezikhali zamaNtungwa.Uthe umbiko wethimba likaMotlanthe ususePhalamende akukathathwa sinqumo ngawo.“Njengoba siqonda ukuthi iPhalamende lisebenza ngendlela eqondile futhi ecacile kusazobhungwa ngombiko nomphakathi unikwe ithuba lokuthi uphawule ngawo ngaphambi kokuthi kuthathwe isinqumo,” kusho uMabuyakhulu.Ethula uhlelo lukaThuma Mina eKZN ngempelasonto uRamaphosa ukugcizelele ukuthi uhulumeni kaKhongolose awunazo izinhlelo zokuthatha umhlaba weSilo.Uphawule kanje ngemuva kokuhlangana neSilo emuva kwembizo kaZulu ebisoLundi lapho iSilo sishaye phansi ngonyawo sathi akekho umuntu ozoke alokothe umhlaba waso inqobo nje uma sisadla amabele.Isilo sithe sizowuvikela umhlaba waso njengoba uZulu enza ngesikhathi etholana phezulu namaNgisi ezimpini ezahlukene kudala.Ingqungquthela yayizolo ibihanjelwe yizikhulu zikahulumeni wesifundazwe, amakhosi, izinduna nabamele iNgonyama Trust.Bekukhona nelungu lesigungu esiphezulu kwi-ANC, uNkk Edna Molewa, noSolwazi Sipho Seepe.",0
1580,vukuzenzele,yena.Bhalisa ngaphambi kukaNdasa wezi-2018 NgoMfumfu wezi-2017 Ikhomishani Yokhetho Ezimele yethula isizindalwazi (www.elections.org.za) kubavoti ababhalisiwe abakwazi ukufinyelela kuinthanethi ukuze babukeze bese/noma bahlinzeke ngamakheli abo.,0
test_isizulu_00006,AfriHate,aksiyo ngisho inja ezele la....imfene uqobo lwayo ##url,0
train_isizulu_01417,AfriHate,@username tonight sidla ingoma 8pm-10pm @username heshe mabhungu @username #fortheloveofafropop #incwengayomculo  #isigqisaseafrika  #ulozololomculo ##url,0
897,vukuzenzele,"IPhini likaNgqongqoshe Wemfundo Eyisisekelo u-Reginah Mhaule uthi umnyango ufuna ukuqinisekisa ukuthi ingqalasizinda isesimweni esigqugquzela abafundi ukuthi baye esikoleni futhi bafunde, futhi igqugquzela othisha ukuthi bafundise.",0
train_isizulu_00985,AfriHate,"ladies, if you know ukhuti uyodunusa, geza inkomo nezinqa 😂😂",0
76,vukuzenzele,"lwa isibonelelo semali yokugibela okungama-960 amarandi ngenyanga, ku- sho uMathe.",0
394,vukuzenzele,Imisebenzi ye-CACH isebenza ngokubambisana neSikhungo Sokuthuthukisa Imisebenzi Kuzwelonke (i-NCDS) esiza ngokuhlinzeka ngolwazi lwezemisebenzi olunzulu kanye neseluleko mayelana:,0
321, indodana ixabane nonina yazilengisa ethempelini lamanazaretha ,"INGXABANO ebe phakathi kukanina nendodana ngempelasonto ngenxa yephathi ebeyisendaweni, iyona okusolwa ukuthi iholele ekuzilengiseni kwendodana ethempelini lamaNazaretha aseBuhleni, Impumelelo, eliseMpumelelo eFrance, eMgungundlovu, nokuyilapho umufi ebekhonza khona nomndeni.Ngokuthola kweSolezwe ngomthombo ongaphakathi kuleli bandla ocele ukungadalulwa, uNduduzo Shezi (19) obefunda uGrade 10 eMzuzo High School kule ndawo, uqale wahilizisana nonina ngoba efuna ukuya ephathini ngenkani ebusuku.“Emva kokuhilizana nonina, wagcina evumile (unina) ukuthi akaye ephathini nakuba kungokokuqala ukuthi aye ephathini,” kusho umthombo.Ngokomthombo, uNduduzo wabuya ngo-11 ebusuku ngempelasonto baphinde bathusana nonina ngoba ebuze ukuthi kungani ebuya sekuhambe isikhathi ngalolu hlobo.“Umfana wathi kunina akamshaye okungcono uma kungukuthi wenze into engafanele kunokuthi amthethise,” kubeka umthombo.Kubikwa ukuthi entathakusa ngo-1 ngalolo suku, uNduduzo waphuma kubo, unina wazitshela ukuthi hleze usaphuthuma kubangani bakhe abekade ehambe nabo ukuya ephathini.Umthombo uthi emva kwesikhathi esithile uNduduzo ehambile, abazali bakhe bathola imilayezo kumaselula abo evela kwindodana ivalelisa futhi ixolisa ngesenzo ehlose ukusenza (sokuzibulala) nakuba ingazange ichaze ukuthi ifuna ukwenzani.Ngakusasa sekubonakala ukuthi indodana ayibuyi, umthombo uthi abazali bayo namalungu ebandla aphuma umkhankaso eyifuna.“Kodwa kuye kwasishaqisa ukuthi agcine etholakele ethempelini, kubonakala intambo emqaleni eduzane nalapho eshonele khona,” kusho umthombo.Uthe okuphinde kube yindida, akucaci kahle-hle ukuthi noma lona wesilisa uzilengisele esihlahleni esisethempelini, noma kukhona abambulele base bemthatha bezombeka esihlahleni esisethempelini bemfake intambo emqaleni.“Okuye kwasidida ukuthi ubenemihuzuko ebusweni, manje sixakwa wukuthi ubelimale kanjani ebusweni ebe ezilengisile,” ubuze kanje umthombo.Okhulumela ibandla laseBuhleni, uMnuz Thokozani Mncwabe, uthe ubengakezwa ngalesi sigameko, nakuba enolwazi ngethempeli elikule ndawo.“Siyazwelana kakhulu nomndeni ngokwenzekile,” kuchaza uMncwabe. Uthe njengebandla banenhlangano yentsha ebizwa ngokuthi INABACHU, lapho beyiyala khona ngezindlela zokuziphatha emakhaya nasebandleni.Uthe ukuya emaphathini ngezinye zezinto abangazikhuthazi njengebandla ngoba akuthandazwa khona, kungenzeka uhlangabezane nezinkinga.“Siphinde futhi sibe nenkonzo ka-23, 25 neka-14 lapho siyala khona bonke abesilisa nabesifazane ngendlela yokuziphatha,” kugcizelela uMncwabe.Uthe njengoba sekwenzeke lesi sigameko nje, sekuzomele umndeni uligeze ngembuzi ithempeli.“Okuzokwenzeka manje ukuthi sibikele inkosi, bese umndeni uthenga imbuzi okuzohlanzwa ngayo ithempeli. Umshumayeli okhona kuleli thempeli uyena okuzomele engamele lowo msebenzi,” kuchaza uMncwabe.Okhulumela amaphoyisa KwaZulu-Natal, uColonel Thembeka Mbele, uthe bebengakezwa ngalolu daba.Kuze kwashaya isikhathi sokushicilela ungatholakalanga umndeni kamufi ukuthi uphawule ngalolu daba. Kubikwe ukuthi umatasa njengoba ulungiselela umngcwabo wakhe.",0
test_isizulu_00106,AfriHate,@username heshe nkunzi kuhamba kahle.i18 zisemnyango baba umfoka khuba uyaziphakela insizwa nentombi #indlamlenze #inyoni yomthakathi,0
3140,vukuzenzele,Ukukhushulwa kwemali ehli nzekwayo ngowezi-2018/19 kuzoqinisekisa ukuthi izitshudeni ezingama-458 875 zithola imifundaze.,0
train_isizulu_00113,AfriHate,"@username uyinja yegame, qobelo luka phopho ntwana!",0
train_isizulu_01832,AfriHate,"strong, liyakhala isende yonke twitter segment iyabhebhana. woke twitter  ndebele twitter  footytwitter. ##url",0
3590,vukuzenzele,"izinyathelo oku mele zibekwe eqhulwini ekutholeni ikhambi lempicabadala yokuntuleka kwamathuba omsebenzi entsheni.Lokhu kubandakanya nohlelo lwamaxhama okuxhumana lukazwelonke lokuphathwa kwem igudu yomsebenzi, okuwuhlelo oluxhumanisa abantu abafuna",0
train_isizulu_00951,AfriHate,@username bhebha inja kufiwe kube kunye,0
2054,vukuzenzele,"olulungele wena kanye nomntwana wakho.Uma ukhulelwe, kubalulekile ukuthi udle uku-dla okunempilo kanye nomsoco, uzivocavoce, ulale ngokwanele kanye nokugwema izidakamizwa kanye notshwala.",0
3420,vukuzenzele,"Izichibiyelo esizethulayo zihlose ukuhlinzeka usizo oludingwa kakhulu yiziguli ezizithola zihlupheka kakhu lu, kusho yenaUMotsoaledi uthe isichibi yelo sokuqala soMthethosivi vinywa sizoqeda ukukhoki swa kwabantu imali engeziwe.",0
dev_isizulu_00097,AfriHate,"hambakahle mfwethu.. ""@username : @username :heshe nsizwa""",0
1989,vukuzenzele,"Ngaphezu konyaka, sesi sebenze ngokubambisana njengomphakathi ukunqa nda lolu bhubhane. Manje njengoba sisebenzela uku linqoba, sidinga ukuphinde siqinise ukuzimisela kwethu sonke ukuthi siziphathe ngendlela eqotho neno kuqaphela.",0
2071,vukuzenzele,"Lokhu ukuzibophezela koMgcinimafa Kazwelonke ukubeka obala angafihli lutho malungana nezimali zomphakathi. Imininingwane yesabelomali isivele ishicilelwe kusizindalwazi soMgcinimafa, kepha ingosi iqukethe imininingwane ekufinyeleleka kuyona kalula",0
1684,vukuzenzele,"Kolwethu uhlangothi, uhulumeni uzoqhubeka nokuqapha isimo ngeso lokhozi futhi uzokwenza konke okusemandleni ukuvikela abantu baseNingizimu Afrika ekwenyukeni kwezindleko zokuphila.",0
2027,vukuzenzele,I-Mosamaria yenza imi khankaso yokuhlola iziguli ngokuhamb a ingena ama khaya ngamakhaya njalo ngenyanga ukuze ithole iziguli ezintsha ezine-TB futhi izifake ohlelweni lokwelashwa ngokushesha.,0
train_isizulu_01066,AfriHate,lol uysuka ngani imfene ##url,0
2970,vukuzenzele,"Nakuba iziphathimandla ezifanelekile zizama ukuthola ulwazi kanye nokuqonda okwenzeka ukuze kuqinisekiswe ukuthi abagilwa bathola ubulungiswa, kunengxoxo okumele sihlale phezu kwayo njengezwe. Inkinga yokuphuza utshwala kwezingane ezisencane",0
3173,vukuzenzele,"sikhathi, sizodinga ukusebenzisa imali kakhulu ukuseka ukuhlelwa kabusha kwama-SOEs afana no-Eskom kanye no-SAA.",0
1474,vukuzenzele,"eziningana ziyeka ukusebenza ngasikhathi sinye, eminye imithombo kagesi ingasetshenziswa.Esinye sezinyathelo zokuqala engasithatha ngowezi-2018 kwaba ngukuvuselela uhlelo lokuthengwa kogesi ovuselelekayo. Ukwenge za ekuthengweni kwe siphehlimandla esisha",0
2163,vukuzenzele,Zimbili izinto ezasindisa uTshepo kule ndlela yobudlova.,0
544,vukuzenzele,"lokweseka amabhusha Uhlelo lokweseka abathunga izimpahla zokugqoka, abasebenza ngesikhumba kanye ne zindwangu Uhlelo lokweseka imisebenzi yokuzicwala Uhlelo lokweseka iziphaza Uhlelo lokweseka amabhizinisi eShisanyama kanye nokudla okuphe kiweUkubhalisa",0
3468,vukuzenzele,"zeminwe, ezezinzwane, ukumfanyazwa umzimba, ukususwa kweziboya (wax -ing) kanye nokubhucungwa kobuso.",0
48,vukuzenzele,I-Thabang Primary School isiqhube uhlelo lwayo lokudla kusukela ngowe-1994.,0
1582,vukuzenzele,Abavoti ababhalisiwe bangathumela futhi nge-SMS inombolo yabo kamazisi ku-32810 ukuze bathole i-SMS enekheli lesikhungo sabo sokuvota (i-SMS Ibiza u-R1).,0
478, iphithene amakhanda imndeni yabababoshwe ngelezidakamizwa e us ,"IPHITHENE amakhanda imindeni yabesifazane abathathu baseThekwini ababoshwe ngezinsolo zokushushumbisa izidakamizwa e-United States.Ababoshiwe ngoNksz Londiwe Shange (27), Wandile Mhlongo (29), Thembeka Sokhulu (36) baseThekwini noNksz Viwe Tshaka (23) ongowaseLusikisiki e-Eastern Cape. Baboshwe ngoNovemba 17 emkhumbini abebesebenza kuwo weMSC. Bavela enkantolo yeMantshi yaseFlorida eMiami ngoMsombuluko.Ngokwemibiko e-US babanjwe necocaine ka7kg. Uma betholwa benecala bangase bagwetshwe iminyaka eyishumi kuya kudilika jele.UNtokozo Mlambo, ongumzala kaWandile Mhlongo, uthe ube ngowokuqala emndeni ukwaziswa ngokuboshwa kwakhe kanti nguye okudingeke ukuthi atshele umndeni ngalezi zindaba. Uthe uNksz Mhlongo ubesekwinkontileka yakhe yesithathu esebenza kulo mkhumbi.“Unina zimuphathe kabi lezi zindaba. Uyazama ukuziqinisa kodwa uyambona uma uhlezi naye ukuthi umqondo wakhe ukwenye indawo,” kusho uNtokozo.Uthe umndeni uyahluleka ukuqonda ukuthi uzibandakanye kanjani nezidakamizwa.FUNDA:“Besingakaze sizitshele ukuthi angazibandakanya nezidakamizwa. Ngesikhathi sithola izindaba bengizitshela ukuthi mhlawumbe utholwe nesikali esincane abesisebenzisa kodwa uphathwa yi-Asthma futhi uyaziqhelelanisa nezinto ezingabeka isimo sempilo yakhe engcupheni. Ngibone ukuthi lubucayi kangakanani udaba ngesikhathi sengaziswa ngezinsolo ababhekene nazo.""Uthe umndeni awunayo imali yokuya e-United States.Umfowabo kaNksz Sokhulu, uMnuz Lindokuhle Sokhulu unqabile ukukhuluma nephephandaba elinguzakwabo weSolezwe, iThe Mercury.“Sisathukile, siyibone emaphepheni lento umndeni kungakakhulunywa nawo. Okwamanje akukho esingakusho,”usho kanje.Unina kaNksz Shange, ongalidalulanga igama lakhe naye uthe ngeke aphawule ngento asiyibone emaphepheni.Okhulumela uMnyango woBudlelwano Namazwe Angaphandle (International Relations and Co-operation)  uMnuz Ndivhumo Mabaya uthe bayaxhumana nababoshiwe.",0
537, baphoxekile bengaholi abadala nabagulayo ,"INJABULO iphenduke usizi kubantu abadala nabagulayo abese bezitshele ukuthi bazohola ngoLwesithathu eNtshangwe kodwa babuya bulanzi ngenxa yokuthi abebezobaholela kabafikanga.UNksz Thembisile Gumede (54), ohola impesheni yokukhubazeka, ngomunye wababuye bebhangcuzela bevela eSthumba General Dealer eku-ward 4 eNtshangwe. UNksz Gumede, osekuphele iminyaka emine engakwazi ukuhamba ngenxa yokukhubazeka, uphuthwe wuR2 400 womholo ohlanganisa nesibonelelo sabazukulu.“Njalo uma ngizoya noma yikuphi ngiqasha imoto ngoba angikwazi ukuhamba. Nangosuku lokuhola ngisizwa wukuqasha imoto bese umuntu ngiyamkhokhela uma sengiholile. Ngibe senkingeni ngoLwesithathu ngoba ngilinde kwashona ilanga, ingafiki imoto esiholelayo,” kusho uNksz Gumede.Uthe ufike ngo-8 ekuseni esikhungweni sokuhola, kwaze kwashaya u-2 ntambama imoto ingafiki.“Bese sikhathele wukushiswa yilanga silindile. Ezinye izalukazi bese zigula ngenxa yokushisa kwelanga. Sizwe ukuthi izimoto ezisiholelayo zibonakele ziya kwesinye isikhungo kaMkhizwane kodwa zangeza kithina. Size satshelwa wumnikazi wesitolo esihola kuso ukuthi izimoto azisezi,” kusho uNksz Gumede.Uthe uphindele ekhaya elambatha, waxolisa nakumnikazi wemoto abeyiqashile asemkweleta ngenxa yokungaholi.UNksz Gumede uthe kufika usuku lomholo evele eselinde wona ngoba kusuke kungasekho lutho nasendlini.Uthe babuye belambatha nomunye umakhelwane wakhe abahola naye.Okhulumela abakwaSouth African Social Security Agency (Sassa) esifundazweni, uMnuz Mbizeni Mdlalose, uvumile ukuthi kuyaholelwa kulesi sikhungo. Uthe ngokwazi kwakhe abantu bayatshelwa uma kunezinguquko kodwa kulokhu okube yinkinga ukushintsha kosuku lokuhola. Uthe lokhu kudalwe wukuthi sekunosonkontileka omusha oholelayo.“Isikhungo siyaqhubeka nokuholela kodwa kushintshe usuku lokuhola kuphela. Kumele baye esikhungweni ngomhlaka 17 kuyona le nyanga ukuze bahole. Kungenzeka ukuthi abezwanga ngalezi zinguquko zezinsuku zokuhola. Kusekhona abanamakhadi amadala akwaCPS okungenzeka ukuthi bebethenjiswe ukuholelwa yibona. Singeke sikwazi-ke ukungena kulokho,” kusho uMdlalose.",0
3066,vukuzenzele,ohlwini lukazwelonke lwabavoti. I-IEC ifisa ukwengeza oku ngenani esinye isigidi sabavo ti ohlwini lwabavoti ngapha mbi kokhetho lowezi-2019.,0
train_isizulu_02363,AfriHate,@username manje amabhunu angenaphi laa🤣🤣 ##url,0
train_isizulu_01576,AfriHate,sdudla esimi lahle,0
1382,vukuzenzele,"Ihlo: Ichashaza elimhlophe ehlweni, ukuqhunsula amehlo, ukungaboni, ukukhukhumala kwamehlo. Isigaxa: Esiswini nasokhalweni, ekhanda nasentanyeni, ezithweni, emasendeni nasezindlaleni.",0
324,vukuzenzele,"“Uma ikhona into eyodwa esingavumelana ngayo, ngukuthi isimo samanje – sobubha, ukwentuleka kwamathuba omsebenzi kanye nokungalingani – akuvumelekile futhi akugcineki.” Ukwakhiwa kwamathuba omsebenzi“Ngonyaka owedlule, ukuntuleka kwamathuba omsebenzi",0
2896,vukuzenzele,Ifa elihle kakhulu labaholi abakhulu elokuthi imbewu yentuthuko abayitshalayo ngesikhathi sokubusa kwabo ikhule ibe yizihlahla ezinkulu ezivikela futhi ezikhoselisa imiphakathi yabo ngezizu kulwane ngezizukulwane.,0
test_isizulu_00609,AfriHate,"@username 😳 yho, inamandla nantsi imomozi",0
1857,vukuzenzele,"Ukukhipha isisu ngendlela engekho emthethweni akusona isisombululo, kusho uDkt Dhlomo.",0
2680,vukuzenzele,"kahle khona, sikwazile, ngebhadi, sikubonile ukushayeka. Manje sesiyazi ngobungozi bezindawo ezi-valekile nemibuthano enesi-minyaminya, bokungagqoki izifonyo nokungaqhelelani kwabanye.Lokhu kuluphawu oluhle onyakeni esiya kuwo. Manje sesazi okuningi",0
train_isizulu_01537,AfriHate,uzozilimaza uzuma ngesiqwayi segalofu. abelungu namandiya bathanda ukuthi ulimaza isizwe sakhe. ##url,0
652,vukuzenzele,"eMpumalanga Kapa, eziyi-19 KwaZulu-Natali kanye nezili-10 eMpumalanga sezikhonjwe njengezizovuselelwa futhi zilungiswe kabusha njengezibhedlela zesikhashana. Isikhungo iCape Town Inter-national Convention Centre, nokuyisibhedlela esikhulukazi",0
train_isizulu_02207,AfriHate,"inkawu idlala ngeskhwebu: ""@username : into yomuntu umhluzu wempisi @username #knowyouridioms #izaga""",0
train_isizulu_02894,AfriHate,ayadelela amabhunu webantu ##url,0
2313,vukuzenzele,"kwiinthanethi, akhona ku-www.webrangers.co.zaI-MMA iphinde isize abantwana ngewebhusayithi yayo ye-Hashplay (https://hashplay.co.za) , ebandakanya inkundla yezokuxhumana evumela abantwana ukuthi bakhulume nosebenza kwi-inthanethi ngalokho abahlangabezana",0
dev_isizulu_00119,AfriHate,yhu abelungu ngamasela ##url,0
train_isizulu_02126,AfriHate,bhebha uthule - mthokozisi (2017).,0
599, umphakathi ubhekene nengwadla yamanzi ,"BAKHALA ngezimoto zamanzi okuphela amasonto zingafiki emphakathini wakwaLembe ngaphansi kukaMasipala uMdoni, okuthiwa umphakathi usukha emfuleni oshiswe yisomiso. Isolezwe lithole ukuthi kusukela ngoJuni inkinga yamanzi ibisivele iqalile kule ndawo, obuthembela ezimotweni ezilethwa wuMasipala Ugu.UNkk Nokuthula Mdlalose oyilungu lomphakathi, uthe selokhu kwathi nhlo bakha emfuleni iMandlalathi. Uthe inkinga yamanzi iqale ngesikhathi kusha umfula, okudalwe yisomiso.“Izimoto zikamasipala bezisilethela amathangi amanzi kube ngconywana. Inkinga manje sekuphela amasonto noma inyanga izimoto zingafiki. Kumanje sagcina ngenyanga edlule ukulethelwa amanzi. Uma sishaya ucingo siwacela, sitshelwa ukuthi kunenkinga yokushoda kwezimoto kumasipala,” kuchaza yena.Uthe sebesaba nokuthi bazogula ngoba akuphephile ukusebenzisa amanzi kulo mfula.UNkk Mdlalose uthe uma bezosebenzisa amanzi bayawabilisa.“Okuyinkinga kakhulu ukuwasha ngawo ngoba izimpahla ziyagqwala. Kuba ngcono uma kufike imoto yamanzi ngoba siyacabangelana. Siye sihlukaniselane izigubhu ngasikhombisa emzini ngamunye,” echaza.UMnuz Zakhele Hlongwa oyikhansela, uthe ibaxakile impela inkinga yamanzi futhi ingaphezu kwamandla. Uvumile ukuthi uma izimoto zingafikanga, umphakathi awunalo elinye isu lokuthola amanzi.“Ngicabanga ukuthi izimoto zamanzi zagcina ukufika emasontweni amabili edlule kuleya ndawo. Nokho kuyenzeka kuphele ngisho inyanga zingafikanga. Sithole ukuthi kunenkinga yokushoda kwezimoto kuMasipala Ugu,” kusho uHlongwa.Uthe wahlangana nezikhulu zikamasipala ukudlulisa izikhalo. Uveze ukuthi nomphakathi bawuchazelile inkinga ababhekene nayo.AKUGCWALI ngisho isigubhu samanzi uma kukhiwa emfuleni osekuthembelwe kuwo emphakathini wakwaLembeUHlongwa uthe sebefake isicelo sokuthi umphakathi ufakelwe ompompi kodwa angazi ukuthi kuzokwenzeka nini ngoba umasipala ukhale ngezinkinga zemali.Uthe kuba ngcono uma linile ngoba umphakathi ukhongozela amanzi emvuleni.Okhulumela uMasipala Ugu uMnuz Frans Nzama, uthe kubekwe ikomiti okuyilona elilawula indaba yokulethwa kwamanzi.Uthe ngenxa yokuthi ziningi izindawo eziswele amanzi, izimoto azikwazi ukufika nsuku zonke kodwa ziyawaletha amanzi.UNzama uthe kunohlelo olubhalwe phansi okuyilona olulawula ukuthi izimoto ziwayise kuphi amanzi.",0
3368,vukuzenzele,"umhlaba uqale ukubhekana nokuntuleka okukhulu kwemishini yokuphe-fumula.“Cishe ngoNdasa noMbasa, kwaba nokuntuleka kwemishini yoku-phefumula obekungazelelwe kubahlinzeki bethu bamazwe omhlaba. Uma ikhona indawo owawukwazi ukuyithola khona, yayimba eqolo",0
dev_isizulu_00516,AfriHate,@username mpho asimbongele truter ngokuzitholela umsebenzi eqenjini la mazulu @username esithemba ukuthi uzokwazi ukuwabeka kwelinye izinga elifunwa ngu chairman walo #primetimesport,0
test_isizulu_00082,AfriHate,nxa abelungu badlalile ngathi. my niece goes to penzance and she said they planted trees at her school izolo. which is better. today nje sizilalele😂😂 hhayi indaba yokuvuswa ingane esafunda eprimary for school on a saturday. no!😂 ##url,0
train_isizulu_00995,AfriHate,eplazin = amabhunu,0
2251,vukuzenzele,"“Lezi zimpawu ezivame uku bonakala ezindaweni ezimbili noma ngaphezulunjengasekhaya, esikoleni, uma ena -bangani noma izihlobo noma kwezinye nje izindawo ka ntifuthi kuyaye kuphazamise ukuhlala nabantu, nokwenza umsebenzi wesikole neminye imisebenzi nje.",0
train_isizulu_01214,AfriHate,khwela phezukwendlu ubutshele umanishaya ibhunu umama vyajabula,0
3439,vukuzenzele,"Kwakuyilena injongo eyayiqhuba uhlelo lwabakwa-Driv ing Ambitions, olwasungulwa ngowezi-2013. I-QASA yahla ngana nenkampani eqashisa izimoto i-Avis ukuze baxox isane ngokufundisa abantu abakhubazekile ukushayela izimoto ezilungiselelwe bona.",0
train_isizulu_01736,AfriHate,"👌@username : entlek uban othe nath askhoni uk'bhebha sidlule ye ??""",0
dev_isizulu_00584,AfriHate,“ungithinta amasende”  “angyona ingquza mina”   aybo bamenzani umjita. ##url,0
3158,vukuzenzele,"Ngokusobala, sichitha imali eningi ukudlula le esiyitho layo.",0
train_isizulu_02951,AfriHate,"le kanyoko, hayi um’tasekhaya kodwa 🙅🏽‍♂️! ##url",0
490, abanalo isasasa ngemiphumela asebelinde iminyaka emine ,"BAPHILA ngokubamba amatoho abafundi osekuphele iminyaka emine belinde imiphumela yabo yezivivinyo zika-matric.Abafundi baseMashiyamahle High eNdwedwe bathi abanalo igugu lemiphumela yokuchibiyela kwabo kwango-2015, umnyango oyikhiphe ngoMsombuluko ngoba sebelahlekelwe yisikhathi esiningi lolu daba lusenkantolo. Bathi imiphumela yabo bafisa ukuyithola kummeli wabo okunguye abamqoka ukuthi abamele kulolu daba hhayi emnyangweni.UMthobisi Ntetha (23) uthe ubhuquza ekhaya ngemuva kokulahlekelwa umsebenzi wokuwasha izimoto eVerulam abewenza nyakenye.Uthe akakayi kobheka le miphumela okuthiwa abayilande ngoba ngokwazi kwakhe akuyona le abayifunayo.“Thina saya enkantolo ngoba singagculisekile ngokuthi umnyango usola ukuthi sakopela kodwa abukho ubufakazi obubambekayo. Esakuzwa ukuthi umnyango wathi washayelwa ucingo watshelwa ukuthi sikopelile. Sasifuna ukuthi inkantolo iphoqe umnyango ukuthi usinike leyo miphumela, le abayikhiphayo yokuchibiyela ilungile ngoba isinika ithuba elingcono lokuzikhethela kodwa akuyona le ebesiyilwela yonke le minyaka emine, yingakho ngingayanga koyilanda,” kusho uNtetha.Uthe ukungayitholi imiphumela yakhe kumenze walahlekelwa yisikhathi sakhe okungabe wasisebenzisa wayofundela i-Electrical Engineering ayezimisele ukuyifunda.“Njengamanje nginengane engingakwazi ukuyondla ngendlela ngoba imisebenzi eminingi ifuna umuntu ono-matric mina anginawo. Angikwazi nokuqhubeka ngiyofunda ngoba kufuneka sona isitifiketi sakwa-matric noma imiphumela, anginako kokubili,” kusho uNtetha.UBhekani Ngcobo (24), naye obeselinde imiphumela iminyaka emine, uthe uzwile ngaleyo miphumela kodwa akayilandanga ngoba akuyona abeyilindele.UNgcobo uthe ugcine esephoqeleka ukuthi afundele ukuthunga okuyinto abengayithandi ngoba ubengenabo ubufakazi bokuthi wawufunda u-matric.“Ngangifuna ukwenza iHuman Resource Management kodwa angikwazanga ngenxa yemiphumela yami eyabanjwa ngo-2014. Kubuhlungu okwenzeka kithi ngoba ababefunda ngemuva kwethu bayaqeda ukufunda emanyuvesi, ngisho nabaselamayo nabo abafunda kuso lesi sikole ngemuva kwethu ababanga nankinga, thina sibambekile kuthiwa sakopela kodwa abukho ubufakazi esitshelwa bona bokuthi sakopela,” kusho yena.UNtetha noNgcobo bangabanye ababafundibaka-matric ngo-2014 ababanjelwa imiphumelaya yabo. Uthishanhloko walesi sikole, uMnuz Zacharia Ntanzi, wamiswa kulesi sikole ngo-Agasti esolwa ngokugovuza abafundi abase bevala amasango ezikole zakule ndawo ngawo * -Agasti.Okhulumela uMnyango wezeMfundo KwaZulu-Natal, uMnuz Kwazi Mthethwa, ukuvumile ukuthi uNtanzi washintshelwa kwesinye isikole ngempoqo njengoba umnyango usaqhubeka nokumphenya ngezinsolo zokuthi wasiza abafundi ukuthi bakopele.",0
219,vukuzenzele,"“Izinqumo kufanele zitha thwe ngokushesha futhi kume le ucabange ngaphandle koku thatha isikhathi eside. Ngaphinde ngafunda ukuthi kuxhunyanwa kanjani neziguli,” engeza.",0
2222,vukuzenzele,"Imisebenzi ye-CACH iqala ngomhla ka 3 kuMasingana 2018, ezinsukwini ezimbalwa kusanda kuphuma imiphumela yokuhlolwa ye-NSC futhi izosebenza kuze kube sekupheleni kukaNhlolanja 2018.",0
1257,vukuzenzele,"Ningakwenza lokhu ngokubamba imihlanga -no yomndeni njalo, lapho kukhuluma futhi kulalela khona wonke umuntu. Uku khuluma kuyindlela engco no kakhulu yokufundisa izingane futhi ungakhutha za ukuziphatha kahle ngo kuvele nje uzichazele izi nto. U-Childline",0
528, le khomishini kazondo izoyishaya iyibhuqe i anc ,"Bantabami ngokuzithoba ngiyacela isale seyimiswa le Khomishini kaZondo okuthiwa ngeyophenya ngokulawulwa koMbuso yidlanzana. Ngicabanga ukuthi nobengaboni useyabona manje ukuthi iKhomishini yokulawulwa koMbuso yidlanzana ifana nenunu emakhandakhanda ezoshaya ibhuqe u-ANC. Ukube nginawo amandla okufinyelela egoseni le Khomoshini yokulawulwa koMbuso yidlanzana, uSolwazi uThuli Madonsela, kungabe ngiyambuza manje ukuthi uyathokoza yini njengoba abantu bakaKhongolose sebejikijelana ngemikhonto ongathi baloyiwe. Kungenzeka ukuthi leKhomishini yasungulwa ngoba kuhloswe ukuthi kwembulwe izinqe zikaZuma kodwa manje kubukeka sekuvela nezinqe zabantu abaningi.Ngisho ingane ekhasela eziko iyabona ukuthi kule khomishini kuhujwa inyamazane eyodwa enguZuma kodwa kugcina sekulimala nezinye izinyamazane ngenxa yokuthi abazingeli bazingela ngokushisa umlilo. MaSolezwe ngiyaphinda ngiyasho ukuthi lo mlilo obaswe kuleya Khomishini uyoshiya uKhongolose ushe wahanguka amashiya nezinkophe. Lezi gubhu ezishawayo kuthiwe uKhongolose ubumbene ngibona ongathi kusiniswa amahleza ngoba le Khomishini ikuveza obala ukuthi uhlakazeke phakathi okwamaqhezu ezinqe. Okufike kube yinkinga wukuthi ofakazi beza ngogqozi nofuqufuqu lokupenda uZuma njengesikhohlakali kodwa bagcine sebechaphazele noGwede Mantashe, uGodongwana noJeff Radebe sekuvela ukuthi babekhona emihlanganweni ethile. OkaVolos uthi le Khomishini kaZondo ifana nomgangela wezinsizwa nezintokazi zikaKhongolose okufanele umiswe ngokushesha ngoba kuyofikwa okhethweni sekukhishwene amehlo abanye bengasanamazinyo. Kuyishwa ukuthi amalungu ka-ANC abukeka engaboni ukuthi ukuyofakaza kule Khomishini kufana nokuthatha intambo uzikhunge ngoba ugcine usungene wavela ngesicoco. Ubufakazi bale nto engiyishoyo kube yisehlo esehlele uNhlanhla Nene osukwe wusinga wayokwethula ubufakazi kodwa wagcina eselahlekelwa yisikhundla sokuba uNgqongqoshe wezeziMali. Kufikisela ngosizi ukubona uPravin Ghordan efakaza, echaza ukuthi yena wakubona kanjani ukulawulwa koMbuso. Thina esibukelayo sesinovalo lokuthi kwayena uGhordan uyogcina eselahlekelwe yisikhundla sakhe ngoba kuyabonakala ukuthi akekho omsulwa.MaSolezwe, angisho ukuthi ngithini kodwa ngithi angiyenameli le nkulumo kaMengameli uRamaphosa yokuthi naye uzimisele ngokuyofakaza kule Khomishini. UMatamela kufanele ngabe usebonile ukuthi umuntu oyofakaza kule Khomishini usuke eqiqinge umgqomo kadoti eyowuchitha ngenhloso yokungcolisa abathile. Inkinga isekutheni ngesikhathi uchitha udoti uthi ungcolisa abantu ugcina nawe sewungcoliswe yilo doti owuchithayo. Bakwethu, mina nginovalo lokuthi ngelinye ilanga noZuma uyosukwa yikhanda lakhe aqiqinge amanabukeni angcolile kaKhongolose ayowachitha kule Khomishini kaZondo kuhayize abantu.MaSolezwe, ngiyazi uVolos waziwa njengesibhedi kodwa mina angikuboni ukubheda uma kungathiwa le Khomishini kaZondo imiswe okwesikhashana ngenxa yokushoda kwezimali. Kuyiqiniso ukuthi kuyosuka umsindo kube nemibuzo yokuthi imiswe kanjani iKhomishini isanda kuqala umsebenzi wayo. Ngibona ungcono umsindo wokuthi iKhomishini ibanjwe ngophondo kunokuthi idedelwe igabavule, iveze amahlazo kube kubhekwe okhethweni.- Ngeso likaVolovolo",0
train_isizulu_01308,AfriHate,@username mayesemdala lo uzogibela imfene ebsuku🤞🏽,0
test_isizulu_00384,AfriHate,@username sokuba nomona wenja!😂 sdom somuntu 😂 sehluleki😂 ndinya yempilo 😂,0
1743,vukuzenzele,"Omasipala bethu baba dinga kakhulu ochwepheshe. Sinomthwalo omkhulu wo kwenza uhulumeni wase khaya ube nochwepheshe, ngokusebenzisa izinhlelo zethu zokuvukuza ama khono, esho engezela.",0
2190,vukuzenzele,"Nakuba izikhungo ze-RTMC zivula ngoMsombuluko kuze kube yiSonto kusukela ngehora lesi-7 ekuseni kuya kwelesi-9 ebusuku, amalungu omphakathi akhuthazwa ukuba ajoyine olayini abafishane ngoLwesihlanu nangempelasonto.",0
train_isizulu_00068,AfriHate,"""bhebha thule"" .",0
1320,vukuzenzele,"kwamabhiliyoni amabili amarandi, ezosetshenziswa emizamweni yokusiza.",0
train_isizulu_00100,AfriHate,@username dadewethu 🤭😂😂...”kahle bo wenja 🥴” 😭😭😭,0
1191,vukuzenzele,"Ngowezi-2020, sasungula isikhungo esiqondisa izigwegwe ngokwehlu kahlukana iFusion Centre njengesikhungo esisebenza ukubhekana namacala ezezimali, kubandakanya nenko hlakalo. Lesi sikhungo sihlanganisa amakhono okuphenya amacala ophikweni lukahulumeni",0
535,vukuzenzele,ngolwazi lwethu futhi sibandakanye nabantu abaningi.”Wongeze ngokuthi abesifazane akumele bazibekele umkhawulo ekulimeni kuphela kodwa kufanele ukuthi babheke ezinye izindlela zokusebenza embonini ezifana nokusebenzisa imikhiqizo yezolimo ukwenza eminye,0
2909,vukuzenzele,u-Ramaphosa wamemezela Isimo Senhlekelele Sikazwelonke ngokoMthetho Wokulawulwa Kwenhle kelele futhi wamemezela inqwaba yezinyathelo zokunqanda ukubheduka kweCOVID-19.,0
train_isizulu_02533,AfriHate,mabehleli babheda kakhulu ngoba bafuna nabanye bag ane babi kanti mane bhebha or bhejwa baba right ##url,0
train_isizulu_00723,AfriHate,"kudala,sisebenzela amabhunu! basebenzi masibambane,eli lizwe ngelethu! i feel like joining a strike! denosa and nehawu ithin into?",0
589, usizi ngesimo somndeni osuhlale ehlathini iminyaka ,"WAFIKA eThekwini ezonakekela indodakazi eyashayiswa yimoto owesifazane osehlala nomndeni wakhe ehlathini eWestville, eThekwini.Sekuphele iminyaka emithathu uNksz Bonisiwe Dlamini ehlala ehlathini nezingane eziyisihlanu. Kulezi zingane kukhona indodana uThulebona Dlamini (17) indodana kamfowabo u-Andile Zulu (26), ekamzala wakhe uMbulelo Mdledle, indodakazi uDineo (10) nomzukulu uPrincess (5). Amadodana kaNksz Dlamini okunguSphiwe Dlamini (30) noZamani Dlamini (23) abhadla ejele ngamacala ahlukene, nawo abehlala kuleli hlathi. Umzukulu okuthiwa walaxazwa ngunina, uzalwa ngenye yamadodana asejele.Indlela eya kulo mjondolo osehlathini idlula ezihlahleni eziminyene. Weqa ibhuloho elakhiwe ngezigxobo njengoba kunomfula ngaphansi. Elandisa Isolezwe uNksz Dlamini, uthe wasuka eXobho indodakazi yakhe uSne ishayiswe yimoto.USne owashona ngo-2016 eneminyaka engu-25, kuthiwa wayehlala emjondolo eSydenham eThekwini.“Ngafica isimo sakhe sisibi esibhedlela, onesi bathi akumele ngibe kude naye. Ngaquba isikhashana komunye umjondolo eSydenham ngabuye ngaxoshwa. Kuthe ngizihambela ngabona leli hlathi, ngazobeka umjondolo sahlala sonke nezingane. Bengiya zonke izinsuku esibhedlela futhi yayingekho enye indlela ngaphande kokufuna umjondolo ukusondelela.” Uthe indodakazi yakhe yagcina ishonile njengoba ibigula ehlala nayo kuleli hlathi.Kwahlanganisa ikhansela ukuze ingcwabeke.AKAFUNI ukubalisa ngosizi lwakhe uNksz Bonisiwe Dlamini ohlala ehlathini nomndeni wakhe, othathwe nendodana kamfowabo ahlala nayo u-Andile ZuluKwehla izinyembezi uma exoxa ngokushona kwendodakazi yakhe, athe kwamhlukumeza kakhulu. Okwamhlukumeza wukuthi bekungasekho nokuphindela ekhaya njengoba athola ukuthi umuzi wakhe washa. Uveze nokuthi bekuvele kungabhekwana emndenini, namanje akukho sihlobo axhumana naso.UNksz Dlamini ongathandi ukugqamisa usizi lwakhe, uziphilisa ngokudayisa amakhalibhothi awaqoqa emgwaqweni.Uphinde abe netafula lokudayisa izithelo eduze kwegaraji ngaseWestwood Mall. Yindodakazi yakhe kuphela ehola isibonelelo sikahulumeni njengoba umzukulu ethe usaholelwa ngunina yize amlaxaza.“Uma ngiyodayisa ngihamba nazo izingane zamantombazane ngoba akuphephile ehlathini. Izingubo nokudla siphiwa ngabantu, nakho kubuye kwebiwe yizigebengu.”UMJONDOLO osehlathini eWestville okuhlala kuwo uNksz Bonisiwe Dlamini nomndeni onezingane eziyisihlanu. Isithombe:Isolezwe lifike izingane zibase phansi zipheka ngamathini amnyama. Lo mndeni ugeza emfuleni oseduze, ubuye ucele amanzi egaraji.UMfundisi Bheki Nxumalo ofundisa eNyuvesi yaKwaZulu-Natal, uthe uqale ngePhasika ukubona uNksz Dlamini obehlala eqhamuka ehlathini nezingane.“Ngathatha inombolo yakhe yocingo ngayobona nalapho ehlala khona. Angikholwanga ukuthi kunabantu abaphila le mpilo,” kusho uNxumalo.UMnuz Warren Burne oyikhansela kule ndawo okuthiwe uyazi ngodaba, akatholakalanga ocingweni, wathunyelelwa iSMS engaphendulwanga.",0
3300,vukuzenzele,"njengoba abantwana sebebuyele esikoleni. “Siza umntwana wakho ukuthi athole izindlela ezi-ntsha zokutshengisa uthando ebanganini babo, ngapha-ndle kokusondelana kanye nokuthintana nabo. Yenza ukuthi umndeni wakho ubu-lale amagciwane ngaphambi kokuba ungene",0
1219,vukuzenzele,"Bekumele sicabangele no-mthelela emnothweni osuvele untengantenga esikhathini eside nesifushane, nomthele-la walokhu kuphazamiseka okukhulu ezimpilweni zezigidi zabantu.",0
681,vukuzenzele,"iCO-VID-19 ezweni, okwaba noku-valwa kwezwe jikelele kanye nengcindezi kwizinsiza zethu zezempilo, ziningi izinsiza ze-HIV , ze-AIDS kanye nesifo sofuba ezikhinyabezekile. Lokhu kuphose inselele kubantu abahlo-layo kanye nabaqala imishanguzo yokudambisa",0
2178,vukuzenzele,"NgokweNhlangano Elawula Izimoto Emgwaqeni (i-RTMC), ngama-42% kuphela amakhadi elayisensi yokushayela kwayizi-32 748 akhiqizwe ngalesi sikhathi aselandiwe.",0
train_isizulu_00840,AfriHate,laze langizwela ibhunu.,0
9,vukuzenzele,"Yize izigameko ze-COVID-19 zikhula futhi izwe lilindele ukuthi maduze lingene ehlandleni lesihlanu, akukaziwa ukuthi lizoba libi kangakanani.",0
dev_isizulu_00606,AfriHate,.@username uyinja🔥🔥🔥🔥🔥🔥🔥🔥🔥🔥 abakuyeke bafo,0
train_isizulu_00188,AfriHate,@username haaa iskhotha ehlobo madoda haaa ngiyisaba kabi ingulube,0
1447,vukuzenzele,Kuyabongeka kakhulu ukuthi kungenxa yabo sesikhuluma ngokuqhwagwa kombuso njengosekwedlule.,0
train_isizulu_01809,AfriHate,@username #msw @username robert my nickname mgodoyi angazi umkhulu wayecabangani 🤦🏾‍♂️🤦🏾‍♂️ let’s go ##url,0
269,vukuzenzele,Ubulungiswa kumphakathiUMongameli uthe umpha kathi ubusubekezelele ubu nzima obuningi eminyakeni eyedlule futhi “amatayitela agunyaza ubunikazi aletha ubulungiswa kumphakathi owawuphucwe umhlaba”.,0
209, utokile osolwa ngokubulala isalukazi  ,"UZIKHETHELE ukuba agqunywe ejele ngoba enovalo lokuthi uzohlaselwa wumphakathi owesilisa obhekene necala lokudlwengula nokubulala isalukazi esineminyaka ewu-107 eMagwababeni eMpophomeni ngaphandle kwaseMgungundlovu.UMnuz Sanele Mthethwa (36) izolo uvele enkantolo yaseHowick nalapho etshele khona inkantolo ukuthi ufuna ukuhlanza konke ngokwenzekile kodwa iMantshi uNkk Ntsoaki Khakane yamnqanda yathi kumele athole ummeli kuqala.UMthethwa ubhekene necala lokudlwengula nelokubulala uNkk Girley “Gail” Maphumulo, kwengezwa necala lokugqekeza njengoba kusolwa ukuthi wangena ngewindi ezogila lo mkhuba.UMPHAKATHI waseMpophomeni ububhodla umlilo ngaphandle kwasenkantolo yeMantshi eHowick uthi umfuna ngaphandle osolwa ngokudlwengula abulale isalukazi (107)Umsolwa ngesikhathi ebuzwa ukuthi ukhetha ukusebenzisa yiphi inhlobo yommeli uvele wathi uzozimela yena ngoba ufuna ukusho konke okwenzeka ngelanga lesehlakalo.IMantshi ibe isithetha ithi ayizile ukuzobuza ukuthi kwenzekalani ngelanga lesigameko kodwa ibuza ukuthi ukhetha yiphi inhlobo yommeli, ukuze ezokwazi ukukhuluma konke afuna ukukusho kummeli wakhe.Umsolwa ube eseqoka ukumelwa wummeli woMbuso.Ngesikhathi iMantshi ibuza ngesicelo sebheyili ukuthi uyafuna yini ukusifaka, uvele walandula wathi kungcono ejele kunangaphandle usaba ukwenzakaliswa wumphakathi. IMantshi ibe isilihlehlisela uFebhuwari 9 nonyaka icala.Enkantolo bekugcwele abaholi bomphakathi, abomndeni nomphakathi.Ngaphandle kwenkantolo umphakathi ubuphethe izingqwembe ezigxeka ababulali nabadlwenguli.Lo mphakathi ubukhala ngokusebenza kwesiteshi samaphoyisa saseMpophomeni njengoba kuthiwa umsolwa wake wafika emzini walesi salukazi ngaphambi kokuba sibulawe.Indodana yalesi salukazi, uMnuz Enock Maphumulo (68), ebisenkantolo ithe ukuba amaphoyisa aluphakamela lolu daba mhlawumbe unina ngabe usaphila. “Umsolwa ufike cishe izikhawu ezine ekhaya ebuza umama ukuthi unayo yini indoda nokuthi wake wadlwengulwa yini. Lokhu kwabikwa emaphoyiseni kodwa kwangenziwa lutho. Umama ubemdala engasakwazi ukuzenzela lutho, ubesesizwa njengengane encane. Kubuhlungu kakhulu ukuba abulawe ngale ndlela,” kusho uMaphumulo.Lesi salukazi besihlala nabazukulu abafundayo abaneminyaka eko-20.Ngelanga lesigameko omunye umzukulu wayelele kwelinye ikamelo, yena waklinywa waquleka. Kuthiwa umsolwa wabe esedlwengula isalukazi, wasiklinya ngeSonto ebusuku.Ngesikhathi umndeni ungena enkantolo owesifazane ongumzukulu uze wabanjwa ekhihla isililo. Umndeni walo wesifazane uthe ukubulawa kwakhe ngale ndlela kubahlukumeze kakhulu.",0
2396,vukuzenzele,"(ama-les bian), abesilisa abathandana nabanye besilisa (ama-gay), abanobulili obushintshashintshayo (ama-bisexual), abashintshe ubulili (ama-trans gender), abathandana nabantu ngokwahlukana (i-intersex), abanobulili obungaqondakali (i-queer/questioning),",0
2253,vukuzenzele,Ziningi kakhulu izindlela zo kwelashwa ezingasetshenzi swa.,0
train_isizulu_02993,AfriHate,@username wena hlezi ufuna imomozi 😪,0
1830,vukuzenzele,"ngokweze-mpilo, ezokusekwa ukupha-thwa kwemisebenzi kanye neminye imisebenzi njengoku-hlanza nokuhlinzeka ngokudla.",0
902,vukuzenzele,"Lesi sikole sinabafundi abangama-489, othisha abayi-14, kanye nomabhalane ababili. Ibhekelela amabanga kusuka kwibanga-R kuya kwelesi-7 futhi yisikole esingakhokhisi imali yokufunda.",0
483,vukuzenzele,"I-CACH izodlulisela labafundi ezinhlelweni zokuthuthukiswa kwemisebenzi futhi uma kwenzeka, inikezele ngethuba lokuthi bazanyelwe izikhala ezisatholakala emanyuvesi kanye nasemakolishi ama-TVET noma amathuba okufundela umsebenzi Kwezemfundo Nokuqeqesha",0
3447,vukuzenzele,"Ngikhumbula ngelinye ilanga lapho ngagibela itekisi, bangi gibeza phakathi kodwa bashiya isihlalo sami sabakhubazekile ngaphandle ukuze bakwazi ukugcwalisa itekisi, kusho uKhoza.",0
2815,vukuzenzele,"Uhlelo olusebenza ngokugcwele lwee-Visa selwethulilwe emazweni ayi-14, kubandakanya nezimakethe zethu ezinkulukazi zabavakashi. Ukubuyekezwa okuphelele kohlelo lwevisa nako kuyaqhubeka ukusivumela ukuthi sihehe amakhono adingwa ngumnotho wethu.",0
test_isizulu_00110,AfriHate,@username ayibuyiswa uma ithathwe abelungu bethu,0
2097,vukuzenzele,"Phakathi kowezi-2017 nowezi-2020, cishe izicelo zokuthuthukiswa kwamabhizinisi ezingama-500 zalethwa ukuze zibhaliswe kuKhomishana ye-B-BBEE.",0
1312,vukuzenzele,"Abanikazi bamabhi zinisi amancane nabathengisa emgwaqeni bayingxenye yabantu baseNingizi mu Afrika abashayeke kakhulu ngokuvalwa kwezwe. Ukuze badlule kulesi sikhathi esinzi-ma, labo somabhizinisi bangasebenzisa ithuba ngokusebenzisa izindle-la eziningi",0
train_isizulu_03043,AfriHate,then thina mazulu senzenjani ngoba angi understand 😥 ##url,0
3255,vukuzenzele,"engamashumi amathathu, ubenomthelela ekuqondisweni kwenqubomgomo yokuphatha ngokulandelana kwentando yeningi labantu.",0
343, bagonyuluke ngokuhlukunyezwa ,"ZITHOLE ithuba lokugonyuluka okokuqala ngokuhlukunyezwa kwazo ezinye izitshudeni zasemanyuvesi ebeziyingxenye yomcimbi obekudingidwa kuwo ngokuhlukunyezwa kwabesifazane emanyuvesi.UNksz Nonjabulo Mncwabe, ofunda e-UKZN eHoward, ugonyuluke ngokuthi ngonyaka odlule udlwengulwe umuntu obewumngani wakhe omnike indawo yokuhlala. Uthe akakwazanga ukukhuluma ngale nto ngenxa yokuthi yamkhubaza emoyeni ngoba engazitsheli ukuthi umuntu asondelene naye angamenza into enje. Uthe uze wakwazi ukukhuluma ngalesi sehlo okokuqala njengoba bekunenkulumo ngalesi sihlava sokuhlukunyezwa kwabesifazane izolo ngesikhathi kuhlangene izitshudeni eziphuma emanyuvesi ehlukene nezikhulu zezinhlaka ezehlukene eCoastal TVET College kwa-V eMlaza.Esinye isitshudeni, u-Amanda Zoleka, siveze ukuthi sathwalwa sifunda uGrade 10 sathola ukuthi nguyise owayehlele ukuthi amshadise esemncane. Sesishadisiwe sakhulelwa, saphuphunyelwa isisu sineminyaka engu-15. Sesisesibhedlela sathola usizo lwabezenhlalakahle sakwazi ukuphuma kulo mshado.Uthishanhloko weCoastal College eThekwini, uMnuz S B Ndlovu, uthe abazali kumele banakekele izingane zabo bahlale nazo ukuze bakwazi ukubona ukuthi yiziphi izingqinamba ezibhekana nazo zonke izinsuku.IPhini likaNgqongqoshe weMfundo ePhakame kuzwelonke, uMnuz Bhuti Manamela, livule lo mcimbi ngokuthi licele ukuthi kube nomzuzu wokuthula, kukhunjulwa bonke abesifazane ababulawa amadoda abebethandana nawo kubona abale uZolile Khumalo owayefunda eMangosuthu noJabulile Nhlapo owayefunda e-Unisa, eVanderbilpark. “Ukubulawa kwabantu besifazane abayizitshudeni kuyalikhinyabeza izinga lezemfundo njengoba ukuhlukunyezwa kwabantu besimame kungenye yezinkinga esibhekene nazo emanyuvesi. Njengoba kuqala inyanga yabantu abasha sizosebenzisa le nyanga ukuqwashisa izitshudeni ngokubhebhetheka kokuhlukunyezwa kwabantu besifazane emanyuvesi.”Uthe bazoba nezinhlelo ezibonakalayo ukuqinisekisa ukuthi kuyaliwa nokuhlukunyezwa kwabantu besimame emanyuvesi.“Lezi zinhlelo sizoziqala kuwo amanyuvesi sithi: ‘phansi ngokuhlunyezwa kwabantu besimame, phansi, phansi ngama-blesser phansi.’ Sithi sekwanele ngokuhlukunyezwa kwabantu besimame.”Kuwona lo mcimbi kukhonjiswe nomdlalo washashalazi othi iKomeng, obhalwe waqondiswa umlingisi wakuleli uSello Maake kaNcube.Ekhuluma neSolezwe uthe i-iKomeng indlela akhethe ukukhuluma ngayo nabantu besilisa.“Ngalo mdlalo waseshashalazini ngifuna ukunika abantu besilisa umyalezo ngoba kungathi kukhona izinto ezibakhathazayo abangakwazi ukukhuluma ngazo. Ngalo mdlalo ngiphinde ngikhuze abantu besilisa abenza imikhuba emibi emizimbeni yabantu besimame njengokubadlwengula. Ngifisa bazi ukuthi kabanalo igunya lokuzenzela noma yini emzimbeni yabantu besimame,’’ kusho uSello.Izitshudeni zasemanyuvesi ehlukene zisebenzise leli thuba ukuthi zigonyuluke ngezinye zezinkinga asebhekane nazo zokuhlukunyezwa.",0
1842,vukuzenzele,abahlukumezekile emiphakathini yabo kanye nemiphakathi ebeyibhikisha ilwa nokungeniswa kweziguli ezinegciwane lecorona ezibhedlela nasemitholampilo yasezindaweni abahlala kuzo. Lokhu kumele kuphele nya.,0
1466,vukuzenzele,"Umsebenzi omkhulu usasele, futhi kusamele kubhekwane nezinselele eziningi. Kodwa sisendleleni yokwakha umphakathi okhululekile ekuqhwagweni kombuso kanye nenkohlakalo.",0
80,vukuzenzele,no endaweni kunamathu- ba okuhlomulisa izikole nemiphakathi kuphin - de kuthuthukise ezolimo zasendaweni.,0
501, umantashe wabhalelwa abakwagupta ,"USIHLALO kazwelonke we-ANC uMnuz Gwede Mantashe utshele iKhomishini kaZondo izolo ukuthi izikhulu zenkampani i-Oakbay Resources zazibabelesela kanjani zibanxenxa ukuthi bangenelele ngemuva kokuvalwa kwama-akhawunti ezinkampani zamalungu omndeni wakwaGupta ngamabhange amakhulu kuleli.UMantashe ubethula ubufakazi egameni le-ANC phambi kweKhomishini kaZondo. Uthe owayeyisikhulu esiphezulu kwi-Oakbay, uMnuz Nazeem Howa, wababhalela incwadi ecela ukuthi ahlanganiswe nezikhulu ze-ANC.“UHowa wayegcizelela udaba lokulahleka kwemisebenzi uma kuvunyelwa ukuvalwa kwama-akhawunti ezinkampani zamalungu omndeni wakwaGupta,” kusho uMantashe.Ngaphambi kokuthi uMantashe athule ubufakazi, kuqale uMnuz Mzwanele Manyi oke waba yiNhloko yoPhiko lwezokuXhumana kuhulumeni iGCIS. - ANA",0
test_isizulu_00178,AfriHate,haw bantu 😍kodwa ididi lapho mama😋angsayphath eyegquma😋 ##url,0
2197,vukuzenzele,"nokusebenza ukuphelelisa amalungelo ayisisekelo awowonke umuntu waseNingizimu Afrika ukuze bezophila impilo esezingeni engenazo izifo, indlala kanye nokuswela. Uhulumeni wentando yeningi labantu owalandela waqalisa izinqubomgomo zokubuyisa isithunzi",0
540,vukuzenzele,"le-TREP lime kwisigidi esisodwa samarandi, ngengxenye eyodwa eba yisibonelelo bese kuthi enye kube imalimboleko. Osomabhizinisi basemalokishini nasezindaweni zasemakhaya bangafaka izicelo zosizo, kubandakanya uxhasomali, ngokusebe nzisa ifomu lokufaka",0
dev_isizulu_00505,AfriHate,loya mlungu akawazi nje umsebenzi.  🖤💚💛 and incompetence are becoming synonyms. ##url,0
2713,vukuzenzele,"ngatshela intatheli, wonke umuntu waseNingizi-mu Afrika unelungelo lokuya ezinkantolo ngisho nami, njengoMongameli, angeke ngama endleleni yanoba ubani osebenzisa lelo lungelo. Sekube, futhi kuzoqhubeka kube khona, ukugxekwa oku-namandla nokushayisana",0
train_isizulu_02987,AfriHate,"he madoda, nantsi ingulube inginonela! naku ngishelwa estradini! smh",0
train_isizulu_02154,AfriHate,"umkhulu wam lona  umakhomba akhahlele, ibhunu elibomvu elibomvu kumahhela, unogwaja omhlophe ogqize ngebala elimhlophe......... #thanda_kanjani  #namanje @ piet retief, mpumalanga -mallmfula ##url",0
2011,vukuzenzele,"zokunciphisa lwamaqembu ezigelekeqe. Kamuva nje, sibambisene, nomphakathi, siye sasungula usizo lohlelo oluphuthumayo ngendlela yokuzama ukulwa nodlame olubhekiswe kwabe-sifazane kanye nezingane.Noma kunjalo, kuyacaca ukuthi kuningi okusadingeka ukuthi",0
train_isizulu_00809,AfriHate,"@username mphemba, wena wase lenge. kumele ungene kwizithakazelo. wena onemali esinda amabhange nakwi mampara week👏🏾👏🏾",0
dev_isizulu_00539,AfriHate,ulale nawe uneke amasende ukhululeke. aneva! 😂😂 ##url,0
3526,vukuzenzele,Ngemuva kokuphothula umatekuletsheni uMatlakane wahlala ekhaya nakuba iNyuvesi yaseGoli (i-UJ) yabe imamukele ukuba afundele umthetho.,0
train_isizulu_02974,AfriHate,umuntu usamelwe umsebenzi wokuhlaba ingulube.. ...🤦‍♀️🤦‍♀️🏃‍♂️,0
1803,vukuzenzele,Amacala abasebenzi baka hulumeni adluliselwe kuPhi ko Lwamacala Akhethekile ukuze kuthathwe izinyathelo zokuqondiswa kwezigwegwe azoqashwa yilolu phiko olusha ukuhlolisisa inqube kela-phambili yawo.,0
train_isizulu_00584,AfriHate,@username kyogijima imfene emhlophe ngalelo langa ##url,0
937,vukuzenzele,"Kwenzakalani uma ngisaqhubeka ngikhombisa izimpawu emvakwezinsuku eziyi-10?Kuvamile ukuba iziguli ziqhu beke nokuba nezimpawu ukwe-dlula izinsuku eziyi-10. Ukwelulama ngokuphelele kungathatha amaviki ambalwa. Uma ngabe usenezimpawu, thola iseluleko",0
train_isizulu_02138,AfriHate,"lol eqede n buy me beer""@username : @username bhebha bhebha malume .akagcine durex yakhe asishiyele umsele nje kuphela""",0
1482,vukuzenzele,Azikho izisombululo ezilula kule nkinga yethu yogesi. Kodwa sizinikele futhi sizimisele ukuhlola zonke izindlela futhi sisebenzise lonke ithuba ukuqinisekisa ukuthi siphehla ugesi owanele ukuhlangabezana nezidingo zezwe lakithi.,0
1722,vukuzenzele,"izinsizakusebenza nemishini ukuze labo somabhizinisi abancane bezokwazi ukuqhuba amabhizinisi aphumelelayo.Ukusabalalisa ukufinyelela emhlabeni nasemathubeni okulima kuzosekela ukusu ngulwa kwemisebenzi kanye nokuthuthukiswa kwama bhizinisi, futhi",0
645, izongenisa  bn imigubho ye anc kwazulu natal ,"IZONGENISA uR2 billion imigubho ye-ANC emnothweni waKwaZulu-Natal njengoba kutheleke abantu abangaphezu kuka-100 000 kuleli sonto.Lezi zindaba zivezwe nguNgqongqoshe wezokuThuthukiswa koMnotho, ezokuVakasha neMvelo KwaZulu-Natal, uMnuz Sihle Zikalala osho lokhu emuva kokuthi iPhini leMenenja kaMasipala weTheku uMnuz Phillip Sithole lithe wonke amahhotela amakhulu nagudle ulwandle agcwele njengoba kunemicimbi yemigubho yeminyaka ewu-107 yokusungulwa kwe-ANC.USithole uthe abafuna izindawo zokulala kufanele babheke amaBed and Breakfasts nezinye izindawo ezihlala izivakashi.UZikalala uthe njengoba i-ANC izoba nomgubho omkhulu kusasa eMoses Mabhida izinkampani zokuvakasha zithe konke kuhamba kahle futhi kuhlomule izindawo ezihlukene ezilala izivakashi KwaZulu-Natal ngoba abaholi be-ANC bebethe chithisaka kwisifundazwe sonke. “Siwuqala kahle unyaka ngoba nomkhankaso wethu wokwandisa izivakashi uthela izithelo ezinhle ngoba ucwaningo luveza ukuthi kufike izivakashi eziwu-2 000 zakwamanye amazwe angaphandle ezinyangeni zokuqala ezintathu zika-2018. Sifuna nokunyusa isibalo sezivakashi zangaphakathi, sikhulise nemali engenayo ibe phakathi kukaR65 billion noR98 billion kule minyaka emibili ezayo,” kusho uZikalala.Uthe lokhu kuzoqinisekisa ukuthi bayafinyelela ohlelweni lwabo lokwakha amathuba omsebenzi awu-183 000 kwezokuvakasha kule minyaka emibili ezayo bahehe nezivakashi eziwu-3.4 million zakwamanye amazwe ngo-2030.",0
689, ngale kwemali ungajabula ngevalentine ,"IZITOLO eziningi seziqalile ukuyikazela izinto ezikhala kahle, izipho ezigoqwe ngobunono, oswidi ababizayo abanezinhliziyo, imisiko nokuningi okuhehayo izithandani ezingazijabulisa ngakho kuleli sonto.Usuku lwakusasa olwaziwa njengolwabantu abathandanayo eNingizimu Afrika luza nezindleko eziningi. Lolu suku njengoba lufika kanye ngonyaka wonke umuntu usuke enenhloso yokujabulisa othandiweyo wakhe, abanye baze bangene ezikweletini. Kodwa ongoti bathi asikho isidingo sokuphoqa kulabo abavalekile ngoba ziningi izinto abangazenza emakhaya bajabule ngaphandle kokumosa imali.Indlela ondlala ngayo umbhede kumele yehluke kwejwayelekile. Ungoti wezobudlelwane, uJo Hammings, uthi kwabakhonze izimbali ungazivuvuzela embhedeni uzibhale inhliziyo, ubeka noswidi enizofunzana wona nesithandwa sakho. Iwayini, ijusi namanzi nakho ungakubeka eduze nombhede ukuze konke kube seduze nani ningalokhu niphuma ningena.Ungoti wezemfashini eThekwini uNksz Philile Mungwe weVallure uthi ukumesha nohlobo lwamashidi owandlala embhedeni kumele axoxe indaba ngalolu suku.Eminye imininingwane icashunwe kwi-www.dreams.co.uk.",0
train_isizulu_02226,AfriHate,inkawu idlala isikhwebu ##url,0
1773,vukuzenzele,Balinganiselwa ezigidini ezingama-25 abantu abahla la ezindaweni zasemakhaya ababuswa ngabaholi benda buko.,0
3560,vukuzenzele,angaphandle.UMthethosisekelo waseNingizimu Afrika UMthethosisekelo wabhalwa ngokuphathelene Nesigaba 5 soMthethosisekelo wesikhashana (uMthetho 200 we-1993) futhi wemukelwa okokuqala Yisigu ngu soMthethosisekelo mhla ziyi-8 kuNhlaba 1996. Wasayinwa waba,0
2232,vukuzenzele,Imisebenzi ye-CACH isebenza ngokubambisana neSikhungo Sokuthuthukisa Imisebenzi Kuzwelonke (i-NCDS) esiza ngokuhlinzeka ngolwazi lwezemisebenzi olunzulu kanye neseluleko mayelana:,0
347,https://www.isolezwe.co.za/ezemidlalo/ubuthelezi ukhanyisa indlela kwi hockey ,"USEPHENDUKE isilomo uNkanyiso Buthelezi , ongumqeqeshi we-hockey esikolèni sodumo saseNanda esaziwa ngeNanda Seminary. Lensizwa eneminyaka engu-23, ithi umphakathi awuwuvali umlomo ngamagalelo ayo ekuthuthukiseni izinga lomdlalo we-hockey emphakathini njengoba waziwa ngokuthi ngowabantu bebala elimhlophe.Uthando lwakhe lwalo mdlalo lisuka kude njengoba laqala esenza amabanga aphansi eBonisanani Primary, okuyisikole esiseNtuzuma esigcemeni sakwaG.Akugcinanga lapho njengoba wagcina esethole umfundaze kwezinye zezikole zabadla izambane likapondo saseMhlanga esaziwa ngeNorthwood High nakholelwa ukuthi samsiza kakhulu ngokuthuthukisa izinga lakhe njengomdlali.INanda Seminary izoqala imidlalo yeminyaka yonke ebizwa nge Spar School Girls Hockey Challenge lapho bezobe beqhudelana nezikole eziyisithupha ezisenkabeni yeTheku okubalwa kuzo iDurban Girls High, Durban Girls College, Hoerskool Port Natal, Maris Stella, Ridge Park High neSt Henry. Lo mqhudelwano unamuhla use-3 Schools’ Trust astroturf, eGlenwood.“Ngicabanga ukuthi kumele sikushintshe ukuthi sibukele i-hockey njengomdlalo wabantu abamhlophe. Ngiqala ukuzibandakanya nalo mdlalo ngike ngabhekana nezingqinamba zokubukwa ngelinye iso emphakathini engiwakhele ngenxa yokuthi bebengaqondi kahle. Izinto seziqala ukujika manje njengoba kwezinye izikhathi ngimiswa abantu ubuthaphuthaphu befuna ngibacobelele ngolwazi enginalo nglo mdlalo,” kusho uButhelezi.Uthi yize ewumuntu omatasa ngenxa yomsebenzi njengoba engumabhalane kuMasipala weTheku kodwa akumkhinyabezi ukuthi aphinde adlalele ikilabhu yangakubo i-Ink Hockey Club edlala ngaphansi kwesigaba esiphezulu kwi-Durban Central.Ukumela iqembu lesifundazwe iKwaZulu-Natal Hockey team, ngonyaka ka-2006 kwezinye zezinto eziyohlezi zimthokozisa kakhulu.Ukumela iqembu lesizwe kuseyiphupho alibona lisazofezeka njengoba ekholelwa kuthi iminyaka isangakuyena nanothando analo lalo mdlalo. Uzibophezele ekuqhubekeni nokutshala ulwazi emphakathini awakhele nawubona usukhombisa olukhulu ugqozi muva nje.Mekubalwa nabanye abantu asebenze lomdlalo wazakhela idumela eNanda alisali igama likaBongi Gabuza oqeqeshwa nguye uButhelezi.Le ntokazi edabuka eStanger KwaDukuza ikholelwa wukuthi kwayisiza kakhulu ukufunda esikoleni zabebala labamhlophe nekwenza yagcina isizibandakanya nalo mdlalo. Uthi waqala lomdlalo esaneminyaka eyisikhombisa esenza amabanga amancane eDarnall Primary School wangaphinda wabheka emuva kusukela lapho.“Uma ngikhuluma iqiniso, ngifike eNanda ngathola liphansi kakhulu izinga le-hockey ngoba besijwayele ukudlala nabantu abasezingeni kakhulu. Ushintsho lukhona impela kodwa kuzothatha isikhathi kuthi libe ngelincomekayo,” kugoqa Gabuza, owenza unyaka wesithathu enyuvesi yaseNingizimu Afrika ( Unisa) kwiziqu zobuthishela.Ukholelwa wukuthi uhulumeni akenzi lutho ekuxhaseni lolu hlobo lomdlalo ezindaweni zasemalokishini nabona kuyingqinamba eyenza lo mdlalo ungathuthuki ngalendlela elindelekile.Lo mdlali odlala emuva usehlale iminyaka emibili neNanda Seminary Hockey team nanethemba lokuthi libukeka liqhakazile ikusasa lalo mdlalo emphakathini njengoba uthando lwawo luqubuka mihla namalanga.Ngeminye imininingwane ungalandela ikhasi lomqhudelwano le-Facebook .",0
1002,vukuzenzele,"Beziphumile ziye emakhaya, emadolobheni nasemado lobhenikazi, ziletha izindaba zabantu abajwayelekile futhi zidonsa amehlo esizwe ezinkingeni okubhekenwe nazo ezibhedlela nasemitho lampilo, zigqugquzela ukuthi uhulumeni asukume.",0
train_isizulu_00694,AfriHate,"@username nomakungathiwa izinto ziyafana, amasende lawa 😂🤣 (in vusi ximba's voice) 🤣😂",0
3549,vukuzenzele,"owanele ukuhlangabezana nezidingongqangi zikagesi kuleli zwe. Ngalokho-ke, uye wathi, kubalulekile ukuthi zonke izakhamizi zaseNiningizimu Afrika zenze konke okuse-mandleni ukuwonga ugesi.Amacebo eza nenkampani i-Eskom okusebenzisa ugesi kancane:",0
691, bahleli esigangeni abadilizelwe imijondolo ,"ABADILIZELWE imijondolo eCato Manor ngoba kuthiwa bakhe esizeni sesikole ngaphandle kwemvume bathi akukho okubambekayo okukhombisa ukuthi umhlaba abakhe kuwo ngowesikole ngoba awubiyiwe.Abahlali abaficwe yiphephandaba izolo behleli esigangeni, bethi badilizelwe imijondolo yabo ngoMgqibelo, bathi wunyaka wesibili behleli kule ndawo. Ngaphambi kokuthi bakhe baya ekhanseleni beyocela ukwakha labachitha labatshela ukuthi abaye ophikweni lwezindlu kumasipala.UMnuz Vusimuzi Mhlanga, okwabadilizelwe, uthe babengeke bayilandele imigomo abayitshelwa yikhansela ngoba abanayo imali yokugibela baye emahhovisi.“Ngesikhathi siya ekhanseleni sasivele sesiphelelwe yimisebenzi singasenayo imali yokukhokha emqashweni. Kubalwa amahhovisi angekho endaweni kuthiwa asiye kuwo, sizoya ngani? Sabona ukuthi into esingeke siyenze kungcono sakhe imijondolo ukuze babone ukuthi yini esiyifunayo,” kusho yena.Uqhube wathi sekukaningi bedilizelwa imijondolo babuye bayivuse ngoba bengenayo indawo yokuhlala.“Kulokhu umasipala udilize imijondolo wathatha othayela bethu wahamba nabo, kwashishwa izimpahla zethu abanye bashiselwa nomazisi kodwa kulindeleke ukuthi sivote. Uthishanhloko uma sicela ukukhuluma naye usibizela amaphoyisa ekubeni indawo engayibiyile,” kusho yena.UNksz Xolo Miya uthe izingane zabo sezihlala zigade ‘omalume’ abadilizayo.“Zithi zidlala zibe zigadile ukuthi ayikho yini imoto yakwamasipala emayo bese ziyamemeza siphume ezindlini,” kusho yena.UMnuz Msawakhe Mayisela okhulumela uMasipala weTheku, uthe umasipala ukhathazekile ngokwanda kwezigameko zokudliwa komhlaba.“Siyakuqonda ukuthi isidingo sezindlu kumasipala sikhulu, sinohlelo lokwakhela abantu abahlala kulo masipala izindlu kodwa asikwazi ukumelana nomthamo wabadinga izindlu ngenxa yokuthi abantu bafudukela kuleli dolobha bezofuna imisebenzi,” kusho yena.Uqhube wathi uma kukhona abaphula umthetho bakhe ngokungemthetho, imijondolo yabo izodilizwa.“Abadilizelwe imijondolo uma bebona ukuthi kukhona ukwephulwa komthetho kumele bayobika emaphoyiseni,” usho kanje.",0
1139,vukuzenzele,"lwezifundo olukhethile kanye namamaki owatholile, zingasetshenziswa ukufaka izicelo zokufunda emanyuvesi kanye nasemakolishi.",0
train_isizulu_00884,AfriHate,aniyekeni ukudlwengula iyanyanyisa lento eniyenzayo madoda bakhona omahosha hamba uyothenga,0
train_isizulu_02039,AfriHate,@username 😬😬😬😬 yini yilesa slima sakho?,0
train_isizulu_02298,AfriHate,ngala cliffdale abantu abamnyama nezimoto zabo mebengabenzi lutho sibe sage nje... behlukumeza abelungu ☹️ ##url,0
460,vukuzenzele,Nkosi (one minyaka yobudala eyi16) naye ongumhuhuluzi ubonge umasipala ngalo mnikelo.,0
2742,vukuzenzele,umntwana wakho ngokuziphatha okufanele ku-inthanethi. Gcizelela isimilo nokuziphatha okuyikho.,0
dev_isizulu_00030,AfriHate,@username lmao hawu lomuntu lol uzobhebheka yazi,0
train_isizulu_01496,AfriHate,umshoza ibhunu leplazi ofuna inkomo uxhumana naye,0
train_isizulu_02223,AfriHate,"""@username : "" hlonipha uyihlo no nyoko ukuze zande izinsuku zakho ezweni""""",0
3311,vukuzenzele,Ngaso sonke isikhathi gwema uphuzo ngesikhathi ushayela.,0
2203,vukuzenzele,ukuhlela nga phandle kokuhlukunye zwa noma ukudingiswa.,0
test_isizulu_00590,AfriHate,@username abelungu baphiwa unkulunkulu lento abayekwe,0
train_isizulu_00936,AfriHate,kudlaliwe ngomakoti mlungu hayi 👎👎 ##url,0
train_isizulu_00452,AfriHate,"lmfao uphethe bite 😂😂😂 #inkawu ngempela 😂😂😂 @ ohlange, inanda ##url",0
1908,vukuzenzele,"Uhulumeni usebenza neSikhwana Sobumbano, umkhakha ozimele kanye nezinhlangano ezizimele nezomphakathi ukweseka izisulu.",0
383,vukuzenzele,Ukwesekwa kwabafundela imisebenzi yezandla (Isikhungo Sokweseka Ukuthuthukiswa Kwemisebenzi Yezandla Kuzwelonke).,0
1780,vukuzenzele,"Lesi sifo sake sabikwa emazweni ase-Afrika anjengaseNigeria, eDemocratic Republic of the Congo, eCentral African Republic kanye naseGhana ekuqaleni kweminyaka yezi-2000.",0
396,vukuzenzele,Ulwazi ngezinqubo zesicelo kanye nezinsuku zokuvala.,0
3603,vukuzenzele,"nokuhlanganisa i-SoNA. Kunezishoshovu ezinomdlandla nentshisekelo enkulu ezinjengo Ayakha Melithafa wase-Eerste Rivier eNtshonalanga Kapa, owethamela ingqungquthela yalo nyaka yeSithangami Sezomnotho Emhlabeni e-Davos ukuyonxenxa abaholi bomhlaba ukuthi",0
1926,vukuzenzele,"Amakhaya angaphezu kwezi-4 000 amoshekile kwathi ayizi-8 300 aba nomonakalo ongemkhulu kakhulu, okushiye abantu abayizi-40 000 bengenamakhaya.",0
63,vukuzenzele,"UMnyango Wezemfundo Eyisisekelo (i-DBE), ngoku- sebenzisa uHlelo Lokuhli- nzeka Ngokudla Okune- mpilo Ezikoleni (i-NSNP), usebenze waze weqa umgo- mo wawo wokuhlinzeka ngokudla kubafundi bakule- li abangama-75%.",0
2086,vukuzenzele,"Kamuva nje, ngamemezela ukubekwa koMkhandlu Ocebisa Ngokuthuthukiswa Komnotho Wabantu Abamnyama omusha, ofaka phakathi uhulumeni, amabhizinisi, ezabasebenzi kanye nabanye ababambiqhaza. Wasungulwa ukuze weseke inqubo yokuguqulwa komnotho.",0
train_isizulu_02981,AfriHate,menzi ngubane aka ngamla also gone. rip to the legend. #ripmenzingubane ##url,0
585, umfundi osolwa ngokudlwengula uzilengisile ,"UZILENGISILE umfundi wesilisa okuthiwa ubezama ukuqabula omunye umfundi wesifazane abafunda naye ekilasini, wazama nokumdlwengula.Kubikwa ukuthi uNkosinathi Thusi (17) obekade enza uGrade 9 e-Allenridge Secondary eTembisa, uzame ukuqabula omunye umfundi wesifazane abafunda naye, umphathi wesikole wamsola ngokuthi udlwengulile, okuyinto okubikwa ukuthi iholele ekutheni umfundi osolwayo agcine esezibulele.Uyise walo mfundi ufuna izimpendulo ngokuzilengisa kwengane yakhe njengoba ethi isikole asifuni ukuphumela obala ngokwenzekile.Ngokusho kukayise kaNkosinathi, uMnuz Richard Thusi, indodana yakhe izilengisele kwenye indlu kwakhe ngentambo eyibophele emapulangweni asophahleni lwendlu ebingakaqedwa ukufulelwa.Ngokusho kukaThusi, bathole emuva kokuzilengisa kwendodana yakhe ukuthi kunencwadi eyayiyinikezwe esikoleni, yokuthi ibuye nomzali njengoba isolwa ngokuqabula omunye umfundi nangokumdlwengula.Kule ncwadi ebukeka eyifomu, kubhalwe ukuthi ‘ukuhlukumeza ngokocansi’, nokuthi ‘ukudlwengula’.Kuphinde kwabhalwa ukuthi lo mfundi uzame ukuphoqa ukuthi agibele phezu kwalo mfundi, okuyinto okuthiwa ubeseyenza okwesibili.UThusi uthe bathole le mininingwane emuva kokuthi indodana yakhe isizilengisile, ukuthi kunencwadi ebinikezwe yona nguthishanhloko walesi sikole, echaza ngesenzo okuthiwa isenzile.Ngaphandle kwencwadi ebivela esikoleni etholakale ezincwadini zendodana yakhe, uthe uphinde wathola enye incwadi ebhalwe yashiywa yindodana yakhe ngokuzibulala kwayo.“Uthishanhloko uvumile ukuthi nguyena owanika uNkosinathi incwadi. Okungixakayo wukuthi ayisayiniwe futhi ayinaso isigxivizo sesikole,” kusho uThusi.Uthe uma ebuza uthishanhloko ngalokhu akayitholi impendulo ecacile.“Ngiphinde ngabuza omunye wothisha, wangitshela ukuthi akaboni ukuthi wayengakwenza kanjani ukuzama ukuqabula omunye umfundi aphinde agibele phezu kwakhe ekubeni yena wayekhona ekilasini,” kuchaza uThusi.NgokukaThusi, akekho okhuluma into ezwakalayo nebambekayo kulesi sikole uma ebuza ngalolu daba.Okhulumela uMnyango wezeMfundo eGauteng uMnuz Steve Mabona, ukuqinisekisile ukuthi lolu daba bayalwazi.“Abahloli yibona abaphenya lolu daba futhi bayaxhumana nomndeni kamufi ukuze kucace ngokwenzekile,” kusho uMabona.Uthe umphumela wophenyo yiwona ozokusho ukuthi yisiphi isinyathelo okumele basithathe, wakucacisa ukuthi ophule inqubomgomo yokusebenza komthetho olawula ezemfundo, bazobhekana naye ngqo.“Ngeke sikubekezelele ukungaziphathi kahle ezikoleni”.Uthe bayazwelana nomndeni ngokwenzekile.Okhulumela amaphoyisa aseGauteng, uCaptain Mavela Masondo, uthe amaphoyisa akule ndawo aphenya ngokufa komfundi.“Sisazolindela kuqala umphumela wokuhlinzwa kwesidumbu ukuze sithole ukuthi ngempela kwenzekeni,” kusho uMasondo.",0
2351,vukuzenzele,se-zwekazi lethu i-Afrika ku-mele siziqhenye ngalo futhi bagqugquzeleke ngalo.,0
test_isizulu_00238,AfriHate,"""😂😂😂 yiyaaay🙌🙌🙌🙌🙌🙌 @username : dudlu ntombi madolo kanyoko, nongena basket uyangena emakethe. ##url",0
train_isizulu_03058,AfriHate,@username zinto zayzolo udlalile mlungu @username ##url,0
train_isizulu_01847,AfriHate,@username inkomo iyaz'dalela 😂😂😂😂,0
train_isizulu_02852,AfriHate,#chillaz @username danko lapho sdudla samampela @username ngise ntumbane entungwini,0
train_isizulu_03044,AfriHate,@username uma uthe mfene ngikhipha konke enginakho,0
2192,vukuzenzele,"‘ngomklomelo okhazimu layo’, ukutholwa kobuntu beqiniso. Ebhala ngalo mbono, wathi: “Ngoku -hamba kwesikhathi sizoba sesimeni lapho sizonika iNingizimu Afrika isipho esikhulu kunazo zonke – ubuntu.” Ngesikhathi sizuza inkululeko yethu ngowe1994, sakuqonda",0
train_isizulu_01148,AfriHate,mosquito uyang'bhebha 😭😭😭,0
298, zimkhalele owesifazane obedayisa ucansi udede ,ULALE ebaliwe owesifazane waseChina obenikela ngocansi emadodeni abhale ezinkundleni zokuxhumana ukuthi ofunayo akeze kuye uzomnika aze acikeke. Lokhu kwenzeke eHaitang Bay.Kuthiwa lo wesifazane odalulwe ngokuthi unguNksz Ye uboshiwe ngecala loku-khangisa ngocansi. Kuthiwa lesi sime-mezelo sale ntokazi sidale isiyaluyalu esingakaze sibonwe njengoba izinkumbi zamadoda bezithutheleka ehhotela ebihleli kulona.Kuthiwa amaphoyisa alunywe indlebe ngalolu daba alusukumela agcina emgaxe ozankosi lo wesifizane.Kuthiwa ufake izithombe zakhe esele ngedilozi wafaka nombhalo ohambisana naso isithombe okhomba ukulangazelela abesilisa wabhala nenombolo yegumbi azotholakala kulona.Kuthiwa abalelwa ku-3000 amadoda athutheleke kule ndawo efuna ukuyozidelisa mahhala engakhokhi nendibilishi. Kuthiwa izingcingo bezingena ubuthaphuthaphu amadoda efuna ukukhuluma nalo wesifazane.Abasehhotela bakuqinisekisile ukuthi uyavela emabhukwini abo nesikhathi angena ngaso kuleli hhotela.Kuthiwa emuva kokuvela kwaleli hlazo alenzile ube esephoqwa ukuthi aphume aphele kuleli hhotela. Kuthiwa uzivumele yena emaphoyiseni ukuthi uwufakile lo mbhalo. Ugcine ekhokhiswe inhlawulo ngesenzo sakhe esithathwe njengesihlambalazayo. - The Daily Mail,0
1972,vukuzenzele,"Ukuhlanganyela ukuzokhonza kungukuphumula okwamukelekile esikhathini esinzima kangaka kubantu ngabanye, imindeni kanye nemiphakathi.",0
train_isizulu_01224,AfriHate,"lol,yes ziyakhipha@username : usepatini mara uhleli phansi! lol, ubukele i-party @username #bbathechase mampara week, angimangali""",0
1560,vukuzenzele,"Phezu kwalokho, impahla enjengodizili, uphethilomu nopharafini, kanye nezihli nzekelo ezithile okubanda kanya imiqasho, ezoku thutha ngojantshi nango mgwaqo kanye nezemfu ndo, azikhokhelwa i-VAT.",0
train_isizulu_00598,AfriHate,"lol cha ngimnandi..wena? ""@username : yup,yaphila? rt""@username : ikhona inkawu enhle kanje lapho enkandla? ""@username : ya wena nkawu",0
3172,vukuzenzele,"Eminyakeni emithathu ezayo, silindele ukonga imali elinganiselwa kwizigidigidi ezingama-R261 ngokunci phisa isabelomali seminya ngo eminingi nokunciphisa isilinganiso somthethosivi vinywa sokunyuka kwama holo abasebenzi bakahulume ni. Nokho, ngaso lesi",0
train_isizulu_02035,AfriHate,"uhleke no mlungu bese abuze ukuthi what's your favourite swimming style?  usho nge voice e phansi uthi ""it's sbackback"" 🏊‍♂️🏊‍♂️🤣🤣🤣",0
3553,vukuzenzele,"Station nokuyisiteshi esise-benzisa amalahle ukuphehla ugesi, sakhelwa ukuba sikwa-zi ukuphehla amandla kagesi alinganiselwa ku-3999 MW. “Ukuphakelwa kwamandla kagesi kwenziwa ngokuse-benzisana nezinye iziteshi ezincane. Ugesi lo uyaye uhambe ngezintambo",0
657,vukuzenzele,"Izibhedlela zesikhashana eMpumalanga KapaEMpumalanga Kapa, isibhedlela sesikhashana esinemibhede eyi-1 000 sakhiwelwe enkundleni yezemidla-lo iNelson Mandela Bay Stadium . Ezinye izinkundla zemidlalo ezise-tshenziswe njengezindawo zokugo-nqa kanye",0
3301,vukuzenzele,"endlini, shiya izicathulo egalaji uma kufanele, khumula zonke izi-ngubo zakho ugeze umzimba ngaphambi kokuba ubingelele umndeni wakho futhi qaphela kakhulu ezempilo ukuze uba-vikele,” kusho yena.Umnyango weluleke abantu abanezifo eziyimbelesela uku-ba",0
3575,vukuzenzele,"empilweni. Ngokwemiphumela etholakale kwinhlolo-vo yabakwa-Ipsos ebi zwa phecelezi nge-Pulse of the People ekhishwe ngoMasingana, intsha yaseNingizimu Afrika engama-61% eneminyaka yobudala eyi-15 kuya kweyi-17 izizwa inethemba elikhulu mayelana",0
train_isizulu_02164,AfriHate,@username bazokushaya abantu ubashutha ibhunu 😂😂😂,0
115,vukuzenzele,"Sithe kwiriphabhulikhi yethu yentando yabantu, wonke umuntu uyalingana ngaphambi komthetho futhi unelungelo lokuvikelwa ngokulinganayo kanye no kuzuza kumthetho.",0
967,vukuzenzele,"benzi wesikole owenzelwa ekhaya noma abazobagqu gquzela ukuba bafunde izincwadi, futhi lokhu kunomthelela ongemu hle ekuqhubeni umse benzi wabo egunjini loku funda,” kuchaza uthisha nhloko. “Enye inkinga uku thi abafundi bethu abasezi ngeni eliyisisekelo",0
277, luqeda abantu udlame lwasembumbulu ,"KUSAQHUBEKA ukubulawa kwabantu eMbumbulu ngenxa yombango wengoma namatekisi phezu kokuba inkosi yesizwe uMnuz Khehla Makhanya noNgqongqoshe wezokuPhepha KwaZulu-Natal uMnuz Mxolisi Kaunda sebekhuzile bathi akubekwe phansi izikhali.Sebeyisishiyagalombili manje abantu asebebulewe kule ndawo emasontweni amathathu edlule kusukela kuqale impi yomshoshaphansi okusolakala ukuthi isisusa sayo wumbango wengoma namatekisi esigodini sakwaNgqinya.Kubikwa ukuthi bangaphezu kuka-80 abantu asebebulewe kule ndawo kusukela ngo-2016.Esehlakalweni sakamuva, esenzeke ngoMgqibelo, kuthiwa uMnuz Luya Bhengu ubehla etekisini, ehamba nentombi yakhe, ngesikhathi edutshulwa.Okhulumela amaphoyisa KwaZulu-Natal, uColonel Thulani Zwane, usiqinisekisile lesi sigameko wathi amaphoyisa aphenya icala lokubulala.FUNDA: Kuphume izidumbu ngenxa yengoma“Owesilisa kuthiwa ubehamba nentombi yakhe edilika etekisini. Okwamanje imbangela yokuhlasela ibingakaziwa, amaphoyisa asaphenya, bekungakaboshwa muntu,” kusho uZwane.KUBULAWE abanye abantu ababili eMbumbulu namhlanje ekuseni lapho kuqhubeka khona impi yomshoshaphansi okusolwa ukuthi isuswe ingoma.pic.twitter.com/yUjKxBw0mK— Isolezwe Newspaper (@IsolezweNews)June 21, 2018UKaunda usanda kuhambela kule ndawo lapho ehlangane nezinhlaka zomphakathi wafike wakhuza, wathi akubekwe phansi izikhali.UNgqongqoshe ufike wamemezela ukuthi sebesungule ithimba eliyisipesheli elizophenya ngokubulawa kwabantu kule ndawo.“Ikhona into ethi kunombango osuswe ingoma. Lo mbango uhamba uze ufake nendaba yamatekisi ngoba abanye abantu abayingxenye yengoma bangosomatekisi,” kusho uKaunda.Uthe nabo abazi ngempela ukuthi yini ebangwayo.Umthombo weSolezwe kule ndawo uthe nakuba ukhona umbango wengoma oke waba khona kodwa lokhu kubulalana kwakamuva kuhlobene nempi yamatekisi.“Abantu baseMbumbulu badlelwe umzila wabo abantu abaziwayo futhi abasatshwayo embonini, yingakho kukhona impi,” kusho umthombo.Uthe ngendlela isimo esishube ngayo abanye osomatekisi baseMbumbulu sebeze bazidayisa izimoto zabo ngoba besaba ukubulawa.",0
train_isizulu_00474,AfriHate,hlathi. lisa .mfene♥️💯 ##url,0
test_isizulu_00131,AfriHate,@username wenzeni ukhune wena sdomu ##url,0
1430,vukuzenzele,Sihlinzekela ngokunakekela futhi sivumele izisulu zihlale endlini lapho ziqashwe khona zize zikulungele ukukhuluma.,0
train_isizulu_01092,AfriHate,@username ngamla waseyi lalini 👌,0
219, ucele ubuyele kwesamaphoyisa ,"SIZWAKELE isikhalo somphakathi obufuna kufakwe uMnuz Bheki Cele abe wuNgqongqoshe wezamaPhoyisa njengoba uMengameli Cyril Ramaphosa ememezele ukuthi uzongena kulesi sikhundla ngesikhathi ememezela izinguquko kwiKhabhinethi yakhe izolo ebusuku.UDkt Zweli Mkhize, obengumgcinimafa we-ANC, ngomunye wabantu abamenyezelwe ukuthi uma esefungisiwe namhlanje njengamalungu ePhalamende uzothatha isikhundla sokuba nguNgqongqoshe wezokuBusa ngokuBambisana neziNdaba zoMdabu.UMnuz Nhlanhla Nene, owaxoshwa ngowayengumengameli, uMnuz Jacob Zuma ubuyele kwesikaNgqongqoshe weziMali kwathi iphini lakhe nguMnuz Mondli Gungubele.Kuphelile nokuqagela ngesikhundla sephini likamengameli wezwe njengoba ememezele kuthi iphini lakhe kwi-ANC, uMnuz David Mabuza, uzoba yiphini likamengameli wezwe uma esefungisiwe namhlanje ePhalamende.Umemezele uDkt Nkosazana Dlamini Zuma, owayegaqele esokuba umengameli we-ANC kwesikangqongqoshe ehhovisi likamengameli ebhekele ukuhlela. UNksz Bathabile Dlamini ususiwe emnyangweni wezeNhlalakahle wayiswa emnyangweni wabesifa-zane nabaphila nokukhubazeka ehhovisi likamengameli.UMnuz Malusi Gigaba umyise emnyangweni wezaseKhaya, ake wawuphatha.UMnuz Jeff Radebe yena umyise emnyangweni wezamandla emsusa ehhovisi likamengameli kwathi uMnuz Pravin Gordhan, naye owaxoshwa nguZuma, waya emnyangweni wezamabhizinisi kahulumeni.UNksz Ayanda Dlodlo usenguNgqongqoshe wezisebenzi zikahulumeni nokuphatha kwathi uNksz Lindiwe Sisulu, obengungqongqoshe wezokuhlaliswa kwabantu, wayiswa emnyangweni wezobudlelwano namazwe omhlaba.UMnuz Thulas Nxesi, ungungqongqoshe wezemisebenzi yomphakathi kwathi uMnuz Gugile Nkwiti waba ngungqongqoshe wezamanzi.UDkt Blade Nzimande, unobhala jikelele we-SACP, ungene emnyangweni wezokuThutha kwathi uNksz Thokozile Xasa wajutshelwa emnyangweni wezemidlalo.UNkk Nomvula Mokonyane, obengungqongqoshe wezamanzi ujutshelwe emnyangweni wezokuxhumana kwathi uNksz Susan Shabangu wajutshelwa emnyangweni wezenhlalakahle.USihlalo we-ANC, uMnuz Gwede Mantashe, ujutshelwe emnyangweni wezokumbiwa phansi.UNkk Naledi Pandor umjube emnyangweni wemfundo ephakeme, kwathi emnyangweni wezokuhlaliswa kwabantu wafaka uNkk Nomaindia Mfeketo. UNkk Maite Nkoana Mashabane umjubele kwezokuthuthukiswa kwezindawo zasemakhaya kwathi kwezokuphepha kombuso wafaka uNksz Letsasti Duba. Kwezesayensi nobuchwepheshe wafaka uNkk Nkhensani Kubayi Ngubane kwathi kwezokuvakasha wafaka uMnuz Derek Hanekom.ONgqongqoshe abaxoshiwe ngoMnuz Fikile Mbalula kwezamaphoyisa, David Mahlobo obekwezamandla, uMnuz Des Van Rooyen, obephethe umnyango wezokubusa ngokubambisana, uMnuz Mosebenzi Zwane obekwezezimayini noNksz Lynne Brown noNksz Faith Muthambi. Uphinde wenza izinguquko kumaphini ongqongqoshe.Omunye wongqongqoshe oxoshiwe nguMnuz Bongani Bongo obengungqongqoshe wezokuphepha kwezwe. Omunye wabantu abazofungiswa namhlanje njengelungu lePhalamende nguNkk Peggy Nkonyeni,owayengungqongqoshe wezemfundo KwaZulu-Natal owaxoshwa.",0
769,vukuzenzele,Ukuthi u-SARS ukhulise umthamo wentela ngokubhalisa kwabantu abasha abayizigidi ezi-1.8 onyakeni owedlule kungenye yempumelelo enhle kakhulu.,0
train_isizulu_00441,AfriHate,@username liyashaya ibhunu leplazi,0
train_isizulu_02251,AfriHate,"mxxm niyathanda ukuzithusa, hawu angithi istabane nje lesi esaziwayo, salt ku-ntando virgin straight mmm ##url",0
1959,vukuzenzele,"wadlulisa ukubonga kwakhe okukhulu kule nkampani yakwa-BMW ngokuthi ibe inkampani yokuqala uku-nikela ngezimoto, wanxenxa nezinye ukuthi zilandele ezi-cathulweni zayo.“Lesi senzo esibonakalayo sokusebenzisana kwizakhamu-zi sithumela umlayezo omuhle futhi",0
246, imeya ecaleni lokwesabisa owonogada ,"IVULELWE icala lokwesabisa iMeya kaMasipala waKwaNongoma uMnuz Albert Mncwango emuva komsindo oqubuke kulo masipala mayelana nethenda yonogada okuthiwa isinikwe enye inkampani. Kuthiwa kunqanyulwe inkontileka yeMighty B Security kwafakwa i-Eros Security.UMnuz Zwelethu Mbhele (49) oyinhloko yonogada abephucwe ithenda usola uMncwango ngokumesabisa nokwenze wagcina esemthathele izinyathelo zomthetho. UMbhele uthi emuva kokuba bephucwe ithenda kwabe sekukhangiswa kabusha naye wahamba ethi uyofaka isicelo senkampani yabo.“Ngafika kwathiwa ugesi awukho, ngeke bakwazi ukugaya amaphepha ngalinda khona emahhovisi kamasipala. Kwaqhamuka izimoto zikaMncwango, wehla waqonda kimi wangisongela wathi ngimthukile uzongikhombisa abantu. Wathi ngeke avume yena ukudlala mina, uzongifundisa isifundo ungowakwaMncwango yena,"" kusho uMbhele.Ethintwa uMncwango ngalolu daba uvele wafa yinsini, wathi ayikho yonke le nto eshiwo uMbhele.“Lo muntu waqala ngokwesabisa imenenja kamasipala, wangethuka ehamba ethi kubantu ufuna ukungibona. Ngesikhathi ngiya kuye ngangimnika ithuba lokungibona nokukhuza ukuthi ahlukane nokusabisa abasebenzi ngoba sekwake kwabulawa omunye umsebenzi lapha singazi kanjani,"" kusho uMncwango.Ukhale nangokuthi uMbhele wayefika ephethe isibhamu emahhovisi nokwakubonakala kuyingozi.“Akuvumelekile ukungena nesibhamu emahhovisi kamasipala kodwa yena ubegcaluza nesibhamu esabisa nabasebenzi benkampani entsha ethi uzoke abone ukuthi bazosebenza kanjani. Ngaze ngabikela abaphathi bakhe ngalolu daba,"" kuqhuba uMncwangoUthe uyabona ukuthi enye into ekhalisa uMbhele ukuphucwa ithenda.UMbhele umile kwelokuthi uMncwango wamesabisa futhi kufanele ashushiswengalokho.",0
1383,vukuzenzele,"Okungachazeki: Imfiva engapheli emavikini ama bili, ukwehla kwesisindo somzimba, ukuphapha-theka kwesikhumba, ukukhathala, ukusheshe ulimale noma wophe masinyane.",0
1207,vukuzenzele,"Akukho ukungabi nabu lungiswa obedlula umpha kathi lapho abanye baphila ngokunethezeka nokungasweli lutho, ngesikhathi abanye be-zabalazela ukuphila ngalokhu okuncane abanakho noma ngalokhu abangenakho nhlobo.",0
test_isizulu_00083,AfriHate,😂😂😂 uyinja kalife  ##url,0
1588,vukuzenzele,"Kukho konke, kwatholaka la ukuthi kunokwehla eku finyeleleni komphakathi kulwazi kanye nokukhula kwezingqinamba zokusakazwa kwezindaba emazweni amaningi. Umbiko wathi abezi ndaba “bavalelekile noma bavinjiwe” emazweni angama-73 futhi “bavimbekile”",0
1958,vukuzenzele,"intsha kanye nabantu abakhubazekile.Ekhuluma emcimbi-ni wokunikezela ngezimoto, osanda kwenzeka, nobubanjelwe endaweni yale nkampani yakwa-BMW ekhiqiza izimo-to e-Rosslyn, e-Tshwane, uMongameli uthe lezi zimoto zizovikela izimpilo zabantu. Uphinde",0
262, bawufuna wehlile uphethroli ,"IYAQONGA ingcindezi yokuthi uhulumeni ehlise uphethroli njengoba amaqembu epolitiki nezinhlaka zomphakathi nezokuthutha okubalwa kuzo Inkatha Freedom Party (IFP), Democratic Alliance (DA), Organisation Undoing TAX Abuse (OUTA), nePeople Against Petrol and Paraffin Increase (Pappi) ziwufuna wehlile.Esithangamini nabezindaba ebesiseTshwane, umholi weDA, uMnuz Mmusi Maimane, uthe uhulumeni we-ANC ulwa nabantu abampofu eNingizimu Afrika ngoba unyuse intela yezimpahla ebizwa nge-Value Added Tax (VAT) yasuka ku-14% yaya ku-15%, wanyusa intela ekhokhwa kuphethroli, wafaka intela kashukela kanti nophethroli unyuka njalo njengoba kusukela ngo-Ephreli kuze kube manje ubulokhu unyuka.“Ngesikhathi uRamaphosa eba wuMengameli ilitha likaphethroli lalibiza uR14.12 kodwa manje selibiza uR16, okusho ukuthi abantu sebekhokha uR100 owengeziwe uma begcwalisa izimoto zabo. Siphakamisa ukuthi ehlise intela kaphethroli ngoR1 ukuze libize ngaphansi kukaR15,” kusho uMaimane ocele abantu baseMzansi ukuthi bamashe nabo ngoLwesibili oluzayo ngo-10 ekuseni njengoba bezoya emahhovisi oMnyango weziMali eTshwane, ukuze uhulumeni abezwe njengoba befuna kwehle uphethroli.UMnuz Visvan Reddy wePappi umemezele ukuthi bazoba nokhukhulelangoqo wesiteleka ngoLwesihlanu ozomisa yonke into. “NgoLwesihlanu sinxusa abantu bakuleli ukuthi bahlale emakhaya, bangayi emsebenzini, nabafundi bangayi esikoleni ukuze batelekele ukukhuphuka kukaphethroli njengoba ukukhuphuka kukaphethroli kuhlukumeza wonke umuntu waseNingizimu Afrika,” kusho uReddy.Ngakolunye uhlangothi i-IFP ibhalele uRamaphosa incwadi imcela ukuthi angenelele odabeni lokunyuka kukaphethroli ngoba abantu abasakwazi ukuphila.Esitatimendeni esifakwe ekhasini le-IFP uMnuz Mkhuleko Hlengwa okhulumela i-IFP kuzwelonke, uthe encwadini abayibhalile bacela uRamaphosa ukuthi eze namasu okwehlisa uphethroli futhi ayeke ukucasha.“Sekuyisikhathi sokuthi uMengameli Ramaphosa akhulume nabantu baseNingizimu abatshele ukuthi uzothatha ziphi izinyathelo ukwehlisa uphethroli. Unethimba eliqinisekisa ukuthi kunezimpahla ezingakhokhelwa intela iValue Added Tax (VAT) kodwa akanalo elibheka inkinga kaphethroli onyuka njalo,” kusho uHlengwa.Uveze ukuthi incwadi bayithumele ngoMsombuluko ngoba befuna uRamaphosa aphumele obala asho ukuthi yena nohulumeni we-ANC bami kuphi ngalolu daba lukaphethroli.Uzwakalise ukukhathazeka ngokuthi uSomlomo wePhalamende, uNksz Baleka Mbete wasichitha isicelo sabo sokuthi kukhulunywe ngodaba lokunyuka kukaphethroli ePhalamende.UHlengwa uthe ukunyuka kukaphethroli kuhlukumeza kakhulu abantu abampofu ngoba akunyuki wona kuphela kodwa kunyuka ukudla, ugesi nezinye izidingongqangi.“Sekuyisikhathi sokuthi uMengameli Ramaphosa ehlise ikhabhinethi yakhe enamalungu amaningi, alwe nenkohlakalo, aqinisekise ukuthi kuboshwa izifociya kuyo yonke iminyango kahulumeni ukuze leyo mali izofakwa kwintela kaphethroli,” kusho uHlengwa.Imizamo yokuthola ukuphawula kukaRamaphosa ayiphumelelanga njengoba abehhovisi lakhe bengayiphendulanga imibuzo yeSolezwe.",0
train_isizulu_00650,AfriHate,@username isende lendlela bafo 🤦🏽‍♂️,0
2395,vukuzenzele,ISikhwama Esibhekele uDlame Olubhekiswe Kwabo bulili Obuthile Nokubulawa Kwabesifazane (i-GBVF) sihlose ukuqinisekisa ukuthi iNingizimu Afrika iyaqeda nya nge-GBVF ebhekiswe kwabesimame; abantwana; kanye nabesifazane abathandana nabanye besifazane,0
146, umfundi ugwazwe omunye eduze nesikole ,"USASHAQEKILE umndeni womfundi (17) waseNtshisekelo High, eNanda okuthiwa ugwazwe, wabulawa omunye umfundi ngoLwesibili eya esikoleni emuva kokuthi kubangwe iphepha elalibhalwe abangawenzile umsebenzi wesikole.Kusenzima emndenini kaSikhumbuzo Gumede waseWolawola eMatikwe obenza uGrade 10 eNtshisekelo High, eNanda ukwamukela ukuthi akasekho emhlabeni. Kuthiwa ugwazwe eduze kwasesikoleni wawela ngaphandle kwesango lesikole, washonela emtholampilo.Umfowabo, uSiyanda Gumede owenza uGrade 12 kulesi sikole uthe akazi ukuthi uzoqhubeka kanjani aphile impilo ejwayelekile emuva kokwenzeke kumfowabo abebesondelene kakhulu naye.Uthe ubesesikoleni ngesikhathi ebizwa ngomunye wothisha emtshela ukuthi akeze esangweni lapho umfowabo ebeselele khona engakhombisi mpilo.Uthe lesi sigameko senzeke emuva kokuthi umfowabo exabene nalo mfundi afunda naye ekilasini ngoLwesihlanu oludlule. Ngokusho kwakhe umfowabo wacelwa uthisha ukuthi ayobiza abantu ababengawenzanga umsebenzi wesikole ababebhalwe epheshaneni okwakufanele lifundwe ekilasini. Uthe wanika umfundi okunguye oyi-prefect ukuthi enze lokhu. Kuthe uma lo mfundi ememeza amagama kwakhona umfundi omphuca iphepha walidabula. Uthe abanye abafundi babiza umfowabo bembikela lokhu. Ngesikhathi ebuza lona omunye umfundi ukuthi wenzani kuthiwa lo mfundi ubhoke ngolaka embuza ukuthi uzomenzani base belwa. Lona omunye umfundi kuthiwa uhluliwe wase esongela uSikhumbuzo.Kukholakala ukuthi lo mfundi ulalele uSikhumbuzo unyendle ngesikhathi eya esikoleni ngoLwesibili wamgwaza esifubeni ngommese.Uyise kaSikhumbuzo, uMnuz Jabulani Dludla (57) obesashaqekile ngesigameko sokubulawa kwendodana yakhe uthe umoya wakhe uphukile ngokwenzekile. Uthe indodana yakhe beyigubha usuku lwayo kokuzalwa ngoLwesine oludlule. Uveze nokuthi unina kaSikhumbuzo washona ngale nyanga, emuva kosuku embelethile. Konke lokhu kubavusela iminjunju njengomndeni. Ukhale nangokuthi baye emndenini womfana osolwa kulesi sigameko kodwa kwangabonakala sengathi bayazwelana nabo ngokwenzekile. Uthe bazoyekela umthetho usebenze.Elinye lamalungu omphakathi elithe linengane efunda uGrade 10 kulesiya sikole lithe selicabanga nokukhipha ingane yalo ngenxa yezigameko ezenzeka khona elithe likholwa ukuthi zidalwa ukungahloniphi kwezingane ezifunda khona.Okhulumela uMnyango wezeMfundo, uMnuz Sihle Mlotshwa uthe sibaphathe kabi lesi sigameko. Uthe bathumele abeluleki bengqondo bomnyango ukuthi bayoluleka izingane ebezikhona kushona lo mfundi.UCaptain Nqobile Gwala, okhulumela amaphoyisa eKZN uthe amaphoyisa aphenya icala lokubulala, akukaboshwa muntu.",0
train_isizulu_00768,AfriHate,eyyy kushwabana isende namuhla amakhaza ##url,0
2487,vukuzenzele,"Ukuze kulungiswe inkinga, umnyango ubukeza umthelela ngokwezendawo ukuze kuhlonzwe izindawo lapho udinga khona ukwenza ngcono izinsiza zawo. “Sizogunyaza inhlolovo yokwe neliseka kwezakhamuzi, senze ukuthi isikhungo sokuxhu mana nezakhamuzi sisebenze",0
2541,vukuzenzele,"lisahamba ukuqulwa kwecala.“Bangamukela ngezandla ezithokomele emva kokuhlupheka iminyaka eminingi. Ngazizwa ngiphephile. Sengibuyelwe ukuzethemba kwami,” kusho yena. Usihlalo weSikhwama se-GBVF, uDkt Judy Dlamini, uthe uxhasomali lwezinhlangano eziyi-108",0
test_isizulu_00186,AfriHate,😂😂😂... slima angikuyeke. ##url,0
2019,vukuzenzele,"kwigobolo ndo leqanda. Amanzi emvula anga gcinwa emathangini, kuzochelelwa ngawo izingadi. Sebenzisa “amanzi angcolile”— amanzi obekuge zwa ngawo, obekuhla nzwa ngawo izimpahla kanye namanye amanzi aphephile ukuchelela ingadi yakho.",0
1333,vukuzenzele,"Umnyango uncoma kakhulu ukuncelisa ibele kuphela ngoba kusiza umntwana ukuthi abe namasotsha omzimba aqinile, futhi kuqinisa ubudlelwano phakathi komama nomntwana. Ukuncelisa ibele kuphinde kunciphise ubungozi bokuba nomdlavuza webele. Amampunge",0
667,vukuzenzele,"iNingizimu Afrika.Izinkampani ezinikele ngezinsiza zokuzivikela, okubandakanya Amabhizinisi aseNingizimu Afrika, i-Naspers, i-First National Bank , iUnited Pharmaceutical Distrib-utors, i-People’s Republic of China, Inhlangano Yezempilo Emhlabeni jikelele,",0
630,vukuzenzele,"Ngenxa yokuthi ngamadoda angababhebhezeli abakhulu, kumele kube ngamadoda ahamba phambili ekukhulumeni nasekubikeni nge-GBV, ekuqwashiseni, ekufundisaneni njengontanga kanye nasemizamweni yokulugwema. Kumele kube ngamadoda asezikhundleni zokuphatha",0
train_isizulu_00810,AfriHate,nifana nopholi nile'nyoni ey'khulumayo nikhulumani @username #isgwebosentambo,0
1516,vukuzenzele,"Mhlari.Uma kwenzeka lokhu, umbungu awukwazi uku-phinde uyofakelwa kwenye indawo futhi ukuwukhipha wukuphela kwento enge-nziwa ngowesifazane. UDkt. Mhlari uthe makhu-lu amathuba okuthi owesi-fazane ehlelwe wumshophi wokukhulelwa okungekho esibelethweni uma;",0
1960,vukuzenzele,"ocacile nesingathanda ukuba nezinye izinkampani ziwubone nazo ziwulandele.“Ukuba khona kwenkampani yakwa-BMW eNingizimu Afri-ka kutshengisa ubambiswano lwezomnotho olunamandla futhi okudala lwaba khona phakathi [kweNingizimu Afrika kanye nelaseJalimane],”",0
1905,vukuzenzele,UMongameli u-Cyril Ramaphosa uthe uMnyango Wezamafa Kuzwelonke uzokwenza ukuthi kube khona imali yemizamo yesibonelelo ezosiza labo abakhahlanyezwe yizikhukhula.,0
1345,vukuzenzele,"Umbuzo: Ingabe kulungile yini ukumnika okunye oku-phuzwayo?Impendulo: Cha, ukwengeza ezinye iziphuzo kusho ukuthi umntwana usema-thubeni amaningi okuthola izifo ezifana nesifo sohudo kanye nenyumoniya. Futhi, uma umntwana ephuza ezinye izinto, ngeke",0
train_isizulu_02279,AfriHate,"amabhunu. president yabo, yibhunu. wonke umuntu uyibhunu lapha ##url",0
2228,vukuzenzele,"nakho konke okudingekayo, kuzoxhunywana nezikhungo ngqo.",0
1224,vukuzenzele,"Sizokhuphula izinga loku-hlinzeka ngezenhlalonhle ngalesi sikhathi ukuze sisize amakhaya aphila ngaphansi kwesimo sobubha.Noma sekuphelile ukuvalwa kwezwe, umonakalo wako uzo-qhubeka uzwakale kwabanye ngesikhathi esithile esizayo.",0
1771,vukuzenzele,Abaholi bethu bendabuko badinga ukuba phambili kulo mzabalazo wokubu yisela amalungelo nesithu nzi kubantu bethu.”Uqhubeke wagcizelela ukubaluleka kwendima e dlalwa ngabaholi bendabu ko ekubuyiseleni umhlaba kubanikazi abafanele.,0
train_isizulu_01403,AfriHate,@username he's saying uzobhebheka wena yezwa 🤣🤣🤣🚶🚶🙊,0
2698,vukuzenzele,"lami kanye Nomgcinimafa Kazwelonke.Kuningi okusamele kwenziwe kulo nyaka esibhekene nawo. Futhi kumele singangabazi ukuthi kumele sibhekane nezinselele ezisa-bisayo.Kodwa sibonisile ukuthi, njengesizwe, siyakwazi uku-phumelela uma sisebenza ngokubambisana",0
2040,vukuzenzele,"izinsolo ezikumasamanisi.Emuva kokufakwa kwesicelo sokuphikisa, ummangali naye angaphendula noma afake isa-ziso sokuthi kunqunywe usuku lokuthethwa kwecala.Udaba luzobe selubhaliselwa usuku lokuqulwa kwecala, kuphetha uPeta.",0
724, usemisiwe ongeneme ngokhetho kwi ifp ,"USEMISIWE enhlanganweni uNobhala we-IFP ezikweni Enkululekweni, Osizweni, ngemuva kokuphumela obala wakhalaza mayelana nemiphumela yengqungquthela yokukhetha ubuholi obusha baKwaZulu-Natal ebisoNdini ngempelasonto. Isinqumo sokumisa uMnuz Siphiwe Zungu sithathwe isiyingi sasoSizweni ngoMsombuluko.UPhini likaNobhala wesiyingi sasoSizweni, uNkk Noxolo Nzuza, uthe lesi sinqumo basithathe emhlanganweni ophuthumayo abawubizile ngoMsombuluko ngemuva kokuzwa uZungu ekhuluma emsakazweni mayelana nengqungquthela nokuyilapho ephinde wangakhuluma kahle ngoMengameli weqembu Inkosi Mangosuthu Buthelezi.“Ngingakuqinisekisa ukuthi yithina esithathe isinqumo sokumumisa uZungu kuze kuba kuphutholwa uhlelo lokuqondiswa kwakhe ubugwegwe ngemuva kokuthi ekhulume ngezindaba zenhlangano kwabezindaba. Isinqumo sokumumisa sisidlulisele kwisigungu esiphezulu,” kusho uNkk Nzuza.UNkk Nzuza akazange athande ukwenaba kakhulu ngalolu daba, wacela ukuthi kuthintwe umkhulumeli weqembu uMnuz Mkhuleko Hlengwa. Imizamo yokuthola uHlengwa ayizange iphumelele. Ucingo lwakhe belukhala lungabanjwa kanti nomyalezo athunyelelwe wona kuze kwashaya isikhathi sokushicilela engawuphendulile.Isolezwe linayo ikhophi yencwadi ebhalwe isiyingi sasoSizweni eqinisekisa ukumiswa kukaZungu enhlanganweni.Ethintwa uZungu izolo, uthe ayikho incwadi asayitholile evela esiyingini sabo ekhuluma ngokumumisa enhlanganweni.UZungu uthe isiyingi sasoSizweni asinawo amandla okumumisa enhlanganweni.“Abantu abanamandla okungimisa isigungu esiphezulu kuphela. Into engenziwa isiyingi ukungibizela emhlanganweni sixoxe,” kusho uZungu.UNobala-jikelele we-IFP, uMnuz Velenkosini Hlabisa, uthe ngokulawulwa uMthethosisekelo isiyingi sinawo amandla okuthatha izinqumo bese sibikele izinhlaka eziphezulu.“Okwamanje akukho ebesisakutholile okuvela esiyingini sasoSizweni, mhlawumbe basenza izinhlelo zokusibikela. Uma isinqumo besithathe izolo (ngoMsombuluko) asilindele ukuthi namhlanje (ngoLwesibili) ngabe sekukhona esikutholile,” kusho uHlabisa.UZungu ube sezindabeni ngemuva kokuphumela obala wakhalaza ngemiphumela yengqungquthela yeqembu nokulapho ebhalele ubuholi obuphezulu beqembu kubalwa noButhelezi, wacela ukuthi kwenziwe impinda yengqungquthela.Le ncwadi uyibhale emuva kokuthi amalungu eqembu anganeme wona aqome ukuzifihla ngoba esaba ukuhlukunyezwa ekhalaze kwabezindaba nokuyilapho esole khona uButhelezi ngokukhomba ngentshebe uMnuz Thami Ntuli ogcine ekhethwe njengoSihlalo omusha weqembu equmba phansi imbangi yakhe uMnuz Mbangiseni Yengwa.",0
132,vukuzenzele,Masikhumbule futhi ukuthi kukithi ukufeza umbono oqukethwe kuMthethosise kelo wethu.,0
train_isizulu_00803,AfriHate,dankie ngamla 💥 ##url,0
2670,vukuzenzele,ngegama lakhe khona ukuze agweme ukungcoliswa kwegama lakhe ezimakethe. Lokhu okwahlangabezana noMabitsela akusiyo into entsha. Ngokombiko wezenkohlakalo wangowezi-2020 ohlanganiswe ngabasebenzi Bomsebenzi Wezokunqa ndwa Kwenkohlakalo eNi ngizimu Afrika,0
train_isizulu_00954,AfriHate,@username khohlwa njenge sdomu eskoleni.,0
train_isizulu_00706,AfriHate,as it stand at 2.27% of votes counted @username vs @username kuzonyiwa kodwa abakhohlwe ngesihlulwe amabhunu #electionresults2019 ##url,0
train_isizulu_02963,AfriHate,"""iyadina lendoda kodwa my lord isende lona iyalishisa""",0
2791,vukuzenzele,Umbiko wekota wakamuva ucacisa inqubekelaphambili eyenziwe iOperation Vulindlela kanye neminyango ebhekene nalezi zinguquko.,0
train_isizulu_02561,AfriHate,@username heeeeeyi 😭😭😭😂😂😂😂😂 niphume e toilet usisi elungisa i outfit umjita esula i lipstick emlonyeni ekhaphu-khaphu amasende 🔥🔥🔥🔥🔥,0
2412,vukuzenzele,"Okwamanje, ekuqaleni kwalo nyaka, iZiphathimandla Ezilawula Imikhiqizo Yezempilo eNingizimu Afrika zigunyaze ukusetshe nziswa kweringi eshuthekwa esithweni sangasese sowesi-fazane njenge-PrEP . Le ringi iqukethe isithako esithena igciwane amandla esibizwa",0
test_isizulu_00058,AfriHate,"uyeph skk""@username : is it true that menzi ngubane aka ngamla akasekho emhlabeni? ☹""",0
691,vukuzenzele,"ukuthi abantu abasha ba-yakhuthazwa ukuthi banqande ukwesuleleka, kubandakanyaukushintsha indlela yokuzi-phatha, ukufinyelela kuma-khondomu kanye nokuhlala ngokuhlolela leli gciwane. Ku-fanele siqinisekise ukuthi noma ngubani osehaqwe yileli gciwane",0
797,vukuzenzele,"Kwakungumzuzu obuhlungu kakhulu ngesikhathi sikhumbula impilo negalelo lesakhamuzi esithandekayo sezwe lakithi, ngezindlela eziningi, ebesingunembeza wokuziphatha esizweni sakithi.",0
738,vukuzenzele,Ukukhathazwa: Kungaba isibonelo ngokuthi uhlale ushayelwa ucingo noma uma uhlale ugadiwe futhi lokhu kukwenza ukuthi wesabe.,0
930,vukuzenzele,"Ngakube kufanele yini na ukuba ngiphinde ngihlolelwe iCOVID-19 , ukufakazela ukuthi angi senalo leli gciwane, ngaphambi kokuba ngibuyele emsebenzini?Cha. Ukuphinda uhlole abantu abahlangabezana nokugula okungabonakali futhi asebeluleme akunconywa. Umuntu",0
train_isizulu_01960,AfriHate,"ehena ""@username : hawu :-""""""""d“@username : uphethwe yikhanda ngoba ucabanga isende too much.”""",0
3334,vukuzenzele,"“Izifo ezifana nomdlavu za, isifo senhliziyo, isifo sohlangothi, isifo sama phaphu, isifo sikashukela kanye nesifo samaphaphu avalekile esiyimbelesela kungabangelwa ukubhema.",0
3262,vukuzenzele,"Kusukela kwafika intando yeningi labantu, lawa ma-SOE anyuse izinga lokufinyelela kwezidingongqangi kwabampofu. Yingakho ingxenye esemqoka yohlelo lwethu kuwukuqinisa amabhizinisi kahulumeni, ukuwabuyisela esimweni esiyiso sezezimali, ukwenza ngcono",0
1709,vukuzenzele,"ngaphezu kokuphuca izigidi zabantu umhlaba wokhokho babo.Njengoba ubunikazi bomhlaba busesezandleni zabayidlanzana, nokukhiqizwa kwezolimo okukhulu nemisebenzi ehambisana nokukhiqizwa iphethwe ngabalimi abamhlo phe, imiphumela ye sikhathi sethu esedlule",0
dev_isizulu_00567,AfriHate,so ubodile lo mlungu #isibaya,0
dev_isizulu_00075,AfriHate,😂😂😂 uyinja bafo ##url,0
3298,vukuzenzele,"bezimpa-wu ezibucayi ze-COVID-19. Ukwehla emzimbeni, lapho kungenzeka khona, kuya-gqugquzelwa.”Ukuba ngumqemaneEmva kokuba ehlaliswe yedwana izinsuku ezi-14, u-Mohammed wabuyela emse-benzini. Uthi ukwelulama kuleli gciwane kushintshe indlela acabanga ngayo",0
403,vukuzenzele,"Wezokuthuthukiswa Komphakathi, uMnyango Wezesayensi Nezobuchwepheshe kanye noMnyango Wezempilo.",0
train_isizulu_02231,AfriHate,"bhebha uthule, bese uyadlula nawe..",0
705, geza igama lakho uma usubizwe kwekazondo ,"OWAYENGUNDUNANKULU waKwaZulu-Natal, oyinhloko yezinhlelo zemikhankaso ye-ANC nelungu lesigungu esiphezulu se-ANC uMnuz Senzo Mchunu, uthe uMengameli we-ANC nezwe uMnuz Cyril Ramaphosa unikwe umsebenzi wokuthi agxile ekukhuliseni umnotho wezwe ukuze kwakheke amathuba emisebenzi kukhule nezwe.UMchunu uthe lezi ngezinye zezinto okumele zilungiswe ngokushesha ezweni ukuze abantu baphume ebubheni.Ezinye zezinto athe uRamaphosa uyalelwe yinhlangano ukuthi agxile kuzona kakhulu, ukulwa nenkohlakalo, ukubhekana nendaba yobugebengu nokuqeda indlala.“Siyi-ANC sithe nazi izinto mengameli okufanele ugxile kuzona kakhulu kunakuqala, ezinye zazo zibalulekile njengemfundo nezempilo. Umnotho wethu ubungakhuli, ubukhula ngo-0 bani wamaphesenti kodwa manje sesinethemba ngoba usukhula ngo-1%. Liphezulu izinga lokungasebenzi ikakhulu entsheni, okuyinhlekelele,” kusho uMchunu.Ukusho lokhu ngoLwesihlanu ebusuku ngesikhathi kuvaleliswa obenguMengameli weNatu uMnuz Siphosethu Ngcobo obesehole le nyunyana iminyaka engu-18 eNatu Teacher Development Institute eMadadeni.Uthe isiqalile ukuthela izithelo imizamo yokulwa nenkohlakalo njengoba kukhona iKhomishini yeJaji Zondo ephenya ngokulawulwa kombuso yidlanzana.“Abantu bayamenyezwa laphaya. Uma ubiziwe yeka ukulokhu uya emaphepheni nakwabezindaba shona khona uyophendula kuyona. Asikwazi ukukusiza kumele ugeze igama lakho kuleya nkundla,” kusho uMchunu.Uthe kumele livalwe igebe elikhona phakathi kwabahluphekayo nabacebile.UMchunu osebenze kakhulu neNatu enguNgqongqoshe wezeMfundo esifundazweni, uthe le nyunyana yiyona ahlangana nayo isikhathi eside uma eqhathanisa nezinye izinyunyana.Uthe kunalabo abacabanga ukuthi othisha abanazwi ezintweni eziqhubeka ezweni wathi lokhu akulona iqiniso ngoba kumele babe nezwi.Muva nje kube nokungqubuzana kwemibono phakathi kukaMchunu nowayeyisikhulu sakwa-Eskom uMnuz Matshela Koko ngezindaba ezithinta le nkampani.UMchunu uthe kukhona abantu abasabukela phansi othisha ngokuthi bona akufanele babe nombono ngoba ngemuva kwenkulumo yakhe ekhuluma nelinye lamaphephandaba aseThohoyandou eLimpopo, waveza ukuthi kumele kugxekwe ombombayi bezimenenja ezimnyama ngezinkinga zakwa-Eskom.I-ANC yamgxeka ngalesi sitatimende kodwa yaphinde yaxolisa kuyena.“Kukhona abacabanga ukuthi othisha akumele babe nombono ngezinto ezithinta izwe. Othisha yibona bantu abakha isizwe, kumele kwesekwe yonke imizamo yokwakha leli lizwe.”UMchunu uthe ufunde lukhulu kuNgcobo nakuMengameli weNatu uMnuz Allen Thompson ngesikhathi engungqongqoshe.Unxuse uThompson ukuthi ahlale ekubantu, angazithwali njengoba esengumengameli.UThompson uthe bazoqhubeka nomkhankaso wokuqoqa lonke ulwazi lothisha bakwaGrade R ukuze bathole iziqu abanazo ukuze bakwazi ukuqashwa ngokugcwele.Uthe bazolwela nomabhalane ezikoleni ngoba ngabantu abahlale benganakwa.“Sizolwela nokuthi kuqashwe onogada, sifuna kuqiniswe ezokuphepha ezikoleni,” kusho uThompson.Lo mcimbi ubuhanjelwe yizikhulu ezehlukene okubalwa umkhandlu wothisha iSace, ezinye izinyunyana zothisha okubalwa iNaptosa, izikhulu zomnyango wezemfundo kuzwelonke nasesifundazweni.UNgqongqoshe weMfundo eyisiSekelo uNkk Angie Motshekga akakwazanga ukuphumelela ngoba bekushone umshana wakhe kodwa uthumele abalethe umyalezo wokuhalalisela uNgcobo ngokuhola inyunyana isikhathi eside.",0
train_isizulu_01180,AfriHate,"@username 🤣🤣🤣, buyeke ngamla😂",0
train_isizulu_00607,AfriHate,haibo.  bhebha uthule.  yekan’ ukuhlupha.,0
1445,vukuzenzele,"Kufanele futhi sibonge kubantu ngabanye ngobu ningi babo, abanye abangadalulwanga, izenzo zabo ezaholela ekusungulweni kwekhomishana kwasekuqaleni. Laba ngabantu abavundulula lezi zinsolo zobugebengu, bamelana nazo, abaphumela obala bakhuluma futhi benza",0
train_isizulu_02941,AfriHate,@username liphethe isende ndoda,0
280,vukuzenzele,Uhulumeni uhlela ukusu ngula i-ejensi yezomhlaba kanye neyezolimo ukuze kusheshiswe uguquko kwe zomhlaba.,0
1463,vukuzenzele,"Okokuqala ezweni, sishicilele ku-inthanethi imininingwane yazo zonke izivumelwano zokuthengwa kwezinsiza ze-COVID-19 kuzo zonke izinhlaka zikahulumeni.",0
931,vukuzenzele,uthathwa njengosephephile ukuba abuyele emsebenzini futhi angaphuma endaweni yokuhlala ngayedwana uma engeke esakwazi ukwesulela abanye ngaleli gciwane. Lokhu kuchaza ukuthi baba nezimpawu zabo zokuqala ezinsukwini ezingaphezu kwezi-10 ezedlule futhi,0
411,vukuzenzele,emzimbeniEzinye zezinkomba ezi-sheshe zivele ezixwayisa ngokuphelelwa ngamanzi emzimbeni zibandakanya:,0
2348,vukuzenzele,"yabantu base-Afrika kwakumele iqinisekiswe.Umlando unobufakazi bokuthi le mbewu ayiwelanga njalo nje emhlabathini ovundile, eminyakeni edlule umsebenzi wobumbano lwezwekazi usubhekane nezithiyo eziningi nokuqala kokusebenza okuyinkohliso.Kodwa ukufa",0
2165,vukuzenzele,Okwesibili kwaba ukungenelela kwamaphoyisa aqapha kuja ntshi wesitimela abona ngesikhathi uTshepo ehlasela owadlwengula udadewabo.,0
582,vukuzenzele,"Iningi lalabo ababa sohlelweni lokuqala lokuba ngabasizi basezikoleni, nabo, bathola imisebenzi, sebehlome ngesipili yoni, ukuqeqeshwa kanye namareferensi.",0
2750,vukuzenzele,"“Sibona leli cebo njenge nsika eyodwa ewumzamo ka zwelonke obanzi nodidiyelwe ukuze kudalwe amathuba kubantu abasha. Enye insi ka ukuthuthukiswa kwama khono nolwazi lwabantu abasha,” kusho uMongameli Ramaphosa.",0
580,vukuzenzele,"bathuthukisa abavele sebenawo, nokusebenzisa isipiliyoni sabo ukudlulela komunye umsebenzi noma ukuzidalela amathuba omsebenzi.",0
train_isizulu_02831,AfriHate,"ingulube iyanginonela, emini kushisa nokwenza",0
train_isizulu_01984,AfriHate,it's disgusting ngoba bahlezi bestshela ngo rhino poaching but mabebona inkawu kmele ife yona @username ,0
test_isizulu_00231,AfriHate,imomozi bafethu 😩.  ##url,0
2807,vukuzenzele,NgoZibandlela kulo nyaka siyathemba ukuthi sizophothula ukucozulwa kweziphehlimandla kanye nezigaba zokuthunyelwa kukagesi zakwa-Eskom.,0
1631,vukuzenzele,"nokungenelela kokusekela indlela yokuziphilisa kuxhaswe ngoku gcwele, nohlelo olucace bha lokuqalisa ukusebenza.Umzamo wokusungula imisebenzi awusikho nje ukuzibophezela okufi phele kwesikhathi esithile esikhathini esizayo, kodwa umayelana nokusungulwa",0
480, kuhlonyiswe imbokodo ihlangene kobusethekwini ,"ABANTU besifazane ababhukule balwele umhlaba bangalokhu belwela izinto ezincane ezifana namathoyilethi nezindlu ngoba zingadilika baphinde babuyele emgwaqweni beyolwa. Mabalwele umhlaba ngoba wona awuyi ndawo.Lokhu kushiwo umengameli wenhlangano yabesifazane abangabalimi, iWomen in Agriculture and Rural Development (Ward), uNksz Maureen Magubane, ngesikhathi kunesigcawu sabesifazane sokubonisana ngezindlela ezingasetshenziswa ukuze abesifazane bathole umhlaba, ebesiseThekwini, izolo.UNksz Magubane uthe sekukaningi ebona abantu besifazane begcwele izitaladi bekhala ngamathoyilethi noma ngezindlu kodwa ayikho imashi aseke wayibona abesifazane befuna ukunikezwa umhlaba.“Singabantu besifazane sicindezelekile ngasohlangothini lokunikezwa amalungelo omhlaba. U-80% wabasebenza emapulazini kuleli yithina kodwa uma sekubhekwa ukuthi ngobani abanikazi bomhlaba, u-1% kuphela wabantu besifazane abangabanikazi bomhlaba. Le nto isitshela ukuthi kusamele sibhukule silwe, silwele amalungelo ethu. Njengamanje kulukhuni satshe ukuthi umuntu wesifazane athole isiza emhlabeni wamakhosi. Uma engenayo indoda kudingeka abe nendodana okuyiyona ezomumela. Njengamanje kukhulunywa ngokubuyiswa komhlaba ngaphandle kwesinxephezelo. Uma lungekho uhlelo oluqondene nathi singabantu besifazane sizophinde sisale ngemuva futhi nakulona. Sifuna uhulumeni achaze ukuthi ingxenye engakanani yomhlaba ezokwabelwa abesifazane,” kusho yena.UDkt Hlengiwe Mkhize, iNational Convenor yeProgressive Women Movement of SA, uthe iNingizimu Afrika ichazwa njengelinye lamazwe anokungalingani okukhulu ngokobulili.UDKT Hlengiwe Mkhize oyiNational Convener yeProgressive Women Movement of SA (PWMSA)Uthe le nhlangano imele ukuqinisekisa ukuvikela abesifazane odlameni olubhekiswe kubo, ukuqiniseka ukuthi abesifazane bayafunda, bayahlomula kwezomnotho nokubatshela ngamathuba ezomnotho akhona.Izolo uthe inhloso enkulu yabo ukuzochazela abesifazane ngamathuba akhona kwezolimo nokuthi umhlaba ubaluleke kangakanani.UNKK Nompumelelo MhlongoUNkk Nompumelelo Mhlongo wophiko olubhekele ukukhiqizwa kokudla, iFood Security, eMnyangweni wezoLimo nokuThuthukiswa koMphakathi wasemaKhaya kulesi sifundazwe, uthe ukusebenza umhlaba kuqala ngokusebenzisa igceke onalo, uma selilincane bayakusiza ukuthi uthole isiqeshana esingaphezulu kwaleso onaso kwamasipala bakusize ukuze ukwazi ukukhiqiza ngoba inhloso yabo wukuthi wonke umuntu azikhiqizele ukudla azokudla nomndeni wakhe.",0
train_isizulu_01408,AfriHate,umjita uyalishaya isende kodwa... mase ethi fa fa fa amaseries.. well done bafo usimelile #mswipeni #sengkhathele ##url,0
train_isizulu_02635,AfriHate,"punani @username : ingqefeza ""@username : imomozi rt @username : another word for ""pussy"" is? #therevolution""""",0
3254,vukuzenzele,"Eminyakeni engamashumi amathathu eyedlule, ngonyaka we-1992, iAfrican National Congress yemukela umqulu onesihloko esithi ‘Ready to Govern’. Lo mqulu ubeka imihlahlandlela yenqubomgomo yeNingizimu Afrika yentando yeningi labantu futhi, cishe iminyaka",0
412,vukuzenzele,"Ukuzizwa wonyiwe kanye nesiyezi. Umlomo owomile. Ukuhlala ukhathele. Umchamo ongcolile, futhi onuka kabi. Ukuchama izikhathi ezimbalwa kunalezo ezijwa yelekile.",0
2012,vukuzenzele,"kwenziwe, singuhulu-meni futhi singumphakathi.Sizishayela ihlombe zonke izinhlangano kanye nalabo abazibophezele ekutheni bazise abanye. Kunabantu abafana no-Ralph Bouwers kanye no-Mark Nicholson, nokuyibo abahlelele abantu abasha imidlalo eyahl-ukene",0
train_isizulu_00072,AfriHate,amakhekhe slima 😶😏 ##url,0
217, uramaphosa uhoxe kolwenhloko ,"LUTHATHE elinye igxathu udaba lwekusasa leNhloko yezokuShushisa kuleli u-Advocate Shaun Abrahams njengoba uMengameli Cyril Ramaphosa, enqume ukuhoxisa isicelo sokwedluliswa kwesinqumo senkantolo.NgoLwesihlanu abammeli behhovisi likamengameli, ngomyalelo kaRamaphosa bahoxise lesi sicelo sokwedluliswa kodaba olwalufakwe uMnuz Jacob Zuma obengumengameli wezwe. UZuma wadlulisa isinqumo seNkantolo eNkulu iNorth Gauteng eyayithe ukuqokwa kuka-Abrahams kwakungekho emthethweni, yancoma ukuthi axoshwe.UZuma obehambisana no-Abrahams abakuzwanga kahle lokho, bathi udaba aluyobuyekezwa yiNkantolo yoMthethosisekelo. Lolu daba kulindeleke ukuthi lulalelwe kuleli sonto elizoqala kodwa ihhovisi likamengameli lizobe lingasayingeni leyo.U-Abrahams usanda kuqinisekisa ngoLwesibili ukuthi uzitholile izincomo ezivela kubashushisi ezihlahla indlela eya phambili mayelana nokuthi uZuma kufanele yini ashushiswe ngamacala enkohlakalo, asukela esivumelwaneni sokuthengwa kwezikhali.La macala ayehoxiswe owayephethe uphiko lwezokushushiswa u-Advocate Mokotedi Mpshe ekhala ngokuthi kwakunetulo elihambisana nezepolitiki.Inkantolo yabe isinquma ukuthi isinqumo sikaMpshe sasingaphusile, okwaholela ekutheni udaba lokushushiswa kukaZuma lubukwe kabusha.Amaqembu aphikisayo asincomile isinqumo sikaRamaphosa sokuhoxisa ukwedluliswa kodaba.UMnuz James Selfe weDA uthe sekusele ukuthi uRamaphosa aqoke omunye umuntu othembekile esikhundleni sika-Abrahams.",0
3211,vukuzenzele,"esisesincane uyingxenye yethimba lezicishamlilo labesifazane bodwa lokuqala ngqa eNingizimu Afrika.“Women of South Africa, be proud of what you have achieved.”Isithombe: Alistair Burt NCC Environmental Services",0
794,vukuzenzele,"“Ngicabanga ukuthi inki nga enkulu ukuthi ihhovisi elenza imifanekiso lisebe nza ngokuhlukile kunesi zinda sokwakha. Kwesinye isikhathi imininingwane ayihlangani, ikakhulukazi mayelana nemidwebo kanye nemidwebo engaphelele ne zinto ezifana nalezo. Yinga",0
365,vukuzenzele,"Umthelela kwezomnothoUkuzingelwa kobhejane kanye nokushushumbiswa kwezi lwane kunomthelela omubi ekuthuthukisweni komnotho wezwe kanye nasekudalweni kwamathuba omsebenzi, oku-hlanganisa ukuthuthukiswa komnotho onhlobonhlobo wezemvelo ohlanganisa no",0
train_isizulu_03039,AfriHate,"@username umlomo wadalelwa ukudla nokuphuza ,imomozi idliwa ngomthondo wena man or awusaqhenyelwa usu bhebha ngolimi ##url",0
train_isizulu_02571,AfriHate,@username sbwl inkomo 😜,0
1489,vukuzenzele,Umnyango usunxuse abesifazane abakhulelwe ukuba babhalise kuMomConnect ukuze bathole izindaba zakamuva ze-Listeriosis nje ngoba izingane ezinezinsuku ezingaphansi kwezingama-28 kuyizo ezithinteka kakhulu.,0
train_isizulu_01945,AfriHate,"lol uyaphapha nokuphapha loyo bhebha wena bafo""@username : @username lol yeh i think so....""",0
train_isizulu_02495,AfriHate,uyazilungisela ingulube yakhe ngakho nasemshadweni kunjalo. mesekuhlula ukwenza ke vele uphume endlini ushiye unkosikazi neyngane ekhaya.kodwa ukuhlukanisa esizulu into engekho eyesilungu lento. ##url,0
1763,vukuzenzele,Uzothweswa iziqu nje ngokwezinqubo namasiko aBalobedu.,0
dev_isizulu_00648,AfriHate,"""ghetto aviation"" eyyy is'ngamla niyasikhuluma yong🏌️‍♀️ ##url",0
1667,vukuzenzele,"Lokhu kwenyuka kwamanani, ikakhulukazi amanani ophethiloli, kungumphumela wezehlakalo esingenakuzilawula. Ukunqgubuzana okuqhubekayo phakathi kwe-Russia ne-Ukraine kube nomthelela omkhulu emananini ophethiloli nawokudla. Womabili la mazwe angamazwe",0
1839,vukuzenzele,Sekunomsebenzi omkhu lu owenziwe izinyunyana ngokufundisa abasebenzi ngezindlela zokulawula ukuthelelana nokuvikela kanye nezenhlanzeko. Baphinde beseke nomsebenzi woMnyango Wezabasebenzi Nezemisebenzi ekwenzeni umsebenzi wokuhlola ezindaweni zokusebenze,0
3260,vukuzenzele,Abanye futhi abangabasunguli ababalulekile bokukhula komnotho nemisebenzi ngamabhizinisi kahulumeni (ama-SOE).,0
1023,vukuzenzele,"kwabezindaba ngolwazi, futhi sibukela phansi ukubaluleka kwabo njengezinsika zentando yeningi labantu.",0
50,vukuzenzele,"Ukudla kuphekwa ngamalungu omphakathi angasebenzi, aqashwe umkhandlu owengamele isikole (i-SGB).",0
2393,vukuzenzele,kusho uMabona. Wengeza ngokuthi umoya wokubambisana phakathi kwabahlengikazi be-SANDF kanye nalabo bohlelo lokunakekelwa kweze mpilo yomphakathi ube muhle kakhulu kuze kube manje.,0
train_isizulu_02089,AfriHate,kodwa yabaqeda ocheese leya genge ngama podcast ayo ingakan’faki iwrestling..,0
553,vukuzenzele,"Tel: 012 473 0353 Email: vukuzenzele@gcis.gov.zaAddress: Private Bag X745, Pretoria, 0001Head of Editorial and Production Regomoditswe Mavimbela Regomoditswe@gcis.gov.za Acting Editor-in-Chief Zanele Mngadi | Zanelemngadi@gcis.gov.zaActing Managing Editor",0
147,vukuzenzele,"futhi ngazama ukwehlisa amaphaphu,” kusho yena.“Leya ndawo iyazisindisa izimpilo! Ihamba phambili ngempela,” kusho u-John Arnoldus, owelulama kwiCO-VID-19 esikhungweni soku hlala ngawedwana e-Drake-nstein. “Omunye wabangani bami ubegonqele ekhaya futhi",0
train_isizulu_02105,AfriHate,uyaphupha myeke 😂😂 rt @username wenja 😂😂😂😂 rt @username : uzothola ukuth kubangwa usiphoo,0
3305,vukuzenzele,"Umndeni ka-Mohammed ubuyilandela ngendlela yonke imithetho yenhlanzeko emsebenzini kanye nasekhaya, ukugwema ukwesulelana ngaleli gciwane. “Umndeni wami ubuqonda, uzinakekela futhi wesekana, futhi ubusilethela ukudla kwakusihlwa, kodwa kwesinye isikhathi",0
train_isizulu_00963,AfriHate,@username lokho kuyangnyanyisa!!!!! i thought the gov. is trying by all means ukuthi umhlaba ubuyele kubantu abamnyama?  back to amabhunu y.,0
test_isizulu_00099,AfriHate,"hawu""@username : cherry yakho iphakamisa ifosholo. that's because she's digging it. uvula imlenze likhamise igolo!""",0
test_isizulu_00306,AfriHate,ingulube angisayidli 😭 #thewifeshowmax ##url,0
test_isizulu_00386,AfriHate,@username hhawu uma sekushaywa abe bemasha yini manje malungu ka khongolose@username ,0
2934,vukuzenzele,"ezindaweni zokudlela, ezindaweni zokuphuzela utshwala nasemathaveni.",0
340,vukuzenzele,"“UMnyango Wezemise benzi Kahulumeni kanye Nengqalasizinda uzophuthula ukudluliselwa kwamahektha ayizi-14 000 zomhlaba kahulumeni kwi-Ejensi Yokuthuthukiswa Kwezi ndlu,” kusho uMongameli.",0
train_isizulu_00447,AfriHate,@username usho ingulube mkhaya😅,0
632,vukuzenzele,"Amadoda kumele nawo adlale indima yokunikezela ngolwazi nangokuba khona emindenini yawo, ikakhulukazi ekukhuliseni amadodana awo ukubonisa ubudoda obunempilo, nobuhle obutshengisa inhlonipho kubantu besifazane nezingane.",0
1346,vukuzenzele,"ancele njalo lokho okuzokwenza ukuthi ungenzi ubisi olwa-nele.Umbuzo: Ingabe umntwana uyawadinga yini amanzi uma kushisa?Impendulo: Cha, ubisi lokuqala (oluphuma kuqala) lunamanzi amaningi futhi luyakuqeda ukoma ko mntwana. Wena qinisekisa ukuthi umncelisa",0
train_isizulu_02546,AfriHate,"angisadlali 😂😂😂😂😂""@username : @username ngiyeza sizodla ingulube neh 🙌🙌""",0
1078,vukuzenzele,"Kodwa-ke ukuze siqinisekise impumelelo kulokhu, kuzo fanele kube nesivumelwano phakathi kwamabhizinisi, ezabasebenzi kanye no mphakathi hhayi nje kuphela ezinguqukweni ezidingekayo, kodwa ekuhwebelananeni okudingekayo ukufeza izinjongo zethu.",0
train_isizulu_02464,AfriHate,bhebha uthule.. ave ungiphoxa💔 ##url,0
690,vukuzenzele,"ngo-nyaka wezi-2020. Uma singaphu-melela ekwenzeni lokho, hleze singakwazi ukuqeda i-AIDS njengenye yezinsongo zesihlava esibi kwezempilo yomphakathi ngonyaka wezi-2030.Ngeshwa, asikafiki laphookwamanje. Kusamele sikhuphule amasokisi ukuze siqi nise-kise",0
1965,vukuzenzele,"ngokusemthethweni enkampanini yakwa-BMW South Africa yavulwa okokuqala ngonyaka we-1978 futhi ukusuka lapho, babalelwa ngaphezu kwezi nkulungwane ezimbili abantu abaye bathola ukuqeqeshwa enkampanini yakwa-BMW futhi bathola umsebenzi khona.“Eminyakeni",0
392,vukuzenzele,I-CACH ayikwazi ukubona ukuthi isikhungo sizomthinta nini umfakisicelo ukuze mhlawumbe athole isikhala.,0
2048,vukuzenzele,ezingakuholela ocansini olungaphephile. Qaphela abantu othandana nabo abathi uzolala nabo uma ubathanda. Lalela futhi ufunde kulabo besifazane abasebancane abake bakhulelwa. Bayazi ngalawo maphutha kanye nobubi bakhona. Lalela futhi ufunde kubazali bakho,0
train_isizulu_01223,AfriHate,lol thando uzobhebheka emdidi,0
dev_isizulu_00260,AfriHate,@username umuntu e busy engidayisela ingulube esesakeni,0
dev_isizulu_00361,AfriHate,@username udelela njengomfana ongaqhathwanga. @username kwenziwa yini ukuthi abelungu badelele kanje uma niphethe izwe madoda? @username wena uthini makunje?,0
42,vukuzenzele,"NgokoMnyango Wemfundo Eyisisekelo (i-DBE), abafundi bafundiswa imikhuba emihle yokudla kanye nendlela yokuphila.",0
test_isizulu_00189,AfriHate,mushadile lowo muzi ngisho imfene yakhona kuba eyakho..,0
3042,vukuzenzele,"ne-Gauteng ngoNtulikazi, izinkampani ziyaqhubeka nokwenza kahle ezibo phezelweni zazo futhi zibheke amanye amathuba okutshalwa kwezimali eNingizimu Afrika.",0
train_isizulu_02394,AfriHate,"ubani ufuna singeni kwi twitter space sixoxe ngezinduku zokuthakatha.. from ukukhanda amalumbo, umeqo womopho, umeqo wokubolisa umzimba, isichitho, isikhafulo sekhanda, imomozi enuka ixoshe isoka, izintwala nobukhuphe. 🤔",0
656,vukuzenzele,"sase-Nasrec sibe ne-mibhede engama-500 emisha. NgoNhlaba, uNdunankulu u-Makhura wemukela umnikelo oqhamuka kwizinkampani zezi-moto i-BMW kanye ne-Nissan ukusiza ukwakha isibhedle-la sesikhashana e-Rosslyn, e-Tshwane.",0
1742,vukuzenzele,"siqinisekise ukuthi baqeqe shwe ngendlela esezingeni lomhlaba futhi bangochwe pheshe ababhalisiwe,” kusho uVimba.",0
2225,vukuzenzele,"Isigaba 2: Ama-ejenti azoshayela umfundi, ofuna isikhala sokufunda esikhungweni semfundo ephakeme, ucingo mahhala, ngokusebenzisa isikhungo sezingcingo, kubhaliswe nemininingwane kusizindalwazi se-CACH, kuhlonzwe umkhakha umfundi awubhalisele kanye",0
2254,vukuzenzele,Kodwa ingalo yomthetho yinde. Labo abebele umbuso bangacabanga ukuthi baphumelele.,0
1378,vukuzenzele,ukwela-shwa kujwayeleke ukuthi izinga lesifo selivele seliphe-zulu.,0
dev_isizulu_00382,AfriHate,ziyabhimba izinto emzini ka'ngamla' ##url,0
1948,vukuzenzele,"uthinte ingxenye yendwangu ngesandla.6. Uma usufake isifonyo, UNGA LOKOTHI UTHINTE UBUSO BAKHO futhi kuze kube lapho usikhumula.7. Lapho ususikhumula, qaqa izintambo, bese usonga ngokucophe-lela isifonyo kusuka ngaphakathi kuya ngaphandle, usibambe",0
train_isizulu_00207,AfriHate,@username mina ngimsaver ngobbe the tym ngisathatha inumber once sahlukana ngisave ngesinci sakhe e.g slenda or sdudla noma ngith mehlo,0
train_isizulu_01681,AfriHate,hahaha hahaha sekungaze kugijime imfene emini @username 😂🤣😂🤣🎤📻  @username #ukhozifmvabs @username luhamba phambili,0
2831,vukuzenzele,Igumbi lokuncelisela lethulwa nguNgqongqoshe wezeMpilo esiFundazweni uDkt Phophi Ramathuba.,0
train_isizulu_00718,AfriHate,what if abelungu bas’thakathile🤔,0
train_isizulu_02444,AfriHate,"@username ukube useduze kwaseceleni kwami mazulu, ngabe ngyakuwashela wona wonke. manje ke ewu 🤦🏾‍♂️",0
test_isizulu_00096,AfriHate,@username kungani mase kuwu ramaphosa bese kuvela abathi ayinabuqiniso le ka step aside ? malungu ka anc akobe niyabona ukuthi lento yama resolution ezinkomfa zenu ayinisebenzeli makunje #abasikibebunda,0
2148,vukuzenzele,Umbuzo: Ngakube kuyi ngozi kangakanani ukunga zwani nomgomo?Impendulo: Ukungazwa ni nomgomo okunzima akujwayelekile. Ukunga zwani nomgomo kuvame ukwenzeka imizuzwana noma imizuzu nje ngemuva kokugoma. Yingakho nje kubalulekile ukuthi abantu balinde,0
train_isizulu_00611,AfriHate,@username ngabe ngiphez'kwalo ididi kumanje🤣💁 ##url,0
3443,vukuzenzele,"kokubabeka engozini. Kube se kubhekwa ukuthi umuntu lowo angakwazi ukukhokha imali engakanani kulolu hlelo, bese konke okunye kukhokhelwe ngabaxhasi, kuchaza u-Seirlis.",0
dev_isizulu_00484,AfriHate,"malusi february,ufake isithombe sakhe not so long ago kwi tl wabuye wasisusa… at first glance, ngathi iloya mlungu, okwakuthiwa u happy may his soul rest in peace.🥴🫠",0
522, ungqongqoshe umangalele umalema ,"UNGQONGQOSHE wamaBhizinisi kaHulumeni uMnuz Pravin Gordhan usevulele umholi we-Economic Freedom Fighters uMnuz Julius Malema amacala ngokumdicilela phansi isithunzi.UGordhan uvulele uMalema icala lokumhlambalaza, ukudicelela phansi isithunzi sakhe nelokubhebhezela udlame eBrooklyn Police Station, ePitoli. UMalema ngeledlule ukhwele wadilika kuGordhan embiza ngenja esetshenziswa yizicebi ezingabelungu ukuqhwaga amandla oMbuso.Ekhuluma nabezindaba ngephandle kwalesi siteshi samaphoyisa uGordhan uthe sekumumi emphinjeni ukudelwa uMalema.“Esikuvezayo ukuthi ngeke sisakwazi ukumelana nokumbozwa kwenkohlakalo kuleli kusetshenizwa ukucwaswa ngokwebala, ukuhlaselwa kwemindeni kanye nokuhlaselwa kwezombusazwe. Ngakho nginqume ukuthi sekwanele,” kusho uGordhan.“Uma ufuna ukuqophisana nathi ngezombusazwe ayikho inkinga, kodwa uma uzoqamba uhlasele imndeni yabantu uhlukanisa iNingizimu Afrika phakathi. Akwamukelekile neze lokho. Ibala lomuntu isihloko esibucayi kulelizwe,” kuqhuba yena.FUNDA:Uchaphe uGordhan ngenhlambaNgeledlule uMalema uchaphe ngenhlamba uGordhan ngesikhathi ekhuluma nabalandeli be-EFF ngaphandle kwebhilidi okusingethwe kulo ikhomishini ngokulawulwa kombuso yidlanzana. Ngaleso sikhathi uGordhan wayefakaza kule khomishini.“UGordhan uyinja yabelungu abasebenzisa uMbuso. Uma uhlasela kukhala bona, ukhohlakele futhi akahlukile kuloyo owayengumengameli uMnuz Jacob Zuma. BakuWhatsApp ofanayo ophethwe wuCyril Ramaphosa. Bafunda inkohlakalo kwi-ANC. Mina angikhohlakele ngoba angikaze ngivakashele emzini wakwaGupta futhi angikaze ngizwane namalungu akhona,” kusho uMalema.UMHOLI we-EFF uMnuz Julius Malema ngesikhathi ekhuluma ngaphandle kwebhilidi okusingethwe kulo ikhomishini ephenya ngokulawulwa kombuso yidlanzana ngeledlule. Isithombe: Dimpho Maja/African News Agency (ANA)Waphinde waveza nokuthi  uGordhan unamasheya ezinkampanini zabacindezeli futhi indodakazi yakhe yathola uR8 million ngokusebenzisana nohulumeni.Ngesonto uMalema uqhubekile nokukhuluma ngendodakazi kaGordhan eveza ukuthi kuyenzelelwa uma kusolwa yona.“Uma kuyindodakazi eyiNdiya, kulungile, udaba luvaliwe, asikho isidingo sokuthi kuphenywe izitatimende zaseBhange,” kusho uMalema.UGordhan uyakuchitha ukuthi akhona amabhizinisi ahlanganisa indodakazi yakhe nohulumeni.",0
train_isizulu_02145,AfriHate,yeka ukuhlanya wenja 😂 ##url,0
train_isizulu_00587,AfriHate,@username ...  lokwe nyoni unako lapho...,0
2662,vukuzenzele,"Ukubika ngokuxha- shazwa kwesibonelelo, thinta u-SASSA ku-0800 60 10 11 (mahhala).“Uma nje ukuxhashazwa kwesibonelelo kubikwa, kuzoqala uphenyo.",0
7,vukuzenzele,UMnyango Wezempilo eNtshonalanga Kapa uthi imininingwane yalapha kuleli lizwe neyasemhlabeni jikelele iqinisekisa ukuthi ukugomela i-COVID-19 kusalokhu kuyisona sikhali esihamba phambili ekulweni negciwane. Lokhu kusiza kakhulu kubantu abanamasotsha,0
3110,vukuzenzele,"Emva komsebenzi, ngangiye ngihambe ngiye esikoleni, ngifunde konke okwakwenziwe ngalelo la nga,” kusho yena.",0
train_isizulu_02284,AfriHate,@username umuthi we nyoni,0
613,vukuzenzele,ukuqeda ubub ha emi - phakathini ngokudala ama- thuba omsebenzi.,0
2928,vukuzenzele,Kuyisixwayiso kunoma ngubani phakathi kwethu ongaphupha emini ukuthi selidumela emansumpeni ekuboneni isiphetho saloku kufa kwempilo yomphakathi ephuthumayo.,0
train_isizulu_00683,AfriHate,@username yini wena? yazi sizwe nizenza abelungu,0
1895,vukuzenzele,"ehlobene nezindlu ze-RDP, ukukhwabaniswa kwezibonelelo zenhlalo, ukufuduka ngokunge mthetho, ukushaya, ukwe ba noma ukukhwabanisa – i-PSC ikhipha isincomo sokuthi kuthathwe isinyathelo sokulungisa isimo ku mnyango ofanelekile noma idlulisele icala koKlebe,",0
2867,vukuzenzele,IMenenja ye-George Tou rism uJoan Shaw uchaze wathi uhlelo lolu luzobonisa amasiko ahlukahlukene.,0
405, indoda idutshulwe amaphoyisa kwayo ,"USATHUTHUMELA owesifazane osinde ngesikhathi indoda yakhe idutshulwa ngentululwane yezinhlamvu ngamaphoyisa okuthiwa abephenya entathakusa yangoLwesine eNseleni.UNksz Sihle Mdletshe ubesendlini ngesikhathi kuhlaselwa emzini wabo noMnuz Bhekizenzo Msweli (66), odutshulwe amanxeba amathathu esifubeni wadlavazeka nengalo. UNksz Mdletshe uthe bebelele ngezithuba zabo-1 entathakusa ngesikhathi bezwa kukhonkotha inja egcekeni.“Sesake sangenelwa izigebengu phambilini zizogqekeza imoto. Izimoto ezimbili ubesezipaka eduze komnyango wendlu ukuze ezwe uma kukhona okungahambi kahle. Ngesikhathi inja ikhonkotha wavuka wathatha isibhamu sakhe esisemthethweni, wayovula umnyango wasekhishini lapho bekukhonkotha khona inja,” kuchaza uNksz Mdletshe.Uthe umufi ubesawuvula nje umnyango wezwa kuqhuma isibhamu. Uveze ukuthi wesabile ukuphuma, wezwa umufi ekhala ngokuthi uyafa.“Ungene ekamelweni esaphethe isibhamu, opha kakhulu esifubeni, wafike wawa. Ngizwe kukhona okuqhuma sengathi yibhomu ngasemnyango, ngavele ngaphuma sengiphakamise izandla ngizikhalela kuleli qulu lamadoda ebelisegcekeni. Bangiphushele emnyango bangena endlini bebuza ukuthi ngobani abanye abakhona. Ngibatshele ukuthi kunezingane ezilele kwelinye ikamelo,” kuchaza yena.Uthe kuleli qulu lamadoda bekukhona eyodwa egqoke umfaniswano wamaphoyisa. Usola ukuthi lama doda eqe uthango ngesikhathi engena egcekeni ngoba ebehamba ngezinyawo. Ubone kamuva ukuthi nephoyisa lidubulekile. Uthe la madoda acele awavulele isango efuna ukuvulela i-ambulensi. Emuva kwalesi sigameko uNksz Mdletshe uthe kufike amaphoyisa okuyilapho eqinisekise khona ukuthi nguzakwabo odutshuliwe.Uveze ukuthi usamangele ukuthi ubulaweleni uMsweli ngoba nesibhamu besisemthethweni. Umufi, okuthiwa ubethutha izingane zesikole, ushonele esibhedlela ngoLwesine ekuseni. UNksz Mdletshe uthe ngesikhathi behlaselwa yizigebengu ngo-2016 umufi waqhumisa isibhamu wagcina eboshiwe, waphucwa nesibhamu kodwa icala labuye laphela, nesibhamu sabuyiselwa kuye.Okhulumela amaphoyisa KwaZulu-Natal, uCaptain Nqobile Gwala, uthe amaphoyisa abelandela uphenyo ngabasolwa abebefuneka ngamacala okuphanga nawokudlwengulwa enziwa ngo-2017.“Amaphoyisa angqongqozile azazisa kodwa kwakhona odubulayo ngaphakathi endlini kwadubuleka iphoyisa ekhandla. Amaphoyisa aphindisele ngenhlamvu kumufi odubuleke esifubeni.“Umufi utholakale nesibhamu ngaphambi kokuthi bayiswe esibhedlela nephoyisa. Kuvulwe icala lokubulala nelokuzama ukubulala, idokodo ladluliselwa kwi-Independent Police Investigative Directorate”.",0
1158,vukuzenzele,bizportal.gov.za futhi bese ucofoza u‘register’ maphezulu nekhasi lakho.,0
3290,vukuzenzele,"njengezo-mkhwenyana wami, obenezi-nhlungu umzimba wonke, ucanucanu, ukucinana kwe-sifuba, ukuphefumula kanzi-ma, ukuvaleka kwamakhala, izikhwehlela esifubeni kanye nemfiva. Indodana yami yabanjwa imfiva izinsuku ezintathu, kodwa iye yalu-lama ngokuphuthuma",0
train_isizulu_00136,AfriHate,@username 🤣 🙆‍♀️🙆‍♀️🙆‍♀️🤷‍♀️🤷‍♀️ufuna ikhekhe ufuna ithanga elibovu ufuna inkomo ufuna no bhontshisi 🙆‍♀️🙆‍♀️🙆‍♀️🙆‍♀️🙆‍♀️🙆‍♀️🙆‍♀️🙆‍♀️🙆‍♀️ 🤣🤣🤣 🤣 🤣 mewungafunanga nje mina uyobe uqedile😀😀😀😀,0
2924,vukuzenzele,emhlabeni. Futhi kuhlale kunethuba lokuphinde si bheduke isifo.,0
2129,vukuzenzele,Ungawuthola kanjani umfundaze wa kwa-NSFAS Ufanelekile ukuthola umfunda ze wakwa-NSFAS uma uyisa khamuzi saseNingizimu Afrika esihlele ukufunda ngonyaka wezi-2023 noma esesivele sifunda enyuvesi kahulumeni noma ekolishi eliyi-TVET futhi uhlangabezana,0
train_isizulu_02847,AfriHate,qoma ntombi ngafa inhlamba kanyoko.,0
415, imibono ukuba namanzi kompompi sakugcinango  ,"MHLELI: Ake ngizwakalise ukukhathazeka kwami ngokuhluphekela amanzi endaweni yakithi eCinci, kwesaKwaMthethwa.Ompompi bomile emagcekeni, amanzi sawagcina ngo-2014 kuzoba wukhetho lukazwelonke. Uma udinga amanzi kufanele uyogwedla ipitsi. Kuyathusa ukuthi eminyakeni engu-24 kusekhona abantu abaswele amanzi nezindlu zomxhaso. Amaloli aletha amanzi afika kanye emuva kwezinyanga ezimbili.Izindlu zomxhaso zabhaliswa, kwafakwa izinombolo, kwakhiwa zangaphela, kume izindonga nje. Lokho-ke kushiya imibuzo yokuthi imali eyayikhishelwe ukwakhela abantu izindlu yashonaphi.Ngiyafisa ukuba izikhulu zomnyango oqondene nokunikezelwa kwamanzi emphakathini nezomnyango wezezindlu zike zivakashele eCinci zibone usizi esikulo.Robert MdladlaECINCI",0
test_isizulu_00155,AfriHate,ungayikhipha ingulube odakeni kodwa soze uyiyekise udaka,0
2013,vukuzenzele,"endaweni yase-Lavender Hill eKapa bezama ukuthi lezi zingane ngingabi uvanzi kulezi zigebengu. Kukhona omama, osisi kanye namadodakazi abasebenza ngaphandle kokubheka inkokhelo yenhlangano ebizwa nge-Operation Bobbi Bear endaweni yaseManzimtoti",0
test_isizulu_00100,AfriHate,ama boys kulokhe kuqhasha one by one😂 .. kwatholakala ne mfene kambe efourways iselwe.,0
3604,vukuzenzele,"baziba mbe ziqine ekulweleni ubulungi swa bezesimo sezulu. Ngahlabeka umxhwele kakhulu lapho ngihla ngana no-Michelle Nkamankeng, oneminyaka eyi-11, ongumbhali omncane kunabo bonke wase-Afrika futhi okleliswe ohlwini lwababhali abancane abayi-10 abahamba",0
1238,vukuzenzele,"sezikhiqiza amaqanda angama-50 ngosuku, akawadayisa njalo ngeviki.",0
train_isizulu_01105,AfriHate,"ngikhuluma ngemovie wena nyoni, hhay lendawo yenu yezol ##url",0
test_isizulu_00261,AfriHate,@username awu kodwa sdudla 😍😍😍 uyanyisa 😍😍,0
train_isizulu_01439,AfriHate,lol konje umngani wami waye bhebha isangoma,0
test_isizulu_00513,AfriHate,lomuntu okuthiwa ngu nyoni yinyoni ngempela #absaprem,0
2585,vukuzenzele,"Uma umqashi engakwazi ukususa umsebenzi amuse kwesinye isikhundla, kuzo dingeka ukuthi isivumelwano somsebenzi siphele. Imininingwane equkethwe kwi-NRSO ibandakanya;",0
844,vukuzenzele,"Amacala angama-330 adlu liselwe ukuthi kuthathwe izinyathelo zomthetho, okubandakanya ukuvi njelwa ukusebenza (ungabe usakwazi ukwenza umsebenzi nohulumeni).",0
286, uphendulwe iqhawe enkantolo ududuzane zuma malema ,"UMHOLI we-Economic Freedom Fighters, uMnuz Julius Malema, usegxeke impatho etholwe uMnuz Duduzane Zuma ngesikhathi evela enkantolo izolo.UZuma ubevele enkantolo yamacala athinta imali wanikezwa ibheyili kaR100 000 ecaleni lenkohlakalo lapho esolwa ngokuthi wazama ukugwazela owayeyiPhini likaNgqongqoshe wezeziMali, uMnuz Mcebisi Jonas, ngoR600 million kodwa uJonas wawunqaba.Izolo uMbuso ubeke uDuduzane icala lenkohlakalo kodwa udaba olube sematheni kakhulu ezinkundleni zokuxhumana ukuvela kwakhe efakwe ozankosi ezinyaweni, okuvame ukwenziwa uma kuvela abasolwa ababhekene namacala abucayi.Umbuzo obuhamba phambili ezinkundleni ngowokuthi ufakelweni ozankosi ngaloluya hlobo ekubeni kunguye ozinikele emaphoyiseni.Ekhuluma nentatheli yeSABC ngoLwesibili uMalema uthe uDuduzane usezoba yiqhawe kuleli ngoba abantu bazozwelana naye ngenxa yendlela aphathwe ngayo.""Akumele senze abantu okungenzeka ukuthi baphule umthetho amaqhawe ngenxa yendlela esibaphatha ngayo. Buka into eyenzeke kuDuduzane. Namhlanje uDuduzane uyiqhawe ngenxa yendlela aphathwe ngayo enkantolo. Abantu baseNingizimu Afrika bayazwelana nabantu ababukeka engathi bayizisulu. Akumele sihlasele abantu okungenzeka ukuthi bayizigebengu ngendlela ezobaphendula amaqhawe,"" kusho uMalema.Uqhube waveza nokuthi kumele abantu abasolwayo balandelelwe kuphela uma sekunobufakazi obanele ukuthi babhekane nengalo yomthetho enkantolo.""Kunomehluko phakathi kwepolitiki necala elisenkantolo. Enkantolo kumele uveze ubufakazi obungashiyi ungabazane ngezinsolo umsolwa abekwa zona. UMalema ufike abange umsindo abange umsindo, bese beyagxuma abeNPA ngisho bengenabo ubufukazi. Ngakho kumele sikwazi ukukuhlukanisa lokhu kokubili. Sizoqhubeka sibange umsindo ngezinto esizisolayo kodwa oKlebe neNPA akumele badudwe ngabakuzwa ePhalamende. Kumele baqhubeke bona bayofuna ubufakazi, uma sebebutholile kumele baphathe abasolwa ngendlela ngoba ukungakwenzi lokhu kubaphendula amaqhawe,"" kuphetha uMalema.Icala likaDuduzane lihlehliselwe uJanuwari 24 wonyaka ozayo ngoba kusaqhubeka uphenyo.",0
train_isizulu_00487,AfriHate,ungamulentuzi ke nalo wena nyoni ##url,0
340, i sabc izotakulwa ngabanamava ,"INHLANGANO yezokusakaza iSouth African Broadcasting Corporation (SABC) iqoke uMnuz Madoda Mxakwe ngengesikhulu esiphezulu sayo noNkk Yolande van Biljon njengesikhulu esiphethe izimali zale nhlangano.Lezi zindaba zimenyezelwe nguSihlalo weBhodi, uMnuz Bongumusa Makhathini izolo.Uthe izikhulu ezintsha zizosebenzisana noMnuz Chris Maroleng obhekelele ukusebenza kweSABC kanti zizoqala ukusebenza ngoJulayi 1.Uchaze uMxakwe njengomuntu okhaliphile okwaziyo ukushintsha izinhlangano ezingayingenisi imali, azenze zibe nenzuzo.UMxakwe uneziqu zeMA (Global Political Economy) azithola eNyuvesi yaseSussex e-United Kingdom, izitifiketi zokuhola amabhizinisi azithola eLondon Business School, ezePDG kwiBusiness Administration azithole eGordon Institute of Business School (GIBS) nezinye.Useke wasebenza kwaNestle eyisikhulu esibhekelele ukukhula kwale nkampani eMozambique, Namibia, Botswana, Swaziland naseLesotho.UMkhathini uthe uNkk van Biljon naye unamava kwezamabhizinisi njengoba ebesebenza kwaDenel ephethe izimali.“Uyena oweza nohlelo lokushintsha izinto kwaDenel. Ubesebenza kwaGlad Africa Group, uneziqu zeBCom Accounting, B Compt (Hons), B Comm (Hons) neze M Comm (Taxation). Ukuqokwa kwalaba kusho ukuthi sizimisele ukuheha ongoti emikhakheni ehlukene ukuze beze namacebo okuthuthukisa iSABC, balethe ubuchwepheshe besimanje bagculise namakhasimende ethu,” kusho uMakhathanini.Uthe ukuqokwa kwezikhulu kuzoletha amakhono amasha, kuqinisikise nokuthi ubulili nazo zonke izinhlanga zimelelekile.",0
3136,vukuzenzele,kwe-NSFAS kokuxhasa izitshudeni ezivela emindenini empofu kanye naleyo ihola amaholo aphansi ezingena emanyuvesi kanye nakumako lishi e-TVET kuzokhuphuka ku suka ezigidini zezigidi zamara ndi eziyi-9.849 ngowe zi-2017/18 ukuya ezigidini zezigidi zamarandi,0
dev_isizulu_00099,AfriHate,"🤣🤣🤣🤣🤣🤣 ""awani amasende?!"" 💀💀💀😂😂 ##url",0
810,vukuzenzele,Lokho futhi kuyisikhumbuzo sokuthi kubaluleke kangakanani ukusebenzisana ukuqinisa futhi sivikele le ntando yeningi labantu.,0
761,vukuzenzele,"Ukuqoqwa kwentela ezinkampanini ezisohlwini lwe-JSE, abahlala kumazwe amaningi kanye nalabo bantu abagwilike kakhulu manje sekusebenza kahle kakhulu kulawulwa uPhiko Lwamabhizinisi Amakhulu, olwaphinde lwethulwa ngowezi-2020.",0
165, mibono isizwe kumele sibaxwaye abaholi abafana nomalema ,MHLELI: Ngithi ake ngikhuze abaholi abasho noma yini okuthi mabayisho ezweni lethu.Abaholi abafana noMnuz Julius Malema we-EFF bayingozi enhlalweni nasemnothweni nakukho konke okuhle osekwenziwe selokhu izwe lethu lathola inkululeko. Uma umlalela kahle uMalema uma ekhuluma usho into efana nse neshiwo abaholi basezwenikazi i-Afrika ababulala amazwe abo ekubeni babethenjiwe ukuthi bazokwenza into engcono.Le nto eshiwo yi-EFF yokuthi akuthathwe umhlaba ngenkani ngeke ilunge bakwethu. Lokho kuzomosha yonke into esetshenzelwe kanzima. Kuyiqiniso elimsulwa ukuthi siyabadinga abasentshonalanga ukuze basichushise ezintwenieziningi.FUNDA:UMalema ubize i-ANC ngesipokiBuka nje iZimbabwe yawuthatha umhlaba ngenkani kwabamhlophe yabulala abanye abantu ababekwazi ukuwusebenza umhlaba emva kwalokho amapulazi ayenza imikhiqizo efukula umnotho agcwala ocadolo. Ngabe sifuna ukuya lapho?Mina ngithi ake kugxilwe entweni enhle vele eyenzekayo okungukusiza intsha ehlwempu emazingeni emfundo ephakeme ngesikhwama iNSFAS. Uma senzenjalo sizowubona umehluko ezweni.Mzwandile SitholeEmtshezi,0
2567,vukuzenzele,Isikole Sikahulumeni Ku zwelonke sinendima ebalu leke kakhulu kulokhu.,0
2956,vukuzenzele,"ngengqondo kwimindeni engaphezu kwe-1 500,” kusho u-Seegers.",0
dev_isizulu_00125,AfriHate,indoda engay’khothi inkomo wibona nge nkani nokulwa nama ntombazane ku social media.. 😂,0
877,vukuzenzele,"Eminyakeni eyedlule, lesi sikole sathutha izikhathi eziningana njengoba sasikhula.",0
1492,vukuzenzele,"“Isicelo esiyisipesheli kubasebenzi bezempilo no-mphakathi wonkana ukuba banakekele abesifazane aba khulelwe kakhulu. Qikelela ngokwengeziwe uma ubhe kene nowesifazane okhule lwe noma usana olusanda kuzalwa,” kusho yena.",0
3481,vukuzenzele,kwezinsizakusebenza nokuba phansi komkhiqizo owenziwa echwebeni.Ukuvakasha kwami kwa kamuva ukuyobheka ukuzini kela okwenziwe ukubhekana nalezi zikhalazo ukuthi kuqa lisiwe.,0
train_isizulu_02744,AfriHate,amaqabane ajabulile ✊ @ ngamla guest house ##url,0
265, kuboshwe umfundisi nengoduso kutholwa owesifazane ebulewe ,"KUBOSHWE umfundisi waseGeorge, eWestern Cape, nengoduso yakhe, basolwa ngokubulala owesifazane ngasekuqaleni kwenyanga kaJulayi ukuze bahlomule ngemali yomshwalense wempilo abese bemuthathele wona.UNksz Siphosile Pamba (25) okhalelwe ngamasongo kaSigonyela ngoLwesihlanu lwesonto eledlule, eZone 9 eThembalethu, uvele isikhasha enkantolo yeMantshi eGeorge izolo ngezinsolo zokubulala uNksz Hlompo Mohapi (25) ofihlwe ngoMgqibelo.Ngemuva kwakhe kube sekuboshwa umfundisi athandana naye uMfu Melisize Monqo (30) osolwa ngecala lokubulala nokukhwabanisa njengoba kuvele ukuthi wathatha umshwalense wempilo ngegama likaMohapi.Amaphoyisa aphinde athatha nemoto etholwe kuMfu Monqo.UHLOMPO Mohapi waseThembalethu ongcwatshwe ngoMgqibelo. Isithombe: George HeraldOmunye wesilisa uMnuz Phumlani Qusheka (28) waboshwa kusadlule izinsuku kutholwe isidumbu sikaMohapi.Lomsolwa wabanjwa neselula kaMohapi, isidumbu sakhe satholwa sinamanxeba okugwazwa esifubeni.Bobathathu abasolwa bazovela enkantolo ngoLwesithathu (Julayi 25) lapho bezobekwa khona amacala ngokuhlangana, kanti kulindeleke ukuthi bafake isicelo sebheyili.",0
591, abafundi banxuswa ukungayoni inyufomu ,"KUNXUSWA abafundi bakamatric ukuthi bangayoni inyufomu yabo uma beqeda ukubhala iphepha lokugcina kodwa banikele ngayo ukuze isize abanye.Inhlangano yentsha i-Rise Black Child Enterprise ezinze eThekwini igqugquzela uhlelo i-Gqoka School Mate okuzoqoqwa ngalo inyufomu nezincwadi zokufunda kubafundi abazobe bebhala iphepha labo lokugcina kuleli sonto.Iningi labafundi liphothula izivivinyo zikamatric namhlanje ngephepha lesiNgisi kanti ngoLwesihlanu lezi zivivinyo zisongwa nge-Agricultural Technology.UMnuz Sazi “Buso” Gumede ongumsunguli inhlangano, uthe uhlelo lokuqoqwa kwenyufomu balugxilise kakhulu ezikoleni eziseNdwedwe naseVerulam lapho inhlangano izinze khona kodwa wathi bayayimukela iminikelo evela kubafundi bakuzo zonke izikole ukuze kusizakale abafundi abavela emindenini entulayo.“Inyufomu sizoyiqoqa siyithunge uma kunesidingo bese siyihambisa elondolo ngaphambi kokuthi siyidlulisele kwabanye abafundi abayidingayo abavela emakhaya ahluphekayo basezikoleni ezehlukene zaseNdwedwe naseVerulam,” kusho uGumede.Uthe uhlelo lokuqoqwa kwenyufomo bazolwenza ngoLwesine noLwesihlanu, wacela abafundi ukuthi bahambise inyufomu ezikhungweni abebebhalela kuzo, erenke yamabhasi eVerulam nasesitolo sokudla iBoxer eNdwedwe.Inhlangano yabafundi iCongress of South African Students (COSAS) nayo icele abafundi ukuthi bangayoni inyufomu.UNobhala jikelele weCOSAS, uTebogo Mogafane, uthe abafundi kumele bangasheshi bagajwe yinjabulo yokuqeda ukubhala ngoba imiphumela ayikaphumi.“Umuntu ngumuntu ngabantu. Sinxusa abafundi ukuthi badlulisele inyufomu kwabanye uma bengesezukuyisebenzisa. Kuyisiko lethu njengama-Afrika ukulula isandla sisize abanye abantu abayidingayo,” kusho uMogafane.",0
988,vukuzenzele,"ukugubha ikhulu leminyaka lesibhicongo sokubulawa kwabantu i-Bulhoek Massacre enda weni yenkolo eNtabelanga eMpumalanga Kapa. Mhla zingama-24 ku Nhlaba 1921, amasosha ezokuphepha amakholoni ayehlome ngezibhamu nemishini yezikhali avulela ngenhlamvu",0
test_isizulu_00074,AfriHate,abantu bajwayelana kabi uma ungenayo imfene. ##url,0
1937,vukuzenzele,"Inqubekelaphambili isiyenziwe ekubuyiseleni ukusebenza eChwebeni laseThekwini, kwavulwa ezinye izindlela zamaloli ukuthi akwazi ukufi nyelela kwimigudu yechweba kwahlanzwa nokungcola ezibukweni lolwandle.",0
3417,vukuzenzele,"Ngenkathi izichibiyelo ezi bhekiselwe kwiMithethosivi vinywa zidingidwa, umnya ngo uzoqalisa ukusebenza okungenani amaphrojekthi amane e-NHI, okuzobanda kanya izinsizakalo zempilo ezikoleni, izinsizakalo zempi lo zalabo abakhubazeke ngo kwengqondo,",0
2787,vukuzenzele,"l Ukwenza izinhlelo zokunakekela izinto ezingaphelanga. vUma wena noma wazi umuntu odinga usizo, shayela inombolo yezimo ezi-bucayi zokuzibulala ye-SADAG esebenza ubusuku nemini ethi: 0800 567 567.",0
85,vukuzenzele,"Isikhungo Sokuphatha Izinhlekelele Kuzwelonke besididiyela zonke izinhlaka zikahulumeni ezinhlelweni zazo zokuhlinzeka ngosizo kubantu emakhaya amaningi akhahlamezeka. Kuye kwathokozisa ukubona izinhlangano ezingekho ngaphansi kukahulumeni, amabhizinisi",0
113,vukuzenzele,"Loku kukhumbula iminya ka engajabulisi kwenzeka enyangeni efanayo naleyo esibungaza ngayo iminyaka engama-25 yokwamukelwa koMthethosisekelo wenta ndo yabantu omusha yiSi gungu soMthethosisekelo, okwaba ukuzalwa kwesizwe esibumbene ngempela.",0
train_isizulu_01199,AfriHate,@username akudlalwa la amasende ahlala phansi endondeni 😆😆🤦🏿,0
2326,vukuzenzele,"Abantu abane-DS banemizwa kanye nezidingo ezifanayo njengabanye abantu futhi badinga amathuba kanye nokunakekelwa okufanayo, kusho uMaluleka.",0
1633,vukuzenzele,"ezinyangeni eziyisithupha.Iminyango ezoqalisa imisebenzi kanye nabanye ababambiqhaza bahlolisiswa ukuthi bazokwazi yini ukuqalisa le misebenzi.Kuzozonke izinhlelo ezingaphansi komzamo wokusungula imisebenzi, amathuba emisebenzi azo khangiswa futhi nokuqa",0
test_isizulu_00009,AfriHate,@username uyinja kodwa malume ay🙌🏽🙌🏽🙌🏽👌🏽👌🏽👌🏽,0
train_isizulu_02321,AfriHate,mhhh kungagijima imfene emini egcekeni ngphethe wena🤞🔥🔥🔥😂🤣😂🤣 ##url,0
2888,vukuzenzele,Kusuka kwimisebenzi ye zolimo kuya ekwakhiweni kwemikhiqizo ethile kuya kwezamandla avuselelekayo.,0
104,vukuzenzele,"Ngesikhathi ‘iriphabhuli khi’ ingachazwa njengo mbuso lapho amandla ama khulu ephethwe ngabantu kanye nalabo ababamele abakhethiwe, kwakunge njalo eNingizimu Afrika.",0
dev_isizulu_00346,AfriHate,aniyekeni ukudlwengula iyanyanyisa lento eniyenzayo madoda bakhona omahosha hamba uyothenga,0
259, usezile ucansi iminyaka eyisithupha ,"KUYISITAYELA kwabanye ukuzithathela isinqumo sokungayi ocansini, iningi labo okungabesifazane abathi abazihlanganisi nendoda. Yize lokhu kujwayeleke kwabakholwayo, ukungayi ocansini okubizwa nge-celibacy ngomunye umkhuba osujoyinwe ngisho abangasindisiwe. Umuntu ozibophezela kulo mkhuba ubizwa nge-celibate ngoba usuke ezinqumele ukuthi ngeke aye ocansini.UNksz Amanda Ndiki obizwa ngeQueen of Celibacy njengoba eseneminyaka eyisithupha engayi ocansini, uthe akaluhaleli nhlobo ucansi noma indoda.UNksz Ndiki (38) obuye abe ngumvangeli, uthe ukuba yi-celibate akuhlangene kuphela nenkolo kodwa yisinqumo somuntu. Encwadini yakhe ethi Stepping Into Your True Self, uyachaza ngalesi sinqumo sakhe.Uthe isikhathi esiningi umuntu usuke efuna ukuzithola ukuthi yini emjabulisayo, azinike isikhathi ngokuzazi kabanzi. Yize abanye bethi lo mkhuba ngowabesifazane, uthe bakhona nabesilisa abazinqumela ukuba ngama-celibate.“Kwesinye isikhathi senza izinto ngoba nakhu abanye bezenza njengakho ukuya ocansini. Ngokwabantu uma ujola kumele uye ocansini kanti akumele kube njalo. Uma uzikhethela ukungayi ocansini usuke ufuna ukukhombisa ukuthi awulawulwa yimizwa yakho. Abanye baya ocansini ngisho bengathandi kodwa ngoba kumele kwenzeke,” echaza.Uveze ukuthi ukuzithathela isinqumo sokungayi ocansini usuke ugwema ukugcina ulala nabantu abaningi ngoba kuyenzeka ubudlelwano buphele, udlulele phambili. Uthe ukulala nomuntu kwenza unamathele kuye ngokomoya, yingakho abanye bekhetha ukungayi nhlobo ocansini.Ezinye izizathu athe zenza abanye bathathe lesi sinqumo, ukuthi basuke befuna ukuphola uma kungahambanga kahle ebudlelwaneni bezothando.UNksz Ndiki ucacise ngokuthi kwehlukene ukuzithiba ocansini okubizwa nge-abstinence nesinqumo sokuba yi-celibate.“Ungakwazi ukuzithiba ocansini kodwa usebenzise ezinye izindlela zokujabulisa imizwa yakho. Uma uyi-celibate awuzijabulisi ngalutho kodwa ugwema konke okuhambisana nocansi. Uma uzithiba usuke uzibekele isikhathi esithize kodwa kwi-celibacy kuyenzeka uzibekele lesi sinqumo ingunaphakade,” kusho yena.UNksz Ndiki oke washada wabuye wahlukanisa, uyavuma ukuthi akulula kulesi sinqumo. Uthe uma usaqala ukusithatha kungcono ungajoli nhlobo ukuze ugweme izilingo. Yize abanye abangama-celibate bejola, yena uthe akajoli nhlobo futhi akanasizungu sendoda. Ukugwema izilingo uthe kubalulekile ukungabuki izinhlelo zethelevishini ezizovusa imizwa.Owesifazane ocele ukungadalulwa, uthe wathatha lesi sinqumo eminyakeni emine edlule emuva kokuphoxeka emshadweni. Uthe wayevele ezinqumele ukuthi uyolala nomuntu ayoshada naye kuphela . Kuthe uma behlukana naye wazinqumela ukuthi ngeke aphinde aye ocansini nenye indoda.UNksz Zola Dudeni oyiPscychologist uthe ezinye izizathu ezidala abantu bathathe lesi sinqumo kubalwa ukudlwengulwa, ukulinda umshado nokuhlukumezeka ebudlelwaneni. Uthe abanye basuke bengaluthandi ngokwemvelo ucansi, athe babizwa ngama-asexuals.",0
train_isizulu_01041,AfriHate,"""@username : jola, bhebha usule umlomo uthule.. masek'fiki skhath sokuth udlule, dlula ! umelen ? ngazo khoza itraffic in my life !""",0
2384,vukuzenzele,Ithimba Lomsebenzi Wezo kwelashwa libekwe esi bhedlela i-Chris Hani Bara-gwanath Academic Hospital eGoli.,0
2910,vukuzenzele,"UMongameli u-Ramaphosa uthe cishe yonke imikhawulo yemisebenzi yezomnotho nezenhlalakahle isivele ixegisiwe, lokhu kuyabongeka kakhulu ngenxa yohlelo lokukhishwa ngempumelelo komgomo.",0
1004,vukuzenzele,eliphezulu. Ngalokhu kubika kwabo sebezuze ukwethe njwa ngabantu.,0
3245,vukuzenzele,"oqhubekayo wokuqwashisa ngokuvikela, ukusatshalaliswa kanye nezimpawu zokutheleleka. Ngigqugquzela bonke abantu baseNingizimu Afrika ukuzihlomulisa bona ngolwazi olufanele lokuzivikela. Lezi zinhlelo ziyafana nalezo zakwamanye amazwe, futhi kubalulekile",0
train_isizulu_01548,AfriHate,@username wish bengikhona e #mcabangohighschool langafunda khona sbonge nyoni emaphikophiko ngokuzovakashela lezinganezinhle nezizimiselayo #ukhozicares #trendangemfundoyakho #imfundoiyadlisa @username luhamba phambili emadlankala nrb 93.4 mhz  @username ,0
test_isizulu_00660,AfriHate,ubrooke ngu febelina wakudala,0
511, udinga umhlengi ozoya phesheya ,"ANGASE aphuthwe yithuba lokuyofunda phesheya umfundi waseMobeni, eThekwini, okumele azigcwalisele imali yokuyofundela ezobuchwepheshe.UMhlengi Radebe (19) obefunda u-matric eGlenwood High, wamukelwe ukuthi ayokwenza izifundo zoLwazi Buchwepheshe eWilliam Penn University, e-United States of America (USA). Ukuthola ithuba lokuyofunda kuhambisana nokuthi uke wamenywa e-USA ukuyomela abafundi.UMhlengi, obekuvele kuyiphupho lakhe ukwenza izifundo zobuchwepheshe, uthe ngonyaka odlule waphasa ngo-A ababili.“Okwenze ngifake isicelo sokuyofunda phesheya wukuthi ziningi izinsiza zokufunda ezisezingeni eliphezulu. Ngifisa ukuthi uma sengiqedile ukufunda khona, ngibuye ngizothuthukisa abanye abafundi ngolwazi lwezobuchwepheshe,” kusho uMhlengi.Isicelo sakhe saphendulwa ngoJuni. Watshelwa ukuthi yize ezozikhokhelwa ezinye izindleko, kumele azikhokhele ezinye izifundo. Lokho kuchaza ukuthi udinga uR300 000 ukuze kufezeke iphupho lakhe. Bekumele ngabe uqale ukufunda ngo-Agasti kodwa wangaphumelela ngoba imali ayikahlangani. Uphinde wabhalela inyuvesi yamzwela, manje sekumele aqale ngoJanuwari.“Sengizamile ukubhalela osomabhizinisi ngicela uxhaso kodwa abekho abathembisayo. Ekhaya ngihlala nomama, ugogo nomkhulu nabo abangenawo amandla okuhlanganisa imali,” kusho uMhlengi.Echaza ngokuya kwakhe phesheya phambilini, uthe wakhethwa uthisha wakhe esafunda uGrade 9. Kwakufuneka abafundi abazokwethamela ingqungquthela yezobuholi ngo-2015 eWashington DC.",0
train_isizulu_02891,AfriHate,"no turning back ""@username : bhebha uthule “@username : amanye amantombazane awumbhedo masenqunu.”""",0
1649,vukuzenzele,"zokusebenza nabantu ababuthaka-thaka. UMthetho-sivivinywauphinde uhlinzekele ukuthi amagama abantu aku-NRSO umphakathi uyakwazi ukuwathola. Isichibiyelo soMthetho-sivivinywa Wamacala Obugebengu kanye Nahambisana nawo sizoqinisa, phakathi kokunye,",0
530, ufuna ukuya phesheya owasinda bemusaha ,"AKEKHO owayecabanga ukuthi uyosheshe alulame umgijimi owasinda bezama ukumnquma imilenze ngesaha ngoMashi nonyaka, okumanje usengenele imijaho eminingi wawina neminye.Udaba lukaMhlengi Gwala (26) waseMayville lwaduma umhlaba wonke emuva kwesigameko esenzeka ngoMashi 6, ehlaselwa amadoda amathathu ehamba ngebhayisikili ngaseGlenwood eThekwini. Kwavulwa ngisho isikhwama somnikelo esafinyelela kuR100 000 emuva kwesonto sivuliwe. Lo mgijimi ophinde angenele nemincintiswano yamabhayisikili, utshele Isolezwe ukuthi okumenze washesha ukululama wukukhohlwa yilesi sigameko. Ngesikhathi engena esibhedlela odokotela bathi kusazothatha isikhathi ukuthi abuyele kwezemidlalo, wamangaza abaningi ephuma esezihambela esibhedlela ngo-Ephreli.“Bekungeke kungisize ukuzikhathaza ngokuthi ngobani ababezama ukungikhubaza futhi bekuzokwenza ngingasheshi ukululama. Njengoba bengakaboshwa, sengavele ngakhetha ukugxila emsebenzini wami,” kusho uGwala.UGwala ophinde abe ngumtakuli wasemabhishi kuMasipala weTheku, uthe waqala ngoJuni ukubhukuda njengendlela yokuzilolonga. Umjaho wokuqala wamabhayisikili uwungenele ngo-Agasti oyingxenye yokukhumbula uMnuz Nelson Mandela. Waqala ukugijima ngo-Okthoba emjahweni we-5150 African Triathlon eGoli.“Ngaqala ngokungenela owamabhayisikili ngoba bekungakalulameki kahle ukugijima. Ngenze kahle kulo mjaho ngoba ngaphuma isikhombisa kubantu abangaphezu kuka-100. Emkhakheni wontanga yami obizwa ngo-25-29 ngaphuma phambili,” kusho yena.UGwala uphinde wenza umjaho we-031 eSuncoast noweFNB lapho egijime khona u10km. Ngenyanga edlule ubekomunye umjaho eHowick kanti ngoMgqibelo uzongenela owamabhayisikili wakwaMr Price wokuqokelela uR1 million kubafundi abaswele. NgoDisemba uzongenela i25 Pier Challenge eNorth Beach. Uthe ngonyaka ozayo ufuna ukugxila emijahweni yokugijima ngoba uzobe eseluleme ngokuphelele. Wabuyela ngoSepthemba emsebenzini wakwaMasipala wahlonishwa nangendondo ye-Achievement Against All Odds emcimbini owenziwe uhulumeni wesifundazwe. Njengoba abaningi bejwayele ukubhala incwadi emuva kwezigameko ezibavelele, uGwala uthe akakucabangi lokho. Uthe usafuna ukugxila emsebezini wakhe ukuze angenele imijaho yakwamanye amazwe.“Mhlawumbe ngelinye ilanga ngiyoyibhala incwadi. Bakhona abebecela ukubhala incwadi ngami kodwa ngabamisa ngoba kuzongiphazamisa.”Udaba lwakhe lusaqhubeka nokuxoxwa emazweni njengoba esanda kuvakashelwa yiBBC neCNN okuyimithombo yezindaba esakazela umhlaba wonke. Ngenyanga edlule ubeyombesa ingoduso yakhe uNksz Hle Mokoena, wathi zizowushaya maduze.",0
96,vukuzenzele,iqhubeka ngokugcwele futhi imisebenzi yokulungisa ingqalasizinda yojatshi iyaqhubeka.,0
953,vukuzenzele,Inombolo Yezimo Eziphuthumayo ze-SAPS: 10111 Isikhungo Esilawula i-GBV: 0800 428 428 noma uchofe *120*7867# kunoma yimuphi umakhalekhukhwini. Abantu abaphila nokukhubazeka: THUMELA u-‘help’ ku 31531 Inombolo Yosizo Ngokuhlukunyezwa kwabantu Besifazane:,0
train_isizulu_02644,AfriHate,ubani leso slima? 🙄 ##url,0
3019,vukuzenzele,Imisebenzi yomnotho enobungozi obuphezulu ayivumelekileImisebenzi enobungozi obuphezulu izoqhubeka nokungavumeleki. Le mi sebenzi ibandakanya:,0
train_isizulu_00023,AfriHate,"jizasi omlu kodwa 😓""@username : bhebha oku bhebhekayo""",0
train_isizulu_02005,AfriHate,kunekhehla lomlungu eselimane langicifela ihlo la ehotel guys… angazi ngenzenjani..  abelungu bayawuhambisa umbondo?? 🥰🥰🥰,0
train_isizulu_01488,AfriHate,ngino 5 years ngidla imomozi kodwa i have no idea what a labia is.,0
dev_isizulu_00268,AfriHate,@username say that again..ngath unkulunkulu ubhekela abo ngamla according to my perception,0
796,vukuzenzele,"Ngosuku lokuqala lonyaka kowezi-2022, isizwe sabuthana ndawonye ngomoyawokuzovalelisa owayenguMbhishobhi omkhuluu-Desmond Tutu esontweni i-St George’s Cathedral eKapa.",0
train_isizulu_02295,AfriHate,"""wazi ngani? @username : uqoqa imomozi cela umvumele ""@username : waze wamuhle ughel kodwa ubhema isnemfu 😥""""",0
train_isizulu_00383,AfriHate,"""int' oyaziyo ukulengisa amasende nje."" ##url",0
2540,vukuzenzele,owasinda nowatakulwa i-TVEP kowayeyisoka lakhe elalimhlukumeza. Uchithe izinyanga ezingama-46 kanye nendodakazi enemi nyaka emine esikhungweni. Isikhungo samusiza ukuthi avulele owayeyisoka lakhe icala kanye nokufaka isicelo somyalelo wokuvikeleka. Isoka,0
324, umholi we ifp ukhala nge anc ,"UMENGAMELI we-IFP Inkosi Mangosuthu Buthelezi uxwayisa ngokuthi uma udaba lomhlaba wamakhosi lungaxazululwa luzodala ukuthi kubheduke udlame bese kuchitheka igazi.Ekhuluma izolo emhlanganweni wezinsuku ezine lapho kubhungwa khona ngodaba lomhlaba wamakhosi eMayville, eThekwini, uButhelezi uthe kumanje abantu baqalile ukuzithathela umhlaba ngendlela engekho emthethweni ngemuva kwekhwelo le-EFF.“Abantu sebeqalile ukuzithathela umhlaba, ngakolunye uhlangothi uMnuz Cyril Ramaphosa umile ekutheni ukuthathwa komhlaba ngendlela engekho emthethweni ngeke kubekezelelwe ngoba kuphambene nomthetho. Lokhu okwenzekayo kuzodala ukuthi kube nokungqubuzana,” kusho uButhelezi.Uthe kumanje alukho uhlelo olucacile lokuthi uhulumeni uzoyilungisa kanjani indaba yomhlaba wathi lokhu kudala ukudideka kubantu.‘’Njengamakhosi okuyithi esibheke umhlaba sifuna ukwazi ukuthi udaba lomhlaba lulungiswa kanjani,” kusho uButhelezi.Uthe uhulumeni we-ANC kade aqala ukugquza amakhosi wathi lokhu ekwenzayo manje le nhlangano kuwukushayelela isipikili sokugcina ukuqeda ngamakhosi.“Ngesikhathi kunengqungquthela ye-ANC yomhlaba ngenyanga edlule lowo owayenguNobhala-jikelele kaKhongolose futhi owake waba nguMengameli wezwe uMnuz Kgalema Motlanthe wakhuluma kabi ngamakhosi waze wawabiza ngondlovukayiphendulwa ezizweni zawo, akekho noyedwa umholi we-ANC oke wamkhuza uMotlanthe, kuyacaca ukuthi lo mholi we-ANC ubeveza umbono wale nhlangano ngamakhosi,” kusho uButhelezi.UButhelezi unxuse amakhosi ukuthi ayibheke kahle indaba yokuvotela i-ANC ngoba sekucacile ukuthi ayiyingeni indaba yawo.Uthe umhlaba kumele uvikelwe njengoba kwenza okhokho babo belwa nabamhlophe ngesikhathi beqola umhlaba.IPhini likaNgqongqoshe wezaBasebenzi, Inkosi Phathekile Holomisa, lithe umhlaba ngowamakhosi lathi kumele awuvikele kunoma ngubani ofuna ukuwaphuca.“Uma kufika umuntu ezothatha umhlaba amadoda endawo kumele asukume alwe, amaphoyisa kumele afike sekukhona okwenzekile,” kusho uHolomisa.USihlalo weNgonyama Trust, iJaji Jerome Ngwenya ukhulume kabanzi ngodaba lwamatayitela wathi abantu bafunzwa imfundisoze ngawo ukuze babone kunesidingo sokuthi amakhosi aphucwe umhlaba.“Abantu batshelwa ukuthi izindawo zamakhosi azinamatayitela lokho okusho ukuthi akuzona izindawo zabo lezi abahlezi kuzona okuyinto engesilo iqiniso,” kusho uNgwenya.Uthe imfundiso yaseNtshonalanga efakwe kubantu kuthiwe amatayitela abalulekile wathi ingakho abantu kuthiwa ababambise ngezindlu zabo uma beboleka imali emabhange.",0
1978,vukuzenzele,Umphakathi wokholo usubonise ukuqhamuka namasu amasha nezindlela ezintsha zokukhonza esikhathini lapho kwakukhona ukunga baza ngalolu sizi lobhubhane.,0
dev_isizulu_00151,AfriHate,"ave niy'nyoni..ikhekhe meselila, uyazirecorder lezinye izinto..kanti ipvr eyan?? niyangiphoxa bafana.😞 @username ",0
train_isizulu_00789,AfriHate,@username ukhuluma nama follower akho abelungu?,0
1545,vukuzenzele,"sibuyele lapho kade sikhona ngaphambi kokuqubuka kwegciwane. Kumele sakhe isisekelo somnotho owehlukile, phakathi kwezinye zezinto, ozothuthukisa isimo sabesifazane. Lokhu kusho ukuthi utshalomali lwethu kwingqalasizinda akumele lweseke kuphela",0
447,vukuzenzele,Sebenzisa amanzi owasebenzise ukuhlambulula izithelo nemifino uma unisela izitshalo.,0
test_isizulu_00270,AfriHate,qoma ntombi ngafa yintlamba kanyoko!!kwakuhle ezweni sesihamba madoda ##url,0
2046,vukuzenzele,"bada-la ngokwanele, bakwazi ukulandela izibophezelo, babe sebudlelwaneni obu-mileyo nomuntu oyedwa kanye nokuthi basebenze, kuyiyonanto elungile uku-yenza.Uma ukhetha ukungazibandakanyi noma uku-zibambezela kwezocansi, zikhona ezinye izinto ongazenza",0
train_isizulu_00336,AfriHate,music video wena sdomu… akekho umzulu oshada ngo lwes’thathu ##url,0
456,vukuzenzele,UMasipala weTheku usa nda kweseka le nhlangano ngokunikela ngamabhodi okuhuhuluza emagagasini ayi-10.,0
1670,vukuzenzele,"Yize zonke lezi zimo zingaphezu kwamandla ethu, uhulumeni wenza lokho angakwazi ukukwenza ukuvikela abantu baseNingizimu Afrika kumanani akhuphukayo amanje nangesikhathi esizayo.",0
1769,vukuzenzele,"Uthe ukwaziswa kwesi hlalo seziNdlovukazi eNi ngizimu Afrika kukho mbisa ukuzibopheze la emgomweni nokwa ziswa kokuphathwa ngokulingana kobulili bonke, ngale nkathi kube kwaziswa nendima yobu holi edlalwa ngabesifazane kuzo zonke izingxenye ze mpilo.",0
dev_isizulu_00652,AfriHate,"@username ushubo ke dad'wethu, awuze nengoma lapho ungengenz'slima",0
train_isizulu_01069,AfriHate,@username noma yini ngamla😂😂😂😂 ##url,0
dev_isizulu_00566,AfriHate,@username ‘libomvu ibhunu’🙌🏽🙌🏽 uma sekukhulume umdlovu omuhle ngaphandle nangaphakathi noma isingavalwa letweet🤍,0
test_isizulu_00550,AfriHate,gatsheni was talking about testicles. ..athi amasende ayenzeni? ??👂👂👂😂😂 #isibaya,0
2642,vukuzenzele,lenkohlakalo lezi zinswelaboya ezizama uku yifihla.,0
train_isizulu_01423,AfriHate,bathi ngiyachoma! @username bakhulama nge beef abakwazi nokuhlinza inkomo @username killer track,0
