id,source,text,MGT
train_isizulu_01981,AfriHate,nali i-oledi lingifaka enganeni😮liy'biza ngomakoti walay'khaya nokuy'slima kuya-blush-a phela 😂 kuzodleka umakubhayiza.,0
train_isizulu_02287,AfriHate,"""uyawathanda amasende akho? - celia"" best line i've heard on television yet. @username ##url",0
1094,vukuzenzele,"Lokhu kulahleka kwempilo kuyadabukisa, njengoba kungukubulawa komuntu wase-Afrika ophuma e-Zimbabwe ezandleni zezingqapheli ezizibeke zona. Ubugebengu buyinkinga enkulu kuleli lizwe.",0
2735,vukuzenzele,"kwimiphumela emibi,” kusho yena.Ukubhekana nobubhoklolo obenziwa nge-inthanethi, ithimba le-CSIR lisebenza ngohlelo olukwaziyo ukubona ububhoklolo ezinkundleni zokuxhumana.“Lolu hlelo luzovele luzi bonele ububhoklolo obenziwa nge-inthanethi ezinkundleni",0
329, kubhuntshe umngcwabo kushaqwa isidumbu ,"BUCHITHEKE bugayiwe kubhuntsha umngcwabo eMpophomeni, ngaseHowick, ngempelasonto umndeni ungena ushaqa ibhokisi likamufi ngesikhathi kunenkonzo yomlindelo.Umndeni kaMnuz Bhekisisa Msane (62) waseShowe obehlala ekhweni kankosikazi omncane eMpophomeni ufike washaqa ibhokisi nesidumbu ngoMgqibelo ebusuku kulandela ukungaboni ngaso linye nomndeni kaNksz Sandile Ndlovu abehlala naye. UMsane bekumele afihlwe ngeSonto kodwa kugcine kungenzekanga abakubo sebelande isidumbu ekhweni.Omunye obekhona kwenzeka lokhu kodwa ongathandanga ukudalulwa uveze ukuthi uMsane unamakhosikazi amabili aziwa umndeni bese kuba khona noNksz Ndlovu owabhala ngasese naye umndeni ungazi.“Ubehlala ekhweni. Kuthe esegula bamphindisela emakhosikazini akhe. Bekuthi uma esesindile bamlande ngoba kudliwa imali yakhe yempesheni nekhadi lokuhola belihlala kumkhwekazi wakhe. Intombi kuyaziwa ngisho endaweni ukuthi bese ikipitile namanje ushone uMsane ingekho izwe ngoba isishayelwa ucingo,” kusho umthombo.NgoMgqibelo ebusuku ngesikhathi kunomlindelo kuthiwa umndeni kamufi awuzange ukhulume lutho ungene waqonda ebhokisini kugcwele amakholwa ecula.“Ngibone sekushaywana, abebepheka baphuma nokudla kwathelwana ngakho. Amakholwa asale ecula, bathatha ibhokisi bahamba nalo kodwa nakhona bebelandelwa amatshe ngemuva. Abanye bahambe belimele nami ngithole imihuzuko,” kusho umthombo.UNkk Ntombi Msane oyilungu lomndeni kamufi uthe baphoqwe yisimo ngoba bebebona ukuthi uMsane uzongcwatshwa ezintabeni.“Ukuba ubenomuzi besizovuma amngcwabe. Sinqaba ngoba unamakhosikazi amabili asemthethweni futhi nekhaya elikhulu likhona lapho engangcwatshwa khona. Siqale emaphoyiseni eMpophomeni, sadlulela enduneni nasekhanseleni sayobika. Silufakile enkantolo udaba sayobika naseMnyangweni wezaseKhaya kwathiwa awukho emthethweni umshado wabo kodwa kuzothatha izinyanga ezimbili ukuthi usulwe. Sibone kukude kakhulu sayolanda isidumbu yize bebesithuka besishaya,” kusho uNkk Msane.Ethintwa uNksz Ndlovu uthe uMsane wamshada engasathandani namakhosikazi akhe.“Wagula wangena esibhedlela abantu bakubo bengamsizi waze wacela ukuthi sithuthe siyohlala ekhaya alungise nempesheni. Kuyiphutha ukuthi bengikipitile, ngiyasebenza ePinetown. Sebenzela ukudicilela igama lami phansi. Kuyimanje umzimba ubuhlungu ngitubekile ngoba kwase kuliwa. Noma bengimthanda umyeni wami kodwa sesithathe isinqumo sokubayeka nesidumbu. Sengigqoke inzilo yize ngingamngcwabanga umyeni wami,” kusho uNksz Ndlovu ekhihla isililo.",0
1263,vukuzenzele,"Ukwakha ukuzethembaKubalulekile ukuthi usize ukwakha ukuzethemba kwe ngane yakho. Ungasiza izi ngane zakho ngokuzincoma ngokuzama ukusiza kanye nangokusebenzisa lokho ezikucabangayo, ubuhlakani kanye nokudlala kwazo; zigqugquzele ukuthi zikhu lume; zenze",0
865,vukuzenzele,Abantu abasha abangama-25 baKwaZulu-Natali sebethole ukuqeqeshwa baphide baqashwa ngenxa yokuvulwa kwemboni entsha yeMahindra.,0
3024,vukuzenzele,"nokungavunyelwa kulesi sigaba sokuqapha sesithathu, ngenxa yobu ngozi bempilo yabantu obuhambisana nokubhema.“Yonke imibuthano yomphakathi ayivunyelwe, ngaphandle kwemingcwabo enabantu abangadluli kuma-50 noma imihlangano ezindaweni zokusebenza ngezinhloso",0
dev_isizulu_00413,AfriHate,namhlanje kwizwelenala fm ngizophawula ngodaba olubhalwe ngami kwisolezwe langesonto oluthinta ubutabane.20:00 -22:00@username #kingsomnala ##url,0
2946,vukuzenzele,"Ngaso sonke isikhathi uma sicabanga nanoma isiphi isenzo esingabalulekile, kumele sibuze ukuthi: ibu phi ubungozi bokusuleleka kuthina nakwabanye? Lapho kukhona khona ubungozi, noma ngabe buncane kanga kanani, kungcono ninga kwenzi.",0
2598,vukuzenzele,"Ngalezi zingenelelo sikwa zile ukunciphisa umthelela omubi kakhulu walolu bhubhane, ukunqanda ukuvalwa kwamabhizinisi amaningi kanye nokulahleka kweminye imise benzi. Zihlinzeke ngesisekelo esiqinile oHlelweni Lokwakha Kabusha kanye Nokuvuselelwa Komnotho",0
940,vukuzenzele,nochaza ukuthi ‘Ngiyakubona ukukhanya’. Isisulu se-GBV singafaka isicelo sosizo kwi-NPA ukuze sitholeukusizakala. Umshushisiomkhulu womphakathi noma umphathi wenkantolo uzoqoka isikhulu senkantolo ukuze si-kusize. “Lo msebenzi awuthembisi imiphumela ethile,0
233,vukuzenzele,"Ubhekana Kanjani Nalesi Simo Uchaze wathi ixhala ngukwe saba noma ukukhathazeka ngento okungaziwa umphu mela wayo. Ukusiza abafundi ukuthi babhekane nalesi simo, unikeze iseluleko esilande layo: Kuqonde ukuthi kujwayelekile ukuzizwa unexhala noma wesaba.",0
train_isizulu_01070,AfriHate,"@username yaz umuntu wacishe waduba ikhaya ngokhothipani abadakiwe nje, ey ngoba imomozi!! 😩😩😂😂",0
train_isizulu_00707,AfriHate,ngiya mathanda ama secrets - ngamla #generations,0
391,vukuzenzele,I-CACH ayikwazi ukuqinisekisa umfakisicelo ukuthi uzosithola isikhala.,0
2823,vukuzenzele,"naye. Qaphela uma usebenzisa izinkundla zokuxhumana, ikakhulukazi uma umuntu ongamazi efuna ukukunika usizo, ukukunika imali, indawo yokuhlala noma ithuba lomsebenzi ephe ndula kulokho wena ozobe ukubhalile enkundleni yokuxhumana.Uma uyohlangana nomuntu",0
train_isizulu_01228,AfriHate,@username mamkhize kuyacaca ukuthi lento yamapulazi uhulumeni akayithathi ngikujulile uma kuhlukumezeka abantu bakithi uqala ukusukuma uma kuhlukumezeka abelungu,0
712, imibono simanzonzo isimo ngokuwa kwenkampani eyenza ijuba ,"MHLELI: Ngicela Isolezwe ke lilandelele liphenye kabanzi ngenkampani endala kunazo zonke la kwelakithi likaMthaniya, ephisa utshwala besizulu namahewu, okuthiwa idilize inqwaba yabasebenzi ngenxa yokwehla kwezinga lokuthengwa komkhiqizo wayo, iJuba.Isimo sibi futhi simazonzo kuleya nkampani kangangokuthi sekuze kwavalwa nendawo yayo endala ekhiqiza lona iJuba namahewu aziwa ngokuthi uKhozi.Le nkampani izinze eKhangela, ingumakhelwane nesibhedlela esikhulu eThekwini iKing Edward. Kuyangidabukisa mina njengomuntu owake wasebenza khona esikhathini esiphambili ukubona le nkampani iwa sibhekile ngenxa nje yobudedengu beziphathimandla eziyiphethe.Ngiyethemba ukuthi Isolezwe lizokwazi ukulululandela lolu daba lwale nkampani, likwazi nokuthola umnyombo wokuthi kahlehle kwenzakani kuleya nkampani, ukuze amaqiniso ahlale obala.Ngicela ukuligodla igama lami Mhleli, ngenxa yokusaba ngokuphepha kwami.Okhathazekile",0
3231,vukuzenzele,"lokubhekana nenhlekelele oluhambisana nobukhulu betwetwe kubantu bakithi, umphakathi wakithi kanye nasemnothweni wethu. Lokhu kuzokwenza ukuba sibe nendlela ehlanganisiwe yokulawula inhlekelele nokubeka endaweni izinhlelo eziphuthumayo, ezisheshayo",0
2016,vukuzenzele,"zaseNin-gizimu Afrika zisikhombisa indlela. Ngokuhle ekubeni isibonelo, basikhumbuza uku-thi kuchazani ukuzibophezela kuthina kanye nakwabanye. Leli zwe selaziwa ngezinto ezimbi zodwa. Baningi abantu abaphangalele, kusenjalo ziningi nezingane",0
1242,vukuzenzele,"Ipulazi likaSuduka elinga mahektha ayisithupha lezi-tshalo likhiqiza ummbila, amazambane, uphizi nobh ontshisi. Ummbila utshalwe kumahektha amane, amaza-mbane kwelilodwa bese uphizi nobhontshisi utshalwe kwi hektha lokugcina. USuduka usefunde lukhulu",0
1048,vukuzenzele,"gciwane, sidinga ukucophelela kakhulu ekulandeleni izinyathelo zoku-phepha futhi siqinise izinyathelo ezikhona ukuze sehlisa izinga lokuthelelana ngegciwane.Izimiso ezibekiwe mayelana nokufakwa kwezimfonyo zizo-qiniswa. Abaqashi, abaninizitolo nabaphathi,",0
2641,vukuzenzele,"Njengabantu baseNingi zimu Afrika, sifuna uku-thumela umyalezo oqinile wokuthi ngeke neze sisatshiswe. Labo abayimbangela yokubulawa kofakazi kanye nezingede bazobo-shwa futhi babhekane nengalo yomthetho, njenga bo bonke labo abazotholwa benecala",0
870,vukuzenzele,Wathi amathuba okuqala okuqashwa azoqhamuka kule nkampani azoba ne-sandla ekwandiseni isibalo sabantu abanamakhono esifundazweni.,0
test_isizulu_00028,AfriHate,@username might ngamla sibusiso ndlomo,0
1118,vukuzenzele,"U-Potgieter ululeke aba thengi ukuba baqale uku thenga izinto zikaKhisimusi kusenesikhathi futhi baqikelele ukuthi bathenga ukudla okwanele futhi bathenge izi nhlobo zokudla ezizohlala isikhathi eside, ukuze banga sebenzisi imali ngendlela engafanele",0
1236,vukuzenzele,"USuduka uthi amavawusha akhe azomsiza ukukhulisa umkhiqizo wakhe wamaqa-nda ebhizinisini lakhe. “Ngithole amavawusha amathathu ayisamba esiyizi-R19 000. Ivawusha yezi-R12 000 yokuthenga izinkukhu zamaqanda eziyi-100, ivawusha yezi-R6 500 yokuthenga ukudla",0
259,vukuzenzele,Lo mhlaba ubiza isamba semali esingaphezulu kwe zigidi ezingama-25.5 zama randi kodwa unikezelwe kulaba balimi mahhala.,0
dev_isizulu_00095,AfriHate,iyo lala ibonene ukthi inkawu izokwehlaphi sibhekile sivimbe ngezansi khani ngoke ngibone,0
train_isizulu_00946,AfriHate,ave ngigcwele ngale sdudla engingasazi igama also @username ,0
2732,vukuzenzele,"abangama-25% bona bayazilimaza.“Le miphumela ibonisa ukuthi ububhoklolo obenziwa nge-inthanethi bu yinkinga enkulu kakhulu.Ukubandakanya wonke umuntu – intsha, abazali, othisha, abomthetho kanye nezinkampani zezinkundla zokuxhumana – iyona ndlela",0
574,vukuzenzele,"Ukusetshenziswa kobuchwepheshe obusha ekuhlinzekeni ngamathuba omsebenzi kwenze uhlelo lokuqasha abasebenzi lwaba lula, lwashesha futhi lwaba ngoluvuleleke kakhulu.",0
train_isizulu_01482,AfriHate,hhp feat zombo -sdudla 🔥 .eyi madoda sasishaya iget down back then ingudu siyikhame emqaleni,0
3289,vukuzenzele,"kwakulele ekuhlangabezaneni nezimo ezinzima zokuphefu-mula ngenxa ye-COVID-19. “Ngihlangabezane nokuhla-la ngikhathele, ukukhwehlela kanye nokucinana kwesifuba, nokuye kwaxazululwa yisi-futho sami sesifuba somoya. Izimpawu zokugula kwami bezingebucayi",0
1832,vukuzenzele,Siyazihlonipha futhi sizihlo ma uphaphe legwalagwala njengamadoda nabantu besifazane ababonakalisa ukuthi bazimisele ukubeka impilo yabo engcupheni ukuze thina sikwazi ukuphila.,0
2143,vukuzenzele,"uguliswa yiCOVID-19 , kuba buthakathaka futhi kunamandla amancane uma kuqhathaniswa namandla omgomo okulwa nezifo.",0
dev_isizulu_00457,AfriHate,@username likhipha umahosha e fletini,0
3376,vukuzenzele,"nosuku lwe-16 kuNhlangulana luyancipha kakhulu entsheni yaseNingi-zimu Afrika. Lokhu kudlange kakhulu entsheni eyaziwa ngokuthi i-Generation Z, noma abantu abasha abazalwe phakathi kowe-1997 kuya kowezi-2015.Ucwaningo mayelana Nokuziphatha Kwabantu",0
test_isizulu_00489,AfriHate,@username umntu akalithembanga isende lakhe,0
1137,vukuzenzele,"sebebhalisile, i-DBE izo-siza abafundi asebebadala ukuthi bakhethe izifundo abafuna ukuzenza futhi iba-chazele ukuthi yiziphi oku-yimpoqo ukuthi bazenze. Mayelana nokufaneleka yilolu hlelo, abantu abayeke isikole emva konyaka wezi-2008 bathola Isitifiketi",0
287, imibono owomdabu wasendiya engimsebenzelayo uyangithuka ,"MHLELI: Ngibhala le ncwadi ngisuswa udaba oluke lwaba sematheni olwakhulunywa uMnuz Julius Malema. Impela bonke laba bantu abamkhuzayo kuyacaca ukuthi abakaze basebenze nabomdabu baseNdiya noma babasebenzele.Mina ngisebenzela owomdabu waseNdiya. Ayikho inhlobo yosizi engingaluthwele. Uyangithuka zonke izinsuku zikaThixo aze angibeke isandla ngezinye izinsuku. Ungihlukumeza sengathi angiyena umuntu ophilayo onemizwa nenhliziyo.Yingakho ngimangala nje uma kunabantu abalwa nenkulumo kaMalema kuthiwa ubhedile, abanye baze bathi kumele axolise ebe ekhuluma iqiniso lodwa futhi uqinisile uma ethi lo mkhuba udlange kakhulu le eThekwini.Kungakhulunywa nje ngeminyaka eminingi sathola inkululeko, mina nje ngingomunye wabangayazi inkululeko ngenxa yomqashi wami. Ngiyacela futhi uma kukhona ongangichushisa angisize ngale nkinga engibhekene nayo angithinte noma engabe abaKhomishini yamaLungelo aBantu.Jabu NxumaloENanda",0
1614,vukuzenzele,"umoya wethu futhi umzamo wokusungula imisebenzi uhlinzeka ngoxhasomali olusha oluzosiza ukuthi umkhakha ubuyele uzimele, kubandakanya ukweseka ukusungulwa kolwazi ngedijithali kanye nokwandisa izinkundla zokuthengiselana nge-inthanethi.Lokhu kuzovumela",0
2937,vukuzenzele,"Kuzoba njalo uma ku vakashelwa izihlobo, ikakhu lukazi abantu asebekhulile kanye nalabo abanezifo ezi ngamahlalakhona ezibenza babe buthakathaka ekwe sulelekeni. Futhi kuliqiniso uma kuthanyelwa izinkonzo noma imicimbi yamasiko.",0
21,vukuzenzele,"ezifundweni eziyisithupha nokuyizo eziyisisekelo kuzosakazwa emoyeni nsuku zonke isikhathi esingangamaviki ayi-12 ez inkundleni zokusakaza i-SABC, i-DSTV kanye nakuOpenview (kwiShaneli 122) , kusuka ngehora lesi-8 kuya kwihora lesi-10 ekuseni kuphinde",0
393,vukuzenzele,I-CACH isiza abafakisicelo abangenasiqiniseko sokuthi bafuna ukufundani noma labo abangahlangabezani nalokho okudingekayo ukuze bangene Ohlelweni i-PSET?,0
test_isizulu_00064,AfriHate,"@username into ehlekisayo ngalo mlungu, ukuthi uyakholelwa edlozini ##url",0
dev_isizulu_00215,AfriHate,@username inkomo ayibunoni utshani ##url,0
2314,vukuzenzele,IDigify Africa inohlelo lwamahhala lwe-Kitso WhatsApp olusiza abantwana ukuthuthukisa amakhono abo ezobuchwepheshe be-inthanethi. Vakashela kuhttps://digifyafrica.com/learnersresponsible-citizens.,0
train_isizulu_01869,AfriHate,@username wena hlezi ufuna imomozi 😪,0
3125,vukuzenzele,nokubhekelela izitolo nokufaka ama-oda amathu luzi okusebenza.,0
train_isizulu_01405,AfriHate,thina mazulu sikhule sazi ukuthi umuntu mayebheda uyamkhuza mayeqhubeka uyamshaya 🤷‍♂️  #jhbcbd  #jhbriots,0
test_isizulu_00124,AfriHate,udlala ngenkotha @username ungawadidi ama model c,0
2246,vukuzenzele,"ingabacasula abanye abantu. Lezi Zingane zingazithola zingasathandeki, zingene ezinkingeni futhi zi vame ukuba sengozini. “Isimo sengane ngayinye sehlukile futhi siyathuthuka, nga kho-ke kubalulekile ukuba lezi ngane zihlolwe ngokwempilo ngokugcwele futhi",0
train_isizulu_02670,AfriHate,"ikhekhe, ibuns, ingqevezi""@username : ubabyoomf ""@username : umsela, isibumbu, imomozi, isibushebushe, inkahlankahla #pussynames""""",0
3393,vukuzenzele,"eyethu.Izwe lethu libhekene nezikhathi ezinzima, kodwa sisebenza zinsuku zonke ukwe-nyusa amathemba.Siyakubona ukulokoza kwethemba lokukhula emnothweni wethu, futhi siyathemba ukuthi lokhu kuzo-holela emathubeni angcono kithi sonke. Umsebenzi wethu manje",0
152, uzakwe usolwa nguphrojusa ngamanga ,"UBHOBOKA ngezinkinga zomrepha uZakwe, uphrojusa ophinde abe nguDJ we-hip hop, uNgane Sikobi othi ucasulwa wukuthi uZakwe akalikhulumi iqiniso ngoba efuna ukudatshukelwa ngenxa yokwehla kwezinga lakhe emculweni.Lokhu kuqhamuka ngemuva kokuba Isolezwe ngeSonto libhale ngoZakwe ophumele obala ngokuthi utshwala bucishe baqeda ikusasa lakhe emculweni ngenxa yezinkinga abebhekene nazo ngenxa yokuboshwa yinkampani abekuyona.UNgane uthe kungamanga aluhlaza ukuthi uZakwe uke waba nezinkinga emculweni waze wazinikela otshwaleni abebuthola ngokuphuziswa abangani.“Inkinga kaZakwe ukuthi usegxekwa ngabantu abathi izinga lakhe lomculo selehlile njengoba ashiya iNative Rhythms ayefakwe yimina kuyona ngoba ngazana nomphathi wayo uSipho Sithole. Ngenxa yalokhu kugxekwa usefuna ukudatshukelwa kube sengathi ubehlukumezekile enkampanini kaSithole kube kungenjalo. Lezinto azishoyo ukuthi inkampani yambopha yindlela yokuzama ukungcolisa igama lami nelikaSithole okuyithina esimakhile emculweni. Ngisho ekhuluma kwabezindaba akawabali amagama ethu njengabantu abamsizile emculweni ngoba ulwa nathi,” kusho uNgane.Uthe nokuthi ubesephila ngokuphuza utshwala abebuthengelwa ngabantu kungamanga aluhlaza.“Kubangani bakhe uZakwe akekho obenemali ngaphandle kwakhe. Uyena obethengela abantu utshwala. Kukhona abanye engike ngixoxe nabo abangitshela ukuthi wabafaka nasezidakamizweni ngoba kunguyena obethenga yonke into uma enabo,” kuqhuba uNgane.Ethintwa uZakwe ushaye ungqimphothwe ngokuthi ubenenkinga yokuboshwa yinkampani abekuyona.“Engangizama ukukuchaza ukuthi ngibe nengcindezi sengiphumile enkampanini ngingazi ukuthi ikusasa lingiphatheleni emculweni. Okokuthi yimina obethengela abantu utshwala ngicabanga ukuthi naye uNgane akanalo iqiniso lalokho ngoba ubejwayele ukungifica nginezinsizwa ebesihlala nazo siphuza. Okusho ukuthi yena ubezitshela ukuthi yimina othenge utshwala,” kusho uZakwe.Uthe kungenzeka ukuthi uNgane usenesilonda sokuthi washiya enkampanini usafisa abuye.Ngezinsolo zezidakamizwa, uthe ubengazi ukuthi isimo sesibi kangaka phakathi kwakhe noNgane ukuthi angaze athi ubethengela abantu izidakamizwa, athi akulona iqiniso.Odabeni olwedlule uZakwe uveze ukuthi izinkinga enkampanini iNative Rhythms zenze waze washiya nenkampani ayisungula noNgane, iSphethu Entertainment.UNgane uthe uZakwe wayengasayinile njengomculi kwiSphethu kodwa wayengumphathi. Uthe ngesikhathi ehamba wabhala incwadi esho ukuthi uyayiyeka inkampani ngoba uyabambezeleka emculweni okuyinto engahlangene nezinkinga athi ubenazo. Isolezwe ngeSonto linayo ikhophi yale ncwadi uNgane athi yabhalwa wuZakwe.UZakwe uvumile ukuthi washiya kungekho nkinga kwiSphethu Entertainment. Manje usengaphansi kweMabala Noise engaphansi kwe-Universal Music njengoba esanda kukhipha iCebisa ngaphansi kwayo.",0
477,vukuzenzele,"I-CACH iyinsiza yezobuchwepheshe kahulumeni ephethwe nguMnyango Wezemfundo Ephakeme kanye Nokuqeqeshwa (i-DHET). Lolu hlelo lusiza labo bafundi abafuna intuba yokuthola izikhala zokungena enyuvesi, emakolishi Ezemfundo kanye Nokuqeqeshwa Kwezobuchwepheshe",0
train_isizulu_00425,AfriHate,@username angeke uphela lonyaka nginga tshelanga ibhunu elilodwa ukuthi angilisabi la emsebenzini 🤣😅,0
train_isizulu_00882,AfriHate,"my sister...  ungaphenduki ibhunu leplazi, wonke umuntu ofuna inkomo uxhumana nawe ##url",0
1483,vukuzenzele,"uMnyango weze Mpilo sewuku fakele amehlo lokhu kubheduka kwesifo se-Listeriosis, njengoba se kubikwe ukuthi bayi-119 abantu abatheleleke yilesi sifo kusukela ngomhla ka-5 kuZibandlela. Isibalo esiphelele esiqiniseki swe elabhorethri sabantu abahlaselwe",0
543,vukuzenzele,Uhlelo lokweseka ama bhizinisi okubhaka izi nkwa namakhekhe Uhlelo lokweseka ama bhizinisi akhanda izimo to kanye nomakhenikha (kanjalo nezitolo ezincane ezizimele ezithengisa okokukhanda izimoto kanye nosomabhizinisi abangahlelekile bezimoto) Uhlelo,0
2391,vukuzenzele,"Ithimba lihlukaniswe ngokwamaqembu omsebenzi futhi lisebenza ngokushintshana nabasebenzi basesibhedlela, kuya ngokuhambisana nesidingo kuleso sikhungo. Leli qembu okwamanje lihlinzeka ngomsebenzi wokunakekela emagunjini eziguli ayisithupha.",0
2848,vukuzenzele,yakhe yamqhubela ebhizi- nisini. Useqashe nabantu besifazane ababili bendawo abasebenza epulazini lakhe. “Okwamanje ngitshala imifino yami emhlabeni ongamahekthare amabili kodwa awanele. Abantu bafuna imifino yami ngoba angisebenzisi umanyolo ona-,0
2081,vukuzenzele,"Kithina, ukufinyelela olwa zini ngokushesha kusho ukuthi imiphakathi ayihlezi ithukuthele futhi ingenalwazi ngenqubo yesabelomali, kusho yena, engeza ukuthi abantu banomuzwa ongcono mayela na nendlela okuphuthuma ngayo ukulethwa kwemibono malungana",0
1437,vukuzenzele,Lokhu kuyingqophamlando ebeka obala izigigaba ezacekela phansi umbuso emlandweni wentando yethu yeningi labantu.,0
1212,vukuzenzele,"aba-swele nabahluphekile, noma bakuhambisa kubangani nase-mindenini yabo.Uma kuke kwatholakala ukuthi lezi zinsolo ziliqiniso sizobhekana nalabo bantu ngesikhulu isihluku.",0
2745,vukuzenzele,"“Kwakulukhuni kakhulu ukufuna umsebenzi ngapha ndle kwesipiliyoni. Nge nhlanhla ngenkathi ngi hlangana nabakwa-Lulaway Recruitment Agency abase -benzisana nohlelo lwe-YES, banginikeza ithuba lokuthola isipiliyoni emsebenzini.”Uhlelo lwe-YES umzamo",0
2433,vukuzenzele,"emanyuvesi. UNgqongqoshe Pandor uthe kusekuningi okudingeka kwenziwe ukuze kungagcinwa nje ngokusiza abantu abasha balungele ukusebenza, kodwa nokuba babe ngabasunguli bemisebenzi eseqophelweni.",0
2884,vukuzenzele,"Njengoba i-DDM yesekela izinhlelo zendawo ezigxile kwizidingo, amandla kanye namathuba ezindaweni ezithile, abaholi bendabuko sebeqalise indlela yabo yo kubhekana nokuthuthuka komnotho wasekhaya.",0
2984,vukuzenzele,"Sinxusa imiphakathi ukuba isebenzisane nabomthetho ukuqinisekisa ukuthi amathaveni, izindawo zokucima ukoma, izindawo zokuzijabulisa kanye nezindawo zokudayisa eziphula umthetho zibhekana nengalo yomthetho.",0
816,vukuzenzele,Le ngxenye yombiko idweba isithombe esikhathazayo kakhulu sokuthi izikhungo ezisemqoka zentando yeningi labantu zafakwa engcupheni futhi zabukelwa phansi ngenhloso yokwenza ubugebengu.,0
train_isizulu_02920,AfriHate,"@username utholukuthi nothing much, thina mazulu are very conservative freaks...worst in public.",0
3215,vukuzenzele,"ukushintshwa kwe zinye izanhlukanamgwaqo ezinkulu ukwenza ngcono ukuhamba kwezi moto. Ingxenye ethintekayo ku-N3 eminyakeni eyedlule ibibhekene nesi minyaminya sezimoto, ikakhulukazi ngezikhathi zamahora amatasatasa ngenxa yokuthi iningi lamaloli athwala",0
1243,vukuzenzele,"kuCO-VID-19, ikakhulukazi uku thi amathuluzi ahamba pha-mbili yizandla zakhe kanye nokusebenza kanzima.",0
1057,vukuzenzele,"Lokhu kube nzima kakhulu ngenxa yobhubhane, imizamo yokuvukela umbuso ngoNtu likazi ngowezi-2021, kanye nezikhukhula ezingxenyeni zaKwaZulu-Natali, eMpu malanga Kapa naseNyakatho Ntshonalanga.",0
476,vukuzenzele,"ejwayelekile. Phatha lowo muntu noma ziphathe ngobumnene, ngesineke futhi nangokuqondi-sisa, ngokuthi ukubeke emqondweni ukuthi lokhu obhekene nakho kuzogcina ngokwedlula,” kusho u-Ludziya.",0
train_isizulu_01187,AfriHate,#isitabane awumuhle neze lomkhuba akuwona neze umdlalo lona ##url,0
1725,vukuzenzele,"abamhlophe kuphela abaphumelelayo ekuthengiseni eNingizimu Afrika, nokuthi abalimi aba nsundu bahlale 'befufusa.'Ekusebenzeni lo mhlaba; ukuwusebenzisela ukukhiqiza, nakanjani bazophendula izinkemba zibe ngamageja. Bazoba yizibonelo zokubu yisana kwezwe.",0
2573,vukuzenzele,"Imisebenzi kahulumeni akuyona eyeqembu elilodwa, futhi akumele kuqashwe iqembu elithile. Akumele ibe umthetho yona uqobo.",0
test_isizulu_00607,AfriHate,ibhunu emyama..! ibhun emyama &lt;singing&gt; ##url,0
917,vukuzenzele,U-NSFAS uxhase amaphe senti angama-40 abafundi abasemanyuvesi kanye nama phesenti angama-70 abafu ndi abasemakolishi (amaTVET). vUsifaka kanjani isicelo Abafaki-zicelo kumele bavakashele ku: www.nsfas.org.za bese becindezela ku- myNSFAS . Kumele bavule,0
3493,vukuzenzele,"Uma sekuhlangene, lokhu kunwetshwa kwengqalasizi nda yechweba kuzodinga izigidigidi eziyi-100 zamara ndi kutshalomali olusha lwemi nyaka eyishumi ezayo noma ngaphezulu. Lokhu kuzoletha inguquko ephelele kwichwe ba, okuzonweba umthamo wokugcina iziqukathi",0
3505,vukuzenzele,Futhi sihamba ngesivinini sili bangise lapho siphokophelele khona .,0
train_isizulu_03037,AfriHate,@username aibo tshela loyo onuka amasende ungasfak sonke,0
2872,vukuzenzele,"Ngaso leso sikhathi, bebe dlala indima ebalulekile eku thuthukisweni kwezindawo ezisemakhaya, futhi bezini kele ekuqhubeni izinhlelo zo kuphakamisa izimo zempilo yabantu babo.",0
train_isizulu_00865,AfriHate,ayidayisi nje inkawu khona  ##url,0
train_isizulu_02566,AfriHate,@username 1. indoda ekuthandayo ayifiki ngobumnyama 🌚 phela angifihliwe 🤷🏽‍♂️ 2. ngeke ngifike ngilengise izandla &amp; just amasende indoda yangempela iphatha umngenandlini 🛍🎁 (it was late for all of that) 3. i can’t come in announced what if sengizithela kwinto ezongphula i💔 ##url,0
1140,vukuzenzele,Ukunikwa amathuba esibiliI-DBE isingatha imikhankaso yasemgwaqeni kuzwelonke ukuze ikhuthaze abantu ukuthi babhalisele uhlelo Lwethuba Lesibili. Izikhungo Zemfundo Ephakeme kanye nama-SETA ziyamenywa ukuthi zihlinzeke ngolwazi olwanele kubantu,0
train_isizulu_00881,AfriHate,hehe 😜 kufiwa macala mlungu emlungwini ##url,0
2577,vukuzenzele,"ndlini, umkhandlu olawula isikole noma isibhedlela.",0
101,vukuzenzele,Bebesebenzisana nabo bonke ababambiqhaza kuzo zonke lezi zindawo ukuqinisekisa ukuthi sibambisana ngempumelelo ezinhlelweni zokuvuselela kanye nokuthi siyahlela futhi sakhe kabusha ngendlela ekwazi ukumelana nezigameko ezinzima zalolu hlobo ngomuso.,0
3517,vukuzenzele,"UMahlatse waqala ukuvo lontiya epulazini lasendaweni elikhiqiza ophepha abaluhlaza njalo ngezimpelasonto noma kuvalwe izikole eneminyaka eyi-15, futhi ezama ukusiza umama wakhe owayengase benzi ukuthi abe nokuya ngasethunjini.",0
3007,vukuzenzele,"kwezi khungo zethu zezempilo,” kusho yena.Uhlu lwezindawo eziyizizi nda zegciwane luzobuyekezwa njalo emva kwamaviki amabili ngokuzoya ngokubhebhetheka kwegciwane.",0
33,vukuzenzele,Kungani kuqokwe uMatikuletsheni kuphela? UMatikuletsheni ungaphansi kwengcindezi yokuhlelela impilo yawo emva kokuqeda isikole. UMatikuletsheni uye wabhekana nokuphazamiseka kakhulu ekufundeni kwawo ukusuka ngoNdasa kowezi-2020 ngenxa yokuthi uhlelo,0
1826,vukuzenzele,"Lolu hlelo selube ingqayizive le lwasiza ngokubamba, uku phenya nokuboshwa kwalabo abazingela babulale obhejane; lwehlisa ukubulawa kwezilwane zasendle ngama-50%; lwaqikelela ukuthi ukuzingelwa kwezilwane kwehla nga ma-76%.",0
dev_isizulu_00058,AfriHate,@username yak’nonela ingulube 😂,0
182,vukuzenzele,Lokhu kubandakanya ukusungulwa kweSikhungo se-BRICS Sokucwaninga Nokuthuthukiswa Komgo mo sobuchwepheshe kanye neNhlanganisela yoHlelo kusebenza Oluzokhipha Izi xwayiso lwe-BRICS okuyilona oluzoqagula ukubheduka kwezifo ezithelelanayo zaku sasa.,0
test_isizulu_00541,AfriHate,@username kanjalo nje sdudla,0
train_isizulu_02201,AfriHate,@username sthokoza uzimu ngloshlanu mampara week kugijima iimbaji kphela,0
2965,vukuzenzele,"“Intsha, ematasa ngeze midlalo kanye nokunye ukuzivocavoca, ijwayele ukungaziqapheli izimpawu zokuqala zomdlavuza,” kusho u-Seegers.",0
2510,vukuzenzele,Lokhu kwenzeka emavikini okumenyezelwa kweSimo Senhlekelele Kazwelonke.,0
3492,vukuzenzele,nokuthuthukiswa kwesite shi seziqukathi zokugcina impahla esisha esisePoint Precinct .,0
1403,vukuzenzele,"“Sengineminyaka emitha thu manje ngafakelwa ka busha izicubu futhi ngiphila impilo engangingacabangi ingaphileka, ngiyabonga kulowo waseJalimani owa tshengisa isenzo sobuntu kanye nomusa ngokungini kelela.” Yiba yithemba lo munye umuntuU-Naledi Senamela",0
train_isizulu_00141,AfriHate,bekumele esalebese bhebha ##url,0
2951,vukuzenzele,"Ngokusho kweNhlangano Yomdlavuza eNingi zimu Afrika (i-CANSA), abantwana abaphakathi kwama-800 kuya kwa bayi-1 000 eNingizimu Afrika bahlonzwa ngo mdlavuza unyaka no nyaka.",0
1859,vukuzenzele,"Lezi zikhungo zitholakala eMpumalanga Kapa (46), eFreyistata (16), e-Gauteng (25), KwaZulu-Natali (56), e-Limpopo (54), eMpumalanga (27), eNyakatho Kapa (6), eNyakatho Ntshonalanga (26) kanye naseNtshonalanga Kapa (90).",0
train_isizulu_01758,AfriHate,"lol never,khohlwa njenge sdomu eskoleni ##url",0
3190,vukuzenzele,"Siqhubela phambili ngezi nguquko ezifinyelela kude ezindaweni ezifana nokuhli nzekwa ngogesi, amachweba kanye nojantshi nakwezoku xhumana ukunciphisa izindle ko zokwenza ibhizinisi.",0
2958,vukuzenzele,"ukunakekelwa uma ushona kanye nokwesekwa uma ushonelwe,” kusho u-See gers.",0
1159,vukuzenzele,Le ntuba yalesi sizinda-lwazi sewebhusayithi kulula ukuyisebenzisa futhi inikeza ulwazi lwesinyathelo nesinyathelo solwazi lokubhalisa ibhizinisi.,0
test_isizulu_00149,AfriHate,nx akuve kwiy’nyoni kodwa lokhu. 😭😭 ##url,0
test_isizulu_00174,AfriHate,ngikhalela izwe lwethu ela'thathwa amabhunu,0
1553,vukuzenzele,"ukucwasana ngokobulili kanye nokunikeza amandla abesilisa. Yiyo le ndlela yokucabanga edala ukucindezelwa kwabesifazane.Kusezandleni zethu – sonke abesilisa nabesifazane – ukugcizelela ukuthi ubugugu, isikhundla kanye nombono womuntu wesifazane awukho",0
1246,vukuzenzele,Uthe wakhula emndenini ongazange umenze azizwele ehlukile noma engathandwa ngokwanele ngenxa yokuba nebala elimhlophe.,0
1514,vukuzenzele,"olwelwesini lwesibeletho olubizwa phecelezi ngoku-thi yiendometrial lining bese kwakheka ingane. “Ekukhulelweni okunge-kho esibelethweni, iqanda elivundile lizinamatheli-sa kwezinye izingxenye zomzimba. Ezehlakalweni ezingamaphesenti anga-ma-98, lokhu",0
1587,vukuzenzele,"without Bor-ders ishicilele iNkomba Yenkululeko Yabezindaba Yomhlaba yangowezi-2021, okuyinkombandlela yesimo senkululeko yabezindaba emhlabeni jikelele.",0
2538,vukuzenzele,"lezinhlangano ezilwisana ne-GBVF, ezathola uxhasomali. Ngesamba sezigidi eziyi-R128 esaqoqwa ngeminikelo yomkhakha ozimele, uxhaso lwemikhakha eyahluka hlukene, iSikhwama se-GBVF sizosiza futhi seseke ukuqaliswa koHlelo Lweqhingakusebenza Lukazwelonke",0
3548,vukuzenzele,"kungenzeke ime ugesi uvaliwe.Isiteshi sokuphehla ugesi esaziwa nge-Matimba Power Station sitholakala endaweni yaseLephalale, eLimpopo.U-Mabotja uchaze wathi ukucishwa kukagesi ngenhloso yokuwonga kwenzeka lapho inkampani i-Eskom yehluleka ukuphehla ugesi",0
208,vukuzenzele,Uthe osomabhizinisi abasebancane kumele bazi ukuthi akukaze kwaba lula ukuqala ibhizinisi kodwa akumele badikibale ngoba bazothokozela inzuzo yalokho ekuhambeni kwesikhathi.,0
train_isizulu_02158,AfriHate,@username iphi lo mulungu,0
229, ubuchwepheshe namathuba okwakha umnotho ,"Ukufika kwe-internet kule minyaka kuyishintshe kakhulu impilo. Kwafika neselula okwenza kwaba lula ukuxhumana. Yize ukufika kweselula kwathuthukisa indlela yokuphila, ushintsho lwangempela lubonakale lapho kufika lawa abizwa ngama-smart phone okwasho ukuthi amaselula asene-internet.Lokhu kwasho ukuthi sesikwazi ukuthola nokuthumela imiqulu (documents), imali, izithombe, umculo nokunye okuningi. Ngisho abantu abangenawo ama-akhawunti asebhange namhlanje bayakwazi ukuthola imali besebenzisa wona belu amaselula ane-internet.Kuningi okushintshile nasezimbonini ngenxa yobuchwepheshe be-internet namakhompyutha. Eqinisweni luningi ushintsho oluzayo njengoba kudlondlobala i-artificial intelligence efundisa amarobhothi ubuhlakani obusezingeni labantu nagaphezulu.Kasisho amarobhothi asemgaqweni lapha, kepha sisho la marobhothi asebenza ezimbonini enza imisebenzi efana nokupenda izimoto, ukuthutha izimpahla nokunye. Okujabhisayo wukuthi lobu buchwepheshe buzonciphisa imisebenzi. Yingakho kufanele sicabange ngamathuba amabhizinisi eza nabo. Kuyimanje baningi abantu abacabanga ukwakha amabhulokisi okwakha ngesikhathi sekwenzeka ukuthi wakhe udonga lwendlu ngosuku olulodwa usebenzisa i-3D printer. Kuningi-ke okwenziwa yila ma-3D printer, ayakwazi ukwenza amathuluzi, izimpahla, amathambo ngisho namalungu omzimba.Lobu buchwepheshe sebuyasebenza kwamanye amazwe nakwezinye izimboni lapha eNingizimu Afrika. Okufanele sikwenze wukuthi sizijube sifune lolu lwazi ngoba umnotho wakusasa uzodinga bona ubuchwepheshe lobu.Maduze nje i-virtual tourism izoba undabuzekwayo lapho abantu bezovakashela amanye amazwe ngaphandle kokushiya amakhaya abo. Lokhu sekuyenzeka ngenxa ye-virtual reality (VR) ekuthatha ikubeke ezindaweni ezikude yize ungakaze usuke ekhaya. Eminyakeni ezayo izimoto zizobe zizishayela zona, zisebenzisa ugesi, okuyosho ukuphela kwamagaraji kaphethroli. Obunye ubuchwepheshe obunzulu butholakala kwezolimo. Ukudla esikuthenga ezitolo kukhiqizwa ngobuchwepheshe obuqinisekisa ukuthi kwanele futhi kuphephile. Ukunisela izitshalo emasimini kuncike ekutheni angakanani amanzi adingekayo ngokutshelwa ngubuxhakaxhaka bemishiin efakwe emhlabathini. Ama-drones, okungamabhanoyi amancanyana azindizelayo, asetshenziswa ukwelusa imfuyo nokuchelela izitshalo ngemithi. Bonke lobu buchwepheshe buzoba yisisekelo somnotho wakusasa kanti ithuba lokuhlomula yilo leli iningi lisalibele.Amanye amazwe ahamba phambili ngobuchwepheshe kanti la ezweni ezinye izinhlanga zingaphambili kwethu ndlu emnyama. Cabanga nje kuthiwa sinikwa ithuba lokumba igolide noma insimbi ezimayini ezabelwe thina. Singakwazi nje ukusuka ekuqaleni kungekho lutho sakhe imayini eqhudelana nezinye emhlabeni? Sinalo ulwazi oluphelele lobuchwepheshe obudingekayo?Wonke umnotho uphethwe noma uzophathwa yilobu buchwepheshe. Nakho ukutshalwa kwemali akusele ngaphandle kulolu shintsho oluza nobuchwepheshe. Kunenqwaba yama-Apps umhlaba wonke okuhweba amasheya nokukhetha izinkampani ongatshala kuzona imali. Ngaphandle kobuhlakani be-internet namakhompyutha bekungaba nzima ukukhetha amasheya azodla umhlanganiso. Ngisho yona imali ye-internet efana ne-bitcoin isebenza ngabo ubuchwepheshe. Kusobala-ke ukuthi ukuze ube namathuba okwenza kahle ekutshaleni imali, kufanele wazi ngalobu bucwepheshe.Kungenjalo siyogcina ngokuthola imvuthu ngoba singenazo izikhali zokulwa lempi yomnotho.Yize obunye balobu buchwepheshe sebukhona empilweni yethu, ushintsho oluningi lulindeleke kule minayaka engu-20 kuya kwengu-30 ezayo. Akulula ukubona kude kangaka kodwa iyona indlela yokusungula amabhizinisi ayizikhondlakhondla. Uma kungenzeki kithina kufanele kwenzeke ebantwaneni bethu.Ngeke kusisize ngalutho ukubeka izaba, izingane zethu kufanele ziqhubeke nalokho esesikuqaleli. Cishe iningi lethu angeke lisakwazi ukufunda umongo walobu buchwepheshe kodwa singafunda ngemisebenzi yakho ukuze sizibeke emathubeni okuhlomula ngokomnotho.Ngaleso sikhathi singakhuthaza izingane zethu ukuthi zifunde kabanzi ngobuchwepheshe ukuze zincintisane nezinye izinhlanga emhlabeni jikelele.Uma siqhubeka singazihluphi ngolwazi lobuchwepheshe siyosala sinkemile ziqhubeke ezinye izinhlanga zigibele emakhanda ethu.Sishayele ku-031 829 5820. Sithinte kule email address[email protected]Thumela uWhatsApp ku-083 354 8794 ujoyine UbuntuWealth group. Hheshe!",0
dev_isizulu_00560,AfriHate,@username sdomu awuzi lutho ngebhola 😂. typical manchester united fan.,0
train_isizulu_01813,AfriHate,ngidinga ukubhebha kodwa ke... ukuba kwi homestead will not get me inkomo💔😭.,0
622, kuvalwe amashibhi kutheleka ungqongqoshe ,"KUVALWE izitolo eziyisishagalolunye ezidayisa utshwala ngokungemthetho eMatikwe, eNanda, izolo ngenhloso yokunciphisa amacala okuhlukunyezwa kwabesifazane enzeka kakhulu kule ndawo.UNgqongqoshe woMnyango wezokuThuthukiswa koMnotho, ezokuVakasha noKongiwa kweMvelo KwaZulu-Natal, uNkk Nomusa Dube-Ncube, obehambisana nethimba lamaphoyisa nophiko olulawula ukukhishwa kwezimvume zokudayisa utshwala, bagasele ezindaweni ezidayisa utshwala kule ndawo. Bebehlola ukuthi izindawo ezidayisa utshwala ziyayilandela yini imigomo ebekiwe yokudayisa utshwala efana nokuthi kumele umdayisi abe nemvume, indawo yakhe iphinde ibe sesimeni esihle, kubuye kube nendawo yokupaka amakhasimende akhe.Ziyishagalololunye izindawo ezivaliwe izolo okutholakala ukuthi azinazo izimvume zokudayisa utshwala, izitifiketi esikhombisa ukuthi lezi zindawo ziphephile.UNkk Dube-Ncube uthe ukuvalwa kwalezi zindawo kuyingxenye yohlelo lwalo mnyango lokuzama ukwehlisa isibalo samacala odlame olubhekiswe kwabesifazane njengoba indawo yaseNanda ihamba phambili ngamacala odlame lobulili.“Kuyavela ukuthi amacala amaningi odlame olubhekiswe kwabesifazane kakhulukazi awokudlwengulwa enzeka emuva kokuthi kuphuzwe utshwala. Yingakho sithe sizoqala ngokuthi sivale izindawo ezingekho emthethweni ezidayisa utshwala ukuze sinciphise izinto ezingaba umthethelela ekutheni kwenzeke la macala.”Ezinye zalezi zindawo ezivaliwe kutholakale ukuthi zidayisa ukudla, utshwala kuphinde kulalwe kuzo kanti nabanikazi bezitolo abanazo izimvume zokuba kuleli. Uthe umnyango wakhe ubeke eceleni imali enguR13 million ezosetshenziselwa izinhlelo zokulwa nokuhlukunyezwa kwabesifazane kule ndawo. Phakathi kwezinto ezizokwenziwa ngale mali, uthe kuzofakwa amakhamera ezindaweni zokuphuza ezinezimvume nasemigwaqweni.",0
242,vukuzenzele,"Lokhu kuzosiza abafundi bafeze amaphupho abo kanye nokugcina izikhathi zomnqamulajuqu, futhi kuzobasiza ukuzizwa bekwazi ukuzilawulela izi fundo zabo.",0
train_isizulu_01108,AfriHate,ngisho e primary ngisathenga i sherbet akaze ngiythole ring. ngangihleli ngithola imfene 🐵 #tsokombela ##url,0
464, bubuyiselwe ubuholi be ancyl ,"BUBUYISELWE ngo-elethu ezikhundleni ubuholi be-ANCYL esifundeni iTheku ngemuva kokukhethwa ngaphandle kokuphonselwa inselelo engqungqutheleni ebisenkundleni yezemidlalo iMoses Mabhida.Bekuvele kulindelekile ukuthi uMnuz Thembo Ntuli ophinde wakhethwa waba uSihlalo noMnuz Thinta Cibane naye ophinde wakhethwa waba uNobhala ukuba babuye. Amalungu alolu phiko eThekwini kade ehlale elibeke ngembaba elokuthi bawubuholi obubuyayo.Ingqungquthela yaseThekwini ngenye yezindlela yokulungisela ingqungquthela kazwelonke yalolu phiko okuhlelwe ukuthi ibe ngesonto elizayo eNasrec, eGoli.Abukeka emancane amathuba okuthi ingqungquthela kazwelonke ingaba khona ngesonto elizayo njengoba kumanje bamatasatasa ngezingqungquthela zezifunda.Ukubuyiswa kobuholi bukaNtuli noCibane kuqinisa umkhankaso kaNobhala we-ANCYL KwaZulu-Natal, uMnuz Thanduxolo Sabelo, ogaqele isikhundla sokuba ngumengameli we-ANCYL.ITheku yisona sifunda sokuqala esaphumela obala sathi sifuna ukuthuma uSabelo esikhundleni sikamengameli wentsha.Ethula inkulumo yakhe ngesikhathi sekuvalwa ingqungquthela uNtuli uthe into yaseThekwini icacile bona bafuna uSabelo ukuba abe ngumengameli wabantu abasha.“Sizoya eNasrec siyokhetha uThanduxolo (Sabelo) abe wumengameli omusha wabantu abasha ngesikhathi sengqungquthela kazwelonke. Sizonxusa nezinye izifunda zesifundazwe nezinye izifundazwe ukuba nazo zimvotele,” kusho uNtuli,Uthe umkhankaso wabo kade waqala manje sebelinde ingqungquthela.UMnuz Jem Sithole waseMoses Mabhida, eMgungundlovu, uthe nabo balungiselela ingqungquthela yesifunda sabo ezoba khona maduze.“Isifunda sethu siseka uThanduxolo kwesobumengameli wentsha,” kusho uSithole.USabelo, osekwa kakhulu yiKZN neMpumalanga, ubanga isikhundla nabantu abaningi okubalwa kubo uMnuz Reggie Nkabinde onguMgcinimafa-jikelele we-ANCYL, Mnuz Mcebo Dlamini wodumo lwe-#Fees Must Fall noMnuz Sifiso Mtsweni, uSihlalo wesikhwama esibhekelele ukusiza intsha, iNational Youth Development Fund.",0
train_isizulu_01510,AfriHate,"uzobhebheka, slyza tsotsi ##url",0
1104,vukuzenzele,"Ngaphansi kweSahluko sama-41 soMthetho Woku fuduka, iphoyisa kuphela noma isikhulu esisebenza ngabokufika esingakwazi ukucela umuntu ukuthi akhiphe umazisi njenge sakhamuzi, njengowokuhlala lapha noma njengowokufika.",0
train_isizulu_00384,AfriHate,uy'nyoni...bathathe mk #zulutelenova,0
421, alishunyayelwe ivangeli lokuhlela umndeni ,"MHLELI: Sidinga ukushayelwa ihlombe isimemezelo sikaNgqongqoshe woMnyango wokuThuthukiswa koMphakathi KwaZulu- Natal uNkk Weziwe Thusi. Ngokombiko weSolezwe ngo-Okthoba 8, 2018 ungqongqoshe ugqugquzele abantu ukuthi bahlele imindeni enkulumeni okuthiwa ayethule ngeWorld Population Day.Empeleni kufanele ngabe bonke abaholi yivangeli abalishumayela ngokukhulu ukukhuthala leli lokukhuthaza abantu ukuhlela umndeni.Ivangeli lokuhlelwa komndeni yinto esiyidinga cishe ukudlula zonke izinto esizolokhu sicefezelwa ngazo njengoba kuza imikhankaso yokhetho maduzane nje. Kuliqiniso elaziwayo ukuthi ububha okuhlasele abantu abamnyama kubuye kubangelwe nayikho ukuzalwa kwezingane kungaziwa nokuthi zizokondleka kanjani.Akusavamisile ukuzwa abantu bekhuluma inkulumo ebaluleke njengalena eyethulwe nguNkk Thusi.Eminyakeni edlule ihhovisi likaNdunankulu wesifundazwe saKwaZulu Natal lamemezela ukuthi linemali eyizigidi elizoyisebenzisa ukulwa nama-blesser. Kuyadabukisa ukusho ukuthi leyo mali kwagcina kungacacanga kahle ukuthi yabe izosetshenziswa kanjani ukuze ihlenge eyabe iphume egameni labo.Mhlawumbe bekungakuhle leyo mali uma kungukuthi isakhona iphinde isetshenziswe ukuphusha imikhankaso yokuqwashisa mayelana nokuhlela umndeni.Yize indaba yokuhlela umndeni ithinta wonke umuntu kodwa kungaba ngumqondo omuhle ukuthi imikhankaso enjalo igxiliswe kakhulu entsheni ikakhulu ezindaweni zasemakhaya nasemijondolo.Ucwaningo lwami lukhomba ukuthi abesilisa nabesifazane abasebasha bathola izingane besafunda isikole. Baqeda isikole noma bashiye phakathi bayosebenza emadolobheni amakhulu bafike bahlale ezindaweni eziyimijondolo nasemahostela baqhubeke nokuthola izingane ngaphandle kokuqondisisa kahle isimo sabo sezomnotho. Nezingane ezisuke zizalelwe ezindaweni ezingahlelekile nazo ziyakhula ziqhubeke nokuzalela khona lapho zikhulele khona.Izingane abazithola edolobheni bazihambisa emakhaya lapho bevela khona. Nakhona emakhaya kusuke kunezingane abazishiye khona abazithola besafunda isikole. Abanye bazigcina khona emadolobheni zikhulele emijondolo ngezizathu ezahlukene.Yize izingane ezizalwe zakhulela emalokishini zizalisana kodwa kuvamise ukuthi emva kokuthola ingane eyodwa zingabe zisaqhubeka nokuzala kuze kube yisikhathi esifanele. Kungalezi zizathu ngithi ukugqugquzelwa kokuhlela umndeni kufanele kuhanjiswe nakakhulu ezindaweni engizibalule ngenhla. Mhlawumbe namabandla amahlelo ahlukene kungakuhle abambisane nezinhlaka zikahulumeni ukuphusha lo mkhankaso.Ngokombiko we-United Nations eminyakeni engu 50 ezayo isibalo sabantu emhlabeni kulindeleke senyukele ku-9 billion. Ngokwe-United Nations kumele kuqhanyukwe nezindlela ezintsha zokukhiqiza ukudla ukuze abantu bezoba nokudla okwanele emhlabeni jikelele.Umbiko we-United Nations usitshela ukuthi ukwanda kwabantu kumele kuhambisane nokubakhona kokudla. Impela kuzofanele siyisukumele sonke le ndaba ngoba iKZN ihlala ihamba phambili uma kukhulunywa ngezinto ezinomthelela omubi kwinhlalakahle yomphakathi.Eugene Biyela",0
1741,vukuzenzele,"Isikhulu Esiphezulu (i-CEO) Esiyibamba se-MISA uNta ndazo Vimba uthe ihhovisi lakhe liyaqonda ukuthi iNi ngizimu Afrika idinga kakhu lu abantu abanamakhono obunjiniyela nezokwakha. “Asifuni abantu abasha abaneziqu kule mikhakha kuphela, kodwa kumele",0
1486,vukuzenzele,"Yize noma ngubani ongatheleleka yi-Listeriosis, labo abasengcupheni enkulu yokungenwa yilesi sifo babandakanya izinsana ezisanda kuzalwa, abantu asebeluphele, abesifazane abakhulelwe, kanye naba ntu abanamasosha omzi mba antekenteke njenga-bane-HIV ,",0
594,vukuzenzele,abaningi bazoqashwa kuMisebenzi Yentsha Kazwelonke evuselelwe.,0
train_isizulu_01052,AfriHate,#imbewu 😥 mazulu,0
train_isizulu_00876,AfriHate,uphindile futhi ngamla??? ##url,0
215,vukuzenzele,"“Ingxenye ehamba phambili yengakuthola kwaba yisipiliyoni ngesikhathi ngisebenza ngezi guli, kodwa ingxenye yobuhlu ngu kwakuyikho nje ukusho na kwabantu okwakwenzeka ewodini leziguli. Ngokwemizwa, lokho kwakungelula neze uku kwamukela.”UGanuganu, osebe",0
train_isizulu_02031,AfriHate,nali i-oledi lingifaka enganeni😮liy'biza ngomakoti walay'khaya nokuy'slima kuya-blush-a phela 😂 kuzodleka umakubhayiza.,0
1666,vukuzenzele,"Uhlu olushicilelwe kamuva lweNkundla Yezomnotho Womhlaba lubonisa ukuthi cishe ikota yabantu emhlabeni jikelele, kubandakanya labo abasemazweni anomnotho othuthukile, bathwele kanzima ngokwezezimali ngenxa yokwenyuka kwamanani ezinto.",0
train_isizulu_01990,AfriHate,ujolelani uyi sdomu.. ##url,0
23,vukuzenzele,"lokubuza imibuzo kothisha. Sizophinde sihlinzeke ngamasu azosiza abafundi. IWoza Matrics iye yakubona ukuthi ngesikhathi bonke abafundi belahlekelwe isikhathi sokufunda, Ibanga lesi-12 lona likhahlamezeke ngokudlulele, njengoba amamaki abo eba-luleke",0
1311,vukuzenzele,"Ngokusebenza ngokubambisana njengomphakathi, kumele sisebenzise izwi lethu, ama-ejensi ethu ezomthetho kanye nesibindi sethu esisele naso ukuqeda unomphela udlame olwenziwa amadoda kwabesifazane kanye nezingane.",0
3518,vukuzenzele,UMatlakane uzinze e-Ga-Moisimane e-Buchum eduzane nasePolokwane eLimpopo.,0
2725,vukuzenzele,empumelelweni yomzabalazo wezwe wethu sonke ukuze sinqobe igciwane le-corona.,0
1748,vukuzenzele,Ukhetho lwe-SGB lunegale lo ekutheni umphakathi uzi zwele ingumnikazi wendawo yawo. Imiphumela yesikole ivame ukuba ngcono lapho abazali bezibandakanya ngokugcwele futhi benentshi sekelo ezindabeni zesikole.”Ama-SGB anendima enku lu okumele ayidlale eku,0
test_isizulu_00645,AfriHate,uzobhebheka after that invite ##url,0
2154,vukuzenzele,Umbuzo: Kungani abanye abantu besuleleka ngeCOVID-19 ngemuva kwama viki amabili begomile?Impendulo: Ugoma ngo kugcwele emuva kwe zinsuku ezingama-30 uthole umgomo iJohnson & Johnson noma emuva kwamaviki amabili emuva kokuthola umjovo wesibili womgomo,0
train_isizulu_00369,AfriHate,@username veza elakho nawe ididi ukhohlwe okunye lol ##url,0
train_isizulu_01099,AfriHate,@username kuyacaca ukuba lento yobandlululo ayisoze yaphela abelungu bayasizonda,0
train_isizulu_03047,AfriHate,"""uthe ngeke esangishaya oe"" hayibo slima sentombazane. 🚮",0
2459,vukuzenzele,"Ngesikhathi u-Bev erly Mhla bane ethatha uhambo oluya esito lo eyothenga amaqanda, wayengazi ukuthi uma ebuyela ekhaya usengaba nombono wokuhlanganisa ibhi zinisi lakhe eliphumelele. “Ngelinye ilanga ngaya esi tolo ngiyothenga amaqanda futhi ngathola",0
867,vukuzenzele,"Ukulinga ukwakhiwa kwezimoto kwesikhungo kuyaqhubeka futhi kuli ndeleke ukuthi kukhiqizwe izimoto eziyizi-2 000 ngonyaka, bese ngokuhamba kwesikhathi kube yizimoto eziyizi-4 000 ngonyaka.",0
3414,vukuzenzele,"UMotsoaledi uthe uhulume -ni wazi kahle kamhlophe uku thi abanye abantu bakholelwa ukuthi ngaphambi kokukhu luma nge-NHI, kunesidi ngo sokulungisa izinsizakalo zempilo ezikhungweni zokwe lapha zikahulumeni ezidonsa kanzima kuqala.",0
train_isizulu_02550,AfriHate,@username akusilo isende leli,0
328,vukuzenzele,Babalelwa kuma-80% abantu abaqashiwe abasebenzela umkhakha ozimele.,0
833,vukuzenzele,"Uphenyo lwezinkontileka eziyizi-4 549 seluphothuliwe, eziyizi-2 803 zazo zatholakala ukuthi azihanjiswanga ngendlela. Lokhu kwenza ama-62% ophenyo oseluphothuliwe.",0
train_isizulu_02542,AfriHate,"""amasende aseluhlaza cweee"" -sphokazi. ☺   #isibaya",0
test_isizulu_00190,AfriHate,@username ng’yajabula ukuth’ abanye benu sebayay’bona lento yalo mlungu 🤣,0
1592,vukuzenzele,"ezibandakanya ezokuvike lwa kombuso. Umbiko uphinde ubonise ukunyuka kokusatshiswa kwezintatheli ngonyaka wezi-2020, ikakhulukazi izintatheli zabesifazane e zinkundleni zokuxhumana. Lokhu kusatshiswa akwamukelekile neze, kodwa kuyalimaza uma kuqondiswe",0
dev_isizulu_00477,AfriHate,tattooing your own name inob'nyoni phakathi.,0
train_isizulu_02477,AfriHate,"haha bathi ""ungaphenduki ibhunu leplazi wonke umuntu ofuna inkomo uxhumana nawe """,0
train_isizulu_01587,AfriHate,uyinja wena 🤣🤣🤣 ##url,0
3005,vukuzenzele,"elizosekwa ngongoti base-Cuba.“Sizoxhumanisa isizinda segciwane ngasinye nezinsizakalo zokuhlolela leli gciwane, izindawo zokuhlala wedwana, izindawo zokugonqa zalabo asebehaqekile, ukwelashwa, imibhede yasesibhedlela kanye nokuthungatha labo abake",0
1418,vukuzenzele,"nifuna libe njani. Yehlisa ibhajethi ehlelelwe ukuzijabu lisaThola indlela yokuzijabu-lisa ngaphandle kokukhokha imali, njengamapaki, imitapo yolwazi kanye nezinto onga-zenza endaweni yangakini. Ziningi kakhulu izindlela zokuzijabulisa ngaphandle",0
1077,vukuzenzele,enzima kodwa edingekayo ukwenza ngcono isimo samabhizinisi nesotshalomali. Lokhu kungumsebenzi kahulumeni.,0
3149,vukuzenzele,Ukwehluleka kubase benzi bakahulumeni u kwenza umsebenzi wabo ngokomthetho kanye nemithethomgomo ye siKhwama Ukwephulwa kwesibo phezelo ngaphandle kwe sizathu esizwakalayo; kanye Nolwazi okungesilona noma oludukisayo olu hlinzekwe ngabasebenzi be-GEPF.,0
3156,vukuzenzele,Ugqugquzele abesifazane abazethwele ababhekene nobunzima bokungakwazi ukuzithiba otshwaleni ukuthi bavakashele imitho lampilo eseduze nabo ukuze bezothola usizo.,0
1852,vukuzenzele,Sizolinqoba leli gciwane bese silakha kabusha izwe lethu. Sibuya ebumnyameni obudlula lokhu futhi esabu-nqoba ngempumelelo.,0
train_isizulu_02804,AfriHate,@username amasende akho lawo aselamont' ##url,0
489, siyanda esababoshelwe ukwephula umthetho ,"SESICELA ku-300 isibalo sababoshelwe amacala ehlukene eThekwini selokhu kuqale amaholidi kaKhisimusi.Lokhu kushiwo uSenior Superintendent Parboo Sewpersard okhulumela amaphoyisa kuMasipala weTheku, othe bayaqhubeka nezivimbamgwaqo nsuku zonke. Uthe kuyabakhathaza ukuthi abantu babonakala bengawuhloniphi umthetho njengoba beqhubeka nokwenza amacala phezu kokuba amaphoyisa etshalwe nxazonke. Kwababoshwe ngempelasonto uSewpersad uthe kubalwa nowesilisa ogwaze abesifazane ababili ngasebhishi eBlue Lagoon.“Owesilisa utholakale nobhushu nommese waboshwa. Unecala lokuphatha izikhali eziyingozi nelokushaya ngenhloso yokulimaza,” kusho yena.Uthe bangaphezu kuka-65 ababoshelwe ukushayela bephuzile ngempelasonto, abangu-13 baboshelwa izidakamizwa eWentworth nasePhoenix batholakala nezinhlobo ezehlukene zezidakamizwa. Ubuye wathi amaphoyisa azoqhubeka nokubonakala emabhishi, ezinxanxatheleni zezitolo nasezindaweni zomphakathi ukuqinisa ezokuphepha. Kwesinye isigameko esenzeke eGreytown ngoMgqibelo kuboshwe owesilisa obeshayela iMitsubishi emhlope okuthiwa ubephuze ngokweqile. Kuthiwa isikalo sotshwala egazini besiphindwe ka-11 kunesamukelekile. Uphinde wabekwa icala lokuba nelayisensi yemoto esiphelelwe yisikhathi.Okhulumela abeRoad Traffic Inspectorate esifundazweni, uNksz Zinhle Mngomezulu ukuqinisekisile ukuboshwa kwakhe.",0
2338,vukuzenzele,"sazisiza thina – ngokusungula nokwenza imali yeSikhwama Sokubhekana ne-COVID-19 sezwekazi.Kubo bonke ubudlelwano obenziwe kanzima nama-zwe anezinsiza ezingcono kakhulu kanye nomphakathi wabaxhasi ba-mazwe ngamazwe, sisungule Inkundla Yokusabalalisa",0
2809,vukuzenzele,"Emkhakheni wamanzi, umkhankaso iOperation Vulindlela ubulokhu uhlinzeka ngosizo lobuchwepheshe kuMnyango Wamanzi Nokuthuthwa Kwendle ukuqalisa uhlelo lokulungisa isimo sokukhishwa kwezimvume zokusebenzisa amanzi, ngenhloso yokucubungula izicelo",0
2241,vukuzenzele,"Wezokuthuthukiswa Komphakathi, uMnyango Wezesayensi Nezobuchwepheshe kanye noMnyango Wezempilo.",0
1710,vukuzenzele,"isalokhu inathi namuhla. Ukuqhubeka nokubusa wedwa emikhiqizweni eba lulekile njengomhlaba akusiso nje isithikamezo ekwenzeni ngcono umphakathi oli nganayo; kuzodala inxu shunxushu emphakathini. Ukulambela umhlaba wokulima kuyakhula, ikakhulukazi kulabo",0
train_isizulu_02610,AfriHate,sicela ukuthatha isthombe ngamla 🙋🏿‍♂️ ##url,0
train_isizulu_02018,AfriHate,@username shuthi inkomo isuke isiphelile ngoba ave iphela yini pho 😪😢 ##url,0
dev_isizulu_00159,AfriHate,even production uyinja kakhulu. ##url,0
479, bazowudlela esitokisini ababulala oqapha umchunu ,"LIZODLULELA eNkantolo eNkulu icala lamadoda amabili asolwa ngokubulala umqaphi wowayenguNdunankulu KwaZulu-Natal uMnuz Senzo Mchunu, njengoba icala labo lihlehlele unyaka ozayo.UMnuz Dumisani Cebekhulu (26) noNtuthuko Mkhwanazi (24) bebevele eNkantolo yeMantshi eMpangeni kuleli ngecala lokudubula babulale uMnuz Xolani Nkosi owayegada uMchunu. Igama leNkantolo eNkulu bazolazi uma sebezotshelwa ngosuku lwabo lwasenkantolo.Isidumbu sikaNkosi satholakala simbobombobo yizinhlamvu kubo sisemotweni yomsebenzi eDumisani Makhaye Village eMpangeni ngoJulayi 2015.Imantshi itshele laba balisa ukuthi babuyele enkantolo ngoJanuwari 19 sebezozwa usuku lokuya enkantolo enkulu futhi kusekhona amaphepha abasalinde ukuthi alethwe enkantolo. Njengoba kusalindwe usuku lwabo lwasenkantolo enkulu, bona bazobe begqunywe esitokisini kuze kushaye usuku lwabo lokubuyela enkantolo.UNkosi wabulawa ngesikhathi uMchunu esahleli esihlalweni sokuba undunankulu ngaphambi kokuthi akhonjwe indlela ngoMeyi 2016.Njengamanje uMchunu usesebenza ekomkhulu le-ANC eLuthuli House eGoli njengoba esekomitini labagqugquzeli.UMchunu wakugxeka kakhulu ukubulawa kukaNkosi, wanxusa amaphoyisa ukuthi asebenze ngokuzikhandla abophe abasolwa.Ukubulawa kukaNkosi kwadala ukukhuluma okuningi kusolwa izinto ezahlukene nokwamkhathaza kakhulu uMchunu.Ngesikhathi evele phambi kwekhomishini kaMoerane wakuveza ukukhathazeka kwakhe ngokubulawa kukaNkosi.Waze wakhala ngokuthi akanelisekile ngophenyo ngoba kwakukhona izinkomba zomkhondo kodwa kungaboshwa muntu.Ekhala nangokuthi ukhona umuntu owatholwa neselula kamufi nokukhomba ukuthi unolwazi ngokufa kwakhe.Kuvele nokuthi laba balisa ngaphandle kwecala lokubulala uNkosi babhekene nawokubamba inkunzi behlomile nelokuduna imoto. Kuvele nokuthi umsolwa wesithathu usagcwele amathafa kodwa amaphoyisa ayamthungatha njengoba kwavela ukuthi babebathathu abantu ababekhona kubulawa uNkosi.",0
215, ikhathaza abazali eyasecom tech ,"BAKHATHAZEKILE abazali babafundi baseMlazi Com Tech High eMlaza, okuthiwa sebephuthwa ukufunda ngenxa yenkinga yokucishwa kukagesi. Isolezwe lithole ukuthi sekuphele isonto ugesi ungekho kulesi sikole esinabafundi abahlala ngaphakathi. Phezu kokucishwa kukagesi, kuphinde kwaphela namanzi, okwenza ukuthi izingane ezihlala emakubo zisheshe zigodukiswe. Kuthiwa isikole sikweleta uMasipala weTheku imali elinganiselwa kuR4 million. Okukhathaza abazali ukuthi abakaze batshelwe ngale nkinga yesikweletu.Umzali wengane efunda uGrade 9 kodwa engahlali ngaphakathi esikoleni, uthe isimo simanzonzo.Uthe bezwe ngesonto eledlule ukuthi ugesi uphelile.“Sithole ukuthi izingane ezihlala ngaphakathi sezikhanyisa amakhandlela ebusuku, zilale ngesinkwa ngoba akuphekwa. Bazamile abanye abazali ukuyohlola isimo, bavinjwa onogada esangweni.”Omunye umzali onengane ehlala ngaphakathi esikoleni uthe okumphatha kabi kakhulu ukuthi abazi ngokwenzeka ezinganeni zabo.Uthe njengoba izingane zihlala ngaphakathi azivunyelwe ukuphatha amaselula futhi sikaliwe nesikhathi sokuzivakashela. “Ngiphathwa kabi ukuthi zidlani izingane zethu njengoba ugesi ungekho. Sizwe ukuthi ezinye azisayi emakilasini ngoba namanzi okugeza awekho. Kuqale unyaka sibhalisile sangatshelwa lutho ngenkinga. Inkinga ebesiyazi eyokuphuka kwezicabha okwenzeka ngesikhathi kuhlasele umoya ngonyaka odlule,” kusho umzali. Kuthiwa abazali bathunyelelwe uthishanhloko amaSMS ngoLwesithathu ebabikela ngenkinga kagesi, ebatshela nokuthi bayazama ukuyilungisa.Uxolise nangokungasheshi abatshele abazali ngale nkinga.Okhulumela uMnyango wezeMfundo KwaZulu-Natal uMnuz Sihle Mlotshwa, uthe asibaphethe kahle isimo saseComTech.Uthe kukhona abakuhlelayo ukuxazulula le nkinga.UMnuz Mthunzi Gumede, okhulumela ihhovisi leMeya yeTheku, uNkk Zandile Gumede, uthe sekubizwe umhlangano ophuthumayo namuhla ukuxoxa ngalolu daba.Lo mhlangano uphakathi kwemeya nobuholi bomnyango wezemfundo nothishanhloko abathintekayo. Uthe akuyona inhloso yabo ukuthi izikole zicishelwe ugesi futhi bazokwenza konke okusemandleni ukuthi izingane zingaphazamiseki.“Zingu-500 izikole ezikweleta umasipala imali elinganiselwa kuR80 million. Imeya isiyalele ukuthi izikole zingacishelwa ugesi singakatholakali isixaxululo sokukhokha isikweletu ngoba iyikhathalele imfundo. Sinxusa ukuthi izikole esezithikamezekile ukuthi zithintane nomasipala ngokushesha,” kusho uGumede.",0
993,vukuzenzele,"mbono.Njengabathandi benkululeko nobulungiswa, simi nabantu base-Palestine emzamweni wabo wokuzi busa, kepha futhi ekume laneni kwabo nokuphucwa amalungelo abo kanye nokuphucwa isithunzi sabo. Njengezakhamuzi zezwe elikwazile ukufulathela inzondo",0
197,vukuzenzele,"I-BRICS iyingxenye yeqhi ngasu ebaluleke kakhulu ezweni lethu, futhi izoqhu beka ibe njalo isikhathi eside esizayo.",0
1454,vukuzenzele,"Sishintshe ubuholi kumabhizinisi amaningi ahlukahlukene aphethwe uhulumeni, futhi sesiqale inqubo yokuwabuyisela esimweni sezimali nokuse benza kahle. Sisebenza siya endleleni entsha yama-SOE egqugquzela ukusebenzela obala ngempumelelo, ukuphendula kanye",0
1735,vukuzenzele,"Umfundaze wahlangabezana nazo zonke izidingo zakhe zemfundo, okubandakanya imali yezifundo, izincwadi, indawo yokuhlala kanye nokudla.",0
dev_isizulu_00133,AfriHate,"""ngi celebrate ukuthi anginama peers wey ngamla"" -p r o cc@username ",0
dev_isizulu_00252,AfriHate,ingulube ungayikhipha odakeni uyigeze ibukeke ibe yinhle kuphele nephunga elibi kodwa ubungulube kuyo kobe busekhona kothi unganakile futhi ungalindele ngelinye ilanga kuvuke ubungulube iphindele odakeni ngoba ubungulube bukuyo ngaphakathi.,0
train_isizulu_00981,AfriHate,@username ile ngamla ebamba izinyoka le?,0
test_isizulu_00200,AfriHate,"isipiliyoni""@username : inkomo ihlala ifudumele""@username : ey wena ukuthathaph lokho ""@username : ey ikhekhe le cheri enopete limnandini""""",0
1675,vukuzenzele,"sokudla, sitshala kakhulu izimali ekuthuthukiseni umthamo womkhiqizo walapha ekhaya, sixhasa abalimi abasafufusa kanye nokusiza abantu abaningi ukuthi bazitshalele ukudla kwabo.",0
dev_isizulu_00492,AfriHate,nithi ukgosi ushiye uolerato for isende? 😂😂😂,0
576, uyaveva ungqongqoshe ngokubulawa kwezinhloli ,"UTHUKUTHELE uyaveva uNgqongqoshe wezokuThutha nokuPhepha KwaZulu-Natal, uMnuz Bheki Ntuli, emuva kwesigameko sokubulawa kwephoyisa, elinye lalimala ngesikhathi kade eyofuna izigebengu ezithinteka emacaleni okubulawa kosomatekisi eNsuze.Amaphoyisa amabili asebenza ophikweni lwezobuNhloli KwaZulu-Natal, uwarrant officer no-captain, abelandela umkhondo ethungatha abantu abasembonini yama-metered taxis abathinteka emacaleni okubulawa kosomatekisi endaweni ngesikhathi edutshulwa kade elalelwe unyedle yiqulu labantu ebelihlomile.Isolezwe selibike kaningana mayelana nombango osudlule nemiphefumulo oqhubeka phakathi kwabantu bama-metered taxi nosomatekisi kule ndawo njengoba kubangwa indaba yokuthutha abagibeli.Esitatimendeni esithunyelelwe abezindaba izolo, uNtuli uzwakalise ilaka nokuphoxeka emuva kokuhlaselwa kwalawa maphoyisa ephenya ngodlame embonini yamatekisi esifundazweni.“Ukubulawa kwamaphoyisa ngeke kuze kubekezelelwe. Lesi senzo sikhombisa uhlobo lwezigebengu ezithinteka embangweni yamatekisi esifundazweni.“Sesikhiphe umyalelo wokuthi amaphoyisa azivikele uma ethungatha izigebengu eziyingozi uma kwenzeka ziwahlasela, noma ukuphi ukuhlasela okubhekiswa emaphoyiseni kumele kuthathwe njengokuhlasela okubhekiswe kumbuso,” kusho uNtuli.Uthe bayathemba ukuthi amaphoyisa azobabamba khona maduze abasolwa abathinteka kuleli cala lokuhlaselwa kwawo.UNtuli uthe sebejube ithimba elivela emnyangweni wakhe ukuba liyohlola isimo endaweni lenze nesiqiniseko sokuthi isimo sibuyiselwa kwesijwayelekile.Uthe sebeqinise namathimba abo amaphoyisa ukwenza isiqiniseko sokuthi abasolwa abathinteka emacaleni okubulawa kwabantu eNsuze bayaboshwa.“Abantu ababulala amaphoyisa abanandawo emphakathini, siyayinxusa imiphakathi ukuba iwavikele amaphoyisa,” kusho uNtuli.Uthe ngeke baze baphumule abahlaseli bamaphoyisa bengakabanjwa.UNtuli uphinde wadlulisa namazwi enduduzo emndenini wephoyisa elishonile.",0
train_isizulu_00418,AfriHate,qoma ntombi ngafa inhlamba kanyoko ##url,0
2087,vukuzenzele,"Umkhandlu lo unomsuka wawo osembikweni wa ngowezi-2001 owethulwa yiKhomishana ye-BEE. Lo mbiko ususelwe kucwaningo olunzulu ngokwakheka komnotho waseNingizimu Afrika, nokuthi yini eyayidingeka ukuguqula umnotho, kukhuliswe amabhizi nisi abantu abamnyama,",0
3010,vukuzenzele,Kwayo ngokusebenzisana neminye iminyango kahulumeni.,0
369,vukuzenzele,Izenzo ezingekho semthe thweni ezihlanganiswa nokuzingelwa kobhejane kanye nokushushumbiswa kwezi mpondo zobhejane kuhlo mulisa amaqembu amancane emigulukudu.,0
3091,vukuzenzele,"Isanda kwethula uMkhakhanso iVeterinary Science Career Guidance Campaign , ngokubambisana noMnyango Wezemfundo Ephakeme Nokuqeqesha, futhi izovakashela izikole zasemakhaya ukukhuthaza abafundi ukuba bacabange ngokuthatha umkhakha wokufundela umsebenzi",0
2921,vukuzenzele,Kuluphawu lwenqubeke laphambili esiyenzayo uku nciphisa ukusuleleka okusha kanye nomthamo ezikhu ngweni zethu zezempilo.,0
743,vukuzenzele,"li okukhulisayo ongakuzali noma ingane oyikhulisayo ongayizali, ohlala naye endli ni noma ilungu lomndeni.",0
307,vukuzenzele,emiphakathini ukusiza abazali abadinga ukuthi aba ntwana babo banakekeleke ngesikhathi bona bese msebenzini. Iningi lalezi zikhungo zaqala njengezi nkulisa kanye nezikhungo zokunakekela abantwana emini. Eziningi kamuva-nje sezikhulile futhi zenyuka zafaka,0
1188,vukuzenzele,"Bavula izinkampani ezingasebenzi ukucashisa ukungena nokuphuma kwezimali okusolisayo, bahambise izimali ngokushesha phakathi kwama-akhawunti amaningi, bahambise imi niningwane yemalingena engeyona kwizipha thimandla zokuqoqwa kwentela, futhi uma",0
822,vukuzenzele,"Kufanele siwuvikele uMthethosisekelo wethu,umbuso wethu wentando yeningi labantu kanye nenqubo ezimele yokhetho evela kunoma ngubani ofuna ukwenza intando yethu yeningi labantu ibe buthakathaka futhi enqabela abantu baseNingizimu Afrika inkululeko yabo",0
644,vukuzenzele,"Uzobe uthumela umyalezo ocace bha othi ukuzalana, ubungani noma ukuthembeka angeke neze kwaba isizathu sokungasukumeli amalungelo abesifazane nezingane.",0
2259,vukuzenzele,I-SIU ingafaka isicelo senkantolo sokumisa ukusebenza kwesakhi wo noma kwempahla ukunqanda okunye ukulahlekelwa koMbuso.,0
dev_isizulu_00384,AfriHate,inkomo 🐮 yengisi ##url,0
2722,vukuzenzele,"ukuthi izinqumo ezithathwa nguhu-lumeni zenziwa ngesihle futhi zenzelwe ukwenza ngcono, hhayi ukulimaza, izidingo za-bantu baseNingizimu Afrika.Okuseqhulwini kunakho konke kusalokhu kungukusindisa izimpilo. Zonke izinqumo zethu ziholwa isidingo sokwenza",0
train_isizulu_01071,AfriHate,bengingakholwa.  joseph: ngiya bhebha ##url,0
train_isizulu_01034,AfriHate,@username heshe awuwazi amathumbu???????,0
1113,vukuzenzele,ngokusho komphathi wezokukhangisa nokudayisa e-DebtSafe u-Matthys Po tgieter.,0
train_isizulu_02068,AfriHate,@username akeniyekeni bakithi sikhathele ukunukelwa igolo. after 2024 ngifuna impilo engcono we bakithi anisiyeke ngo thuvi.,0
train_isizulu_01627,AfriHate,speedy recovery ngamla #prayformenzingubane,0
1643,vukuzenzele,"nezinqubomigomo, ukuthuthukisa ukwesekwa kwabesifazane kwezomnotho, kanye nokuqinisa uhlelo lobulungiswa kwezobugebengu. Futhi njengamanje sisesikhathini lapho ingalo ende yomthetho isiguqulwe kabusha ukuze kuliwe neGBVF . IMithetho-sivivinywa emithathu",0
train_isizulu_01659,AfriHate,"@username ngiyal'vuma nanti ibhunu, uhlezi eshisa lomjita. k'saziba lit ##url",0
train_isizulu_01280,AfriHate,thatha.....ngamla sbusiso.... #generations !!!!,0
3146,vukuzenzele,"Lizoba wusizo olukhulu kubantu abangakwazi uku khokhela usizo lwezo mthetho. Ngaphambi koku thi abantu bahambise izikhalazo zabo eHhovisi Lomvikeli Womphakathi noma ezinkantolo, bangafuna isixazululo kuMlamuli. UMla muli uzongenelela ezindabeni eziholela",0
train_isizulu_02713,AfriHate,"lolsrt @username : this micasa mlungu ngabe uyazibhebha izingane if he was black, manje umlungu nokubhayiza... ##url",0
train_isizulu_00246,AfriHate,😂😂😂😂 usile lo mlungu 😂😂😂 #wtftumi,0
2580,vukuzenzele,"UNtombizodwa Matjila, uMabhalane we-NRSO, uthi irejista liqukethe amagama ezaphulamthetho zabesilisa kanjalo nezabesifazane.",0
177, ubulawe esemayini umshayeli wetekisi ,"KUDUTSHULWE kwashona umshayeli wetekisi emayini KwaSomkhele, KwaMsane, zolo.UMnuz Sthembiso Khumalo (27) obeshayela itekisi ebigcwele abasebenzi bakule mayini ufike kuyo ekuseni ngo-5.30 njengokujwayelekile. Ngesikhathi onogada bematasa becindezela ilayisensi yakhe emshinini othatha imininingwane, omunye emfuthisa emshinini ohlola ukuthi abukho yini utshwala egazini, kuthushuke owesilisa ongaziwa wakhomba umshayeli ngesibhamu.Kuthiwa udubule kwaze kwaba kasithupha ebhekise kumshayeli. Umufi udubuleke ekhanda, esifubeni, engalweni, izinhlamvu ezintathu zangena ohlangothini lwangakwesokudla washonela khona lapho.Okhulumela amaphoyisa kulesi sifundazwe, uCol Thembeka Mbele, uthe ngokuthola kwamaphoyisa umsolwa udubule maqede wabaleka wayongena emotweni iBMW empunga eyi-sedan.Uthe ngesikhathi umsolwa evulela ngenhlamvu etekisini kudubuleke nomgibeli enqulwini waphuthunyiswa esibhedlela KwaHlabisa.“Kuvulwe icala lokubulala nelokuzama ukubulala esiteshini samaphoyisa KwaMsane. Okwamanje akukaboshwa muntu,” kusho yena.Uqhube wathi amaphoyisa acela noma ngubani ongawasiza ngolwazi olungaholela ekuboshweni kosolwa ngaleli cala athinte umphenyi wecala uCaptain Nkosinathi Themba Hilton Buthelezi ku-035 551 9008.",0
2193,vukuzenzele,"ukuthi ilungelo lokuvota laliyingxenye yomzabalazo wethu wokubuyiswa kwesithunzi somuntu. Iminyaka engamashumi amabili nesishiyagalombili sathola inkululeko, sisabhekane nezinselele eziningi, ezifana nobubha, ukuswelakala kwemise benzi nokungalingani.",0
dev_isizulu_00265,AfriHate,@username msakazi siyathokoza singa mazulu ngesinqumo sika mongameli sinethemba lokuthi kuzophela ukungaboni ngasolinye e ndlunkulu @username ,0
2250,vukuzenzele,ukunyakazisa izandla kanye nezinyawo kungenzeke lutho ukulokhu ushayanisa izinyawo noma izandla ukujikajika uma uhlezi esitulweni ukuvele umemeze izimpe ndulo ungakhonjwanga kanye nokuvele usukume ngaphandle kwemvume.,0
train_isizulu_02945,AfriHate,ngiyofosta toti-toti ngibenemali 💪💰🤫#ngamla omnyama 🤙 @ o.r. tambo international airport ##url,0
3224,vukuzenzele,izinga lokuse benza ngendlela efanele kulo mgudu. Wengeze ngokuthi umklamo uyingxenye yoHlelo Lwentuthuko Kazwelonke lwangowezi-2030 kanye noHlelo Olukhulu Lwe zokuthutha Kuzwelonke lwangowezi-2050 futhi lweseka uHlelo Lukahulu meni Lokwakha Kabusha,0
2899,vukuzenzele,"ayaziwa. Lokhu kubizwa ngokuthi i-idiopathic epilepsy. Ezigamekweni ezisele imbangela eyisisusa ingatholakala, lokhu kwaziwa ngokuthi i-symptomatic epilepsy. Kungaba nembangela eyisisusa ehlukahlukene njengokulimala ekhanda, okungenzeka kunoma yisiphi",0
297, usobishini okweleta umasipala   ngendlu yodaka ,"USOBISHINI owesifazane waseSobantu, eMgungundlovu, okweleta umasipala waseMsunduzi uR220 000 wezindleko zamanzi, ukuthuthwa kwendle kanye nokuqoqwa kukadoti. UMasipala uveze ukuthi le mali eyeminyaka engu-14 edlule.Umnikazi wendlu, uNksz Nomusa Ngcobo, uthe umndeni wakhe wathenga lo muzi ngo-1999 kodwa itayitela langabhaliswa ngaphansi kwegama lo muntu womndeni, okuyinto abebengayazi.UNksz Ngcobo uvumile ukuthi abakaze bakhokhe ngisho isenti selokhu baqala ukuhlala kule ndawo ngoba abakaze bathole incwadi ebayalela ukuthi bakhokhe. Uthe owayengumnikazi wendawo ubazise ngenyanga edlule sebehlelela ukubhalisa indlu ngaphansi kwabantu bomndeni.Umnikazi wendlu uNksz Nomusa Ngcobo uthe umndeni wakhe wathenga lo muzi ngo-1999""Ngiye kwamasipala ngafika ngatshelwa ukuthi lesi yisamba engisikweletayo samanzi, ukuthuthwa kwendle kanye nokuqoqwa kuka doti. Ngesikhathi sikhuluma nabo basazise ukuthi udaba seludluliselwe kubammeli. Uma bethi asiyikhokhe le mali angazi ukuthi sizokwenzenjani,"" kusho uNksz Ngcobo.Ikhansela lewadi uMnuz Sandile Dlamini uthe lo mndeni usumazisile ngalolu daba futhi uhlela ukuhlangana nabomkhandlu kuleli sonto.""Lesi samba angisiqondi ukuthi sivela kuphi ngoba awukho umuzi kuleli lokishi ongakweleta imali engaka, futhi sengiwubonile nomuzi okukhukunywa ngawo,"" kusho yena.Uthe ikhona neminye imizi kuleli lokishi ekweleta imali eqala kuR80 000 kuya kuR100 000.""Kuyacaca ukuthi kukhona okungahambi kahle ngendlela okubalwa ngayo izindleko ngoba nami bake banginikeza isamba esingesona. Ngemuva kokuxhumana nabo babala kabusha kwavela isamba esiyiso,"" kusho yena.Uthe kuzobaluleka ukuthi ilungiswe indlela umkhandlu obala ngayo izindleko ezikweletwa abantu.Okhulumela umasipala uThobeka Mafumbatha uthe isamba esikweletwa yilo wesifazane siyiso.""Lesi samba esama-rates, ukuqoqwa kwendle kanye namanzi. Akukaze kukhokhelwe lokhu kusukela ngo-2004 futhi sinakho ubufakazi balokho.Ukusetshenziswa kwamanzi kulo muzi kuphezulu kakhulu,"" kusho uMafumbatha.The Mercury",0
633, isitshudeni nosizo kwabafeyilile ,"SIKHUZA ukuzibulala kubafundi abangaphasanga u-matric isitshudeni sase-University of KwaZulu-Natal (UKZN), esawuphinda kabili u-matric.UMnuz Sanele Gamede oyisikhulu esiphezulu se-Ilada Holdings owenza ePhd kwiSocial Science, wawaphinda kabili amakilasi kaGrade 10, 11 no-12 kodwa wangaphela amandla. UGamede ongumbhali wencwadi ethi ‘The Graduate Pack’, uqale umkhankaso wokweseka abafundi abaqede * -matric nokukhuthaza imindeni yabo ukuthi ibaseke.“Baningi abafundi abagcina bezibulala abanye baphathwe ukhwantalala ngenxa yengcindezi abayithola emuva kwemiphumela ka-matric. Njengomuntu osebenza kakhulu nentsha ukuthuthukisa ezemfundo, nginxusa ukuthi sonke sibambe iqhaza ekwesekeni izingane ezingenzanga kahle ku-matric,” echaza.Uthe yize ayefeyiliswa ukuhlupha esafunda, kwamphaphamisa ukungaphasi u-matric ngoba wayebona ukuthi ngeke akwazi ukulungisa isimo sasekhaya ebesibheda. Echaza ngalo mkhankaso #MatricUngazibulali, uthe uwushumayela ezinkundleni zokuxhumana nasemisakazweni. Uvule nenombolo athe angathintwa kuyo abazali nezingane ezifeyile* -matric ezidinga ukwelukelwa nolunye usizo. Kulo mkhankaso uphinde axwayise nangezikhungo zemfundo ephakeme ezingombombayi nangokukhetha imikhakha efanele emanyuvesi.UGamede ubuye asebenzisane ne-UKZN ukusiza izitshudeni esezithweswe iziqu, ukuzichushisa ngendlela yokuthola umsebenzi nokufaka izicelo. Njengoba sekuzovulwa nasemanyuvesi uthe usebenza nezinhlangano ezahlukene ukusiza abafundi abafuna ulwazi ngezinye izikhungo nemfundo ephakeme.UGamede ophinde afundise iSmall Medium and Micro Enterprises ejele eWestville eThekwini, ngo-2016 wahlonishwa ngeKZN Young Achievers Awards. Ngonyaka odlule watheswa iziqu zeMasters kwiCultural and Media Studies e-UKZN. Inombolo yokweluleka abafeyile * -matric ithi: 072 806 9092.",0
1060,vukuzenzele,"Izibalo zakamuva zemise benzi, ikakhulukazi, izona ezilokozisa inhlansi yethemba.",0
dev_isizulu_00637,AfriHate,imfene yakho ineminyaka lemingakhi? ##url,0
train_isizulu_00805,AfriHate,@username nami angikaze ngibabone yini vele kodwa thing mazulu siyahlonipha noma kugenasdigo nje,0
798,vukuzenzele,"Ngesikhathi esifanayo, umngcwabo wakhe wabungaza ubugugu ayebumele.",0
train_isizulu_01692,AfriHate,@username dudlu madolo kanyoko angithuki wena ngithuka uthando qoma ntombi ngafa inhlamba kanyoko,0
841,vukuzenzele,"Inkantolo ekhethekile inegunya elisemthethweni ukubuyisa izimali zikahulumeni ezebiwe kwenziwa inkohlakalo, ukukhwabanisa kanye nokusetshenziswa kwezimali ngokungekho emthethweni, futhi ithathele ababhebhezeli balokho izinyathelo zomthetho;",0
train_isizulu_02641,AfriHate,"sawubona mamkhize, saze sanenkinga kuward2 emacambini ebhishi lethu tugela mouth, asisakwazi ukozijabulisa kulo kunomlungu osixoshayo asibuzele amaphoyisa abelungu abangasisukeli bakwethu bengadudwa inhlonipho yethu ezweni lamcambi bakithi. @username ",0
1551,vukuzenzele,"nabesifazane, bese sila-ndela isimiso somholo olinganayo oqukethwe kuMthetho Wokuqa-shwa Ngokulingana.Abesifazane kumele bavikelwe ekuhlukumezweni nasekuba-ndlululweni endaweni yokusebenza. Kusemahlombe abashayeli bezithuthi, abaphathi bamanyu-vesi, ibhodi",0
3120,vukuzenzele,Ukuphothula iziqu zakhe ze-Master’s kwaletha umehlu ko omkhulu. “Ukuthola iziqu zami kwaqinisekisa ukuthi ngithola ukuhlonishwa okukhulu ngabalingani bami besilisa. Bangibuza zonke izinsuku ukuthi ngimatasa ngani ngoba sibabili kuphela esesihambe leli,0
1524,vukuzenzele,"akukho lutho esi-belethweni futhi kubhekwe ukuthi umbungu ukuphi nendawo emzimbeni wo-wesifazane,” kusho uDkt. Mhlari.",0
446,vukuzenzele,"Sebenzisa usinki ovaliwe uma uhlambulula imifino, esikhundleni sikampompi",0
train_isizulu_00426,AfriHate,dudlu madolo kanyoko angthuki wena ngithuka uthando ##url,0
train_isizulu_01589,AfriHate,@username hebbanna nayi ingulube inginonela 😂😂😂,0
3181,vukuzenzele,Umthethosivivinywa wa maholo usalokhu uyingxe nye enkulu yokusetshenzi swa kwemali ekuhluka nisweni komnotho. Ukukhula komthethosivivinywa wama holo sekuqalise ukuminyani sa ukusetshenziswa kwemali kumaprojekthi amakhulu nasezintweni ezibalulekile,0
1376,vukuzenzele,"Umdlavuza ezinga neni uyenyuka emhlabeni jikelele, ngesilinganiso sengane eyodwa kwezingama-408 emhlabeni jikelele ihlo nzwa ngokuthi inomdlavu za ngaphambi kokuba ibe neminyaka eyi-15 yobu dala.",0
764,vukuzenzele,"Ezigamekweni lapho indlela yokuphila yomuntu ayihambelani nalokho akuveza obala, u-SARS ubenza ucwaningo lwendlela yoku-phila. Onyakeni owedlule, u-SARS uphothule ucwaningo lwezindlela zokuphila okuholele ekuqoqweni kwezinye izigidi ezingamaR474.",0
1750,vukuzenzele,"I-SGB imele zonke izinhla ka zomphakathi wesikole, okubandakanya abazali, othisha, abasebenzi aba ngafundisi kanye nabafu ndi. Isikhathi sokusebenza kwamalungu e-SGB siyimi nyaka emithathu.",0
3358,vukuzenzele,"Africa) yenza izinhlelo ezenziwa ngobuchwepheshe, nezinikeza ukweseka kanye nolwazi kulabo abafuna ukuyeka ukubhema kanti lezi zinhlelo ziyatholakala ku: http://www.ekickbutt.org.za.",0
train_isizulu_02961,AfriHate,bese bhebha ibest friend yakhe😊 ##url,0
train_isizulu_00002,AfriHate,@username stabane eslimele mfethu!,0
dev_isizulu_00148,AfriHate,bhebha wena dean uzobe ungaqali vele,0
3161,vukuzenzele,Kumele senze izinguquko ezibalulekile futhi kumele sizenze manje.,0
3540,vukuzenzele,yayo yokuqala?Amaqoqo okuqala amabili emigomo azofika eNingizimu Afrika (abalelwa esi-gidini ngoMasingana kanye nayizi-500 000 ngoNhlolanja) ngawemigomo i-Oxford University-AstraZeneca evela e-Serum Institute of India.,0
722,vukuzenzele,"daba.Mhla zingama-23 kuMbasa, ngamemezela ukuthi ukudayiswa kogwayi kuzovumeleka esigabeni sesine. Lokhu kwa-kususelwa embonweni wo-Mkhandlu Kazwelonke Obhekene Negciwane Lecorona (NCCC), futhi okwakuqukethwe ohlakeni olwalungakaphasiswa olwaluchicilelelwe",0
2382,vukuzenzele,"I-SANDF isiza ngokuhlola umphakathi, ukuxilonga kanye nokulandela umkhondo walabo okungenzeka ukuthi basulele kile, futhi iyasiza nasezibhedlela.",0
dev_isizulu_00325,AfriHate,"hahahahahahahahaha uyinja""@username : senibiza ikhekhe lo ghel ngopirates nochiefs izimanga hehe""",0
train_isizulu_02846,AfriHate,"iyazi abafana ukundlula yonkinto, kodwa eskoleni akwi sdomu umhlolo",0
1108,vukuzenzele,"Njengawo wonke amanye amabhizinisi, amabhizinisi aqhutshwa ngabantu bokufika kumele alandele imithetho efanele, kubandakanya imithetho yezempilo nokuphepha, abe nazozonke izimvume namalayisensi adingekayo, futhi akhokhe intela efanele.",0
1062,vukuzenzele,"Ngokuphawulekayo, izibalo zabo zibonisa ukuthi inani ngqo labantu abasebenzayo lenyuke lasuka kubantu abayizigidi eziyi-14.5 kwikota yesine yowezi-2021 laya kwizigidi eziyi-15.5 kwikota yesibili yowezi-2022. Lokhu kwenyuka kugqugquzela kakhulu",0
dev_isizulu_00367,AfriHate,@username mzukulu - dali wami shwi nomntekhala - ngafa cevuzile - ngizobaxolela izingane zoma - isifebe sendoda  mfaz omnyama - ngisebenzile mama  mzukulu -mabili amaxoki  izingane zoma - isidina sikamahlalela  🔥🔥🔥💃🏽💃🏽💃🏽,0
2844,vukuzenzele,imifino egcekeni lakhe wayengazi ukuthi ngelinye ilanga uzoba nebhizinisi lezolimo elithengisela izi- tolo zendawo kanye nezi- nhlelo zokupha abafundi ukudla ezikoleni.,0
dev_isizulu_00282,AfriHate,😂😂😂😂 usile lo mlungu 😂😂😂 #wtftumi,0
dev_isizulu_00269,AfriHate,umuntu sekumele ahambe ehlome eyizingovolo.nakhu sizophela abelungu. siyehlelwa sisehlane yini?,0
dev_isizulu_00439,AfriHate,@username iyang’bhebha daily 😢 ##url,0
train_isizulu_02080,AfriHate,@username khululeka mazulu phaqa,0
610,vukuzenzele,"UMqondisi Wezokuhlo- la ku-DPME, uJabu Mathe, uthe inhlosongqangi yoku- hlola wukuhlola ukuthi ingabe i-NSNP iqaliswa ngendlela engaholela em- phumeleni omuhle ozohlo- mulisa abafundi maqondana nezempilo kanye nezemfu- ndo.",0
dev_isizulu_00182,AfriHate,@username imfene yakhe iyaphala 😂😂😂,0
1768,vukuzenzele,"“Uhulumeni uzibophezele ekuphumeleliseni imibande la yeSahluko 12 soMthetho sisekelo, ikakhulukazi ukubuyiselwa kwesithu nzi sobuholi bendabu ko bonkana entandweni yeningi labantu ehambisana noMthethosisekelo,” kusho uMongameli Ramaphosa.",0
2520,vukuzenzele,"Ukube asingenelelanga ukuvikela indlela yoku phila kwabantu futhi sisindi se amabhizinisi, izimo zo kuphila zabantu bakithi nezimo zezinkulungwane zamabhizinisi ngabe zaba nzima kakhulu.",0
428,vukuzenzele,"Idolobha selivule Isikhungo Esisebenza Ngezinhlekelele (i-DOC) ukusebenzisa Uhlelo Lwamanzi Lwenhlekelele, oluzoqala uma sekufike usuku lokuntuleka kwamanzi.",0
716,vukuzenzele,"amalu-ngelo, njengokuba nelungelo lokuya lapho uthanda khona nokuba nanoma ubani ofuna ukuba naye.Ekwenzeni lokhu, iNingizimu Afrika ayifani namanye amazwe.Inani labantu emhlabeni elili-nganiselwa koyedwa kwabahlanu livalelwe ngenxa yesifo noma",0
1184,vukuzenzele,"Kunyakamali owedlule, uPhiko Lokushaqwa Kwempahla lwathola imiyalelo yokumisa ukusebenza kwempahla nemali yenani lezigidigidi ezi-R5.4 ehlobene nama cala enkohlakalo, kanye nesigidi esingama-R70 esakhokhelwa iSikhwama Sempahla Yobugebengu Eshaqiwe.",0
1712,vukuzenzele,"kodwa ukuze sivikele ukuphepha kokudla kwesizwe sethu. Njengoba kubekiwe embi kweni wangowezi-2019 weSi gungu Eseluleka uMongameli Ngokuguqulwa komhlaba kanye Nezolimo, ngesikhathi thina sithumela ukudla kwamanye amazwe, emuva ekhaya abantu abangama-41%",0
train_isizulu_01373,AfriHate,kusile. ayikho inkomo yobuthongo. vukani.,0
137,vukuzenzele,"Ukuze wenze lokhu, kumele uye lapho kuhlalwa khona ngawedwana – kungaba sekhaya noma esikhungweni esiqokelwe ukuhlala ngawedwana. “Uma uqoka ukuzihlalela ngawedwana lokho kuchaza ukuthi kufanele uthole indlu lapho uzozisusa ngokuphelele kuwo wonke amalungu",0
2637,vukuzenzele,mile ekutheni ngeke babe yingxenye yenkohlakalo futhi bakulungele ukuvuma ukuthi baphumele obala bafakaze ngayo.,0
2,vukuzenzele,"okusuleleka ezifundazweni zase-Gauteng, KwaZulu-Natali kanye naseNtshonalanga Kapa.",0
1606,vukuzenzele,utshalomali lukahulumeni oluyizigi digidi eziyi-R100 eminyakeni emithathu ezayo.Sizovikela futhi sisungule imisebenzi exhaswe ngqo kanye nokungenelela ekwesekeni izindlela zokuziphi lisa ngesikhathi imakethe yezabasebenzi isalulama kubhubhane lwegciwane,0
408, sekwanele i cwusa izokweseka owesolezwe ,"INYUNYANA yamaciko, iCreative Workers Union of South Africa (Cwusa) KwaZulu-Natal, izibophezele ekubambisaneni neSolezwe ekulweni nesihlava sokubulawa nokuhlaselwa kwabantu besifazane.Ukwanda kwezigameko zokuhlukunyezwa kwabesifazane kwenze Isolezwe lahlela umkhuleko ngaphansi komkhankaso i#Sekwanele. Umkhuleko ngowokushweleza kuNkulunkulu ukuthi lezi zigameko ziphele. Uzoba seThekwini Community Church ngo-10 ekuseni ngoLwesine.Omunye wabaholi beCwusa, uThokozani “T’zozo” Zulu, uthe bazoba yingxenye yomkhuleko ngoba abahambisani nokuthi abantu besifazane bahlale behamba bejeqeza.“Aseneme ngokuhlukunyezwa kwabesifazane, babalulekile empilweni ngoba yibo inzalabantu,” kusho uT’zozo.Uqhube wathi bayabafundisa nabaculi abasafufusa ngokuthi benze umculo onomyalezo ukuze kushintshe izwe.“Ngihlale ngithi akukwazi ukuthi umculi athi efika bese ecula ngokuthi uyisikhokho kangakanani. Kungcono abhale ingoma enomyalezo. Bheka nje sizenzile izingoma ezikhuluma ngokuphepha emgwaqweni, iVal’ingozi, kukhona enye ye-Operation Hlasela eyayikhuluma ngokuthi abantu babikeubugebengu emaphoyiseni ubugebengu futhi kukhona nenye esayenza noPhuzekhemisi eyayigxeka ukucwasa ngokobuzwe. Zonke izinto ezikhungethe umphakathi siyaye sikhulume ngazo ngoba ubuciko buneqhaza elikhulu. Bheka nje oHugh Masekela noMbongeni Ngema bayibamba ishisa belwa nobandlululo kanjalo noSam Nzima obefihlwa ngempelasonto,” kusho uT’zozo.Umkhuleko uzoqala ngo-10 ekuseni kanti wonke umuntu uvumelekile.",0
2169,vukuzenzele,"Namhlanje, i-SAMAG isina basebenzi abasebenza ngoku gcwele abayi-10 futhi inamhho visi eGauteng, eFreyistata, eNyakatho Ntshonalanga, eLimpopo kanye naseMpumala nga. Izinikele ekugqugquzeleni izi-nguquko.",0
1422,vukuzenzele,U-Dkt. u-Rufaro Mucheka (PhD) onguMhleli wezeziMali Osemthethweni noYinhloko ye-Strategy and Rest Of Africa esikhungweni sezimali sakwa-Nedbank.,0
train_isizulu_02799,AfriHate,"si wrong lesthombe alikho ibhunu elingaba lihle kanje ngo 1652,uma ubukisisa kahle ibhunu leli? ##url",0
3551,vukuzenzele,"yakho ngezingubo ezibamba uku-shisa.Ziningi izinto ezingaphaza-misa ukuphehlwa kukagesi, lokhu kungabandakanya ukuvuselelwa kwezakhiwo zikagesi, ukucima kukagesi okungahleliwe kanye, nokuba-luleke kakhulu, nesimo sezulu. UMobatja uthi isiphehli-mandla",0
train_isizulu_01653,AfriHate,"@username mama dlamini iqiniso elingeke laphikiswa lelo,thina yindl'mnyama sisebenza kanzima sisebenzela abelungu ukuthi benze enkulu inzunzo le.on pay day we already broke",0
415,vukuzenzele,amakhefu njalo nje usuke elangeni uma use-benza ngaphandle. Zipholise ngokuthi use-benzise amabhodlela oku-zifutha.,0
train_isizulu_00931,AfriHate,@username inkawu idlala ngeskhwebu... isizulu asitolikwa.,0
train_isizulu_00054,AfriHate,"ayangixaka amantombazane masethi bhebha uthule, like bitch how you gonna gain followers then? :""""""""""""d",0
422, ayikho imali yamaholo ,"PHEZU kokuba uhulumeni elokhu emile ekutheni ngeke badilizwe abasebenzi kodwa kucace bha izolo uNgqongqoshe weziMali uMnuz Tito Mboweni ethula isabelo sezimali samaphakathi nonyaka ukuthi izinto azihambi kahle njengoba ekubeke kwacaca ukuthi ayikho imali ezofakwa yokukhokhela abasebenzi.UMboweni uthe isivumelwano samaholo singaphezulu ngoR30.2 billion kunalokhu obekuhleliwe.Uthe ngenxa yalokhu ngeke kube khona imali ezofakwa ngumgcinimafa. “Ayikho imali ezofakwa okungeyabasebenzi. Ayikho imali yamaholo. Iminyango kuzomele ifune imali ngaphakathi ukuze ikhokhele abasebenzi. Kuzomele ibhekisiswe eyokusebenza isikhathi esengeziwe kanjalo nokukhokhelwa kwabantu amabhonasi ngokwenza kahle.""Uhulumeni ubehlele ukuthi uzokhokha uR212.5 billion wamaholo abasebenzi onyakeni wezimali kodwa le mali yanyuka ngemuva kwesivumelwano yaba nguR242.7 billion, yanyuka ngoR30 billion.Imali ekhokhelwa abasebenzi ingu35% wemali echithwa nguhulumeni.Isimemezelo sikaMboweni, oyiphindile le nkulumo yokuthi ngeke ifakwe enye imali kumaholo abasebenzi, sisho ukuthi iminyango kuzomele ithathe imali kwezinye izinhlelo okusho ukuthi kuzothinteka izinhlelo zokuhanjiswa kwezidingo emphakathini.Uhulumeni uqashe abasebenzi ababalelwa ku-1.3 million.ICosatu iyaveva ngesimemezelo sikaMboweni mayelana nokunyuka kakhulu kwesabelo sezimali sabasebenzi bahulumeni.UNobhala weCosaut uMnuz Bheki Ntshalintshali, uthe kuyadumaza ukuthi kugxekwe abasebenzi ngezinkinga ekubeni kungebona abadle imali kwa-Eskom, bakha iNkandla noma bathumela imali eDubai.Uthe abasebenzi abahambi namakhosikazi abo uma beya kwamanye amazwe wathi othisha, abahlengikazi namaphoyisa basebenza kanzima.“Asimzwanga uNgqongqoshe ekhala ngoR2.4 million oholwa oNgqongqoshe okubalwa naye. Uhulumeni akanalo uhlelo lokwehlisa ikhabhinethi eyanda njalo nokulawula izinkampani ezingaphansi kwakhe.”Uthe bamshayela ihlombe ngesimemezelo asenzile sokuthi ngokuvalwa kwezikhala kwezempilo kodwa besifuna ukuzwa ngendaba yamaphoyisa abalelwa ku-56 000 azinze emahhovisi engabe atshalwa ensimini.Ukhale kakhulu ngokungavalwa kwezikhala zothisha, abahlengikazi, ojele, amaphoyisa nodokotela.UNobhala jikelele weSouth African Federation of Trade Unions (Saftu) uMnuz Zwelinzima Vavi, uxwayise uMboweni ngokuthi bazolwa naye uma ediliza abasebenzi.Uthe kumele ehlise ikhabhinethi kungadlalwa ngabasebenzi abazikhandlayo besebenza ngaphansi kwezimo ezinzima.Uqhube wathi agcwele amakilasi, amaphoyisa ayashoda nokutih akumele kwehliswe isibalo sojele.Esithangamini sabezindaba ngaphambi kwesabelo sezimali uMboweni uthe kumele ikhabhinethi ingabi nongqongqoshe abangaphezulu kuka-25 ngoba akuwakhi umqondo.Uthe akuwakhi umqondo ngakwezimali ukuthi kube nongqongqoshe abangu-35, ababa namaphini abo okusho ukuthi ongqongqoshe bangu-70.",0
102,vukuzenzele,"Ukubekezela kwemiphakathi ethintekile, ukuzimisela kwayo ukuphumelela kanye namandla ayo okubambana ngezikhathi zokuxakeka kudale ukukhuthazeka. Sibethulela isigqoko bonke ababe yi ngxenye yezinhlelo zokusiza abantu basezifundazweni ezithintekile.",0
train_isizulu_01310,AfriHate,ayibo wenja 🤣🤣 ##url,0
train_isizulu_01859,AfriHate,"""@username : @username ukube imfene zinemali, ngabe amantombazane ahlala ehlathini manje."" i'd rather cry in a bentley than a bicycle",0
69,vukuzenzele,"Uthe, Izingane eziningi zi- buya emakhaya adla imbu- ya ngothi, futhi kwabanye abafundi, ukudla kwase- sikoleni yikho kuphela ukudla abakudlayo ngosu- ku. Ukudla okutholakala esikoleni kubanikeza umd- landla wokufunda, bakwazi ukugxilisa umqondo kanye",0
2139,vukuzenzele,Umbuzo: Ngakube ngi ngakwazi ukugoma ngemuva nje kokwesuleleka ngeCOVID-19 ?Impendulo: Cha. Noma ngubani oke wasuleleka ngeCOVID-19 kumele alinde okungenani izinsuku ezingama-30 ukusuka nge sikhathi sokuphela kwezi mpawu zayo.,0
782,vukuzenzele,"“Okwamanje ngiqhuba imihlangano yokucobelelana ngolwazi kanye nokuqeqe- sha endlini yami nabanye abantu besifazane abathathu abangasebenzi. Ngiyethemba ukuthi ngizokwazi maduze nje ukuthi ngibaqashe ebhizi- nisini lami,” kusho uFuma.",0
1282,vukuzenzele,"Uxhaso lwe-NSFAS luka Mkhize lweminyaka emithathu lwakhokhela izincwadi zakhe, imali yokufunda kanye neyezokuthutha, futhi waphinde wathola nemali yokuzinakekela.",0
train_isizulu_02397,AfriHate,"@username in zulu kuthiwa ""akwaziwa okwanonisa ingulube"" just eat it and forget about that expiry date",0
153,vukuzenzele,"Uma ungeke ukwazi ukuhlala ngawedwana, thinta Inombolo yezimo eziphuthumayo zegciwane leCorona Kuzwelonke ku-0800 029 999 ukuze uthole ulwazi mayelana nesikhungo sokuhlala ngawedwana noma sokugonqa esiseduzane nawe.“Kubalulekile futhi ukuthi uphumule",0
train_isizulu_02859,AfriHate,ub’nyoni nje lobu ##url,0
248, isiminyaminya abazali bethengela izingane ,"BATHWALE kanzima izolo abasebenzi besitolo sezimpahla zesikole, iGem Schoolwear, ngenxa yesiminyaminya sabebezothenga umfaniswano wesikole ngosuku lokugcina ngaphambi kokuvulwa kwezikole namuhla.Uma uqhamuka eGem, esenkabeni yeTheku, ubukhangwa wulayini omude obheke emnyango waso. Bese kuvulwe intuba eyodwa yokungena, kwabiywa nangothango locingo ukugwema isiminyaminya. Ngasemnyango bekukhona unogada nephoyisa lesifazane, bengenisa kuphela abanokukhubazeka nabakhulelwe. Abanye bebekhonjwa kulayini obusuzungeze lonke ibhilidilesitolo.Abazali abaningi bebehamba nezingane ukuzolinganisa umfaniswano wesikole. Ngezikhathi zasemini ulayini ubungakanciphi, kunalokho abantu bese bethetha bekhala ngokuhamba kancane kwawo ngenxa yokuthi abasebenzi bebeshintshana ngokuyodla. Ngaphakathi abasebenzi bebetatazela bekhipha imifaniswano yezikole ezehlukene.UNkk Philile Ndlazi waseMlaza obehamba nendodakazi yakhe uthe kukhona ezinye izimpahla zesikole azithenga ngoDisemba kodwa zangaphelela ngoba enezingane ezintathu ezifundayo. Ubeselinde ukuthi ahole ekuqaleni kwaleli sonto nokuthi izingane zibuye emaholidini ukuze aqedele ukuthenga.Abanye abazali bebezoshintsha osayizi bezingane ezazingekho bezithengela.UMnuz Muhammed Salie, omunye wabaphethe kwaGem Schoolwear, uthe nabo bamangele ngoba akusajwayelekile ukuthi kugcwale kangaka sekusondele ukuthi kuvulwe izikole. Baqale ukuba matasa kakhulu ngoMsombuluko, okungenzeka ukuthi abanye abazali bebelinde ukuhola.“Indlela okugcwele ngayo ngeke sivale uma kusekhona abafuna ukuthenga. Olayini kabanciphi ngoba kusukela ekuseni bekugcwele. Besicabanga ukuthi bambalwa abazothenga sekuzovulwa izikole ngoba bathenga nangoDisemba,” kusho uSalie.Uthe bayazama ukusheshisela abathengi ngoba banabasebenzi abangaphezu kuka-100, abanye abaqashelwe itoho ukuze babhekane nomthamo wesikhathi sokuba matasa.“Sandise nonogada ukuze sigweme isiminyaminya. Sicele namaphoyisa ukuthi alekelele ukuqinisa ezokuphepha. Siyazi ukuthi uma kugcwele nezigebengu zithola ithuba lokubamba inkunzi,” kusho uSalie.USalie uthe namuhla bazovula ngaphambi kwesikhathi esijwayelekile ekuseni ukwenzela abazali abazobe bezoqedela ukuthenga njengoba kuvulwa izikole.",0
3312,vukuzenzele,Bambelela kwisivinini esibekiwe futhi uqa phele yonke imithetho yomgwaqo.,0
train_isizulu_02480,AfriHate,# ngamla inja ngiyamvuma   baphi o sisi abathi u phenyo gentleman and a half   #ngamla rules for sure,0
1543,vukuzenzele,"zokusebe-nza. Ngalokhu-ke, sizobe sise benza ezingeni likazwelonke nelesifunda ukuvumelana neNgqungquthela yeNhlangano Yabasebenzi Yamazwe Ngamazwe Ngodlame Nokuhlukunyezwa Emsebenzini. Kuyashiwo ukuthi inkululeko ayikhangezwa, kodwa iyatha-thwa.",0
1809,vukuzenzele,"Ukwakha umbuso onezi miso zokuziphatha, futhi okhonayo kuyaqhubeka nokuba yinto okugxilwe kuyona.",0
3207,vukuzenzele,bonke abanye besifazane eNingizimu Afrika.”U-Arendse uthi umsebenzi wakhe omkhulu wokuqala wokucisha umlilo e-Noordhoek wawuyinselele enkulu kodwa ekugcineni uwubala njengowawuyinzuzo nomklomelo omkhulu. “Kwakuyishifti yami yokuqala ephelele yamahora,0
2281,vukuzenzele,"Uma ungenaye umuntu oshade naye futhi kusala kuphela abantwana bakho, yibona abazodla ifa ngeza belo ezilinganayo.",0
614, inhlangano ezosiza intsha ngemfundo ,"KUZOHLOMULA nentsha efuna ukuqala amabhizinisi ohlelweni loxhaso, olwenziwa yinhlangano kaNgqongqoshe woMnyango weziSebenzi zikaHulumeni nokuPhatha uMnuz Senzo Mchunu ayisungule nomkakhe.Bangaphezu kuka-60 osomabhizinisi abebeyingxenye yomdlalo wegalofu eMount Edgecombe eThekwini ngoLwesihlanu, obuhlelwe yinhlangano iSenzo & Thembeka Mchunu Foundation. Inhloso yalo mdlalo ukuqokelela isikhwama esizosiza intsha eswele efuna ukuqhubeka nezifundo.UMchunu oke waba ngundunankulu waKwaZulu-Natal nongqongqoshe wezemfundo, uthe ngesikhathi ekulezi zikhundla wabona indlela intsha ethwele kanzima ngayo ngenxa yemali.Wabonisana nomkakhe babona kungcono basungule le nhlangano ukuze bafake isandla ekusizeni intsha, ikakhulukazi kwezemfundo.“Ngesikhathi ngiwungqongqoshe wezemfundo ngaba nethuba lokubona izinselelo ezibhekene nentsha, ikakhulukazi ezindaweni ezisemakhaya. Nangesikhathi ngingundunankulu kwakunophiko iYouth Desk, olwangenza ngabona ukuthi intsha iyazimisela uma inikwe ithuba. Ngifundile nokuthi ukuxhasa akudingi ube ngusomabhizinisi kodwa noma ngubani angalwenza ushintsho, yingakho nami ngisungule le nhlangano,” kuchaza uMchunu.Uthe ngesikhathi ekwezemfundo bekumphatha kabi ukubona izingane ziphasa ngamalengiso kodwa ziswele imali yokufunda.Uveze ukuthi ubenxenxa osomabhizinisi nezinkampani ezizimele ukuthi zibaxhase.“Sihlale phansi nomkami ngoba sobabili sasingothisha, sabheka ukuthi singasiza kanjani,” kusho uMchunu.Uthe kule nhlangano abazokhetha intsha yalesi sifundazwe kuphela kodwa nakuzwelonke.UMchunu uthe kunebhodi lenhlangano okuyilona elizokhetha intsha edinga usizo.Uthe uzobheka nalabo asebeyeke ukufunda ngoba beswele imali nentsha efuna ukuqala amabhizinisi.Kulo mdlalo uMchunu ubehamba nomkakhe naye obedlala igalofu. UMchunu utshele Isolezwe ukuthi akakabi ngungoti osezingeni likaTiger Woods kulo mdlalo, uthe uyathanda ukudlala igalofu uma engekho emsebenzini. Uhlabe ikhwelo kubo bonke osomabhizinisi ukuthi basize noma yikuphi lapho bengalekelela khona ukwakha ikusasa eliqhakazile entsheni.Emuva komdlalo uMchunu nosomabhizinisi babe nesidlo, naso ebesiyingxenye yokuqokelela imali yokusiza intsha.Inhlangano wayisungula ngo-2014 kodwa ike yangasebenza kahle njengoba isiqala izinhlelo zokusiza abafundi.",0
3544,vukuzenzele,wezi-2021 uphele lilinganiselwa kuma-phesenti angama-67. Ngaleso sikhathi sizobe sesifinyelele ekugonyweni kwenani elanele labantu.,0
train_isizulu_01185,AfriHate,kune mfene lokhu. ##url,0
test_isizulu_00505,AfriHate,@username 😂😂😂😂😂 uyinja chillbite 🐩,0
2475,vukuzenzele,"Lolu hlelo lwasayinwa ngowezi-2019, kanti kuhloswe ngalo ukukhulisa amathu ba emisebenzi ngezinyathe lo eziningi ezizokwethu lwa ngokusemthethweni eminyakeni embalwa ezayo.",0
train_isizulu_03075,AfriHate,@username uyinja yezwa 😂😂😂😂,0
train_isizulu_00317,AfriHate,ngiziblomele nawe sdudla sangempela yize ngidangele ngokudliwa kwezami ichiefs wamnandi umculo #chillaz @username ,0
test_isizulu_00510,AfriHate,"""looool_😂😂😂uyinja@username : somila uzomitha yaz""",0
train_isizulu_01616,AfriHate,@username ibhunu phela leli🙄🙄🙄,0
2006,vukuzenzele,"osopolitiki, abaholi bendabuko noma osaziwayo. Emagameni kanye nesezenzweni zabo, kumele babonakale bakha izikhamizi ezingcono ezik-wazi ukuncoma okuhle futhi abanakekelayo.Iziphathimandla kanye nabasebenzi bomphakathi abakhethiweyo bathenjiwe",0
train_isizulu_02370,AfriHate,"nyoni emhlophe yakwa dlamini @username , unwele olude ndlovukazi 🎂",0
train_isizulu_02261,AfriHate,#amabeesisters akutshela ukuthi wawuzoba ngcono ukuba wafana nomfowenu omncane lo ofunda ekearseny oyi model c.,0
231, umaimane usongela umagashule nozwane ,"UMHOLI weDA, uMnuz Mmusi Maimane, ufunge wagomela ukuthi uzokwenza isiqiniseko sokuthi bayajeziswa bonke abantu abanukeka enkohlakalweni yokugixabeza umndeni wakwaGupta ngezigidi zemali yasepulazini laseFree State.Ethula inkulumo enkundleni yezemidlalo iPholani, eNtuzuma, izolo uMaimane uthe ngeke aphumule uNobhala-jikelele we-ANC, uMnuz Ace Magashule noNgqongqoshe wezokuMbiwa Phansi uMnuz Mosebenzi Zwane bengaboshiwe mayelana nokuxhaphaza imali yabantu eFree State. UMagashule ubenguNdunankulu waseFree State kanti uZwane enguNgqongqoshe wezoLimo ngesikhathi okusolwa ukuthi kwaphuma ngaso izigidi zemali eyanikwa abakwaGupta.“UMagashule onguNobhala-jikelele we-ANC bantshontshe imali bayidla bayiqeda nya, baze banika nomndeni wakwaGupta, wathenga ibhanoyi kodwa abantu bethu basahlupheka. Ngiziyele mathupha eFree State ngiyokhuluma nabantu basepulazini ngababuza ukuthi bebethenjisweni, bathi uMagashule noZwane babathembisa amasheya. Uma ubheka yilona leli pulazi okuntshontshwe imali yalo,” kusho uMaimane.Uthe enye yemali eyanikwa lo mndeni iyona eyasetshenziswa ngesikhathi kushada ilungu lawo.“Iyihlazo le nto eyenziwa abaholi be-ANC ukuthi bathathe imali yabantu abamnyama bayinike umndeni ocwasayo owathi awubafuni oweta abamnyama emshadweni wawo,” kusho uMaimane.Ubuze ukuthi uKhongolose usho kanjani ukuthi umele abantu abamnyama ube ukwazi ukubantshontshela.Uthe abaholi abaningi be-ANC bakhohlakele bafanelwe yijele.“Noma uMengameli Jacob Zuma angakhishwa esikhundleni kodwa ngisazoya enkantolo ngiyommangalela ukwenza isiqiniseko sokuthi ugcina ezikhindini,” kusho uMaimane.Uthe ufuna uZuma aboshwe nabo bonke abantu bakhe abekhohlakele nabo.“Kumele bawashintshe la masudi kanokusho abawagqokayo, bafake umfaniswano wasejele,” kusho uMaimane.Uthe alukho ushintsho oluzokuza noMnuz Cyril Ramaphosa njengoba sekunguye umholi ngoba ubevele ekhona kwenziwa inkohlakalo kodwa ethule.“Kumanje asazi ukuthi ngubani ozothula inkulumo yesizwe kwi-ANC njengoba isinamakhanda amabili,” kusho uMaimane.UMaimane ubezokhuluma nabantu baseNtuzuma efuna ukubezwa ukuthi bangamphathisani njengoba kuzoba nenkulumo yesizwe ezokwenziwa nguMengameli wezwe.",0
2195,vukuzenzele,"owayenekusasa ngokumncisha ukudla, amanzi kanye namakhambi okwelapha ayewadinga ngokuphuthuma ngenxa yokushaywa ngesihluku ngamaphoyisa obandlu lulo. Emva kweminyaka engamashumi amabili, kwisahlulelo senkantolo sangowe-1997, iNkantolo Yomthethosisekelo",0
3488,vukuzenzele,"Senze inqubekela-phambili ekuthuthukiseni ukusebe nza ngokufanele kumachwe ba njengenye yezinto ezise qhulwini ohlelweni iOpera tion Vulindlela futhi siphinde sagxila ekwakhiweni kabusha kwenkampani yakwaTrans net, engenye yamabhizinisi ahamba phambili",0
dev_isizulu_00430,AfriHate,@username ngithumele idilesi mlungu,0
1177,vukuzenzele,"Ngolwazi oluthe xaxa ngeKhomishana ye-B-BBEE, vakashela ku:www.bbbeecommission.co.za.",0
train_isizulu_02358,AfriHate,@username yak’nonela ingulube 😂,0
968,vukuzenzele,"bafundi swa zonke izifundo ngesiZu lu kuthi uma sebeqhubekela ezingeni elimaphakathi ku fanele bashintshe benze ini ngi lezifundo ngesiNgisi, nga kho-ke kuba inselelo enkulu uma sekufanele bashintshe.”Kulesi sigaba sokulingwa kwalolu hlelo, sizohlola",0
1073,vukuzenzele,"yethu yokuguqula ezamandla zakuleli lizwe, okuyinto ebaluleke kakhulu eyisidingo sokukhuliswa komnotho kanye nokuheha utshalomali.",0
train_isizulu_01632,AfriHate,"adlalile ngaye ""@username : maybe from amabhunu akhona, lol",0
train_isizulu_02116,AfriHate,uvele uwine lotto thole sdomu esizovela siphindisele 10x more. unye nyi!! ##url,0
177,vukuzenzele,"tshalo mali kanye nemiklamo ibuye yaholela ekusungulweni kwe misebenzi ebonakalayo.Selokhu kwasungulwa ibhange iNew Development Bank , ihhovisi lalo lesi funda eliseGoli, iNingizimu Afrika isibe ngabahlomuli bokwesekwa ngezezimali ngokwemisebenzi ngemikla",0
2550,vukuzenzele,"Isikhathi esiningi, abantu bebeqashwa futhi benyu selwa ezikhundleni eziphe zulu ezingabafanele noma abangaziqeqeshelwe. Lokhu kuthunaza ukusebenza kuka hulumeni, kodwa futhi kuvu na ukunikezana umsebenzi ngobuhlobo, ukugamanxa kwepolitiki kumsebenzi",0
test_isizulu_00184,AfriHate,@username icinema yonke isinuka imomozi manje 😭😭😭,0
3179,vukuzenzele,"eminyakeni eminingi, futhi kumele si kulungise lokhu uma sifuna ukubeka izimali zikahulu meni ngaphansi kolawulo. Lokhu futhi kufaka phakathi ukuphathwa kwezimali za bantu, lapho noma ngabe yini ethengwayo ekhuphuka uku dlula amandla emali kunga ba intela",0
3178,vukuzenzele,"Indlela esenza ngayo akusikho ukunciphisa ngo kumangazayo ubungako bensizakalo yomphakathi, kodwa ukuhlolisisa isili nganiso sokukhula kwama holo. Amaholo abasebenzi bakahulumeni ngokuvamile asekhuphuke ngesilinga niso esiphezulu kunaleso samandla emali",0
934,vukuzenzele,"kubantu. Umqashi egada umsebenzi ukuqinisekisa ukuthi akaphi-ndi asuleleke futhi. Begqoka izimfonyo, kusuka ngosuku lokuhlonzwa okungenani izinsuku ezingama-21.",0
1969,vukuzenzele,"Unyaka wesibili manje, le micimbi yenzeke phakathi kobhubhane lomhlaba oseluthathe izimpilo zabantu abangaphezu kwezigidi ezi2.5 emhlabeni jikelele.",0
2663,vukuzenzele,"Uma uphenyo luthola ukuthi imali yesibonelelo ayisizi umntwana, u-SASSA angabeka omunye umuntu ukuthi athole futhi asebenzise lesi sibonelelo asize umntwana.”",0
2355,vukuzenzele,Ungakugwema kanjani ukushaUkushiswa ngumlilo ku ngagwemeka ekhaya. Nawa amanye amasu:,0
dev_isizulu_00396,AfriHate,ngyawavuma amabhunu nge agriculture yerrr,0
train_isizulu_02892,AfriHate,"ubhungane, mthimkhulu, makhulukhulu, zikode, mashwabada inkomo nempondo zayo, izinzipho zimnyama ngokuqhwayana, mangelengele, mahlub’ amhlophe 🙌🏾🙌🏾🙌🏾   @username ##url",0
2293,vukuzenzele,"Kumele ufake iminini ngwane ephelele yama fa akho kanye nokuthi ngobani ofuna uku bashiyela wona, okufaka phakathi amagama kanye nemininingwane yabo.",0
1718,vukuzenzele,"komunye umuntu. Abazu zile bazosayina isivumelwano sokuqasha nohulumeni bese bekhokha imali yokuqasha elingana nenani lomhlaba.Kumele futhi siqinisekise ukuthi abalimi bayasekelwa baze basimame futhi benze inzuzo.Njengengxenye yalolu hlelo, abazuzile",0
3509,vukuzenzele,AmaThuthuzela Care Centre ayesungulelwe ukuphucula inqubo yokubikwa kwezehlakalo zokudlwengulwa kanye namanye amacala oca-nsi. Izisulu manje sezisizakala endaweni eziphatha ngesizotha nasendaweni enozwelo nokunakekela.,0
2759,vukuzenzele,Omasipala bakuleli nabo sebezibandakanye kulolu hle lo lokusombulula le nkinga.,0
277,vukuzenzele,abafaka izicelo zomhlaba abanga phezu kwezigidi ezimbili kwaholela ekunikezelweni komhlaba ongamahektha ayizigidi ezi-2.7.,0
2457,vukuzenzele,"futhi banesibindi, ikakhulukazi uma bebhekene nesimo esinzima kakhulu.Bangumthombo wogqozi nethemba. Ngezenzo zabo, bakha umhlaba ongaphezu nje, kokulingana, osimeme futhi onokuthula.Abantu abasha emhlabeni jikelele banxusa izikhungo zemfundo ephakeme",0
274,vukuzenzele,"ukuze baziphilise.”Ukuguqulwa kwemboni yezolimoUMongameli uthe ukunike zelwa komhlaba kukhuthaza ithemba ngoba kukhombisa ukuthi ngokuxhaswa nama thuba afanele, imboni ye zolimo ingaguqulwa ukuze kuzuze izwe.",0
2993,vukuzenzele,"Njengoba isisho sethu thina ama-Afrika sisho, ingane ikhuliswa wumphakathi.",0
train_isizulu_01751,AfriHate,"darkie: bheki’slima sok'gcina  umlungu: relax, i know my car ##url",0
2878,vukuzenzele,"Impumelelo yoHlelo Lokwa khiwa Kabusha Nokuvusele lwa Komnotho ihleli ekuba mbisaneni okunamandla hhayi nje phakathi kuka hulumeni, amabhizinisi na basebenzi kuphela, kodwa nobuholi bendabuko kanye nezinye izinhlangano zo mphakathi.",0
1721,vukuzenzele,"Ezifundazweni eziningi, abesifazane asebenikwe amapulazi yi-DLRD bakwazile ukuwaqhuba ngempumelelo futhi sebedlulele ekukhiqizeni imikhiqizo ethengiswayo. Ukwengeza ekutholweni komhlaba ngokwawo, u Mnyango uyaqhubeka no kutshala izimali kwingqala sizinda,",0
1074,vukuzenzele,"Selokhu kwamenyezelwa uhlelo lwezamandla lukazwelonke ngoNtulikazi kulo nyaka, besilokhu sisebenza njengohulumeni ngoku bambisana nababambiqhaza abehlukene ekuqalisweni kokusebenza kwezinguquko zenqubomngomo.",0
3474,vukuzenzele,Uthe okwamanje ugxile ekuthuthukiseni ibhizinisi lakhe ngokuthola okunye ukuqeqeshwa ukuze akwazi ukwandisa izinsiza azihlinze kayo.,0
1899,vukuzenzele,"Ukungadalulwa ku qinisekisiwe 00000 Uma ngabe ingede inga funi ukuzidalula, isikhulu esisebenza kwinombolo ephuthumayo ye-PSC sizo thatha imininingwane yayo yokuxhumana kuphela.",0
441, i da ivulele ungqongqoshe icala lokuqamba amanga ,"I-DA ivulele uNgqongqoshe woMnyango wabesiFazane, uNksz Bathabile Dlamini, icala lokuqamba amanga ebe afunga wagomela ukuthi uzokhuluma iqiniso lodwa.Izolo, uNkk Bridget Masango weDA, uthe bavulele uNksz Dlamini icala esiteshini samaphoyisa esiseGoli emuva kokuthi iNkantolo yoMthethosisekelo ithe izodlulisela umbiko kwiJaji uBernard Ngoepe elisophikweni lwezokushushisa ukuze lunqume ukuthi uzoshushiswa yini uNksz Dlamini ngokuqamba amanga efungile.IJaji uNgoepe lathola ukuthi uNksz Dlamini waqamba amanga ngeqhaza lakhe enkingeni yokuholwa kwezibonelelo zikahulumeni.UNkk Masango uthe uNksz Dlamini akufanele asebenze kuhulumeni ngoba ungumuntu obudedengu.Uthe babhalele noMengameli Cyril Ramaphosa bemcela ukuthi axoshe uNksz Dlamini kwikhabhinethi yakhe.“Sicele uMengameli ukuthi abe esemxoshile uNksz Dlamini ngoLwesihlanu ngoba akawuhloniphi umthetho,"" kusho uNkkMasango.",0
train_isizulu_02967,AfriHate,"@username bayaphapha okoos ubabona ngamagama amabhunu, bayancetheza hating on ubaba for nothing",0
train_isizulu_01902,AfriHate,siniphelezele yazi sdudla 😜🔥🔥🔥. ##url,0
train_isizulu_02834,AfriHate,upercy udlisa inkomo utshani phesheya kwezilwandle🤣🤣🤣🤣🤣👨‍🦯👨‍🦯 #percytau ##url,0
1497,vukuzenzele,Ababhalisile babe sebethunyelwa imiyalezo yama-SMS maviki onke ukuze baziswe ngempilo yokukhulelwa kwabo kanye neyengane (kuze kufinyelele lapho ingane inonyaka owodwa ubudala).,0
test_isizulu_00564,AfriHate,@username isende indlela grootman,0
155, umphakathi uvale amasango kamasipala ucikwa yimeya ,"UVALE amasango kamasipala, izolo umphakathi waseMooi River othi awusayifuni imeya yawo othi ayizi uma uyibizela emihlanganweni kodwa iphendula ezinkundleni zokuxhumana.Lo mphakathi obukhala ngokuthi iMeya kaMasipala iMpofana, uMnuz Xolani Duma iqasha abangani bayo ezikhaleni zemisebenzi ezikhangisiwe, uthi kunomyalezo osabalele ezinkundleni zokuxhumana okuthiwa ubhalwe ngothile obebonga umsebenzi ekubeni umphakathi usaqhubeka nokuletha ama-CV awo ezikhaleni ezingu-13 zamaGeneral Worker ezikhangisiwe kodwa kube usuku lokuvalwa kokufakwa kwezicelo kungoLwesithathu.Umphakathi okuthiwa ubuholwa yintsha kuthiwa ugasele kwamasipala ngoLwesibili wavala amasango uthi ufuna ukuthi imeya izophendula ngalokhu okubone kuFacebook, iphinde ichaze ukuthi yini eyenze ukuthi lezi zikhala zincishiswe ngoba phambilini bezingu-50. Abantu bathi kwasha amahhovisi akwandabazabantu kulo masipala abantu sebezifakile izicelo zomsebenzi, kwase kuthiwa zizobuye zivulwe kabusha kodwa sezibuya sezingaphansi kwesibalo esasikhishwe.Abasolwa ngokuthi bahola lo mkhankaso wokuvala umasipala baboshiwe ngalo uLwesibili ntambama besolwa ngokulimaza impahla kamasipala, badedelwa ngesexwayiso izoloUMYALEZO okuthiwa ubuthunyelelwe imeya kaMasipala waseMpofana osatshalaliswe ezinkundleni zokuxhumana, oholele ekutheni umphakathi uvale umasipalaAbangaboshwanga babuyele kuwo lo masipala ekuseni, izolo baphinde bavala umasipala.Elinye ilunga lomphakathi elingathandanga ukudalulwa lithe: “Zishonephi izikhala ezingu-37, njengoba sekukhangiswe ezingu-13? Uneminyaka emithathu ehleli esihlalweni sobumeya kodwa akezi emhlanganweni uma simbiza, ugijima ayobhala kuFacebook.”UDuma akatholakalanga ocingweni lwakhe kodwa kwi-akhawunti kaFacebook okuthiwa eyakhe uphendule wathi: “Izindaba ezingamampunge ziholele ebugebengwini. Umasipala uvulele amacala izigebengu ezingu-17, ezidabule ama-CV abantu emahhovisi alo mkhandlu.”Uqhuba athi uyazi ukuthi lo mkhankaso uqhutshwa ngabantu ababehola imashi eyayithi akaphume esikhundleni nyakenye. Unxuse umphakathi ukuthi ungadidiswa ngabantu abanezinhloso zezepolitiki.Umthombo waleli phephandaba uthe umphakathi awuzange ungene kwamasipala, ubume ngaphandle futhi ubungenalo udlame, kodwa kubonakale imeya isifaka izithombe zama-CV kuFacebook, agcwele phansi ethi kwenziwe ngabebevale umasipala.UNkk Nomagugu Simelane-Zulu okhulumela i-ANC KwaZulu-Natal uthe abakukhuthazi ukuthi kuqashwe ngobungani. “Ukuvala amasango kamasipala ngento esabalele kuFacebook nakho kuyiphutha. Siyakuphenya ukuthi ngabe kukhona yini asebeqashiwe ekubeni lungakafiki usuku oluwumnqamulajuqu kodwa sithi umphakathi awungathathi izinqumo ngezinto ezisatshalaliswa ezinkundleni zokuxhumana.”",0
1368,vukuzenzele,"Ngasikhathi sinye, sidinga ukubhekana ngqo nokucwasana ngokobuhlanga emphakathini wethu. Sidinga nezingxoxo eziyiqiniso hhayi nje ngokuziphatha kwethu komunye nomunye, kodwa futhi ngezimo zezinto ezisihlukanisayo.",0
3256,vukuzenzele,"Umqulu othi ‘Ready to Govern’ wawuhlose umbuso wentando yeningi labantu onesibopho esikhulu ‘sokuxhumanisa, ukuhlela kanye nokuqondisa ukuthuthukiswa komnotho ukuze kuthuthukiswe umnotho ogcinekayo’ ngokubambisana nenhlangano yezinyunyana zabasebenzi,",0
train_isizulu_00671,AfriHate,icushwa kanje inkawu. ##url,0
train_isizulu_01428,AfriHate,ngendla uonke athanda ukucebana ngayo uze akhohlwe aze azicebe kwayena....slima les',0
1795,vukuzenzele,nhloso yamabomu yokweba imali kahulumeni ayixoleleki.,0
172,vukuzenzele,"Ukuhlanganyela neqembu lamazwe e-BRICS ngowezi 2010 kwaba yingqophamla ndo ekufuneni kwethu ukwenza ngcono intuthuko kazwelonke eseqhulwini ngokwakha ubudlelwano obuqinile neminotho eba lulekile esavela yase-Brazil, e-Russia, e-India nase-China.Uma",0
1331,vukuzenzele,"Ngalesi sikhathi usakhu lelwe, futhi uma usancelisa, qinisekisa ukuthi usebenzisa ijazi lomkhwenyana uma uya ocansini ukuze uzogwema ukusuleleka ngegciwane okusha. Uma unanoma yiyiphi inkinga efana nezingono ezibuhlungu noma amabele abuhlungu, qinisekisa",0
474, kunokudideka ngokushiswa kubulawe abokufika ,"SEKUQUBUKE indida ngokuthi babulaweleni abalisa ababili abangabokufika okuthiwa baqale bashawa ngaphambi kokuthi bashiswe babulawe.UMnuz Daniel Dunia wenhlangano elwela amalungelo abantu, i-Africa Solidarity Network (ASONET) uthe basadidekile ngokubulawa kwabalisa ababili baseCongo, uMnuz Alex Msambya (30) noMnuz Nakatanda Mazuruza (32), okuthiwa batholakale beshiswe babulawa emuva kokuthi begcine bebonakala beya e-Adams Mission ngoLwesibili oludlule.UDunia uthe izidumbu zalaba bobabili zitholakale ngoLwesine emakhazeni asePark Rynie emuva kokuthi benyamalale ngoLwesibili. “Bahambe bethi baya e-Adams Mission bayokhanda ifriji kodwa bangabuya. Kuthe uma sibona ukuthi abatholakali sababheka yonke indawo kwaze kwaba sithola ucingo lusibikela ukuthi basemakhazeni. Ngendlela abashe ngayo bekunzima ngisho ukubabona bese sisizwa yizingubo ababezigqokile,” kusho uDunia.Uthe okubaphatha kabi ukuthi akucaci ukuthi babulaweleni oMsambya noMazuruza. Ngokusho kwakhe, sebezame ngayo yonke indlela ukuthola kubantu balapho okuthiwa bashiselwe khona kodwa akekho ofuna ukuphumela obala ngalesi sehlakalo.Kwayizolo uthe bebehambele indawo yesigameko beyozama ukuthola ngokwenzekile kodwa bangamthola umuntu obacaciselayo.“Akekho ofuna ukukhuluma ngokwenzekile kodwa uma sizwa noma sibona indawo okwenzeke kuyona siyabona ukuthi bashawa base beshiswa ngamathayi. Yinto ebuhlungu kakhulu lena kuyabonakala nje ukuthi babulawelwe inzondo yokuthi ababona abakuleli ngoba uma siphenya asisitholi esinye isizathu,” kuchaza uDunia.Ukhale nangokuthi abagculisekile ngophenyo ngokufa kwalaba bobabili njengoba ethe kuze kube manje asikho nesisodwa isitatimende esesitathiwe kubantu balapho okubulawe khona oMsambya noMazuruza.Uthe okunye okumphatha kabuhlungu ukuthi uMsambya bekungaqali ukuthi ahlukumezeke ngenxa yodlame olubhekiswe kwabokufika, ngo-2015 kwenzeka nokwaholela ekutheni agcine engasahlali lapho ayehlala khona kodwa wagcina esehlala ezinkanjini ezazihlala abebalekele ukuhlukunyezwa emphakathini ababehlala kuyo.Okhulumela amaphoyisa KwaZulu-Natal, uCaptain Nqobile Gwala, ukuqinisekisile ukuthi amaphoyisa aphenya amacala amabili okubulala emuva kokutholakala kwezidumbu zabesilisa ababili beshisiwe eNkangala, e-Adams Mission. Uthe laba balisa abakaziwa kanti yima kusazokwenziwa ulibofuzo.",0
3292,vukuzenzele,"ubusilethela ukudla kwakusihlwa, kod-wa kwesinye isikhathi um-phakathi wakho ungekhombi-se ukunakekela fu-thi nobuhlungu obenzi-wa ezinkundleni zoku-xhumana kuyethusa,” ku-sho u-Mohammed.UMnyango Wezempilo waseNtshonalanga Kapa uthi ukuphuza amanzi",0
3247,vukuzenzele,ikakhulukazi ezinkundleni zokuxhumana. Lokhu kwandisa umuzwa wokuthuka osuvele ukhona ezweni futhi kucekela phansi imizamo yezwe. Akumele futhi sivumele izenzo zokucwasa esizibone zenzeka kwamanye amazwe ebezibhekiswe kubantu bamazwe lapho ukuqubuka kuqale,0
train_isizulu_00284,AfriHate,ingulube ayilusabi udaka bafo. ##url,0
train_isizulu_02863,AfriHate,@username nayi ingulube ing'nonela boh! 🤣🙆🏽‍♀️,0
2261,vukuzenzele,Akukho ukungabaza ukuthi iNkantolo Ekhethekile ikushintshile ukwenza.,0
671, ida izithintele ngesikhangiso ,"AYAVEVA amalungu omndeni wabantu abashona emuva kokuthuthwa esibhedlela sabagula ngengqondo iLife Esidimeni emuva kokuthi iDA ibhale amagama abo oqwembeni lokukhankasela ukhetho ngaphandle kwemvumo yemindeni.Izolo lolu qwembe olungaseBraamfontein, eGoli, olunemibhalo emikhulu ethi, ANC Is Killling Us luhleshuliwe ngabantu okuthiwa ngamalungu omndeni wabafa emuva kokukhishwa eLife Esidimeni.Kulolu qwembe kukhona namagama abavukuzi abafa esibhicongweni saseMarikana nawezingane ezife emuva kokuwela emathoyilethi omgodi.UNkk Christine Nxumalo owashonelwa yilungu lomndeni elakhishwa eLife Esidimeni ubhale ekhasini lakhe le-twitter ukuthi “Ngidinwe kabi ukuthi uMmusi Maimane uvule isikhangiso esinamagama amalungu ethu omndeni ngaphandle kokucela imvume yethu. Imbi lento ayenzile ngoba efuna amavoti. IDA ayinalo ilungelo lokusebenzisa le nhlekelele nobuhlungu bethu ukuze ithole amavoti,”UMnuz Solly Malatsi okhulumela iDA uthe ukuklejulwa koqwembe lwabo kungcolisa umlando walabo abashone ngaphansi kukahulumeni we-ANC.“Yize singaqondi ukuthi wubani oklebhule uqwembe lwethu kodwa akukhona okokuqala simoshelwa uqwembe olukhuluma iqiniso ngohulumeni we-ANC. Lesi senzo singcolisa umlando walabo abashonile ngoba ukufa kwabantu Esidimeni, Marikana nezingane eziphoseka emathoyilethe omgodi bekungavinjwa ukube uhulumeni ka-ANC uyasebenza,” kusho uMalatsi.UMnuz Zizi Kodwa okhulumela i-ANC uthe iDA ayibuqondi ubuhlungu babantu abashonelwa ngamalungu omndeni Esidimeni, eMarikana nakumathoyilethi omgodi futhi uMalatsi neDA kufanele baxolise ebantwini ngalesi senzo.Umhlaziyi wepolitiki uMnuz Ralph Mathekga uthe iDA inawo umlando wokukhankasa ngokugxibha amanye amaqembu epolitiki okuyinto enganambithisiseki kahle kubavoti baseNingizimu Afrika.“IDA ivamise ukukopela izinto ezenziwa e-United States naseBritain zokukhankasa ngokugxibha abanye abaholi. Lo mkhuba uyasebenza kwamanye amazwe hhayi eNingizimu Afrika,” kusho uMathekga.Uthe lesi sikhangiso sikhombisa ngokusobala ukuthi iDA ayibaqondi kahle abantu abamnyama ngokosiko, ngokwendlela yokuphila nangokuthi abahlekisi ngokufa.“IDA ayikakabaqondi abantu abamnyama lokhu kuzoyilahlekisela ngabavoti. Kuyakhombisa ukuthi izinto eziningi zisenziwa ngabamhlophe. Kufanele iDA iqaphele ukuthi ukugxibha i-ANC akuyakheli igama elibi kwabamnyama ngoba kufanele ihloniphe namasiko abo ngesikhathi igxeka,” kusho uMathekga.",0
393, i anc iyilungele ingqungquthela ,"ILUNGU lesigungu esiphezulu kwi-ANC elijutshwe ukuba libheke ukusebenza kwesifundazwe iKwaZulu-Natal, uNkk Edna Molewa, liyakuchitha ukuthi uKhongolose esifundazweni unezinkinga ezinzima ezingenza ukuthi ingqungquthela yesifundazwe ingabikhona.Ekhuluma esithangamini nabezindaba eMeander Manor Hotel, eSalt Rock, izolo ngemuva kwengqungquthela yesifunda iGreater KwaDukuza, uNkk Molewa uthe ubuholi bukazwelonke bufike esifundazweni buzohlola isimo samagatsha nezifunda bathola ukuthi iqembu likulungele ukuthi lingaba nengqungquthela yesifundazwe.“Nakuba zikhona izikhalo kodwa ngezamagatsha ambalwa ezifundeni ezehlukene ezingeke zadala ukuthi kumiswe ingqungquthela yesifundazwe,’’ kusho uNkk Molewa.Uthe akukho okuphambene abakwenzile kodwa balandele yonke imigomo ekumthethosisekelo weqembu mayelana nezingqungquthela.“Umgomo weqembu uthi ukuze kube nengqungquthela kumele * -70% wamagatsha ube sesimeni esihle. Cishe zonke izifunda zingaphezu kwalesi sibalo esifunekayo.”Uthe ingqungquthela yesifundazwe izoba khona ngaphambi kokuphela kukaMeyi.“Bekulindeleke ukuthi ingqungquthela ibe ngempelasonto kaMeyi 18-20 kodwa lokho kubukeka kungeke kusenzeka ngoba kukhona izifunda ezizobe zihlangene. Akukwazi ukuthi kungaba nengqungquthela yezifunda kube kuneyesifundazwe.”Uthe noma ngabe kuthiwa kukhona izifunda ezinenkinga lokhu ngeke kuyiphazamise ingqungquthela yesifundazwe.“Izithunywa kaziyi engqungqutheleni yesifundazwe ngoba zithunywe yizifunda zazo kodwa ziya ngoba zithunywe ngamagatsha azo.”Uncome ingqungquthela yaseGreater KwaDukuza wathi ibe yimpumelelo enkulu wanxusa zonke izifunda ezisazokhetha ukuthi zisike iphethini kwaDukuza.Ubongele nobuholi obusha besifunda iGreater KwaDukuza wathi uyathemba ukuthi buzokwazi ukwenza umsebenzi ngendlela.Ingqungquthela yaKwaDukuza ikhethe ubuholi obusha ngo-elethu engqungqutheleni ethathe izinsuku ezimbili.UMnuz Ricardo Mthembu obevele enguSihlalo wesifunda uphinde wabuyela esikhundleni sakhe okwesithathu. Uke waba nguSihlalo we-ANCYL esifundeni.UMthembu uthe ujabule ngokuthi amaqabane aphinde amthembe ngokuthi usengakwazi ukuwahola.Uthe uzosebenza kanzima ukuzama ukuqeda ukwehlukana okukhona kumalungu.“Ukwehlukana okukhona enhlanganweni kubhebhethekiswa wubuholi, yithina futhi esisukayo siyoxova amagatsha,” kusho uMthembu.Uthe uzimisele ngokusebenzisana nesigungu sakhe ukuyisa uKhongolose phambili.Ingqungquthela yaKwaDukuza ngeyokuqala KwaZulu-Natal ngemuva kokuthi ubuholi bukazwelonke bathatha isinqumo sokuthi zime kancane.Ngempelasonto ezayo kulindeleke ukuthi kube neyezifunda ezine kanye kanye okukhona kuzo iMusa Dladla, Far North, Emalahleni neNkosi Bhambatha.Ngempelasonto ezolandela kulindeleke ukuba kube neyeMoses Mabhida, Abaqulusi, Harry Gwala neLower South Coast.Ukuphumelela kukaMthembu esifundeni iGreater KwaDukuza kusho ukuthi uhlangothi lukaMnuz Sihle Zikalala lusahamba phambili ngo 1-0, njengoba kulungiselelwa ingqungquthela yesifundazwe.Kodwa akwaziwa ukuthi izozala nkomini kulezi ezinye izifunda eziyisishiyagalombili okusamele zihlangane.",0
2458,vukuzenzele,ukuqeda ukucwasa ngokobuhlanga kanye nokubandlulula ngokwenhlalo.,0
train_isizulu_01293,AfriHate,@username kwa phela ukuba u 2 slice.... 😅 usukhulile 😂😅😂,0
2689,vukuzenzele,"lusekelwe esivumelwaneni pha-kathi kwabobonke ababambi-qhaza emphakathini ezinya-thelweni ezidingekayo ukuze kwakhiwe kabusha umnotho. Lokhu kuyisisekelo esiqinile sokusebenzisana ngempu-melelo okuholela ezinsizeni, emakhonweni kanye nomdlandla wazo zonke",0
train_isizulu_02748,AfriHate,udelelaa imidrand manje kodwa ntambama uzobhebheka phezu kwe campmaster 😂,0
train_isizulu_01724,AfriHate,seniyi lungisile inkinga ebini nayo no mlungu? @username ukhona yini #umlungu  lapho @username . #omunyemusicvideo 😁😁😁 ##url,0
3373,vukuzenzele,"wesikole. Lezi zigameko zaqinisa indlela amazwe ngamazwe abona ngayo umbuso wobandlululo abe esegqugquzela ukulwelwa kwenkululeko.Abantu abasha bahlale behamba phambili emibhikishweni yomphakathi, kusukela kumibhikisho yokulwisana nondlovukayiphikiswa",0
train_isizulu_02423,AfriHate,uyakwenza ndoda? rt @username : lol hhaw!! rt @username : aibo khona abaphuza nabafazi babo ay ubutabane lobo uqobo,0
2080,vukuzenzele,"Inhlosongqangi ukuthi sibe ne thonya ekulethweni kwezidingo ezingcono, kusho yena.",0
test_isizulu_00210,AfriHate,@username nyoni esindwa isisila sayo🌚,0
train_isizulu_00228,AfriHate,@username uma uthe mfene ngikhipha konke engnakho,0
1198,vukuzenzele,"Enye indlela ebalulekile yokuphenya ezezimali ukwenza ucwaningo lwendlela yokuphila olwenziwa iSikhungo Esiqoqa Intela eNingizimu Afrika (i-SARS). Ngonya ka owedlule, u-SARS waphothula ucwaningo lwendlela yokuphila olungama-25 lwenani elingaphezu",0
2746,vukuzenzele,"ohlanganyelwe kahulumeni, abasebenzi kanye nabama bhizinisi ukuze bahlinze ke ngamathuba esipiliyoni somsebenzi akhokhelwayo entsheni yaseNingizimu Afrika eyisigidi kulesi sikha thi seminyaka emithathu ezayo.",0
1216,vukuzenzele,izinselelo eziningi. Be-kumele siqhathanise ubungako bokuvalwa kwezwe nobukhu-lu bemikhawulo okuzomelwe ibekwe.,0
447, ufuna ahoxiswe amacala abekwe wona u omotoso ,"UFUNA ahoxiswe amacala abekwe wona umfundisi osolwa ngezenzo zokuhlukumeza amantombazane ebandla lakhe nokushushumbisa abantu, uPastor Tim Omotoso, odabuka eNigeria.Icala lika-Omotoso nabesifazane ababili asolwa nabo liyaqhubeka njengamanje eNkantolo eNkulu yasePort Elizabeth. U-Omotoso weJesus Dominion International Church ezinze eThekwini, ubhekene namacala angaphezulu kuka-60, okubalwa kuwo ukuphula umthetho i-Sexual Offences Act, okukhona phakathi kwawo amabili okudlwengula. Abesifazane asolwa nabo baboshwa ngoNovemba nyakenye kanti bangaphandle ngebheyili kaR2 000.U-Omotoso uboshwe oKlebe esikhumulweni sezindiza iPort Elizabeth International Airport ngo-Ephreli ngonyaka odlule. Abameli bakhe bazise inkantolo ukuthi uyawachitha onke amacala abhekene nawo.Baveze nokuthi abaneme ngokuthi ubufakazi obuningi obethulelwe inkantolo abuvezi ukuthi asolwa ngakho u-Omotoso wakwenza ngaluphi usuku. Baphinde bacela nokuthi uJaji Mandela Makaula ukuthi angabe esaluhlehlisa lolu daba ngoba umsolwa usehlale ejele unyaka wonke.Ngaphandle kwenkantolo abalandeli balo mfundisi bebeze ngobuningi bezomeseka bethi umsulwa.UMakaula uthe uzokhipha isinqumo ngo 3 ntambama.- Udaba lusaqhubeka.",0
train_isizulu_02943,AfriHate,wena ungayithenga ingulube isesakeni ?,0
707,vukuzenzele,"zo-buso. Ngiyanibonga kakhulu ngalokhu nangakho konke ukuzinikela esenikwenzile.Kulesi sigaba sokudlondlobala kobhubhane, amanye amazwe abe nenani labasulelekile eliphe-zulu ukwedlula thina. Njenga-manje – okungusuku lwama-46 selokhu sabika isigameko",0
220,vukuzenzele,"UGanuganu wakuthola ku nzima kakhulu ukuthi aye emsebenzini ngesikhathi sehla ndla lesibili. Ngesikhathi efuna ukusiza abanye abantu, ko dwa wayewusabela kakhulu no mndeni wakhe.",0
1689,vukuzenzele,"Umsebenzi oqhubekayo wokuhlelwa kabusha komnotho wethu uzoseka le mizamo. Ukuhlelwa kabusha emikhakheni yezamandla, owezokuthutha nowezokuxhumana kuhlose ukunciphisa izindleko zogesi, ezokuthuthwa kwempahla kanye nedatha isikhathi eside ngokusebenzisa",0
957,vukuzenzele,"Okwamanje lolu hlelo lu salingwa ezifundeni ezimbi li esifundazweni ngasinye kwezintathu ezisezindaweni zasemakhaya ezingaqhubi neze kahle kwezemfundo, okubalwa kuzona isifunda i-Alfred Nzo East District kanye ne-OR Tambo Coa stal District eMpumalanga",0
3320,vukuzenzele,Fundisa abantwana bakho ukuthi bangali nge bangene emotweni yomuntu abangamazi futhi bangakhulumi nabantu abangabazi.,0
345, owe ifp uveza uhlangothi oluhle lukamzolo ,"UYISE wowesilisa osolwa ngokubulala umfundi waseMangosuthu University of Technology, osedume ngokuqhuba intwala ngewisa, uthi kunzima ukukholwa yizinsolo ezibekwe kuMnuz Thabani Mzolo (23).UMnuz Mthembeni Majola oyikhansela le-IFP onguyise kaMzolo ongamzali uthi ubechitha isikhathi esiningi naye njengendodana yakhe. Uthi njengoyise kunzima ukukholwa yonke into eshiwoyo ngaye.“Sizokholwa uma sekuphuma ubufakazi benkantolo obuzoveza ukuthi esikabani isibhamu,” usho kanje.Phambilini kuke kwavela ukuthi uMajola ubegadwa wuMzolo, kodwa uthi lokhu akulona iqiniso. Uthi bebehlale bendawonye ngoba uMzolo eyindodana yakhe yize engamzali.Uthi njengomndeni bamazi njengengane ezithobile futhi ehlale ilubalubela ukufukula abanye.UMzolo usedume ngokuqhuba intwala ngewisa njengoba kuleli sonto kuvele ukuthi ukhombise iMantshi umunwe ophakathi nendawo.Nakubantu abasuke beyothamela icala, usedume ngokuthi avele abakhombe ngophawu lwesibhamu esebenzisa iminwe yakhe.UMajola uthi kwenzeka lokhu nje uMzolo ubesemfundisa inkonzo emvakashisa emathempelini ahlukene ebandla lakaShembe.“Thina njengomndeni wakhe sizokholwa ngesikuzwa ngenkantolo, nakhona kube nobufakazi obuphathekayo.Okunye okushiwo abantu emaceleni ngeke sikulalele kakhulu,” kusho uMajola.Uthe uMzolo ubewusizo ezinganeni eziningi ezifundisa izibalo, sekukhona nezineziqu ngenxa yakhe.Mayelana nokuthi uMzolo ubewunogada, uMajola uthe: “Ubengeke abe ngumfundi aphinde abe ngunogada, ubehlala ehamba nami ngoba sihlobene.""Ukuba unogada kuhambisana nezinto eziningi namalayisensi enziwayo. Akakaze angigade futhi angazi kuqhamuke nobani lokho,” kusho uMajola.UMajola uthe uyazi ukuthi umndeni wakaKhumalo uphatheke kabuhlungu ngokwenzekile, nabo bayazwelana nawo kodwa abafuni ukuhlangana nawo kusenje.“Uma abantu bebhekene nesimo esifana nalesi akumele nibajahe eduze. Sifisa baphole kuqala bese sikwazi ukubavakashela. Nathi sisadidekile kodwa uma enganikezwa abameli abawaziyo umthetho, kuningi okungavela ngaleli cala,” kusho uMajola.Ephetha uthe uma ligcina ngokumlahla icala futhi naye ekuvuma konke okuvezwa yinkantolo bazokwamukela njengomndeni ukuthi kunohlangothi lwakhe abebengalwazi.NgoLwesine iNkantolo yeMantshi eThekwini isichithile isicelo sebheyili sikaMzolo kulandela ukuvela kwenkinga yekheli lakhe eliqondile njengoba nezinye zezihlobo zakhe zimuhlangulile.",0
train_isizulu_00003,AfriHate,@username ikati lincela imfaduko inkomo idla ibhantshi,0
train_isizulu_01201,AfriHate,@username ngathi isende lika peter,0
dev_isizulu_00333,AfriHate,ufuna isende lami😂😂😂😂 kodwa brutus #thequeenmzansi,0
train_isizulu_02786,AfriHate,wenja lalela lento engiy'thumele @username ,0
2418,vukuzenzele,"Inhlangano iphinde ihlo mise abantu abaphila ne-HIV , abasengcupheni kanye nalabo abathintwe yi-HIV/GBV ukuthi bawazi ama lungelo abo futhi bafinyelele kwizinsizakalo zomthetho ukugwema nokubhekana nokuphulwa kwamalungelo omuntu.",0
dev_isizulu_00399,AfriHate,"udakwe uze ubingelele ifridge uthi ""ya sdudla umeleni wedwa la"". 😂🤣🙆🏼‍♂️",0
918,vukuzenzele,"i-akhawunti ye-myNSFAS , cindezela lapho kubhalwe khona ukuthi APPLY, phendula yonke imi buzo ebuziwe bese futhi ufaka wonke lawo maphepha adingakalayo. Uma usuqedile ngalokho, kufanele bacinde zele uSUBMIT. Uma usumcindezele uSUBMIT, inombolo ewubufakazi",0
401, bagxeka ukuhlaselwa kwethempeli ,"I-ANC kuzwelonke isigxeke isigameko sokuhlaselwa kwethempeli eVerulam, eThekwini, ngoLwesine ithi lesi senzo siwukuphazamisa inkululeko yezenkolo eshicilelwe kumthethosisekelo wezwe.UMnuz Pule Mabe okhulumela i-ANC uthe ofakazi kulesi sigameko baveza ngokusobala ukuthi yinto ebihleliwe le yokuhlasela leli thempeli. Uthe kufanele kugxekwe ngazo zonke izindlela noma yimiphi imizamo yokuhlalisa lubhojozi abantu ngenxa yezenkolo.UMabe uthe beyinhlangano ebusayo bashaqekile ukuthi kukhona abantu abenza isenzo esibi kangaka njengoba onke amabandla ezenkolo evikelwe kumthethisisekelo.“Siyacela amaphoyisa uphiko loKlebe ukuba lusilekelele ngoba sifuna ukubabona bejeza abenze lokhu. Sithi dudu emndenini yoshonile, sifisele nalabo abasesibhedlela ukululama okusheshayo.”Kulesi sigameko esinyantisa igazi kutheleke abalisa abangaziwa abahlasela amalungu ebandla abethandaza ababhokoda ngommese ebanquma noqhoqhoqho kwafa oyedwa abanye baphuthunyiswe esibhedlela.Kunezinye izingxenye zethempeli ezithungelwe ngomlilo ngesikhathi kwenzeka isigameko.Leli cala ligcine lithathwa uphiko loKlebe nokuyilona oluzolulandela luzame ukuthola umnyombo walo. Lokhu kuhlasela akuqondakali ukuthi kusukelaphi njengoba sekusabalele nemibiko ethi kungase kuhambisane nezenzo zobushokobezi.Ibamba loMkhuzi wamaPhoyisa KwaZulu-Natal uGeneral Bheki Langa uthe, kunethimba labaphenyi elijutshwe ukuba lizingele libambe abasolwa bajeziswe.- ANA",0
test_isizulu_00394,AfriHate,@username yebo mlungu 😀,0
1918,vukuzenzele,"“Umsebenzi wamanje ukuhlalisa labo bantu abalahlekelwe amakhaya ngenxa yezikhukhula futhi amalungiselelo aseqalile ukuhlinzeka ngezindawo zokuhlala zesikhashana, kusho uMongameli u-Ramaphosa.",0
train_isizulu_03014,AfriHate,#uyajola99 uyasijwayela lomfana thina mazulu,0
974,vukuzenzele,"Isimo esiqhubekayo kwa-Israeli kanye nase-Palestine siqinisekisa lokhu abantu baseNingizimu Afrika abakwaziyo nabo, ukuthi izingxabano ezinzima zingaxazululwa kuphela ngokuxoxisana ngokuthula. Siphinde futhi sibonise ukuthi ngaphandle kokuthi kukhulunywe",0
dev_isizulu_00086,AfriHate,@username hie brazo manje ngibaliselwa umngani wami lapha uthi ucela ukubuza ukthi imfene zona?kumi kanjani?,0
2173,vukuzenzele,"Babeshaywa besebancane futhi ababoni ukuthi kungani kunga mele bakhulise izingane zabo ngendlela efanayo. Emasikweni amaningi, kuphethe amadodafuthi abantu besifazane babo nwa njengabasezingeni elifa nayo nezingane futhi kuyinto ethathwa",0
train_isizulu_00507,AfriHate,"eh eh amabhunu ""@username : usho lawa angathengwa zingane? ""@username : lamaford ranger engathi awokuhamba ehlathini or eyntabeni❤""""",0
test_isizulu_00370,AfriHate,sekusile ke jehovah umuntu usezosindwa amasende imini yonke😭,0
3135,vukuzenzele,"Izitshudeni zesekwa ngesi kimu semifundaze esibanzi, esingena esikhundleni sesi kimu esedlule esasinengxenye eyimalimboleko kanye nengu mfundaze esasihlinzekwa iSi khwama Sikwazwelonke Sokusiza Abafundi Ngezimali (i-NSFAS). “Ukuhlinzekwa okusisekelo",0
train_isizulu_02787,AfriHate,futhi anive niqaphela yekani amalips ka ngamla plz,0
train_isizulu_02273,AfriHate,@username cabanga ngise free state wenja kushisa likhipha umkhovu etsheni,0
train_isizulu_00618,AfriHate,"kwangathi ulate""@username : ngisaya ka mlungu""",0
1083,vukuzenzele,"Ngesikhathi izingqalabutho zakithi zenza uhlaka loSomqulu Wenkululeko ngowe-1955, izimiso zawo ezifakwe kuMthethosisekelo wethu, babeka ukuthi iNingizimu Afrika eyawo wonke umuntu ohlala kuyona, babehlose umphakathi ongenako ukuzibeka phambili",0
435,vukuzenzele,"Lo mkhankaso kuhloswe ngawo ukudingida ukuphu-lwa kwemithetho kwamanje kanye nokulandela imikhawulo yamanzi, futhi uqondiswe ikakhulukazi ezikhungweni eziwasha izimoto ngokungekho emthethweni.",0
train_isizulu_00687,AfriHate,uzobhebheka ke mntanami 😂😂😂 ##url,0
train_isizulu_02833,AfriHate,"imagine 18snvl written in zulu ""ishumi nesishiyagalombili, ucansi, ukusantuza ididi, nokusakaza ikiwi, impi kanye nolimi oluqojeme"" 😩🤦🏾‍♂️   try writing it in your home language!!",0
1738,vukuzenzele,"Uhlelo Lwabantu Abasha Abathweswe Iziqu i-MISA lunabathweswe iziqu abangama-70, okubandaka nya abahleli bomumo wama dolobha nezifunda abanga ma-31, onjiniyela obuqodene nogesi abangama-24, onjiniyela abaqondene nezokudwe ba, ukwakha nokulungisa okwakhiwe",0
1512,vukuzenzele,"Bushy Mhlari, onguSenior Registrar ophikweni lwezeEctopic Obstetrics and Gynaecology e-Dr George Mukhari Academic Hospital, ochaze wathi ukukhulelwa okubizwa phecelezi ngokuthi yiectopic pregnancy akwenzeki ngaphakathi esibelethweni, lapho ukukhulelwa",0
dev_isizulu_00168,AfriHate,''nina bakamjokwane kandaba.nina belemb'eleq'amany'amalembe.nina boteku lwabafazi bakwanomgabi''.....awu madoda kumnandi ukuba inzule.,0
363,vukuzenzele,"“Ngenxa yendlela yokunqanda ukuzingelwa kobhejane e-KNP sibona yehla imizamo yokuzingelwa kobhejane esiqiwini, kuqoshwe izi-2662 ngowezi-2017 uma kuqhatha-niswa nezi-2883 ngowezi-2016. Lokhu kukhombisa ukwehla kwamaphesenti ngo-7.6,” ku-qinisa",0
2179,vukuzenzele,"UNgqongqoshe Wezo kuthutha uFikile Mbalula uvule izikhungo ze-RTMC eziqondene namalayisensi okushayela e-Midrand naseEco Park ngonyaka odlule, ukuze kubhekanwe nokusilela emuva komsebenzi wamalayisensi okushayela aphelelwe yisikhathi ngenxa ye-COVID-19.",0
570,vukuzenzele,"Inqubo yokuqashwa kwabantu abaningi abanga sebenzi isebenzise izinkundla zobuchwepheshe ukufinyelela kubo bonke ababambiqhaza abafanele kile obekungafinyeleleka kubo. Isibonelo, abalimi abalimela ukuziphilisa bakwazi ukufaka isicelo soxhaso nge-USSD futhi",0
325, ziyeza izinguquko eqenjini mokwena ,"IPHINI lomqeqeshi we-Orlando Pirates, uRulani Mokwena, liqininisekisa eyezinguquko ezinqala ezizokwenzeka eqenjini ngaphambi kokuqala kwesizini ka-2018/2019.IPirates iqede isizini ka-2017/2018 isendaweni yesibili kwi-log ye-Absa Premiership. Icindeze ompetha iMamelodi Sundowns kwaze kwaba sekugcineni. Ithimba labaqeqeshi bePirates belizivalele esifubeni izifiso zalo ngoba belilokhu lithi lisazama ukwakha iqembu.Umqeqeshi, uMilutin “Micho”Sredojevic, uphumele obala sekuzophela isizini ngokuthi iqembu lesifinyelele ezingeni lokunqoba izindebe ngoba sebesakhile isisekelo esiqinile. EZimnyama zizohambisana neSundowns emqhudelwaneni iCAF Champions League ngesizini ezayo.UMokwena uthe zinkulu izinguquko ezizokwenzeka ngaphambi kokuthatha inya­thuko yeCAF. Kunenqwaba yabadlali asebevele bakhonjwa kwiPirates okukhona kubo uLinda Mntambo, no-Abel Mabaso abebekwiChippa United. UMeshack Maphangule weBlack Leopards kuthiwa usevumelene nePirates. Kubadlali okuthiwa bayashiya kukhona uThamsanqa Gabuza, Ayanda Gcaba, Thamsanqa Sangweni nabanye.“Isikwati sizoqina kakhulu. Sizoligcina iningi labadlali kodwa sizoqina kakhulu ngesizini ezayo. IChampions League iyeza ngakho kufanele sengeze abadlali, sithole nabanye abasezingeni eliphezulu. Sidinga ukwengeza okungenani zonke izindawo. Nasethimbeni labaqeqeshi kuzoba khona izinguquko,” kusho uMokwena.Maphakathi nesizini kusabalale amahlebezi okuthi uSimo Dladla, umqeqeshi weKings yaKwaZulu-Natal edlala kwiNational First Division (NFD), uzojoyina ithimba labaqeqeshi kwiPirates. Kumanje iphini lesibili likaMicho nguBenson Mhlongo owayengumdlali wePirates.Abadlali bePirates abebekade beqokelwe imiklomelo yePremie Soccer League (PSL) babuye belambatha. U-Innocent Maela ukhale ngaphansi kuSiyanda Xulu kowe-Absa Premiership Defender of The Season, kwathi uMusa Nyatama wahlulwa nguSiphesihle Ndlovu weMaritzburg United kowe-Absa Premiership Midfielder of The Season.UMicho ubengakufihlanga ukuthi uNyatama uyena okufanele akhale emuke nomklomelo womdlali ovelele, i-PSL Footballer of The Season, ogcine ugoduke noPercy Tau weSundowns.“Okubalulekile wukuqokwa kule miklomelo. Kodwa-ke abantu okubafanele ukuwina bawinile. Lokhu kuzosigqugquzela ukuthi sisebenze kanzima,” kuphetha uMokwena.",0
2820,vukuzenzele,"izisulu futhi bayaye bazisondeze kwizisulu ngokuzithe mbisa ukuzinika umsebe nzi noma yiliphi elinye nje ithuba. Lolu hlobo loku shushumbiswa kwabantu lungenzeka noma yikuphi – ngisho nasezinkundleni zokuxhumana, esikoleni, enxanxatheleni yezitolo kanye",0
2084,vukuzenzele,"Umbiko wangowezi-2020 weKhomishana Ebhekele Ukuthuthukiswa Komnotho Wabantu Abamnyama ubonisa ukuthi imikhakha eminingi yezomnotho iyahluleka ukuthola abesifazane abamnyama abanamabhizinisi, ngakho-ke ukuthi le nkampani kawoyela kube ngeyowesifazane",0
train_isizulu_00356,AfriHate,a mazulu lawa intombi ushelwa iqome lana  wooooh  khulumqke sibone kuthi awuzukuqoma yin ##url,0
train_isizulu_02779,AfriHate,@username ngubuzeni kho nyoko,0
train_isizulu_02998,AfriHate,@username ufuna inkomo ezingaphi?,0
243, isoka libhokode intombi yafa iya esikoleni ,"KUSHAQEKE umndeni isoka leminyaka licuthela intombi ngovivi, iya esikoleni layigwaza liphindelela yashona khona lapho kulandela ingxabano, okusolwa ukuthi ibihlangene nokuthi isoka belingafuni umufi abuyele esikoleni.UNosiphiwo Ntombela (18) obefunda uGrade 11 eKlwana Combined School, eBabanango, kuvela ukuthi ubehleli ekhaya iminyaka emithathu ekhulisa ingane yabo, kulo nyaka wakhetha ukubuyela esikoleni ngoba eseyibona isikhulile.Kuzwakala ukuthi lezi zindaba azehlanga kahle esokeni njengoba liwumuntu obegajwa isikhwele ngobala futhi lihlala linolaka, obekwenza umufi ahlale engathokozile.Udadewabo omdala kamufi uthi leli soka belivele lihlala limchukuluza udadewabo kodwa ubengazitsheli ukuthi lingaze limbulale. UNksz Ntombela uthe naye belike limfonele limtshela ngezinsolo elinazo ngodadewabo.Uthe belihlale lisho izinto ezihambisana nokumsola ukuthi uyajola kodwa lingabuvezi ubufakazi balokho.Ngokusho kwesinye isihlobo salo mndeni esingathandanga ukudalulwa, leli soka bese libamba amatoho eGoli. Kuthe uma lizwa ukuthi unina wengane yalo usebuyele esikoleni, kwangalithokozisa lokho, lafuthelana njengoba lize lamcuthela eya esikoleni. Kuthiwa belijwayele ukumsola ngomjolo kodwa libuye lixolise.“Kubuhlungu lokhu asizwise khona ngoba kucacile wehlulwe ukwamukela ukuthi ubudlelwano babo bese buphelile. Akekho obemazi ukuthi ukhona ngoba sizwe sekufona omakhelwane ekuseni kade esanda kuhamba udadewethu.“Uphume la ekhaya ngo-6. 20 ngoba isikole sithanda ukuqhela. Kusho ukuthi ubemcuthele endleleni. Ngimfice enamanxeba amaningi okugwazwa.“Abemaningi ngendlela yokuthi ngihlulekile ngisho ukubona ukuthi abemangaki,” kusho uNksz Ntombela ovele wakhihla isililo ngenxa yomunyu.NoMnyango wezeMfundo izolo uzwakalise okukhulu ukushaqeka ngalesi sigameko.Okhulumela uMnyango wezeMfundo KwaZulu-Natal, uMnuz Sihle Mlotshwa uthe ihhovisi likaNgqongqoshe lizwelana kakhulu nomndeni nothisha nabafundi ngalesi sigameko.“Sidumele ngokwehlele lo mfundi. Sidlulisa amazwi enduduzo emndenini nesikole sakhe. Siyethemba umthetho uzokwenza okufanele. Sidinga ukubambisana nomphakathi ukulwa nodlame,” kusho uMlotshwa.Okhulumela amaphoyisa KwaZulu-Natal uCaptain Nqobile Gwala usiqinisekisile lesi sigameko nokuthi umufi ugwazwe umuntu owaziwayo esendleleni. ""Okwamanje akekho osaboshiwe,” kusho uCapt Gwala.",0
1279,vukuzenzele,"“Okuhle nge-TVET wukuthi abafundi bakhona abekho nje ekuvulelekeni kumsebenzi, kodwa futhi kuwumkhakha wokufunda ogxile emsebenzini oyimpoqo ukuze kuqinisekiswe ukuthi banekhono elisezingeni eliyilo ngaphambi kokuphothula iziqu zabo,” kusho yena.",0
train_isizulu_02479,AfriHate,"@username asiphefumele nje sona mase siyazibukela. hayi, angeke sisabuzana, kuyoba njalo dadewethu ngifunge umama, intombi kababa.  ngeke okungaba fanyana kubiza isilo sonke ngo “mampara” kuthuleke.  yini yona lomampara? inhlamba le. bathuka ungangezwe, bathuka isizwe laba. bathuka thina",0
train_isizulu_02632,AfriHate,@username ingulube lezi ?,0
train_isizulu_02874,AfriHate,#isidlosasekuseni @username kodwa akuve ingiqeda le clip lakhona uncebz ethi usaba kabi ukubiza igama isitabane 🤣🤣🤣🤣🤣🤣🤣🤣🤣🤣ngichazwa impendulo vele ngiphele👌👌👌👌👌,0
2347,vukuzenzele,"ase-Afrika isungulwa ngonyaka we-1963, Ama-zwe Angamalungu atshala imbewu yokusebenzisana nobumbano ukuze kuzozu-zwa impilo engcono yabo bonke abantu base-Afrika.Akuqinisa ukuthi ukubumbana kwe-Afrika kwaku-baluleke kakhulu uma inhla-lakahle nenhlalonhle",0
977,vukuzenzele,imi-ndeni yabo ebisiphile khona izizukulwane ngezizuku-lwane kubuyisa isithombe senkumbulo yenhlanganisela yemicabango kanye nobuhlungu bomunye nomunye beningi labantu baseNingizimu Afrika – abasuswa ngendluzula ezinda -weni zabo futhi bathathelwa umhlaba,0
998,vukuzenzele,Lokhu akuyona into enca ne ngenxa yokusebenza ngokuzikhandla kwa bezindaba bakithi.,0
2130,vukuzenzele,"nalezi zidingo ezilandelayo: Uthola isibonelelo sakwa-SASSA. Umholo wekhaya usuhlangene awudluli izi-R350 000 ngonyaka. Uma ungumuntu ophila nokukhubazeka, umholo wekhaya usuhlangene akufanele ube ngaphezu kwezi-R600 000 ngonyaka. Uma ungumfundi oqale",0
dev_isizulu_00196,AfriHate,@username mlungu all the way baba. siqhumisa isingisi kuphela.,0
2107,vukuzenzele,Empowerment Fund (i-NEF) kanye nezibonelelo eziphuma ohlelweni lokukhuthaza lakwa-DTIC.,0
2479,vukuzenzele,“Imboni itshale izigidi ezingama-870 zamarandi ukuze kusungulwe ima kethe yokukhulisa abalimi abansundu aba ngma-50 futhi ukuze ku bhekweukuthunyelwa kwezimpahla kwamanye amazwe ukuze kusungulwe imisebenzi lapha ekhaya.,0
668, inxanxathela yezitolo izokhulisa umnotho endwedwe ,"KULINDELEKE ukuthi izinga lomnotho KwaZulu-Natal linyuke nabantu abawu-235 bathole umsebenzi uma sekwakhiwe inxanxathela yezitolo eBhamshela, eNdwedwe.Sijabulise umphakathi waseNdwedwe isimemezelo esethulwe izolo uNgqongqoshe wezokuThuthukiswa koMnotho nezokuVakasha, uMnuz Sihle Zikalala. Ungqongqoshe uthe ukwakhiwa kwenxanxathela kuzokwenza ukuthi umphakathi ungabe usaya kude uma uyothenga njengoba kuzoba khona izitolo ezinkulu. Ukwakhiwa kwezitolo kwenziwe wuhlaka lukahulumeni wesifundazwe, iKZN Growth Fund.UZikalala izolo uhlabe isoyi lokwakhiwa kwenxanxathela yezitolo ezodla uR61.4 million.Kuvele ukuthi likhulu isasasa kosomabhizinisi asebefake izicelo zokusebenza enxanxatheleni.Izolo ungqongqoshe uvakashele inkulisa iZizameleni Pre-School ehambisana neMeya yakwaDukuza, uMnuz Ricardo Mthembu. Be­beyonikela ngamakhompyutha namapeni enkulisa. Bobabili bebeyofeza isethembiso ababe­senze ngonyaka odlule besekwiKhabhinethi benomkhankaso iSukuma Sakhe emphakathini waseMdlebeni KwaDukuza.Ungqongqoshe uxolisile ngokuthi baphuze ukubuyela ukuzofeza isithembiso.",0
221,vukuzenzele,"“Ngashada ngoZibandlela kowe zi-2020 futhi unkosikazi wami ukhulelwe. Sengibone abaningi abantu besifazane abakhulelwe beshona ewodini leCOVID-19. Kwakudingeka ukuthi ngiqa phele kakhulu ngoba ngangi ngafuni ukubeka impilo kankosi kazi wami engozini,”",0
451, ukuchela ushibhoshi akuzibalekisi izinyoka ungoti ,"UKUSHISA ithayi noma ukuchela igceke ngoshiboshi akuzibalekisi izinyoka emzini wakho.Lokhu kushiwo uMnuz Jason Arnold owungoti obamba izinyoka eThekwini. Uthe izinyoka eziningi aseke wazibamba emizini yabantu zisuke zikulo lelo gceke okusuke kukade kushiswa kulo ithayi noma elichelwe ngoshibhoshi  ngenhloso yokuthi iphume lapho icashe khona.Uthe inyoka iphuma lapho icashe khona kuphela ima ibona sengathi isivalelekile noma izibona sengathi isengozini.“Angazi ukuthi ubani owaqhamuka nesu lokushisa ithayi nokuchela ngamanzi anoshibhoshi egcekeni. Abanye batshala ishaladi noma u-anyanisi eduze kwezindlu ngoba bekholwa ukuthi kuzoqhelisa izinyoka, iqiniso ukuthi lezi zinto azizivimbi izinyoka ukuthi zihambe egcekeni. Uma inyoka izibona ukuthi ivikelekile iyazihlalela noma ngabe lezi zinto zenziwe kulelo gceke,” kusho yena.Uqhube wathi izinyoka zibonakala kakhulu phakathi kulaSepthemba noNovemba ngoba yisikhathi lapho zisuke zimatasa khona zakha imindeni emisha, ngakho ziphuma lapho zisuke zicashe khona ukuze zithole ophathina.Uthe ezinye sezizathu ukuthi entswasahlobo kuba nezimvula  bese kuba nezinambuzane namaxoxo adliwa yizo izinyoka, ziyaphuma ziyozingela.Uthe yize indawo ngayinye kungenzeka ibe nezinyoka ezingu-25 ezehlukene kodwa zikhona izinyoka ezivamise ukubonakala  ezindaweni eziningi kuleli, njengemamba emnyama, night adder, vino snakes, Boomslang, istilletto neMozambique spitting cobra.Uthe nakuba zonke izinyoka zinobuthi  kodwa zikhona ezinobuthi obungabulali kodwa obuholela ekutheni uvuvukale noma ulahlekelwe yilelo lunga lomzimba elilunywe yinyoka njenge-stiletto.Uqhube wathi izinyoka ziluma abantu ngoba zisuke zicabanga ukuthi zisengozini noma ziyahlaselwa kodwa azibahlaseli abantu, uma inyoka ikubone kuqala uthe iyabaleka. Unxuse umphakathi ukuthi ngalesi sikhathi sonyaka ususe zonke izinto ezigaba yikhaya lezinyoka njengezinkuni, uthayela nezinye izinto ezingaba segcekeni. Uthe uma lezi zinto zikhona egcekeni kumele zinganciki enhlabathini ngoba izinyoka yiyathanda ukuhlala endaweni emnyama, azifuni ukuhlala endaweni lapho zizophazanyiswa khona izinja nezinye izilwane.  Izihlahla ezinde kanye notshani obude uthe nakho akudingeki ngalesi sikhathi.Uthe uma kwenzeka ulunywa yinyoka kumele ubophe inxeba ngebhandishi, bese uphuthuma esikhungweni sezempilo. Uthe kumele uqaphele ukuthi awuliqinisi kakhulu kuze kuphazamiseke ukuhamba kwegazi ngoba ungagcina uqunywa kanti inyoka ekulumile ayinabo ubuthi.Uqhube wathi kumele wehlise ukwethuka ngoba ukushaya ngamandla kwenhliziyo ngenxa yokwethuka kungaholela ekutheni ubuthi busheshe busabalale emzimbeni.Uthe ukukwazi ukuchaza ukuthi inyoka ekulumile ibinjani kuyabasiza abasesikhungweni sezempilo kodwa abasebenzi bezempilo  bayakwazi ukubona ngezimpawu zesiguli, ukuthi silunywe yiyiphi inyoka.Uma kuyingane engakhulumi elunywe yinyoka uthe kunzima ukuba nesiqiniseko sokuthi ilunywe yinyoka kodwa ezinye zezimpawu ongazibona ukuthi ingane iphalaze,noma ihluleke ukuphefumula kahle.",0
test_isizulu_00203,AfriHate,@username uhlala eres yami ofika mlungu,0
1534,vukuzenzele,namalungelo kanye nomunye olwisana nodlame olu-bhekiswe kubulili obuthile. Zo-mbili lezi zingqikithi zibaluleke kakhulu ohlelweni lwethu lukazwelonke. Ezinyangeni ezilishumi nanye kusuka uHlelo Oluphuthumayo Lomabizwasabele lokuqeda udlame olubhekiswe,0
dev_isizulu_00465,AfriHate,@username dudlu madolo kanyoko anhthukiwena kepha ngthuka lentenghluphayo ngawe mi❤️thatha celuyiphathekahle🤦,0
test_isizulu_00420,AfriHate,"@username ngoza, thina esikhulele emabhunwini, ibhunu belibathroom, sink in the kitchen, a flushing toilet and electricity endaweni ekude nedolobha or infrastructure kodwa ukhongolose akakwazi ukwenza lokhu okwakwenziwa amabhunu.",0
3539,vukuzenzele,Products Regula-tory Authority. Umgomo i-Oxford University-AstraZeneca usuvele ugunyaziwe kakade ngabalawuli abehlukahlukene emhlabeni jikelele futhi usuqalile ukukhishwa unikezwe abantu kwamanye amazwe.Ngakube iNingizimu Afrika izoyithola kuphi imigomo,0
3337,vukuzenzele,"kubandakanya amaphakethe kasikilidi, izitsha zomlotha, nome ntshisi. Phuza kakhulu amanzi – lokhu kuzokusiza ukuthi ukhiphe i-nicotine emzi mbeni wakho. Yazisa umndeni wakho kanye nabangani ukuthi uzama ukuyeka u gwayi ukuze bakusekele. Ungahlangabezana",0
690, izobuyela kwi ifp ikwazulu natal msimango ,"I-IFP ithi ukhetho lwangoMeyi 8 luzocacisa ukuthi ngubani umakhonya phakathi kweNkatha ne-ANC. Lokhu kuvele ngoLwesihlanu ngesikhathi kunomhlangano oyisipesheli wesiShayamthetho mayelana nokuba sihlakazwe kuleli hlandla eliphelayo leminyaka emihlanu ukuze amaqembu akwazi ukukhankasela ukhetho luka-2019.UMnuz Nhlanhla Msimango we-IFP utshele amalungu kaKhongolose ukuthi umbuso wabo ubaliwe njengoba kuza ukhetho.“Ngithi kini Mene, mene, tekel, upharsin. Ngithi uMbuso wenu Macingwane nawe Zikalala uphelile. Sizobuyisa okwethu. Ngemuva kokhetho siyiNkatha sizobe sihleli kulolo hlangothi siphethe isifundazwe, nina ningapha emabhentshini aphikisayo. Kulo nyaka kuzocaca ukuthi obani amadoda ebafaneni. Uqhude manikiniki kuyaphela ngani ngoba nehlulekile,” kusho uMsimango obehhewulwa i-ANC.UMnuz Sihle Zikalala we-ANC uthe kufana nokudlala okushiwo uMsimango ngoba i-ANC ibasebenzele abantu baKwaZulu-Natal ngakho abaziboni bebuyela emuva.“Sithathe lo hulumeni izinga lokuphasa kuka-matric liphansi kakhulu kodwa namhlanje sithola imiphumela engamaphesenti angu-76. Namhlanje abantu bakithi banemigwaqo nengqalasizinda ngenxa kaloKhongolose. Mhlonishwa uMsimango sithi siyohlangana okhethweni,” kusho uZikalala.Ubonge wonke amalungu esiShayamthetho ngokusebenzisana kahle.USotswebhu we-ANC, uNksz Nontembeko Boyce, uthe nakuba isiShayamthetho sihlakaziwe ngokwezigaba ezithile zomthetho kodwa imisebenzi izoqhubeka.“ISilo samabandla wonke sizoqhubeka sizovula isiShayamthetho ngoLwesibili bese kulandela uNdunankulu nenkulumo ezobe ichaza kabanzi ngesimo sesifundazwe. Ngisho amakomiti azoqhubeka nemisebenzi yomphakathi ,” kusho uNksz Boyce.",0
354, kubatshazwa ubunzima obuza nentela ivat ,"IZAZI zomnotho zidonse ngendlebe abantu ukuthi babophe izifociya ngoba kuzoshuba njengoba sekuzozwakala ukunyuka kwentengo ekhokhwa uma uthenga impahla, iValue Added Tax (VAT) enyuke ngo-1% isuka ku-14% yaya ku-15%.UMnuz Jason Urbach oyisazi somnotho kwiFree Market Foundation, uthe ukunyuka kweVAT kuzoshubisa ngoba kuzozwela kuwo wonke umuntu.“Abantu kufanele babophe izifociya ngoba intela izobaphilisa kabuhlungu. Abampofu bazoyikhokha iVAT ngoba akudliwa impuphu kuphela kodwa bayayidla inyama nokunye okuningi. Bazokhokha kakhulu noma begibela ngoba ukunyuka kwentela kaphethroli kusho ukuthi osomatekisi bazonyusa imali yokugibela, ukuze benze inzuzo,” kusho u-Urbach.UNobhala weCosatu KwaZulu-Natal uMnuz Edwin Mkhize, uthe namhlanje bazoqhinqa ngaphandle kwamahhovisi oMnyango wezeziMali eMgungundlovu, emgwaqweni uChief Albert Luthuli ngoba bafuna yehliswe iVAT.“Silindele ukuthi uhulumeni wethu njengoba ehlale ethi uyabalalela abantu, asilalele ayehlise iVAT ngoba ihlukumeza wonke umuntu. Yebo kukhona ukudla okuthiwa uma ukuthenga ngeke uyikhokhe iVAT kodwa lokhu akuwususi umthwalo emahlombe abantu. Sifuna uhulumeni ayehlise iVAT,” kusho uMkhize.Uthe banethemba lokuthi uhulumeni uzoyehlisa iVAT ngoba umkhankaso wabo wokuthi yehle uyaqhubeka.UMengameli weCosatu, uMnuz Sdumo Dlamini uthe baxoxe nobuholi be-ANC ngodaba lweVAT kodwa bebengakaxoxi noMnyango wezeziMali.Uthe sebeqalile ukumasha ngoba bafuna ukuthumela umyalezo ocacile wokuthi abahambisani nokunyuka kweVAT.Khona manjalo inkampani ekhiqiza ukudla iWillowton Group, iveze ukuthi ngeke iyinyuse iVAT ngo-Ephreli, Meyi nangoJuni ukuze ivikele abathengi.Isikhulu esiphezulu seWillowton Group, uMnuz Zubeir Moosa sithe bayazi ukuthi iVAT izoshubisela abathengi yingakho bekhethe ukungayinyusi kuyo yonke imikhiqizo yabo okungenani izinyanga ezintathu.“Sicela nezinye izinkampani zingayinyusi iVAT izinyanga ezimbalwa, ukuze abathengi bangathwali kanzima,” kunxusa uMoosa.",0
199,vukuzenzele,"Le nkampani yasungulwa ngowezi-2014 abangani abahla-nu abangongoti ezimbonini zamakhemikhali, izimpahla ezithengisa ngokushesha, ukwe nziwa kwemikhiqizo, kanye nokunamathelisayo.",0
1783,vukuzenzele,"Lesi sifo sisabalala ngokuthintana ngqo, ngakho angeke usithole ngokuba segunjini elilodwa nomuntu osulelekile, kusho uNgqongqoshe.",0
3280,vukuzenzele,"Abantu abanezifo eziyimbelesela – njengesifuba so-moya, umfutho wegazi ophakeme, izifo eziyimbe-lesela ezihambisana nezinso kanye nesifo sikashukela – bangahlangabezana nezi-mpawu zegciwane le-coro-na (i-COVID-19) ezibucayi kakhulu, futhi bangafa nokufa",0
3177,vukuzenzele,zingxoxo zidinga ukuthi zibanjwe ngomoya wokufuna izisombululo. Ngiyathinteka kakhulu ngokuzimisela kwazo zonke izinhlangano ukuzibandakanya ezingxo xweni ezibalulekile ezihlose ukuthola isisombululo.,0
319, bayobuka eyomhlaba ngenxa yendodana yabo ,"UZOBE udlubhe umfaniswano weBafana Bafana ezinkundleni zaseRussia umndeni waseMlaza kwa-J ohlabane ngethuba lokuyobuka iNdebe yoMhlaba.Umndeni wakwaMasuku wehlelwe yinhlanhla emva kokuba indodana yawo eneminyaka eyisithupha, uThato, inqoba umncintiswano wenkampani yezicathulo iToughees wokuzibeka ethubeni lokuyozibuka eduze izinkakha zebhola zidudulana eRussia. Unina kaThato, uNkk Hloniphile Masuku, uthe babengalindele ukuthi uzonqoba kodwa bajabule njengoba bezolibangisa eRussia ngoLwesithathu oluzayo ngoJuni 13.“Sasingalindele ukuthi uzonqoba kodwa kuthe uma sebesithinta sathokoza. UThato uyalithanda ibhola kanti nathi siwumndeni ongabalandeli bebhola. Sijabule nangethuba lokuya ezweni langaphandle okokuqala ngqa,” kusho uNkk Masuku.Uthe ukujatshulelwa kwendodana yakhe kukapakele komakhelwane nasesikoleni efunda kuso iClarence Primary. Umndeni wakwaMasuku uzohlala isonto eRussia kanti uzobuka umdlalo owodwa bukhoma weNigeria.“Sikhethe umdlalo weNigeria ngoba sifuna ukuyoseka abakhaya bethu kodwa sizobe sigqoke ijezi leBafana ngoba sifuna kubonakale ukuthi sivelaphi,” kusho uNkk Masuku othe bangabalandeli beKaizer Chiefs. Kubadlali lo mndeni ozolindela ukubabona kubalwa ukaputeni weSuper Eagles oke wadlalela iChelsea FC e-England, * -Obi Mikel, umdlali we-Arsenal * -Alex Iwobi nomdlali weLeicester City uWilfred Ndidi. Umndeni wakwaMasuku uzohlala isonto lonke ezweni laseRussia. INdebe yoMhlaba izoqala ngoJuni 14 ngomdlalo weRussia neSaudi Arabia.",0
156,vukuzenzele,"engatholakala ekhaya. Igumbi ngalinye kumele libe nendawo yokugezela yalo, futhi isidlo sasekuseni kumele sibalwe emananini okuhlala.",0
test_isizulu_00230,AfriHate,umuntu uzoqinisa kakhulu kwijimi manje khululeka. ngiyabonga sdudla mnganami ##url,0
train_isizulu_00630,AfriHate,@username bazoni bhebha abanye abafana,0
train_isizulu_00503,AfriHate,efree state bakungidlisa ingulube (pork) ngisho ungayidli ##url,0
19,vukuzenzele,"UMnyango Wemfundo Eyi-sisekelo (i-DBE) ukuqiniseki-sile ukuthi ukuvulwa kabusha kwezikole ngendlela ephephile kungenye yezinto eziseqhu-lwini, ngokuhambisana nezinhlelo ezehlukene zokweseka abafundi ukuze basizakale ekutheni baqede ngempumelelo lo nyaka",0
3487,vukuzenzele,"Lezi zibalo zingabonakala zijulile futhi zifiphele, kodwa zinomthelela ekukhuleni ko mnotho wezwe lakithi kanye nasemananini esiwakhokhayo njengabathengi.",0
dev_isizulu_00366,AfriHate,"""usdudla, usdudla noma1000 izinja, izinja ezithanda ubumnandi @username #ecesawards ##url",0
3353,vukuzenzele,izinto ngendlela eyiyo.Uthi uhulumeni usebenzisa ulwazi analo uku-qhubekela phambili noku-vikela iNingizimu Afrika ekutheni ibhekane nalezi zigameko esizibone zenzeka emazweni afana ne-Italy.“Akusikho ukuvalwa kwangunaphakade; abantu kufanele bakukhumbule,0
dev_isizulu_00604,AfriHate,"quick question, why ikuku 🍑 ine nobhontshisi bese inuka ufish 🐠 ekuben ibizwa inkomo 🐄 ##url",0
train_isizulu_02708,AfriHate,"bathi, ""ungayikhipha ingulube odakeni, kodwa awusoze walukhipha udaka kwingulube.""",0
test_isizulu_00393,AfriHate,manginga bhebha ke nje iyobe isishayile..,0
445,vukuzenzele,"Sebenzisa insipho yokugeza izitsha encane, ukugwema isidingo sokuhlambulula",0
534,vukuzenzele,"Ukuhlomisa abesi fazane ngezolimoU-Dkt Zulu ukholwa ukuthi ezolimo zingaba negalelo ekuhlomiseni abesifazane ngokomnotho nasekusunguleni imisebenzi eminingi yabantu besifazane. “Uma uhlomisa umuntu wesifazane, uhlomisa isizwe. Siyakwazi ukwabe lana",0
105,vukuzenzele,"UMthethosisekelo wombu so wobandlululo wawuthe mbisa ukuthembeka kuNku lunkulu, “owahlanganisa okhokho bethu ndawonye besuka ezindaweni eziningi wase ebanika lokhu njengo kwabo”.",0
train_isizulu_01747,AfriHate,"yekelani ukudlisa amadoda, ndlisani abelungu babuyise umhlaba! ##url",0
508, isikhungo sibuyisa imidlalo yakudala ,"UKUKHULUPHALA kwezingane okudalwa ukuthi azisadlali kwenze ukuthi isikhungo samagugu nomlando eThekwini sibuyise imidlalo yakudala ngalama holidi kaKhisimusi. Kusukela ngoMgqibelo ozayo izingane zizofundiswa imidlalo yakudala ePhansi Museum eGlenwood, ukukhombisa abazali ukuthi akukona ukuchitha imali kuphela okungazijabulisa ngamaholidi. Le midlalo izodonsa uDisemba wonke njalo ngoMgqibelo.UNksz Thobeka Dlomo okhulumela lesi sikhungo uthe uma le midlalo iba yimpumelelo bazimisele ukuthi baqhubeke nayo ngisho sekudlule amaholidi.“Yize sihambisana nempucuzeko kwezobuchwepheshe kodwa siyafuna izingane zazi ngemidlalo yakudala. Izingane zamanje zichitha isikhathi endlini zidlala ngamaselula kwesinye isikhathi okungazifundisi yonke into. Le midlalo yakudala inezifundiso futhi yenza ukuthi izingane zinyakazise umzimba. Kumanje sinenkinga yokukhuluphala ngokweqile ezinganeni ngenxa yokuthi azisadlali,” echaza.Uthe yize imidlalo yenzelwe izingane, abadala bavumelekile ukuphelezela nabo bafundise izingane eminye yale midlalo.Uveze ukuthi nabo abadala bangafunda okuningi ngokuvakashela lesi sikhungo ngoba sinomlando. Imidlalo okulindeleke ukuthi ibe khona amagende, ingqathu, ushumpu, umagalobha, uqithi neminye imidlalo yakudala. Kungenwa mahhala kuyo yonke le midlalo.UNksz Dlomo uthe bafuna ukubuyisela isiko lokudlala ezinganeni njengoba ukudlala kwamanje sekuhlukile kunakudala. Uthe ukuphucuzeka sekwenza ukuthi ibukelwe phansi imidlalo yakudala ekubeni ibifundisa okuningi.",0
2336,vukuzenzele,"base-Afrika abaningana abaqavile njengezithunywa ezikhethekile, ezizoxoxisana nabaxhasi bamazwe nga-mazwe kanye nezikhungo ezahlukahlukene ukuze bezoyokhulumela i-Afrika ukuze ithole ukwesekwa ngezimali nokusizwa nge-zikweletu.Ngale ndlela, ukusebenza",0
train_isizulu_02202,AfriHate,@username isende indlela o ##url,0
358,vukuzenzele,"Ngowezi-2017 kwaba khona ukwemukwa kwezimpondo zobhejane okuyisishiyagalo mbili Esikhumulweni Sezindiza i-OR Tambo International futhi kwaboshwa abangama-502 abasolwa ngokuzingela obhe jane nabayi-16 abasolwa ngo kushushumbisa izimpondo zobhejane,",0
dev_isizulu_00120,AfriHate,hawu lomiyane ungilume isende o_o,0
505,vukuzenzele,"ngezinye futhi izinyanga ezintathu.Lezi zinyathelo zingezesi khashana.Manje kumele sigxile ekwakheni indawo ezovumela ukululama kwamabhi zinisi, kanye nokukhula komnotho okuzoqhubezela ukusungulwa kwamathuba emisebenzi futhi ihehe utsha lomali.Ukululama",0
2915,vukuzenzele,"UMongameli uRamaphosa umemezele ukuthi Isikhwama Sobumbano siqoqe izigidigidi ezi3.4 zamarandi kubantu baseNingizimu Afrika kanye nasezinkampanini ezingaphezu kwezi300 000, ngesikhathi abantu abangaphezu kwama-400 kanye nezinkampani eziyi100 bezinikele",0
651,vukuzenzele,"zahlolwa nguMnyango Wezempilo, ezizoba nemibhede eyi-zi-35 759. Izibhedlela ezingama-32",0
3040,vukuzenzele,"Esinye sezizathu esiba lulekile sokuyibamba ngonyaka ozayo ukuthi bazobe sebebaningi abantu asebegomele iCOVID-19 ngaleso sikhathi, okuzo kwenza kube lula uku hamba kanye nokubuthana.Nakuba iNgqungquthela yesine Yotshalomali isiba mbezeleke ngezinyanga",0
1630,vukuzenzele,"esibi se-COVID-19 siyintuba yethuba lokuphinde sakhe kangcono.Kulesi sikhathi sesiphithiphithi, siyobe asizenzeli kahle uma senza izithembiso ezingeke zifezeke ezinyusa amathemba, bese siya phoxeka uma zingafezeki. Yingakho omunye nomunye wemisebenzi",0
2361,vukuzenzele,"ingxenye eshile yomzimba ngaphansi kompompi wamanzi abandayo imizuzu engama-20. Ungasebenzisi iqhwa, amanzi aneqhwa, ibho tela noma ngumuphi umkhi qizo osamafutha esilondeni sokusha,” kusho u-Dkt u-Dos Passos.",0
train_isizulu_00214,AfriHate,wayenza indaba @username ngendaba yenkukhu eyafunda kuma model c yakwa woolworths 🤣,0
train_isizulu_00306,AfriHate,"ungabi islima, slima. 🙌🏽🤣🔥 ##url",0
test_isizulu_00307,AfriHate,"another hit after ""mshove"" manje sithi ""mkhuze uzobhebheka"" 🔥🔥🔥🕺🕺🕺 ##url",0
dev_isizulu_00105,AfriHate,ingathusa ngisho imfene phela leyacheri,0
train_isizulu_02585,AfriHate,"""2 slice wani? letha ukudla kudliwe "" 😂😂 ##url",0
test_isizulu_00104,AfriHate,lmao ukhaliswa ukuba inkomo 🙄 ##url,0
3276,vukuzenzele,"Ngokuhambisana nombuso okhonayo futhi othuthukayo, izwe lethu ngakho-ke lidinga umkhakha ozimele ophumelelayo otshala izimali kumakhono okukhiqiza.",0
dev_isizulu_00259,AfriHate,"@username yoh! kubaleka imfene makunje, nebhubesi ngeke limudle lo .",0
dev_isizulu_00597,AfriHate,@username bekungafanele abuke abelungu kakhulu 😂😂,0
train_isizulu_02497,AfriHate,😂😂😂 uyagheza lo mlungu! ##url,0
2829,vukuzenzele,ingxenye enkulu yesikhathi besemsebenzini bengahleli nezingane zabo.,0
3335,vukuzenzele,"“Ucwaningo lukhomba uku thi babalelwa kumaphesenti angama-30 kuya kwangama-40 abantu ababhemayo abangahle bahlaselwe yinhlobo yesibili yesifo sikashuke la ukunalabo abangabhemi. Ukubhema kuphinde kwe nze kube nzima ukulawu la lesi sifo,” kusho yena. Amasu",0
779,vukuzenzele,hlalu kanye nekhroshiwe seyithengwe nangamakhasi- mende akude ako-Germany nako-Sweden.,0
test_isizulu_00166,AfriHate,just saw istabane esu'skhotheni lol 😂,0
3078,vukuzenzele,"Ubisi, ubisi oluphehliwe, ubisi oluyimpuphu kanye nemikhiqizo yobisi oluyimpuphu Ukudla okusanhlamvu, okufana nophizi, ubhontshisi, amantongomane, njll.Ama-sanitary towels (ama-pads) nawo awanayo intela, nama-pads asetshenziswa abaqeda kubeletha kanye",0
2687,vukuzenzele,esazibeka ukuze kusizwe amabhizinisi namakhaya antulayo. Uku-phazamiseka komnotho futhi kuchaza ukuthi imali yentela yehle ngokubonakalayo. Ku-nezingxenye zomnotho ezi-zothatha isikhathi eside uku-phinde zivuke futhi ngenxa yokwehla kwesidingo sawo,0
387, ukhunjulwe njengeqhawe owashutha uhector pieterson ,"IKHUNJULWE njengeqhawe inkakha yomthwebuli waseNingizimu Afrika, uMnuz Sam Nzima, oshone ngoMgqibelo. Igama likaNzima laduma umhlaba wonke ngemuva kwesithombe asithatha sikaHector Pieterson ngoJuni 16, ka-1976, ngesikhathi abafundi bakuleli bebhikishela ukuthi kuqedwe umthetho wokufundiswa kwesibhunu kuleli.Lesi sithombe indlela esaduma ngayo saze sangena ohlwini lwezithombe eziwu-100 ezaguqula umlando ephephabhukwini elihlonishwayo emhlabeni lase-United States, iTime Magazine. Noma sakhombisa isithombe esiyiso ngokwakwenzeka eNingizimu Afrika ngaleso sikhathi, uNzima wazidonsela amanzi ngomsele ngaso. Wadingiswa endaweni ayehlala kuyo eSoweto, wabuyela eLilydale eMpumalanga waphinde wanqatshelwa ukuthi aqhubeke nokuthathe izithombe. Amaphoyisa kahulumeni wobandlululo amsola ngokuveza isithombe esibi ngeNingizimu Afrika.Phakathi kwabadlulise amazwi enduduzo emndenini kaNzima kubalwa noMengameli wezwe uMnuz Cyril Ramaphosa otuse amagalelo akhe ngezikhathi zomzabalazo.“Akekho oyophinde afane noMnuz Sam Nzima. Wathwebula izithombe eziziveza ubuhlungu abantu ababebhekene nabo ngesikhathi sobandlululo. Wabamba iqhaza ngokuphikisa imithetho yobandllululo kwaze kwaba yisikhathi semibhikisho yabafundi eSoweto. Siyosikhumbula njalo isithombe sakhe sikaHector Peterson esaba wuphawu lokulwa nempoqo yokufundiswa kwesibhunu ezikoleni zabansundu,” kusho uRamaphosa esitatimendeni.",0
1115,vukuzenzele,"U-Mellony Ramalho we-A frican Bank uthi abasebenzi bajwayele ukusheshe bahole ngenyanga kaZibandlela, okwenza bawulinde eside isikhathi umholo wabo wa ngoMasingana.",0
train_isizulu_01467,AfriHate,kangaroo court ngampela le. u judge zondo uzokwehla isithunzi. ngalo mbhedo we khomishini. owa sungulwa u thuli madonsela. edlala amabhunu. @username . lafa elihle kakhulu. sadlala abelungu ezweni lethu,0
1877,vukuzenzele,"Ukukhipha isisu kungenzeka futhi emva kwesonto lama-20 uma udokotela, emva kokuxoxisana nombelethisi osemthethweni, ukholelwa ukuthi ukuqhubeka nokukhulelwa kuzobeka engozini impilo yowesifazane, kungaholela ekonakaleni kombungu noma kunobungozi",0
1265,vukuzenzele,"Indlela yokuziphatha elimazayo ayemukelekileAkwemukelekile nanini ukulimaza izingane. Indlela yokuziphatha elimazayo ihlanganisa ukuzimemeza, ukuzithuka ngenhlamba, uku zesabisa kanye nokuzijivaza.",0
1562,vukuzenzele,"Ukuze kuthulwe umthwa lo wokunyuka kwezindleko zokuphila, uNgqongqoshe Wezezimali uNhlanhla Nene waqoka ithimba elalizoqha muka nezincomo zokuthi ngeziphi ezinye izimpahla ezidingeka emakhaya okwa kumele zifakwe esigabeni sokungakhokhelwa i-VAT.",0
1096,vukuzenzele,"nabesifazane, abokufika kanye nezakhamuzi. Ubugebengu, hhayi abokufika, isona isitha okumele sisebenze ngokubambisana ukuthi sisinqobe. Ngeke sinqobe ubugebengu ngokugqugquzela ukwephula umthetho, udlame, ukusabisa kanye nokuzithathela umthetho ezandleni",0
train_isizulu_00919,AfriHate,@username ngivele ngibe mubi ngathi imfene 🤣🤣🤣🤣,0
train_isizulu_02802,AfriHate,magumede sawubona aze asihlukumeza amaphoyisa asemandeni ngolweshlanu ngabo2 ntambama ezosifuna utshwala abechitha kwasani achithe nentelezi esichela ngayo ekhaya njengoba sihlushwa imfene abewu15 ahlulwa amasela endaweni  ahlulwa a abulala @username ,0
1784,vukuzenzele,UNgqongqoshe uPhaahla uqinisekise izakhamuzi zaseNingizimu Afrika ukuthi isifo se-Monkeypox asilona igciwane eliqalayo ukuba khona futhi ososayensi banolwazi ngalo.,0
3599,vukuzenzele,"kubhekwane nale nselele kazwelonke.Ngokucacileyo, intsha yezwe lethu ibona leli lizwe njengezwe elinamathuba futhi elithembisayo, nakuba kunezithiyo nezingqinamba ehlangabezana nazo. Evikini ele dlule nje lilodwa, ngihlangane na bantu abasha baseNingizimu",0
557, bakhona abahlela ukuketula umengameli umhlaziyi ,"BAVEZE imibono eyehlukene abahlaziyi bezepolitiki mayelana nomhlangano wabaholi abathile be-ANC okubalwa nobengumengameli wezwe uMnuz Jacob Zuma lapho kuthiwa bekuboshwa kuwo uzungu lokuketula uMengameli Cyril Ramaphosa.Iphephandaba lesiNgisi langeSonto libike ukuthi uZuma, uNobhala-jikelele we-ANC, uMnuz Ace Magashule, obenguNdunankulu aphinde abe nguSihlalo we-ANC eNorth West, uMnuz Supra Mahumapelo, uNobhala we-ANCYL KwaZulu-Natal, uMnuz Thanduxolo Sabelo, noNkk Meokgo Matuba we-ANCWL nabanye bahlangane eMaharani Hotel, eThekwini. Iphephandaba lize laveza nesithombe esikhombisa laba baholi bekuleli hotela.Umhlaziyi wezepolitiki, uMnuz Ralph Mathekga, uthe izinsolo ziyinto ekhona. Lokhu kufakazelwa wukuthi i-ANC ikhiphe izincazelo eziningi ezehlukene ngazo.“Ukuthi umhlangano waba khona noma cha kukhombisa ukuthi ngaphakathi kwi-ANC bakhona abahlela ukuketula umengameli,” kusho uMathekga.Omunye umhlaziyi wezepolitiki, uMnuz Xolani Dube, ongumcwaningi kwisikhungo iXubera Institute uthe akekho ozokwazi ukuthi bekukhulunywani emhlanganweni kuze kube omunye wabo uphula umgomo wokugcina imfihlo uphumela obala uyasho ukuthi bekukhulunywa ngani.“Iqiniso wukuthi umhlangano ube khona kodwa akekho owaziyo ukuthi bekukhulunywa ngani kuwo,” kusho uDube.Uthe yena akaboni ukuthi le ndaba yomhlangano ingaze isuse umsindo.Ugxeke uSabelo ngokuphumela obala azame ukuziqhelelanisa nezinsolo.Omunye umhlaziyi wezepolitiki, uMnuz Thabani Khumalo, uthe okwamanje kunzima ukusho ukuthi izinsolo ziyinto ekhona yini noma engekho. “NgesiZulu kuyaye kuthiwe ungayibambi isavele ngekhanda kodwa okukhulu kunakho konke wukuthi kwi-ANC akukho ukuthembana. Imihlangano ingenye yezindlela zepolitiki kodwa ngenxa yokuthi akukho ukwethembana sekuvela izinsolo ezifana nalezi,” kusho uKhumalo.Ebuzwa ukuthi ngakube izinsolo aziwulimazi yini umkhankaso kaSabelo ogaqele isikhundla sokuba ngumengameli we-ANCYL, uKhumalo uthe ziwushaye phansi ikakhulukazi njengoba imiphumela yezingqungquthela kwi-ANC igqugquzelwa yizimbangi.“Naye uyabona ukuthi izinsolo ziyamlimaza yingakho komunye umthombo wezindaba ethe ufisa kwenziwe uphenyo ukuze kuvele iqiniso,” kusho uKhumalo.Ilungu lesigungu esiphezulu kwi-ANC, uMnuz Zizi Kodwa, lithe abazi lutho ngomhlangano ngoba kwakungesiwo owe-ANC.“i-ANC ayikaze ibe nomhlangano, kukubona abantu okuthiwa babesemhlanganweni ukuthi basho ukuthi babekhuluma ngani,” kusho uKodwa.Ushaye phansi ngonyawo wathi akekho umuntu ngaphakathi noma ngaphandle kwi-ANC ongaguqula izinqumo ezathathwa eNasrec.",0
2215,vukuzenzele,Abangazange basifake isicelo ngesikhathi ngenxa yesizathu esithile noma abangazange basifake nhlobo isicelo.,0
train_isizulu_00886,AfriHate,@username eyiii badlalile ngalo ngamla la🙈🙈🙈,0
train_isizulu_01982,AfriHate,ingabe kanti zazizalwe zingowona yini amabhunu 🤣🤣🤣🤣🤣🤣 ##url,0
train_isizulu_01817,AfriHate,"""@username : kakhulu. sikulomhlaba nje sizengalo ""@username : ladies,...niyalithanda isende?"""" lmaoo amandla !!!!!",0
train_isizulu_02424,AfriHate,ukuthi umfazi ungibopha ngezintambo angivithize ngensilane ekamereni. iyekeni lento mazulu,0
2070,vukuzenzele,"Umqondisi woMgcinimafa kuZwelonke, u-Andile Best, ohola ingosi yeVulekamali, uthe inhloso yabo enkulu ukukhulisa intshisekelo emphakathini, uk ubamba iqh aza kanye nokuba nolwazi ngezinhlelo zezimali zikahulume ni.",0
209,vukuzenzele,"Usekelangqongqoshe Wo mnyango Wezohwebo Nezi mboni uBulelani Magwanishe uthe i-Kevali Chemicals ibe yinkampani yokuqala ewungoti ngokuphathelene nomkhakha wamakhemikhali, ukukhiqizwa kwezemithi kanye namaplastiki eyagunyazwa ukuthi ixhaswe kusukela",0
train_isizulu_00685,AfriHate,"kwesami, emgababa. ngehla ngo- shibedabe sabanika, mfazomyama neyingane zakhe, bhobho mathambe spoki, qoma ntombi ngafa yinhlamba kanyoko,  usoka lentombi ekade ila! ##url",0
3471,vukuzenzele,"Angiwuvali umlomo futhi ngisamangele. Ngisatho tshwe ukwesekwa engiku thole emphakathini wami kanye nasebantwini abanga phandle kwaseFreyistata.”UMasakane uyintandane eyakhuliswa u-anti wayo owayenebhizinisi lezinkukhu futhi ethengisa uswidi, ama khekhe",0
750,vukuzenzele,"Uma uhlelo-kusebenza lokuqoqwa kwentela kanye nemithetho eseka lokho isebenza kahle, ingaxaki futhi isebenza ngokulinganayo, ikhuthaza ukuthotshelwa kokukhokhwa kwentela.",0
3577,vukuzenzele,"Bangamadodana kanye namadodakazi azalwe emva kokufika kwentando yeningi labantu kuleli. Nakuba bengahlangabezananga ngqo nezenzo zesihluku no nya lobandlululo, bayaqhubeka nokuphila ngaphansi kokhondolo lobandlululo olubonakala ngoku ngalingani okusekhona",0
test_isizulu_00431,AfriHate,@username izosiququdela yona le-mentality icorona virus. eyi futhi thina mazulu 👏🏾😂,0
2224,vukuzenzele,igama nge-SMS ku 49200) noma bangabhalisa online. Eminye imininingwane ungayithola ekhasini labo le- Facebook (CACH_SA).,0
495, kusewumqansa ukuthola ulwazi ngofakazi owashona eqashiwe ,"KUSEWUMQANSA emaphoyiseni ukuthola imininingwane mayelana nokubulawa kwesikhulu sikaMasipala waKwaNongoma, esisocongwe singaphansi kohlelo lokuvikelwa kofakazi boMbuso.Ihhovisi likazwelonke emaphoyiseni sekuphele isonto lizama ukuthola ulwazi emaphoyiseni ase-Eastern Cape ngokubulawa kukaMnuz Bonginkosi Shoyisa (45), isidumbu sakhe esatholwa endlini abegcinwe kuyo ePort Elizabeth sesonakele, ekopolotwe amehlo wathelwa nge-acid.UShoyisa ubehlala kule ndlu eseWalmer ethathwa njengephephile ukuze akwazi ukuyofakaza ecaleni lokubulawa kowayenguMcwaningi maBhuku kaMasipala waKwaNongoma, uMnuz Archie Duma owayezodedela umbiko oshaqisayo wenkohlakalo emkhandlwini.Okhulumela amaphoyisa kuleli, uColonel Brenda Muridili, uthe namanje basalinde izimpendulo ohlakeni oluqondene nalolu daba lokushona kukaDuma ngemuva kokuba Isolezwe lamthumelela i-email ngeSonto.“Abophiko oluqondene nalolu daba abakasiphenduli kuze kube manje. Sizokwazi ukuphawula uma sebesinikeze yonke imininingwane,” kusho uColonel Muridili.Kulolu daba umndeni ufuna izimpendulo ngoba amaphoyisa awutshela ukuthi ugulile uShoyisa kodwa umbiko wokuhlolwa kwesidumbu kaDkt Gregory Hanslo ukhomba ukuthi wabulawa wakhishwa namehlo, washiswa nge-acid.Umfowabo kamufi uMnuz Simon Shoyisa uthe okubi ukuthi nonina, uNkk Nompumelelo Shoyisa, usebalekile ekhaya ngoba uyesatshiswa.Icala obekuzofakaza kulo umufi bekumele liqale ukuqulwa ngoMsombuluko eMthunzini ngemuva kokuba lisuswe KwaNongoma kodwa umsolwa, uMnuz Phakamani Innocent Mthembu ushintshe ummeli ngomzuzu wokugcina kanti usuku lokuqulwa kwalo selophuma ngoDisemba 12.",0
1262,vukuzenzele,"Nanoma abazali abaningi beklomelisa izingane ngezinto zezingane zoku dlala noma ngamaswidi, ukuklomelisa okungcono ukwanga, ukumamatheka kanye nokukhombisa ukuthi unendaba nazo.",0
692, izinyunyana zothisha zishaya amakhala ngekaramaphosa ,"PHEZU kokuba izinyunyana zothisha ziyamukela inkulumo kaMengameli Cyril Ramaphosa ngendaba yokuthuthukisa imfundo ngokuthi kube nama-tablet kubona bonke abafundi kuleli kodwa ezinye izinto zithi zingagcina zingenzekanga.URamaphosa umemezele izinto eziningi uhulumeni ahlose ukuzenza kwezemfundo njengokuthi uhlelo lwama-tablet luqale ezikoleni ezisemakhaya nasemalokishini, kuguqulwe izikole eziningi zibe ngezamakhono kanjalo nokuqinisekisa ukuthi kunezindlu zangasese kuzona zonke izikole.UMengameli weNatu, uMnuz Allen Thompson, uthe noma bekwamukela konke okushiwo nguMengameli ngesikhathi ethula inkulumo ebibhekiswe esizweni ngeledlule kodwa okunye kwakho ngeke kwenzeke.Uthe kumele kuqeqeshwe othisha ngezobuchwepheshe njengoba kuzomele bafundise abafundi abaphethe ama-tablet.Uqhube wathi kunezikole ezingenawo ugesi namanzi, izindlu zangasese, unogada futhi kazibiyiwe.“Uma uletha ubuchwepheshe obunje udinga zonke lezi zinto. Izikole azinikiwe nemali ngumnyango, ezinye azinazo nezincwadi zokufunda. Angiyiphathi eyonogada abakhokhelwa ngumnyango yiphupho ezikoleni eziningi okusho ukuthi uma sebufakiwe lobu buchwepheshe buzokwebiwa. Ezinye zezikole azinazo izindlu ama-strongroom okugcina impahla ebalulekile, kwezinye izicabha nama-buglar guards akukho,” kusho uThompson.Uthe kungathatha isikhathi ukuthi lezi zinto zilungiswe kuzona zonke izikole.“Sifuna ungqongqoshe wezemfundo kuzwelomke abuyise uhlelo lokuthi othisha bathole ama-laptop. Lolu hlelo kwaxoxwa ngalo lwaze lwaya nasePhalamende lwagcina lungafinyelelanga ndawo.”Uthe izinto eziningi uMengameli abekhuluma ngazo zizogcina ezikoleni ezazingama-Model C ezinezinsiza.Okhulumela iSadtu, uNksz Nomusa Cembi, uthe bafuna othisha baqeqeshwe ngezinto ezithinta ubuchwepheshe.Uthe bayakwamukela okushiwo nguRamaphsoa wathi kumele kusheshiswe indaba yezindlu zangasese.“Indaba yezindlu zangasese yinto okumele isheshiswe ngoba kunabafundi abafayo ngoba bephonseka kwingqalasizinda engekho esimeni. Abaqeqeshwe othisha ukuze bakwazi ukubhekana nezinto ezithinta ubuchwepheshe.”Uthe badumele ukuthi akukho okushiwo ngendaba yekhomishini eyajutshwa ngowayengumengameli wezwe uMnuz Jacob Zuma eyayizobhekana namaholo abasebenzi bakahulumeni iqale ngawothisha.“Akushiwo lutho ngale khomishini okunalokho kukhulunywa indaba yokuthi kuzodilizwa. Siyajabulangenkulumo kaMengameli kodwa ezinye zezinto kusekude ukuthi zenzeke.”URamaphosa umemezele nokuthi kuzoqalwa nezifundo zamakhono nezintsha okubalwa iTechnical Mathematics neTechnical Sciences, Maritime Sciences, Aviation Studies, Mining Sciences neQuaponics.",0
train_isizulu_01238,AfriHate,nguban'loyo rt“@username : nayi ingulube inginonela bo”,0
549, bafuna ukukhululeka abensangu ,"BASAZOBOSHWA abazotholakala nensangu emakhaya abo yize kuleli sonto kube nenhlokomo kwabaningi bejabulela isinqumo seNkantolo yoMthethosisekelo ethe ngeke kusaba yicala ukutholakala nensangu ekhaya, inqobo nje uma ungayidayisi.Yize abantu bakuleli becabanga ukuthi selokhu kuphume isinqumo, sebengenza noma yini ngensangu ekhaya, izazi zithi inkantolo ikubeke kwacaca ukuthi umthetho ovuna insangu uyoze usebenze eminyakeni emibili ezayo.Njengamanje uhulumeni usanikwe isikhathi sokuthi uqhamuke nomhlahlandlela oqondile ngalokhu. Abenkolo yamaRasta eThekwini batshele leli phephandaba ukuthi banokudideka ngalo mthetho njengoba bona khona kuleli sonto, beshaywe ngamaphoyisa abathole nensangu besekhaya.Bakhala nangokuthi selokhu kuphume isinqumo, amaphoyisa anabo shaqa ngensangu, abasaqondi ukuthi kanti lesi sinqumo besithini.UMnuz Shaun Sprinks (32) waseMbilo uthi: “Sifuna ukukhululeka sibheme njengabo bonke abantu ababhema iluzi. Izolo nakuthangi amaphoyisa afike asisesha asiphatha kabi.""Kukhona abafowethu abashayiwe ngoba baficwe bebhema ngemuva kwelinye ibhilidi elingasebenzi.""Sifuna ukwazi ukuthi lo mthetho uphasiselweni ngoba awusisizi ngalutho thina.""UMnuz Quinton Ndondo (27) uthi bakhathele ukubhema ngokuntshontsha ekubeni nohulumeni useyabona ukuthi ayikho ingozi ehambisana nensangu.“Angazi kungani ezitolo ufica lezi zinhlobo sikagwayi abahlala bekhala ngazo odokotela ukuthi ziyagulisa.""Mina yangisiza insangu ngigula ngikhwehlela kubuhlungu nesifuba. Ngaqala ukuyibhema, kwaphela amasonto amabili wangiyeka umkhuhlane ngangabe ngisakhwehlela,” kusho uNdondo.UMnuz Shaun Magoranga (28) ohlala eChatsworth uthi kuyabajabulisa ukuthi nohulumeni useyasibona isidingo sensangu kodwa kumele abakhulule ngokugcwele.“Insangu iyikhambi. Kuningi abantu abangasizakala ngakho ensangwini.Kodwa asifuni ukulokhu siyibhema ngokuyintshontsha kanje ngoba seyiphasisiwe.""Ayifane nabanye ogwayi itholakale nasezitolo,” kusho uMagoranga.Yize la marasta ecabanga ukuthi lo wumthetho ophasiswe wuhulumeni, kodwa uNgqongqoshe wamaPhoyisa kuleli uMnuz Bheki Cele, kuleli sonto uthe yena ukube bekufunwe uvo lwakhe ngensangu, ubezothi ayingalinge nje ibe semthethweni.Nokho akusekho ezandleni zikaCele njengoba inkantolo isikhulumile.Osekusele wukuthi uhulumeni aqhamuke nento eqondile ngokuthi yinsangu engakanani umuntu angeke aboshwe uma itholakalakuye.",0
3322,vukuzenzele,Funda imigomo elula yosizo lokuqala ukuze uyisebenzise uma kunesimo esiphuthumayo. Ubulelesi Kunezehlakalo eziningi zokugqekezwa kwezindlu nezigebengu ngamaholide kaKhisimusi. Qaphela ngaso sonke isikhathi ulande la lawa masu okuphepha:,0
train_isizulu_02179,AfriHate,vuleka mazulu sekunjalo...,0
train_isizulu_02211,AfriHate,@username can you elaborate ngamla? yini le ayenzile engeke yenziwe ngumuntu ophilayo ekhanda?,0
train_isizulu_01372,AfriHate,@username kwa phela ukuba u 2 slice.... 😅 usukhulile 😂😅😂,0
dev_isizulu_00486,AfriHate,siyathanda udunyelwa kodwa that tshivenda speaking mlungu is on the news ##url,0
train_isizulu_00182,AfriHate,uzothola ibhunu elinemali ekapa 🙏🏽 ##url,0
404, uzuma uhlawuliswe   ngenkulumo enokucwasa ,"IKHOMISHINI yamalungelo abantu ithole igunya lokuvimbela uMnuz Edward Zuma, indodana yowayenguMengameli ukuthi angaphinde enze inkulumo noma izitatimende ezingadala uhlevana emphakathini.UZuma izolo ubevele enkantolo yezokuLingana eThekwini lapho elahlwe khona ngamacala okuhlambalaza, wayalelwa ukuthi axolise ngokubiza uMnuz Pravin Gordhan ngomdayisi, ngonyaka odlule. UZuma uphinde wayalelwa ukuthi akhokhe inhlawulo kaR60 000.Umyalelo ophumile ulandela isivumelwano esenziwe nguZuma nenkantolo izolo.Encwadini evulelekile ngoJulayi ngonyaka odlule, uZuma wahlasela uMnuz Derek Hanekom noGordhan wababiza ngabadayisi nabeseki bosomabhizinisi abamhlophe.UZuma wachaza uGordhan njengeqabane elikhohlakele kwi-ANC, elicabanga ukuthi amalungu kaKhongolose amnyama afanelwe ukusebenza emapulazini atshale umoba.Wabe esebiza uHanekom nge-Askari elimhlophe nenja eqeqeshelwe ukucindezela abantu abamnyama.Ngaleso sikhathi uyise wayesanda kukhomba indlela uHanekom noGordhan.UHanekom noGordhan bobabili babuyiswa nguMengameli uMnuz Cyril Ramaphosa.Ikhomishana yamalungelo yakhipha umyalelo othi inkulumo kaZuma isusa uhlevana.Inkantolo inqume ukuthi uma uZuma engawuthobeli umyalelo wenkantolo uzothathelwa izinyathelo.",0
train_isizulu_01098,AfriHate,lol ngiseka mlungu nje yazi wena uyahlupha uzazelaphi lendawo🤣🤣🤣 ##url,0
497, abathintekayo ebufakazini bazoziphendulela kodwa ,"OYINHLOKO yehhovisi likaMengameli we-ANC, uMnuz Zizi Kodwa, uthi bazoziphendulela ezinsolweni ezenziwa nge-ANC kwikhomishini ephenya ngokulawulwa kombuso yidlanzana ephethwe yiJaji Raymond Zondo.Izolo uKodwa ubekule khomishini obekufakaza kuyo owayenguNgqongqoshe wamaBhizinisi kaHulumeni, uNksz Barbara Hogan, uthe i-ANC yabhalela ikhomishini icela ukwenza izethulo zayo, isalindile ukunikwa lelo thuba uma selivelile.Uthe bebengazi ukuthi uNksz Hogan wayebhekene nengcindezi nokuthi kunamalungu ayegxambukela ezindabeni zikahulumeni. “UNksz Hogan akakaze asibikele ngengcindezi ayebhekene nayo njengenhlangano futhi abantu abathintekayo ebufakazini abethulile bazoziphendulela. I-ANC nayo yabhala icela ukunikwa ithuba lokuziphendulela ezintweni ezishiwo kule khomishini. Sizolinda uSihlalo ukuthi asitshele uma ithuba selivelile. Asikwazi ukuphawula kakhulu ngezethulo zofakazi abangahlonywanga imibuzo ngabanye abantu kodwa sigqugquzela abantu ukuthi bazokwethula ubufakazi ukuze kuliwe nokusetshenziswa kombuso yidlanzana elifuna ukufeza izinhloso zalo,” kusho uKodwa.Izolo u-Adv Phillip Mokoena ohola ubufakazi utshele ikhomishini ukuthi uthole izitatimende ezimbili ezivela kuSihlalo we-ANC uMnuz Gwede Mantashe obephendula izinto zayizolo.UNksz Hogan usole owayenguMengameli wezwe uMnuz Jacob Zuma ngokugxambukela ezindabeni zombuso njengoba wayefuna kuqokwe izikhulu ezithandwa wuyena ezinkampanini zikahulumeni.Uveze ukuthi uZuma wazama ukuvikela owayeyisikhulu sakwa-Eskom uMnuz Jacob Maroga owasula esikhundleni kodwa wafuna ukubuyiselwa kuso.“UMaroga watshela ibhodi ukuthi uyasula esikhundleni waze waphuma emhlanganweni ayekuwo. Waphinde wasihoxisa isinqumo sakhe kwase kungenelela uZuma owathi asimbuyisele esikhundleni. Njengoba uZuma wayengekho eNingizimu Afrika ngaleso sikhathi ngabuza kowayeyiPhini likaMengameli uMnuz Kgalema Motlanthe ukuthi ngenzenjani. Wangitshela ukuthi angenze okufanele ngikwenze ngoba ngeke agxambukele,” kusho uNksz Hogan.Uthe emuva kwalokho wathola ucingo kuZuma owathukuthele emtshela ukuthi akayeke lento ayenzekayo.Uveze ukuthi uZuma wamtshela ukuthi uMaroga usaseyisikhulu esiphezulu kwa-Eskom yize ibhodi lalinganeme ngomsebenzi wakhe.“Saba nenkulumo mpikiswano noMengameli ngoba nganginganeme neze ngoMaroga owayezenzela intando yakhe. Ngabona kahle ukuthi uMaroga ubexoxa noMengameli (Zuma) ngasese,” kusho uNksz Hogan.Uthe emuva kokucaca kokuthi akafuni ukulandela okushiwo wuZuma watshelwa ukuthi uMengameli uzomjuba eFinland ayoba yinxusa khona kodwa wanqaba ngenxa yokuthi umyeni wakhe oyisishoshovu somzabalazo, uMnuz Ahmed Kathrada, wayesethuthela eGoli.",0
dev_isizulu_00103,AfriHate,"@username kuyosala ama model c odwa, kuyovalwa ngehlahla",0
1719,vukuzenzele,bazoqeqeshwa ngokulawula izimali kanye nokuthuthukiswa kwamabhizinisi. Isikhathi esidlule sibonise ukuthi abalimi abasafufusa nabasebancane ba jwayele ukuswela amakhono kwezezimali ukubhekana namathuba ezimakethe kanye nokuzihlanganisa nokwenziwa,0
train_isizulu_02113,AfriHate,@username wenze kahle impela angazi wayeluthwe yini in wasekuqaleli elandela ontamolikhuni.  amabhunu lawa ngiwazi kahle ngihlala nawo wogedleyihlekisa.,0
train_isizulu_00194,AfriHate,lol! bafuna umahosha?? abakhohlwe! #khumbu ##url,0
2206,vukuzenzele,"uhulumeni esebenzi sana nababambiqhaza emphakathini ukwakha umnotho obandakanya wonke umuntu, ukwakha amathuba emisebenzi, ukuvumela amabhizinisi ukuthi alwisane futhi abhekane nobubha nendlala. Ngokucabangela uku baluleka kwempilo nefa lika-Steve Biko,",0
1007,vukuzenzele,"engamaphesenti angama-60 ezinsukwini zokuqala zoku valwa kwezwe. Izinkampani eziningi kwamele zinciphise amaholo, zinciphise inani labasebenzi noma zinciphise amahora asetshenzwayo.",0
2041,vukuzenzele,"vSiyini isahlukaniso somshado oziphelelayo?Inkantolo izogunyaza isahlukaniso somshado oziphelelayo uma amasamanisi ethunyelwe kumlingani kodwa wangaphenduli ngesikhathi esinqunyiwe. Nokho, uyelulekwa ukuthi umthinte umlingani wakho kuqala ngoba ngokuhamba",0
491,vukuzenzele,"abasebenza emikha kheni engahlelekile nabo bakhahlamezeka kakhulu. Kodwa okunzima kunakho konke nje, lolu bhubhane seluthathe izimpilo zabantu abondlayo emakhaya amaningi, lwabashiya benga bantulayo futhi baphila ngo kwesaba uma becabanga",0
969,vukuzenzele,umthelela nempumelelo yalo ngokuthi siqaphe fu thi sihlole uhlelo lwe-REAP .,0
1323,vukuzenzele,"kuchaza uNgqongqoshe. Lokhu kwesekwa kuzovu-mela iziphaza ukuthi zithole izimpahla ezingazithengisa. UNgqongqoshe uNtshavheni wenezele ngokuthi uhlelo lolu luzokwenza ukuthi abanikazi beziphaza bakwa-zi ukuthenga ngesikweletu, okuzobavumela ukuthi bathole",0
3031,vukuzenzele,"»Hlala ekhaya ngayo yonke indlela. »Khumbula ukuziqhelelanisa nabantu »Gqoka isifonyo sakho sobuso »Hlanzisisa izandla zakho ngensipho. Geza izandla zakho macala onke, phakathi neminwe kanye naphansi kwezinzipho. Hlanza izandla zakho njalo ngensipho",0
test_isizulu_00519,AfriHate,sengimemeze ukuth “isende kumina” ngase administration uthishomkhulu wangibiza wathi ngithukelani inhlamba💔.. lapho i was asking someone to send me something .. smh,0
1727,vukuzenzele,"Ungomunye wabahlomule Ohlelweni Lokweseka Ingqa lasizinga Kamasipala Lwa bantu Abasha Abathweswe Iziqu (i-MISA), oluhlose ukuqinisekisa ukuthi abantu abathweswe iziqu ezingeni lemfudo ephakeme bakwazi ukungena emsebenzini babone okwenziwayo futhi",0
1565,vukuzenzele,"zoku ngakhokhelwa intela yoku thenga ziba ngezabathengi ku nokuba zibe ngezabakhiqizi. Leli thimba laphakamisa nezinye izindlela zokuqhu beka nokusiza imindeni e mpofu, ngokuqinisa izinhlelo zikahulumeni ezinjengokuhli nzeka ngokudla okunomsoco kwamahhala,",0
1961,vukuzenzele,"Uhlelo Oluphuthumayo Lokubhekana ne-GBVUHulumeni ubelokhu akha uhlelo oluphuthumayo uku bhekana ne-GBVF.Uhlelo Lwamacebo Ku-zwelonke olumayelana ne-ne-GBVF, luveza izinyathelo eziya phambili zokulwisana ne-GBVF.“Lolu hlelo lugxile kakhulukazi ekuqiniseni",0
3197,vukuzenzele,kumenza abe yisibonelo esihle kubo bonke abesifazane.,0
3002,vukuzenzele,"eyisizinda ichazwa njengendawo enabantu abathelelekile abangaphezulu kwabahlanu kubantu abayizi-100 000 noma kube yileyo ndawo enezinga lokusuleleka okusha okukhuphuka ngesi vinini esikhulu. Ukuze sikwazi ukulwa naleli gciwane kulezi zindawo, uhulumeni",0
830,vukuzenzele,"Ngaleso sikhathi, waqinisekisa ukuthi uma i-SIU ithola ubufakazi bokuthi ubugebengu benzekile, izobophezeleka ukuthi idlulisele ubufakazi kuPhiko Lwezokushushisa Kuzwelonke (i-NPA).",0
train_isizulu_02506,AfriHate,and inkawu zihlekana iziphongo😂 ##url,0
423,vukuzenzele,"IDolobha laseKapa liqala imikhawulo yezinga u-6B. Lokhu kuchaza ukuthi kuzoba nomkhawulo wansuku zonke wamalitha amanzi angama-50 noma angaphansi kumuntu ngamunye, osekhaya, emsebenzini, esikoleni noma kwenye indawo.",0
train_isizulu_02077,AfriHate,"ngirite bhut,yebo ngiyishayisile. @username : @username usushayise inkawu kimah?pho ziyahlupha yini emgwaqeni,sorry sisi,how's the car?",0
train_isizulu_00009,AfriHate,lol mazulu bakithi shwele #buchithekabugayiwe,0
560, babuyele emsebenzini abozalo ,"KUQALILE ukusebenza ngoMsombuluko la kuqoshwa khona umdlalo Uzalo, njengoba kuvela izindaba zokuthi ithimba labaqophi nabalingisi akade bengakhokheliwe beyitholile imali yabo ngoMgqibelo.Lokhu kulandela ukuthi kume nse ukuqopha kwalo mdlalo ngoMsombuluko odlule ngemuva kokuthi ithimba eliqopha lo mdlalo livuke umbhejazane lathi liwabeka phansi amathuluzi njengoba lingaholile.Kulo mdlalo bekunezinkinga zezimali njengoba inkampani eqopha lo mdlalo iStained Glass, ibingenye yezinkampani ebezingakhokheliwe uSABC.UKoketso Phala okhulumela lo mdlalo uthe ngemuva kokuthi akade bengaholile bethole imiholo yabo baphindelile emsebenzini bayoqhubeka la begcine khona.""Kuqalile namhlanje ukusebenza wonke umuntu ukhona emsebenzini. Imiholo ingenile ngoMgqibelo bonke base bazizwa ukuthi kusukela izolo sebengaqala kuzoqhutshekwa nomsebenzi,"" kuchaza yena.Abaqophi yibona abafike bamisa yonke into njengoba baveza ukuthi imali yabo ayingenile ngakho ngeke bakwazi ukuqhubeka nomsebenzi.UNeo Momodu okhulumela iSABC, uthe basabhekene nezinkinga zezimali kodwa lokho abafuni kuphazamiseke abasebenzi babo nezinkampani abasebenza nazo.""Ngeke sisho ukuthi ukukhokhelana kwezinkampani esisebenza nazo kuhamba kugcinephi uma sesikhokhelana lokho kuphakathi kwethu. Izinkinga zezimali zikhona futhi sisaqhubeka nokuxoxisana nezinye izinkampani ezingaphansi kwethu,"" kusho uNeo.Ithimba lalo mdlalo liphinde laveza ukuthi bese kusabalale amahebenzi okuthi kuzoba nenhlolokhono yokuthungatha abalingisi abasha nokuyinto engelona iqiniso.UMmamitse Thibedi onguphrojusa walo mdlalo uthe, inhlolokhono obekuthiwa ingoSepthemba 2, abayazi bona.“Uma kukhona esifuna ukukumemezela emphakathini okuthinta inhlolokhono noma yini sisebenzisa izinkundla zethu zokuxhumana bese sikhangisa naseziteshini zakwaSABC. Siyanxusa ukuthi abantu baqaphele uma kunezikhangiso ezifana nalezi,"" kuchaza yena.",0
train_isizulu_03073,AfriHate,kwenziwana ilima... inkawu zihlekana isbongo. ##url,0
670,vukuzenzele,"zabo. “Siphakamisa isimemezelo kubo bonke ochwepheshe bezempilo, ngisho nalabo asebathatha umhla-laphansi, ukuba baphumele obala futhi bavumele ukuqashwa kabusha – noma kuzoba kungokwesikhasha-na nje,” kusho uNgqongqoshe uMkhize.Uhulumeni uphinde waphaka",0
2957,vukuzenzele,"Kunyaka-mali owe dlule, u-Seegers uthi i-CHOC yakwazi ukusiza abantwana abayi-1 724, intsha engama-553 kanye nabadala abayizi-2 232 ngezinhlelo zabo ezingu mongo.“Usizo lwethu luba ndakanya ukweseka ngokozwelo kulolu hambo lomdlavuza, ukududuza,",0
702, ungqongqoshe uzosiza ngezicathulo izingane ezihlwempu ezikoleni ,"UNGQONGQOSHE wezaMandla uJeff Radebe uzohambela isifundazwe iKwaZulu-Natal namhlanje, emkhankasweni wokusiza izingane zesikole eziswele izicathulo. Inhloso yomkhankaso ukuveza ukubaluleka kokufunda nokuthi izingane zesikole zikwazi ukuya esikoleni, ngaphandle kokucwaswa futhi zizibone zifana nezinye ngisho ngabe ziphuma emakhaya ahlwempu.Ngokwesitatimende esithunyelwe, ungqongqoshe uthi akumele izingane zingayi esikoleni ngenxa yokungabi nezicathulo ezifanele.Umkhankaso uzoqala eNdwedwe eJohn Makhathini Civic Centre ngo-9 ekuseni lapho azonikela khona ngezicathulo ezikoleni ezihlukene endaweni. Uzobe eseya konikezela ngezicathulo lapho akhula khona KwaMashu, ezikoleni okubalwa kuzo afunda kuzona iDukemini Primary School neSibonelo High School.Kulindeleke ukuthi izingane ezizohlomula emkhankasweni zibe ngaphezulu kuka 500.",0
train_isizulu_02192,AfriHate,@username enye nje imfene ehambe yayofaka iengagement ring entombini yayo ingenazo nezinkomo zokulobola ingasebenzi futhi,0
train_isizulu_01097,AfriHate,"ngiyalishaya isende, angifuni ukungasho.",0
test_isizulu_00005,AfriHate,@username ay ingane yakho nje ma uyithole idliwa ikhehla kumele ulikhahlele amasende la azilaxa ajovwayo liquleke.,0
train_isizulu_02285,AfriHate,@username ngcono sininikeze imfene nivele nigibele cos vele niyathakatha straight😂😂,0
train_isizulu_02269,AfriHate,#mehlemamba wathola into akade ay'gcina #ucansi &amp; now he struggle to connect namadlozi.this boy mara! wadakwa ididi kwahamb inqonfo #isibaya,0
train_isizulu_00006,AfriHate,ngikhalela izwe lwethu ela'thathwa amabhunu,0
1438,vukuzenzele,"Ngaphambi kokuthi iJaji uZondo lethule lokho elikutholile kanye nezincomo kuMongameli, sonke singa vuma ukuthi umsebenzi wekhomishana ube wusizo olukhulu kakhulu.",0
1935,vukuzenzele,"IChweba laseThekwini, elibaluleke kakhulu emnothweni waseNingizimu Afrika futhi lingelinye lemigudu emikhulukazi nehlale isebenza ukuthutha impahla ezwenikazi, likhahlamezeke kakhulu.",0
200,vukuzenzele,"Umqondisi Wesigungu Seziphathimandla we-Kevali Chemicals uFuneka Khumalo uthi i-BIS yaxhasa inkampani yakhe ukuze ithole imishini kanye nezinsiza-kusebenza ukuze iqale ukwakha kanye nokukhiqiza izinsiza zokuhla nza amanzi, ukuhlanza kanye nokubulala",0
2368,vukuzenzele,"Umangabe izisulu ziyaku sokolela ukuthola ubulungi swa Ezinkantolo ezibheke lele Udlame Lwasekhaya, i-CGE ingakwazi ukuzikhu lumela, ngokuhlinzeka ngo kumelwa kwezomthetho.",0
1885,vukuzenzele,"UHlelo Lokwakhiwa Noku thuthukiswa (i-RDP) kwe zindlu, nokungahambisi ngomthetho kwamathenda nezibonelelo zenhlalo zinge zinye zezinsolo ezenziwe.",0
3397,vukuzenzele,Vuk: Le mishado kumele ila ndele emiphi imithetho?MvN: Imishado yesintu ilawu lwa ngokoMthetho Wokwazi sa Imishado Yesintu we-1998 (uMthetho 120 wowe-1998).,0
360,vukuzenzele,"“Kuyadumaza ukuthi, abasebenzi bethu abangama-21 baboshelwa ukuzibandaka nya nokuzingelwa kobhejane ngowezi-2017,” kusho uNgqongqoshe uMolewa.",0
748,vukuzenzele,"Ukuqoqwa kwentela kuqhuba ukuthuthukiswa kwesizwe sethu. Imali eqoqwe ngu-SARS ikhokhela izidingonqangi kanye nengqalasizinda. Ngemali engango-R17.8 trillion eqoqwe ngu-SARS selokhu asungulwa ngowe1997, sikwazile ukwakha izingqalasizinda zomphakathi",0
3433,vukuzenzele,"Ngesikhathi secomplex partial seizure, umuntu angabonakala edidekile, ephazamisekile noma edakiwe. Bangaphinde futhi belokhu bephindaphinda ukwenza into, nje ngokuchutha izimpahla abazigqokile. “Qhelisa izinto ezinobungozi bese usiza loyo muntu ukuthi",0
3564,vukuzenzele,U-‘V’ eflegini ukhombisa uku hlangana kwabantu abahlukene baseNingizimu Afrika kanye nokuthatha indlela ephambi kwethu ndawonye ngobunye.,0
test_isizulu_00090,AfriHate,#thequeenmzansi u jola uzobhebheka uma enganakile. bathathe bab'omncane😂😂,0
1747,vukuzenzele,"UNgqongqoshe Weze mfundo Eyisisekelo u-Angie Motshekga uthe le yinqubo yokhetho enkulukazi ezweni, engaphandle kokhetho lohulumeni basekhaya kanye no hulumeni kazwelonke.",0
train_isizulu_01369,AfriHate,ujabulisa amabhunu ngegama lika msholozi. angeke ubuye umhlaba la ##url,0
888,vukuzenzele,URalo futhi wahlela namalungu amabili emphakathini wakhe ukuba anikele ngamagalaji awo azosetshenziswa njengamagumbi okufundela angeziwe. Okwababuhlungu kakhulu wukuthi uRalo washona ngowezi-2004.,0
1304,vukuzenzele,"Uma ilungu le-SAPS lisola ukuthi ummangali usengozini ngenxa yokwephula umyalelo, kumele libophe ummangalelwa ngokuphazima kweso.",0
train_isizulu_01712,AfriHate,ngenzenjani ngilambe ngo 13:00 wena uthi uvula ngo 15:00 love sekuvuthiwe ukudla aibo wenja ##url,0
852,vukuzenzele,"Uhlelo Lokwesekwa No kuthuthukiswa Kwabalimi selusize abantu abasha aban jengoWayne Mansfield (one minyaka engama-33 ubuda la) wasePaarl, osuke ekubeni asebenze njengomdayisi kamalume wakhe eMakethe yaseKapa ngesikhathi esa funda isikole njengoba ma nje",0
2608,vukuzenzele,Izingxoxo noMkhandlu Kazwelonke Wokuthuthukiswa Komnotho kanye Nezabasebenzi ziholele esivumelwaneni sokuthi isinyathelo esisebenza kakhulu futhi esisimeme ngokwezezimali esinganikeza usizo olu phuthumayo ukwelula uhlelo lwe-COVID-19 TERS emikhakheni,0
641, kubhubhe umndeni  kushayisana izimoto ,"KUVALWE ngehlahla kubhubha amalungu omndeni waseMlaza ayisikhombisa, abebuya emngcwabeni eMandeni ngoMgqibelo.Engozini eyenzeke emgwaqweni uN2, kushayisane iHilux neToyota Etios kuyo obekunomndeni wakwaNtshingila. Kuthiwa umndeni ububuya ukuyongcwaba ekhweni. Kwabashonile kubalwa uMnuz Siyabonga Khangelani Ntshingila (33) okuthiwa ubephelezelwe eyongcwaba ekhweni. Ushone nendodana yakhe uSphelele (2). Kushone nonina uNkk Ntombifikile Angel Ntshingila iminyaka yakhe engatholakalanga, uNksz Sithembile Ntshingila (30), uNksz Samkelisiwe Ntshingila (27), uMnuz Luyanda Ntshingila (35) noNksz Londiwe Ntshingila.UMnuz Bongani Ntshingila okhulumela umndeni uthe abashonile bebehambe ngemoto eyodwa bephelezele uSiyabonga obeyongcwaba ekhweni.“Nathi sizwe sesishayelwa ucingo ntambama sitshelwa ukuthi behlelwe yingozi sebebuya emngcwabeni. Kumanje sisadidekile kodwa sinesiqiniseko sokuthi kuzomele bangcwatshwe ndawonye ngoba umndeni owodwa. Kumanje siphuma emakhazeni eMandeni ukuyokhomba izidumbu. Balimele kakhulu ezinye izicubu zabo bezicoshwa phansi,” kusho uNtshingila.Ngokwesitatimende sabezimo eziphuthumayo i-IPSS Medical Rescue, kuthiwa izimoto ezimbili zishayisane mahlanze kwashona abayisikhombisa endaweni yesigameko. Kuthiwa ingozi yenzeke ngasebhulohweni lasoThukela. Abezimo eziphuthumayo iPhilamed Ambulance Services abafike endaweni yesigameko, bathe izidumbu bezisakazeke emgwaqweni.Okhulumela uMnyango wezokuThutha nokuPhepha koMphakathi uMnuz Mluleki Mntungwa uthe bajube ithimba elizophenya ngengozi, lixhumane nemindeni.Kwenye ingozi eyenzeke ngoMgqibelo kushone owesilisa oneminyaka engu-47 oshayiswe imoto kuN3 ngaseMkondeni eMgungundlovu.Okhulumela abezimo eziphuthumayo kwa-ER24 uNksz Ineke van Huyssteen, uthe bafike owesilisa ephakathi nomgwaqo eseshonile.",0
1713,vukuzenzele,ezindaweni zasemakhaya kanye nabangama-59.4% emadolobheni abafinyeleli ngokwanele ekudleni.” Ukuguqulwa kwezolimo bekulokhu kuseqhulwini kubaphathi abalandelanayo kusukela kwintando yeningi labantu. Phakathi kowe-1994 noNdasa kowezi-2018 uhulu meni unikeze,0
train_isizulu_00993,AfriHate,yindaba ocheese belaliswe ngathi iset up yama card asgunku? ##url,0
696,vukuzenzele,"ipre-exposure prophylaxis( i-PrEP). Alufani nemishanguzo yokwelapha yona enikwa aba-ntu asebevele behaqwe yi-HIV , i-PrEP ihlanganisa phakathiukusetshenziswa njalo kwezidakamizwa zemishanguzo ngabantu abangakahaqwa yi-HIV ukuze kunqandwe ukwesule-leka.",0
train_isizulu_00594,AfriHate,"@username imikhonzo=celiwe duma, mbongwa smelane,ngwenya beyidonsa,imfene iyandiza,mxolisi mthombeni,mxolisi mthombe frm mthombo njom",0
3593,vukuzenzele,"zomnotho.Siyawuthokozela impela umsebenzi osuqalisiwe kakade kulo mkhakha, njengohlelo oluqhubekayo njengamanje oluqhutshwa nguMnyango Wezolimo, Izi nguquko Kwezomhlaba Noku thuthukiswa Kwezindawo Zase makhaya kanye noMnyango We zokuphatha Nokubambisana",0
444,vukuzenzele,"Sebenzisa usinki ovalwayo uma ugeza izitsha, esikhundleni sikampompi",0
501,vukuzenzele,mpani ezikwazile ukuqhu beka ngempumelelo nokuse benza onyakeni owedlule ngenxa yokwesekelwa ezikuthole kwi-UIF. Into efanayo ingashiwo ngamabhizinisi asizwe yizibonelelo zikahulumeni ezahlukene kanye nemalimboleko ehlinzekwe yiminyango eminingi.Lezi,0
train_isizulu_01127,AfriHate,@username ibhunu phela leli🙄🙄🙄,0
test_isizulu_00404,AfriHate,"nali ibhunu elesatshwayo e south africa . lesatshwa nangabantu abaphethe izwe , liyazidalela nje ##url",0
train_isizulu_00541,AfriHate,inqguza enukayo ngo 9am ekseni erude!!,0
329,vukuzenzele,UMongameli uthe uhulumeni wethule uhlelo oluqinisekisiwe lwemali-mboleko olusha ukuze lusize amabhizinisi ukuthi avuseleleke.,0
2223,vukuzenzele,"Isigaba 1: Abafundi abangasitholi isikhala ezikhungweni abafake izicelo kuzo, noma abafuna amathuba okufunda e-PSET, bangaxhumana ne-CACH kunombolo yamahhala (0800 356 635), iwebhusayithi (www.dhet.gov.za) noma ngomyalezo we-SMS ojwayelekile (thumela",0
828,vukuzenzele,"Umbiko uyisinyathelo esibaluleke kakhulu ekulweni nenkohlakalo nokuphatha budedengu kwimikhakha kahulumeni nozimele, ubeke kanjalo uMongameli.",0
397,vukuzenzele,Ukufakwa kwesicelo kwengxenye yesibili yonyaka kanye nezinsuku zokubhalisa.,0
502, ezothando ungaziyekeleli ngoba uthi usushadile ,"IMANGAZE abafundi baleli phephandaba indoda ebhalele ingosi yeZothando muva nje, ikhononda ngobuvila nokungazithandi komkayo.Le ndoda ethe iganiwe, iveze ukuthi umkayo akazithandi futhi uyavilapha, okwenza kube iyona eyenza imisebenzi yasendlini. Le ndoda ithe lokhu sekuqeda nothando futhi kulimaza nomshado wayo. Kuzo lezi zinsuku omunye wesilisa naye ubhale kuTwitter ekhala ngokuthi umkakhe akasamhehi ngendlela asekhuluphele ngayo. Uthe ngesikhathi beqala ukuthandana wayenomzimba okahle osevele wazimuka wenza ukuthi angabe esabukeka.Lezi zinkulumo ziqubule imibuzo eminingi kubantu, abanye begxeka laba besilisa.Kulona okhala ngobunuku abanye babuze ukuthi uqale nini ukububona ubunuku. Babodwa abasole ukuthi kungenzeka sekukhona omunye wesifazane le ndoda esimbonile njengoba isigxeka umkayo.UNksz Zola Dudeni oyiPsychologist nomeluleki wezothando, uthe yizinto ezenzekayo lezi othandweni ngoba abanye basuke bezifihlile uma kusajolwa. Ulinganise ngesisho sesiZulu esithi izinkomo ziyantshontshwa, esisho ukuthi intombi iveza okuhle kuphela uma isafuna umendo.FUNDA:#Ezothando: Umkami akazithandi uyinuku nendlu igcina isihlanzwa yimi“Abantu bayaziqoqa kakhulu uma kusajolwa ngoba bencenge uthando, ngisho ivila alibuvezi ubuvila balo. Lokhu kubi ngoba uma sekuhambe isikhathi umuntu uyaziveza ubuyena. Kumele uma uqala ukuthandana nomuntu ungafihli lutho ngoba lokho kufana nokukhohlisa umuntu,” kusho yena.Ugcizelele ukuthi ngisho umuntu ezifihla ubuyena kodwa kuyenzeka zivele izimpawu. Uthe inkinga wukuthi uthando luyabavala amehlo abantu. UNksz Dudeni uthe kwesinye isikhathi noma kuvela izimpawu zokubi, omunye wenza sengathi akaziboni acabange okuthi kuzoshintsha uma sebeshadile.Uzigxekile izenzo zalaba besilisa abagxeka abashade nabo ngoba sebebona okubi.“Okumele kwenzeke ukuthi nabo abesifazane bangashintshi uma sebeshadile. Uma umyeni wakho wakuthanda ngoba uzinakelela, unomzimba okahle, ungaziyekeleli uma usuthole umshado. Ngeke sikuphike nakho ukuthi isikhathi esiningi indoda imgxeka kakhulu umkayo uma isithole omunye. Noma ngabe kubi kanjani okwenziwa uphathina wakho kumele umvikele, ungamgxeki phambi kwabantu,” kusho yena.UNkk Wanjiru Kihusa ongumbhali nomeluleki wezomshado one-website ebizwa ngeFamily Lounge, uthi akukho lapho umuntu kumele akhulume kabi ngashade naye. Uthe ngisho ngabe konakele kanjani emshadweni ukukhuluma kabi ngoshade naye kuyawubulala umshado, kunike nezitha ithuba lokungena phakathi kwenu.",0
787,vukuzenzele,"U-Maharaj oqale kulo mse benzi ngoNcwaba 2016, futhi phambilini obenza amadizayini ezindlela zoku hamba ngezinyawo onqenqe meni lomgwaqo kanye nawe jiyomethri eBhayi e-SANRAL Centre of Excellence, uthi usefunde lukhulu njengoba esefudukele esifundazweni",0
dev_isizulu_00187,AfriHate,please sing balele obaba nomah ubhebhana nami msuni kanyoko on that day 😍🙂@username ,0
1716,vukuzenzele,"abasebenza kuwona.Umbono wethu wokuphi nde kwabiwe umhlaba uhlose ukulinganisa phakathi kobulungiswa kwezenhlalo noku lungisa, nokukhulisa imi khiqizo yezolimo ngokuletha abalimi abansundu abaningi emnothweni omkhulu.Umhlaba uyifa eliletha inzuzo futhi",0
2601,vukuzenzele,"Ngalolu hlelo, bangaphezu kwezi-300 000 abantu abasha abaqashwe njengabasizi eziko leni. Bangaphezu kwezi-100 000 abalimi abaziphilisa ngokulima ababhalisiwe okokuqala ngqa ohlelweni lokugcinwa kwemininingwane ngezobuchwepheshe lapho bekwazi ukufinyelela",0
3592,vukuzenzele,"nezifundo eziqondene namakhono athile akhethekile adingwa ngabaqashi esikhathini samanje. Lokhu kuhlose ukuxazulula inkinga yokungabi khona kokuhambelana okuhle phakathi kwezinhlelo ezikhona njengamanje zemfundo, ukuqeqeshwa nokuthuthukisa kanye nezidingo",0
677,vukuzenzele,uhulumeni uye wamemezela nakulabo basebenzi bezempilo abangasebenzi kanye nodokotela ukuba baxhumane nezifundazwe zabo.,0
1977,vukuzenzele,"Ngaso leso sikhathi, impilo yomphakathi kanye noku phepha kumele sikucabangele phambili.",0
test_isizulu_00508,AfriHate,🚶 yibo labantu abafuna ukubuyisela amabhunu esihlalweni... ##url,0
3362,vukuzenzele,IMISHINI YOKUPHEFUMULA ekhiqizwe kuleli izosiza iziguli zeCOVID-19 ezingenamandla zikwazi ukuphefumula kangconywana.,0
851,vukuzenzele,"UMongameli wethulele isigqoko i-SIU ngomsebenzi ewenze ezinyangeni eziyi-18 ezedlule, kanye nezingede nabanye ofakazi abalethe imininingwane kubaphenyi.",0
575,vukuzenzele,UHlelo Loxhaso Lweze misebenzi LukaMongameli luqalise futhi lwalawula ukusebenzisana kwemi-khakha kahulumeni.,0
2299,vukuzenzele,"UPhiko Lohlelo lukaHulumeni Lwezokuxhumana Nokudluliswa Kolwazi (i-GCIS) kanye ne-Digify Africa kamuva nje basingathe isithangami ku-inthanethi neMedia Monitoring Africa (i-MMA) kanye ne-Film and Publication Board (i-FPB) ukufundisa abantwana, othisha,",0
3473,vukuzenzele,"“Iphupho lami elikhulu ukuthuthukisa ibhizinisi lami libe likhulu lize likwazi uku dala amathuba emisebenzi kulabo abangasebenzi bese linikeza abantu abasebancane ithemba lokuthi ungaphume lela empilweni uma uzimise la,” kusho uMasakane.",0
335,vukuzenzele,"“Inhlangano Yabantu Abasha Kuzwelonke evuselelwe izonxenxa iqembu labantu abasha abayizi-50 000 ngonyaka ozayo [wezi-2023], idale amathuba omsebenzi abantu abasha ukuze babe negalelo emiphakathini yabo, bathuthukise amakhono abo futhi bakhulise amathuba",0
train_isizulu_02296,AfriHate,"nope: ""@username : lol""@username : @username bayayidla ingulube""""",0
train_isizulu_01691,AfriHate,uthanda ukuveza amasende ##url,0
886,vukuzenzele,"Umbono wami wemukelwa yilungu lomphakathi uNkululeko Ralo, owani kela ngegalaji lakhe ukuthi lisetshenziswe njengegumbi lokufundela,” kusho u-Gilman.",0
302, imibono aze ayinkinga amaphara enquthu ,"MHLELI: Ngoba isiphekiwe sengithi mangiyiphule ngiyihlukanise ngezithebe mayelana nodaba oluphakanyiswe ngokubanjwa kwabantu eNquthu obelushicilelwe ephephandabeni lomhla ka-13.Yiqiniso elingephikwe lelo, sengikubone izikhawu kwenzeka phambi kwami kuyilapho ngingeke ngenze lutho. Bayabulala laba bafana abadlali. Imbangela yakho konke lokhu wukucanasa kwabashushumbisi bezidakamizwa ezidayisa udede kuleli dolobha.Ngikusho lokhu ngoba umphakathi namaphoyisa uyabazi laba bantu abashushumbisayo kodwa abathathelwa zinyathelo ngoba wobhululu babo. Okungamaphoyisa bayakucubuzelela. Thina njengomphakathi kasiphephile. Angiphathi uma sekuhwalele kumele wazi ukuthi ungahle ungafiki nasekhaya.Uma ushayisa sekuhlwile kumele uqinisekise ukuthi uthola into ezokubeka ekhaya. Kuke kwatholakala izidumbu ezine zababulawa ngobusuku obubodwa.Ingalo yomthetho kuleli imfishane kakhulu. Lokhu ngikusho ngoba ziningi izigameko zokubulawa kwabantu kodwa kuthuleke kube sengathi akwenzekanga lutho.Amabhubesi uma engaboshwa afuyelwe ukuba asidle asiqede. Kwala noma umphakathi usibambile isigebengu usiyise emaphoyiseni unele ungahamba sidedelwe usibone sesibhampa sinilandela sinichomela ngoba sesidedelwe. Sesiyoqhubeka la sigcine khona.Kwesinye isikhathi umphakathi uwaluma indlebe amaphoyisa baboshwe abenzi bokubi maqede inkantolo ibakhiphe ithi abukho ubufakazi . Ngicela ukuba kujutshwe ithimba elizonqanda ukubhebhetheka kwamaphara adlangile eNquthu.OkhathazekileeNquthu",0
test_isizulu_00620,AfriHate,@username lento yokuvuka uneke amasende nje bese ufuqa ukudla is wrong,0
448, ufiselwe inhlanhla owelika omotoso ,"KUZOQHUBEKA ngo-Okthoba 22 ukuqulwa kwamacala abhekene noMfundisi Timothy Omotoso osolwa ngokudlwengula nokushushumbisa abesifazane.Izolo ufakazi wokuqala kuleli cala, uNksz Cheryl Zondi, ubephekwa ngemibuzo abammeli baka-Omotoso webandla iJesus Dominion International Church. UNksz Zondi (22) ungomunye wabesifazane ababalelwa kwabangaphezulu kuka 30 abasola umfundisi ngokubanukubeza ngokocansi kusuka ngo-2009 kuya ku-2017 okuwunyaka aboshwa ngawo esikhumulweni sezindiza ePort Elizabeth.Zithe zisuka nje ummeli ka-Omotoso, u-Adv Peter Daubermann, wathi akayitholi imibiko yokuhlaziywa kwemiqondo yabamangalele umfundisi.UDaubermann uthe lokhu kuba nomthelela uma esepheka ngemibuzo abantu abafakazayo. Uvezele uNksz Zondi izithombe nama-video akhe esesebandleni lika-Omotoso ebukeka ejabule.UNksz Zondi uthe wayephoqwa ukuthi ahlale ebukeka eneme ngazo zonke izikhathi futhi amoyizele. Uthe ukungakwenzi lokhu kwakuzomenza abukeke njengomuntu ongahambisani no-Omotoso.Uchaze lo mfundisi njengendoda ebinamandla futhi ilawula impilo yabo.UNksz Zondi uthe wayenukubezwa ngokocansi cishe zinsuku zonke esikhathini esingangeminyaka emibili nohhafu. Ngesikhathi echaza ngokubaleka kwakhe endlini ababevalelwe kuyo eMhlanga ubelokhu ekhala kwaze kwadingeka ukuthi kumiswe ukuqulwa kwecala.Uthe wathatha uR300 awunikezwa wumfundisi ngaphambi kwenkonzo enkulu wawugcina ukuze agibele ngawo.“Ngangifuna ukuhamba sebelele bonke endlini kodwa kwakukhona owesifazane owayesekhishini, ngazitshela ukuthi namhlanje ngiyakwenza lokhu noma ngiyafa. Ngathatha ukhiye, ngaphuma ngathatha isikhwama sami ngangena emotweni eyi-cab ngatshela umshayeli ukuthi akalinde” kusho uNksz Zondi echaza ngendlela abaleka ngayo emzini ababehlala kuwona.UNksz Zondi uthe wayesaba ukubikela amaphoyisa ngokunukubezwa ngokocansi ngoba amaphoyisa ayekhona ebandleni lika-Omotoso.“Ngangingenawo amandla anele okumelana nayo yonke le nto ngaleso sikhathi. Ngangingakwazi ukubikela amaphoyisa ngoba ayemphelezela yonke indawo aya kuyo. Ayelahla phansi amajakhethi awo ukuze ahambe phezu kwawo. Ngangingawathemba kanjani amaphoyisa ngemuva kwalokho?” kuchaza uNksz Zondi.UNksz Zondi uqale ukufakaza ngoMsombuluko. Icala limisiwe ukuze abhale izivivinyo. IJaji uMandela Makaula limufisele inhlanhla. Kulindekele ukuthi aqhubeke nokufakaza uma eseqedile ukubhala.Khona manjalo ngaphandle kwenkantolo silokhu sikhule njalo isibalo sabeseka uNksz Zondi njengoba izolo kujoyine ngisho abahleli be#TotalShutDown ne-ANCWL, egxeke abesifazane abebegqoke imifaniswano yayo abebeseka u-Omotoso. Nabesekau-Omotoso abapheli amandla balokhu bekhona ngaphandle enkantolo.",0
1071,vukuzenzele,"Inhlosonqangi ngukusuka ngokubonakalayo kuleli zinga eliphansi, nokuyisona sizathu esenza siqhubeke nokugxila ekuguqulweni kwezakhiwo okuyizona eziqhuba uku khula komnotho.Uhulumeni kamuva-nje ushicilele isethulo esi hlongozwayo sokususa isilinganiso",0
2694,vukuzenzele,"hlelo, amashumi ezinkulungwane zabantu abangasebenzi bayakwazi ukuthola imali nokufunda njengoba behlinzeka ngemi-sebenzi ebalulekile yompha-kathi.Ngokuhamba kwesikhathi, lolu hlelo luzobandakanya ingxenye 'yemisebenzi yomphakathi', lapho sizosebenza",0
514, funda izindlela zokunakekela umuntu onokhwantalala ,"ESIKHATHINI sanamhlanje ukhwantalala (depression) lubalwa phambili ohlwini lwezinto ezikhungethe abantu. Kubantu bohlanga lesi yisifo esiguqula imizwa yakho ngokushesha, nendlela ocabanga ngayo ngempilo, sifana nesisha njengoba abaningi besazifundisa ngaso.Enye yemibuzo evame ukubuzwa abantu abaningi ukuthi umnakekela kanjani umuntu onokhwantalala. Ongoti baveza ukuthi kunzima ukwazi ukuthi ungamlekelela kanjani umuntu ophethwe yilesi sifo nokuthi umeseka kanjani. Uma ungazi ukuthi wenze njani ngomuntu onalesi sifo, nanka amathiphu angakusiza unakekekele umuntu onokhwantalala. Ungakhohlwa ukuzinakekela nawe.-Thola ulwazi- Uma ungenaso isiqiniseko ngokuthi silwane sini ukhwantalala, kuhle ukuthi uzifundise. Lokhu kuzokusiza ukuthi uqonde kangcono ukuthi umngani noma isihlobo sakho sidlula esimweni esinjani.-Muphe indlebe- Uma ophethwe wukhwantalala edinga umuntu angakhuluma naye, muphe indlebe uzame ukuthola ukuthi uzizwa kanjani. Ungambuza ukuthi yini ongayenza ukumsiza. Uma kunodaba olubucayi ofisa ukubhunga ngalo nomuntu onokhwantalala, kuhle ukhethe isikhathi nendawo lapho bekhululeke khona. Uma enengekile noma ecasukile kungcono ungaluphathi lolu daba kuze kube umoya wabo sewehlile.-Ithathele phezulu imizwa yabo- Uma umuntu enezimpawu zokhwantalala akukho lula ukuthi avele akhohlwe adlula kukho, noma ukuvele ajabule esithubeni. Uma ukhuluma naye kumele umkhumbuze ukuthi ukhona futhi uzomseka uma ekudinga. Lokho kwenza kube lula kubo ukuthi bavule izifuba zabo kuwe futhi kubenza babone ukuthi uqinisile uma uthi ukuthathela phezulu abadlula kukho.-Bazise ngosizo abangaluthola- Uma umngani wakho onokhwantalala esembonile udokotela noma oweluleka ngokomqondo kuhle kakhulu lokho. Ungabeseka ngokubazisa ngolunye usizo abangaluthola njengezinombolo abangazishayela ezimweni eziphuthuymayo. Ikhona nenhlangano elekelela abantu abaphethwe yilesi sifo, iDepression and Anxtiey Group etholakala ku-0800 12 13 14, kanti izingcingo zakhona zihlezi zivuliwe. Ungavakashela ne-website yabo ku:www.sadag.co.za-Tholakala ezimweni eziphuthumayo- Akukho lula ukuthi uhlale useduzane nawo wonke umuntu kodwa uma unomngani onalesi sifo, kuhle ukuthi utholakale kalula. Ngaphezu kwalokho uma usola ukuthi kunesimo esiphuthumayo akuso, kuhle ube nezinombolo zabantu ongabathinta abangaba seduzane naye.-Zinakekele nawe- Kubuye kube nzima futhi kukhandlane ukunakekela umuntu onokhwantalala. Ungakwazi ukumsiza kuphela uma nawe uzinakekela. Qinisekisa ukuthi usaqhubeka nokwenza izinto ezikujabulisayo nokuthi usasithola isikhathi esanele sokuphumula. Cela usizo kwabanye abazimisele ukungenelela. Ngaphezu kwalokho, kumele umazise ophethwe yilesi sifo ukuthi ngeke ukwazi ukumenzela konke, umazise ongamsiza ngakho.- www.reachout.com",0
1352,vukuzenzele,"Kodwa-ke siyazi ngokwe mibiko esemthethweni kanye nalokho esizibonele kona mathupha ukuthi abantu bebehlukaniswa ngokobuhlanga kwizi vimbamgwaqo ezingekho emthethweni, abanye abantu babedonswa bekhishwa ezi motweni beshaywa, futhi abanye balulazeka",0
train_isizulu_00137,AfriHate,uyinja 😭😭🤣🤣  wtf 💀 ##url,0
3176,vukuzenzele,"Ingxenye enkulu yokonga izoqhamuka ekunciphiseni isilinganiso sethu somthetho sivivinywa samaholo esi khula ngakhona. Lokhu kuzodinga izingxoxo ezigxi lile phakathi kwabamele u mphakathi, kodwa ikakhu lukazi nezinyonyana zabase benzi bakahulumeni. Lezi",0
1567,vukuzenzele,Evotini yesabelomali somnya ngo wakhe uNgqongqoshe Nene wathi uhulumeni uzose benzela ukuqinisekisa ukuthi abantu abampofu kakhulu aba linyazwa amazinga e-VAT.,0
train_isizulu_01518,AfriHate,@username wendoda ...wena ubona that ungayoshayelwa umthetho u gumede ekbeni uwu vezi wena ...udansele his sginci  .omalume  bekhona nesalkwazi ...uyazi amasende mayehlezi endlini ayanukelana🤔,0
2782,vukuzenzele,"Izinkomba ezingabakhona zokuxwayisa ngokuzibulala zibandakanya:lUkukhuluma ngokuthi umuntu aqede ngempilo yakhe, ukufa noma uku zibulala.",0
2164,vukuzenzele,"Okokuqala nje, wayebusiswe ngobaba kanye nomfowabo omdala ababazi ukuthi udlame lwalungeyona impendulo noma-ke babengazi ukuthi kungani uTshepo eziphatha ngale ndlela, bakwazi ukumholela endleleni yokuziphatha efanele.",0
test_isizulu_00273,AfriHate,ulale nawe uneke amasende ukhululeke. aneva! 😂😂 ##url,0
train_isizulu_01356,AfriHate,khipha eyakh imfene makhelwane sthakathane,0
2025,vukuzenzele,"“Siqashe abanakekeli abangama-74 abasiza kule phrojekthi. Ekuqaleni sa sisebenza neziguli ezinga ma-200, sabuye saba neziguli ezingama-400, kanti njenga manje enkontilekeni yethu sineziguli ezingama-500, esisebenza nazo nsuku zonke .",0
53,vukuzenzele,"I-Thabang Primary School ihambe phambili kwimiklomelo ngenxa yokusebenza kanzima nangokuzimisela kwe-SGB yayo, ithimba labaphathi kanye neKomidi elibhekelele ukusebenza kweNSNP, kusho u-Sejake.",0
train_isizulu_00272,AfriHate,abantu bajwayelana kabi uma ungenayo imfene.,0
train_isizulu_01635,AfriHate,manje lendoda enwaya amasende emphakathin?,0
1673,vukuzenzele,"ngoMbasa. Njengoba ukumiswa kwentela kudla kakhulu ephaketheni lezimali zikahulumeni, lokho kunomthelela kwezinye izinhlelo zikahulumeni, kuzoba nzima ukuthi kuqhutshekwe nalokhu ingunaphakade.",0
1938,vukuzenzele,"Abagibeli abahamba ngamatekisi nezinye izi-ndlela zezokuthutha zomphakathi, kanye na-bantu abachitha isikhathi ezindaweni lapho kunzi-ma khona ukuqhelelana kwabantu, bayaphoqelelwa ukuthi bafake izifonyo zo-buso ezenziwe ngendwa-ngu.Inzuzo enkulu ngokuthi",0
2874,vukuzenzele,"Isikhungo sobuholi benda buko siyaqhubeka nokudlala indima ebalulekile ezimpi lweni zezigidi zabantu kulo lonke izwe lakithi, ikakhu lukazi ezindaweni zasema khaya. Abaholi bendabuko besekela futhi baqhuba intu thuko emiphakathini yabo.",0
dev_isizulu_00197,AfriHate,lesdudla esiwu @username besisazonyakaza............nawe ke lapho nyakaza sdudla @ virgin… ##url,0
2436,vukuzenzele,"engu-quko eyisisekelo.Emlandweni abantu abasha bebelokhu behola ukuletha uguquko. Emashumini emi-nyaka embalwa edlulile, abantu abasha sebelwe izimpi eziningi zomzabalazo belwela ukungabikho kobulungiswa, kusuka ngowe-1968 kumbhiki-sho wabafundi e-Paris,",0
2512,vukuzenzele,"Senza uhlelo lokuzifakela izicelo nokukhokheleka, futhi lwahambisana nemini ningwane eyehlukene, oku bandakanya Uhlu Lwenani Labantu eNingizimu Afrika kanye nemininingwane ye Sikhwama Somshwalense Wabantu Abalahlekelwe Umsebenzi (i-UIF). Sabeka izindlela",0
556,vukuzenzele,"I-Gauteng on the Move wu hlelo oluqeda ungabazane nokudideka okuhambisana nokusetshenziswa kwezithuthi zomphakathi, njengoba luni keza umphakathi imininingwa ne eqondile futhi esheshayo mayelana nezikhathi zokuha mba kwezithuthi zomphakathi kanye",0
509,vukuzenzele,"zokuphatha kanye nezinqubo ezi zovikela ukusimama kwazo kanye nenzuzo, nokugcinwa kwemisebenzi njengezinto ezihamba phambili.Kumele sibuyisele imali yethu emnothweni wethu ngokuthi sithenge imikhiqizo yalapha ekhaya, sesekele amabhizinisi asekhaya kanye",0
433,vukuzenzele,Idolobha futhi lisebenzisana nethimba eliqinisekisa uku landelwa komthetho kanye noPhiko Oluphenyayo Olu-khethekile ukuqikelela ukula-ndelwa komthetho.,0
114,vukuzenzele,"Sisonke, sizikhethele thina ngokwethu uhulumeni onikeza iqiniso lokuthi iyini iriphabhulikhi.",0
2988,vukuzenzele,"Njengoba kwenzeke lo mshophi, umphakathi usukuvezile ukuthi azikho izinkundla zemidlalo, imitapo yolwazi yomphakathi noma izikhungo zabantu abasha e-Scenery Park.",0
1252,vukuzenzele,"Gqoka impahla yokuzivikela okuyizigqoko zelanga ezinkulu, ihembe enokhola nemikhono emide.",0
2074,vukuzenzele,"“Uma sicela umphakathi uku thi ubambe iqhaza ezinqubweni zesabelomali futhi umphakathi ufika ungenalo ulwazi olunembile, ngeke ukwazi ukuletha imibono ephusile. Okwesibili, sifuna umphakathi wazi uku thi uhulumeni uyisebenzisa kanjani imali esesikhwameni",0
2514,vukuzenzele,"Ezinye izinyathelo esizi thathile ukuvikela nokugci na izindlela zokuphila kwabantu, siphinde sasekela amabhizinisi awayo. Sihli nzeke ngosizo kumabhizinisi amancane olufana nokusizwa ngezikweledu, ukuxhaswa ngezimali, ukuhlehliswa kokukhokhela intela",0
2720,vukuzenzele,"umthelela ezimweni zezinto zabantu uzoba mkhulu. Uma kuzobe kusasenjalo, amathuba okungqubuzana, ukungezwa-ni nokungagculiseki kuzohlale kukhona.Njengoba sisesizibeni esimanzonzo, uMthetho-sisekelo wethu yiwona nkombandlela yethu ebalulekile futhi neyigugu",0
1408,vukuzenzele,Faka isicelo sokuthola ukotini osaboya wokuhlola kwaSunflower Fund ngokuvakashela kule webhusayithi ethi: www.sunflowerfund.org noma ushaye ucingo kule nombolo ethi: 0800 12 10 82.,0
2796,vukuzenzele,Lokhu kwakuyisinyathelo esifanele ekuvumeleni ukubandakanyeka komkhakha ozimele kanye nokukhulisa ikhono lokusebenza kwamachweba ethu.,0
1671,vukuzenzele,"Enye yezinto ezinhle njengezwe iBhangengodla lethu eliqinile, elizimele elikwazile ukugcina ukwenyuka kwamanani emile, ngaphansi kwalokho amanye amazwe amaningi abhekene nakho.",0
train_isizulu_00673,AfriHate,"lol ntombi yomzulu, yimi loyo.ngiyaphila, wena unjani?@username : @username mazulu unjani kodwa wentombi yom'zulu??",0
960,vukuzenzele,"“Sebethole ukuqeqeshwa okuyisisekelo okuzobasiza ukuqhuba umsebenzi aba belwe wona. Bazofakwa eZi ngeni Eliyisisekelo kanye naseZingeni Elimaphakathi, okubandakanya iBanga 1-4,” kuchaza uTlhabane.",0
train_isizulu_01142,AfriHate,@username jerrre bro that's one of animals ekungelula ukusbamba. besizbamba ngezinja kudala sisazingela. but iyalwa imfene. try ezoo.,0
203,vukuzenzele,UKhumalo uthe kwabiza izigidi zamarandi eziyi-18 ukuze ibhizinisi liqale ukusebenza kanye nezinyanga cishe eziyi-11 ukuze liqale ukwenza inzuzo.,0
3585,vukuzenzele,"ngosomabhizinisi, kepha-ke okubavimbelayo ekutheni benze njalo yizithiyo zemicikilisho nemidanti eminingi okumele bachushe kuyona kanye nokuntuleka koxhaso-mali.Njengokusho kuka-Bright Hlongwane ovela enhlanganweni i-Youth in Business South Africa,",0
train_isizulu_01887,AfriHate,@username lol kahle ngodlame mazulu,0
train_isizulu_02419,AfriHate,ngathi ibhunu leplazi... 🤣🤣 ##url,0
1043,vukuzenzele,"bethu abangamabutho ayibambe ophondweni. Siqashe futhi siyaqhubeka nokuqasha abahlengikazi abengeziwe, odokotela nabasebenzi abasebenza ophikweni lwezimo eziphuthumayo. Siyaqhubeka nokwenza inqubekelaphambili emizamweni yethu yokubhekana ne-COVID-19, kepha",0
355,vukuzenzele,"UMongameli uRamaphosa uthe lo Mthetho uphinde uvikele abantu abadala kuzo zonke izinhlobo zodlame lwasekhaya, futhi uvumela abamangali ukuthi bafake izicelo zokuvikelwa kuinthanethi, ukuze bonge isikhathi kanye nezindleko zokuhamba.",0
3277,vukuzenzele,"Njengoba imisebenzi kumkhakha ozimele yanda, izindlela zabantu zokuziphilisa eziningi ziyagcineka futhi ziyesekwa. Izimpahla kanye nemisebenzi yethulwa ngezinga eliphakeme futhi umbuso wentando yeningi labantu uyakwazi ukuqoqa intela eyengeziwe",0
dev_isizulu_00277,AfriHate,"dudlu madolo kanyoko, qoma ntombi ngafa inhlamba kanyoko. angithuki wena ngithuka uthando.",0
train_isizulu_00631,AfriHate,"ayikho encane,ayikho enkulu. wena nje iba nendoda eyodwa  ☝️ukuze inkomo🍑 izomazi umelusi 🍆wayo🤞",0
2530,vukuzenzele,"Uma sihluleka ukugqoka isifonyo uma sihlangene emphakathini, uma sithamele imicimbi enabantu abaningi, asibeki thina nabanye ku phela engozini. Sibeka futhi nokuvuseleleka komnotho wethu engcupheni.",0
train_isizulu_01923,AfriHate,mama dlamini zuma unyuse i voice...uzoxabana kakuhle no mlungu wam omkhulu.,0
2973,vukuzenzele,"Iningi labantu abasha base-Scenery Park batshele abemithombo yezindaba ukuthi babona umyalezo owawuzungeza ezinkundleni zokuxhumana, uthi kunotshwala bamahhala obukhishelwa bonke abahambele umcimbi ngalobo busuku.",0
1404,vukuzenzele,(one -minyaka eyi-14) wahlonzwa kwatholakala ukuthi uneleukaemia (okuyisifo somdla vuza wegazi) ngoNhlaba kowezi-2020. Wengeza inani leziguli eziningi ezidinga ozonikela ngezitho ezihambi sana nezazo.,0
520, kukhunjulwe umlando wakwamashu ,"IMITHETHO eyayishaywe yidlanzana labamhlophe elawula isibalo sabantu abasendaweni ethize yize yayingemihle kodwa yayenza ukuthi kwazeke ukuthi bangaki abantu abahlala kuleyo ndawo, kungafani namanje njengoba sekuyikampunzi edla emini.Lokhu kushiwo yisakhamuzi esidala saKwaMashu uMnuz Obede Mbatha (77) obekhuluma emcimbini wokugubha iminyaka ewu-60, kwasungulwa leli lokishi, izolo, othe kuyadumaza ukuthi manje akekho umuntu ozazi kahle izibalo zabantu abahlala kuleli.UMbatha othe wafika eThekwini ngo-1957, uthe abamhlophe bakha indlela yokuthi kube nesidingo sokuthi abantu abahlala ezabelweni abase besusiwe emihlabeni ababehlala kuyo emihle, babuyele emadolobheni bazosebenza, ngokusungula intela, i-poll tax.“Kwase kumele size emadolobheni siyosebenza ukuze sikhokhe intela. Yize kwakunjalo wawungazingeneli nje edolobheni, kwakukhona KwaMuhle lapho kutholakala khona imvume yokuthi usebenzei,” kusho yena.Uthe ngaphambi kokuthi ayohlala KwaMashu wayehlala eMkhumbane kodwa basuswa kabuhlungu balethwa KwaMashu, bakhelwa izindlu zamapulangwe abathi uma bekhishwa kuzo bafakwa ku-4 room owawuhlala imindeni emibili, kule mizi manje sekuyisesigcemeni sakwa L.“Kule ndawo kwakunepulazi lo mlimi uSir Mashall Campell, abantu epulazini lakhe bagcina sebelinqamulela ngokuthi iKwaMarshall, bagcina sebenqamulela ngokuthi iKwaMashu,” kusho yena.U-Edmund Mhlongo weK Cap uthe bambalwa abantu abaziyo ukuthi kungani kule ndawo kuthiwa kusesinqawunqawini.Uthe leli gama lasuselwa ekutheni omunye womama owayedayisa ukudla waphelelwa inyama wapheka inyama yenja. Amakhasimende akhe uma ebuza ukuthi lenyama emnandi kangaka eyani, wayewaphendula ngokuthi eyesinqawunqawu.ISIKHULU saseKcap uMnuz Edmond Mhlongo ekhuluma emgubhweni weminyaka engu-60 kwasungulwa ilokishi KwaMashu“Cishe akekho ongasazi isisho esithi wakhala phansi okwentshebe yaKwaMashu kodwa akekho ozihlupha ngokubuza ukuthi ubani leyo ntshebe. Iqiniso ukuthi leyo ntshebe indoda eyayinentshebe eyanqanyulwa ikhanda isitimela,” kusho uMhlongo.UNksz Jacinta Ngobese uthe intsha kumele izinuke amakhwapha ngokuphuza okwedlulele nokusetshenziswa kwezidakamizwa, okudlangile kuleli lokishi.",0
train_isizulu_01752,AfriHate,uyasebenza u sililo. amabhunu afuna izinto zawo. ##url,0
1481,vukuzenzele,"sizophothula umsebenzi oneminini ngwane egcwele kanye nezingxoxo ezidingekayo ukuphothula lezi zinyathelo. Sizobe-ke, maduze nje, sesikwazi ukumemezela uchungechunge lwezinyathelo ezizosiholela kwinqubekelaphambili ngokushesha ekulweni nokucishwa kogesi.",0
1661,vukuzenzele,wonke ukuphila ngokukhululeka ngaphandle kokwesaba. Lo hulumeni nabambisene nabo bazobenzela kahle abesifazane baseNingizimu Afrika. Angeke sibaphoxe.,0
427, sizoya ngenkani emaphoyiseni ,"IFUNGA iyagomela iDA ithi izoya ngenkani eziteshini zamaphoyisa iyohlola ukusebenza kwazo nakuba sekuphume incwadi evimba amaqembu ezepolitiki ukuba agasele eziteshini zaKwaZulu-Natal engacelile.IBamba likaKhomishana wamaphoyisa eKZN, uLieutenant General Nhlanhla Mkhwanazi, lisanda kukhipha incwadi evuthayo ethi akekho usopolitiki ovunyelwe ukufuhleleka esiteshini engacelanga, afike apekequle afune namabhuku ezimali. Lokhu kungenxa yokugasela kweDA eziteshini ezehlukene ithi izohlola isimo.Encwadini uMkhwanazi uthi akukhathalekile noma ngabe yiliphi iqembu elifikayo alingemukelwa futhi linganikwa lutho elikufunayo. Udaba lucasule iDA yaze yalanda umholi wayo kuzwelonke, uMnuz Mmusi Maimane, obeseThekwini ngoMgqibelo, ezophikisa incwadi ekomkhulu lamaphoyisa esifundazweni. Ufike ehambisana nomholi waKwaZulu-Natal, uMnuz Zwakele Mncwango, bayihlaba bayihlikiza indaba yencwadi kaMkhwanazi bathi ishaye eceleni. UMaimane uthe banelungelo elisemthethweni lokugasela eziteshini ngoba bamele abantu.‘’Lowo okhiphe incwadi angazosijwayela kabi asiyingeni indaba yayo. Umbhedo wani lowo awushoyo. Le nto iphambene nomthetho futhi thina sifuna ukubambisana namaphoyisa hhayi ngoba silwa nawo. Sifuna ukwazi ukuthi yini le efihlwayo eziteshini abangafuni siyibone,’’ kusho uMaimane enanelwa yihlombe labalandeli beDA. Uthe amaphoyisa awakwazi ukuzenzela umathanda engagadwe muntu futhi amalungu eSishayamthetho abekelwe lokho ukugada ukusebenza kwezikhungo zomphakathi.“Ngingama kanjani nje ePhalamende ngitshele izwe ukuthi angikwazi ukuyohlola isimo esiteshini esithile? Bazothini abantu uma bezwa leyo nto njengoba bethembele kithina. Uke ufike esiteshini ubone ukuthi amaphoyisa awazi lutho kuduma upotiyane uma uwabuza,’’ kusho uMaimane.Uthe banika uMnyango wezokuThutha nokuPhepha koMphakathi KwaZulu-Natal izinsuku eziwu-14 ukuba uphendule esikhalweni sabo. Isithunywa ebesivela emnyangweni simukele incwadi sathi sizoyedlulisela kuMnuz Mxolisi Kaunda onguNgqongqoshe womnyango bese ephendula.NoMncwango uhambe emazwini kaMaimane wathi uMkhwanazi ushaye phansi-ke ngoba bazoqala phansi ukuhambela iziteshi.",0
train_isizulu_00564,AfriHate,eyy ngoba abelungu abakwaz njh ukuhlala bengamoshile iympilo zabantu😏 ##url,0
2830,vukuzenzele,"Njengomzamo wokubhe kana nale nselele, uMnya ngo wezeMpilo eLimpopo sewethule undabizekwayo wokuqala ngqa oyigumbi lokuncelisela noma lo kukhamela khona ubisi nga phakathi emahhovisi akho na.",0
train_isizulu_01257,AfriHate,kade ngasho ngathi ingulube inja. ##url,0
2504,vukuzenzele,"Ngesikhathi kumenye zelwa iSimo Senhlekelele Kazwelonke ngoNdasa, okwaba seqhulwini kuthi na kwakungukunqanda ukubhebhetheka kwegci wane nokuhlinzeka ngosizo oluphuthumayo kwizakha muzi, imiphakathi, abase benzi kanye namabhizinisi.",0
964,vukuzenzele,"amaqembu ezibalo, amaqe mbu okufunda, amaqembu obuchule kwezobuciko kanye nemiklamo yezolimo.",0
410, kuzophenywa ngolwezingane ehostela ,"SELUZONGENELELWA uMnyango wezeMpilo nowezokuThuthukiswa koMphakathi KwaZulu-Natal udaba lokuhlala kwezingane ehostela labesifazane, uMasipala weTheku othi lokhu kuphambene nesimo sempilo yazo.Izolo iNkantolo eNkulu eThekwini itshele abameli bezinhlangothi zombili ezithinteka kulolu daba ukuthi bathintane nale minyango ukuze iphenye ngesimo senhlalo yezingane kuleli ehostela elibizwa ngeThokoza. Umasipala ukhala ngokuthi leli hostela alilungele ukuhlala izingane futhi ligcwele. Abesifazane abahlala kulo, izolo bathe bancamela ukuhlala nezingane zabo ngaphandle kwaleli hostela elisemgwaqweni uYusuf Dadoo eThekwini, uma inkantolo igcina ibalahla.Ijaji lithe yize lizizwa izikhalo zomama abangafuni ukuhlukaniswa nezingane zabo, azikulungele ukuhlala kuleli hostela. “Nisho ukuthi ingane yomfana eneminyaka engu-16 kuhle ukuthi isebenzise indlu yokugeza nabesifazane nezinye izingane zamantombazane?” kubuza ijaji.Lithe ngeke kulunge nokuthi kuvunyelwe kuphela izingane zamantombazane ukuhlala nonina ngoba kuzobe kuncisha ilungelo ezabafana. Liyalele abameli ukuthi namuhla babuyele kulona ukuzobhunga ukuthi bazoyimisa kanjani eyokufaka iminyango kulolu daba. Liphakamise nokuthi le minyango inikezwe okungenani izinyanga ezimbili ukuze iphenye ngesimo sasehostela. Icala lizobuyela enkantolo ngoLwesihlanu.U-Advocate Sarah Jane Linscott omele abahlali, ukwamukele ukuthi kuthintwe iminyango kodwa wakhala ngokuthi sekuyisikhathi eside umasipala ungenazinhlelo ngalolu daba njengoba lwangena enkantolo ngo-2015.Omama bebephume ngobuningi, abanye bebehamba nezingane zabo. Bekukhona nabahlali bamanye amahostela abazwelana nomama baseThokoza.UNksz Phumzile Mpontshane usehlale eThokoza kusukela ngo-2002, unezingane ezimbili eneminyaka ewu-10 neno-2. Uthe ngeke akwazi ukuhlukana nezingane zakhe njengoba sekwande ukuhlukunyezwa kwazo. Uthe angenza noma yini ukuze avunyelwe ukuhlala nezingane zakhe.UNksz Zakhona Radebe onamadodakazi amabili eno-4 no-12, uthe akazimisele ukuya ndawo futhi uzohlala nezingane zakhe. Uthe uma umasipala ubakhipha awubafunele izindlu abazohlala kuzo nemindeni. Udaba lombango wezingane kuleli hostela lwangena enkantolo ngo-2015. Omama bebekhala ngokuthi bayazishushumbisa ngenxa yokuthi azivunyelwe ukuhlala.",0
1363,vukuzenzele,Lena akuyona kuphela ingxenye yezwe ebhekene nezinselele ezifana nalezi.,0
584,vukuzenzele,kwengqalasizinda yo mphakathi kanye nokuvi kelwa kwezemvelo.,0
test_isizulu_00344,AfriHate,inkawu idliwa ilila,0
dev_isizulu_00073,AfriHate,ikhekhe or inkomo kamama (private part of a woman)  induku or umphambili (private part of a man)  ucansi ukulalana (deeds in the bedroom)   umzimba (body)  ikhanda (head)  amahlombe (shoulders)  inwele (hair)  sacred   connected to sacred chakra and root chakra. ancestors stay,0
454, kubhuntshe inkonzo kuvalwa elika omotoso ,"KUPHELILE ngesonto lomfundisi obhekene namacala okudlwengula ePort Elizabeth (PE), izolo okubhuntshe inkonzo umphakathi ubhikisha ngaphandle.Amalungu ebandla leJesus Dominion International eholwa nguMfundisi Timothy Omotoso, aphume esephelezelwa amaphoyisa ekhishwa ngababhikishi abazibiza ngeCitizens In Unity. Umbhikisho ubuholwa yi-ANC Youth League (ANCYL) ne-ANC Women’s League (ANCWL) kukhona namalungu e-EFF nezinye izinhlaka zomphakathi. Izolo kujikijelwane ngamazwi phakathi kwamalungu ebandla nababhikishi abaqale ukuqhinqa ngaphandle kwesonto ngo-9 ekuseni.UMnuz Luyolo Nqakula okhulumela i-ANCYL kwelinye lamagatsha ePE utshele Isolezwe ukuthi bakujabulele ukuthi umbhikisho wabo ube yimpumelelo.“Sizamile ukukhuluma kahle nobuholi bebandla kodwa basidelela. Sithole ukuthi isonto alinaso isitifiketi futhi ibhilidi akumele liphendulwe isonto. Umyalezo wethu emalungwini ebandla ukuthi leli sonto alinandawo ePE futhi noma bangalibeka kuphi sizolivala,” kusho uNqakula.Uthe sebekhulumile noMasipala wakuqinisekisa ukuthi namuhla uzothumela ikomiti ukuyovala ibhilidi, kususwe nophawu lwebandla.Okhulumela i-EFF uMnuz Luvuyo Ponase uthe banqume ukuhlanganyela kulo mbhikisho ngoba lolu daba luthinta umphakathi. Uthe ibhilidi alikho esimeni sokuthi kube nesonto kodwa yindawo yebhizinisi. Ngesikhathi abazalwane bephuma esontweni abanye bebegxeka ababhikishi bethi ngeke bayeke ukweseka umfundisi abambiza ngendoda kaNkulunkulu. Omunye wabaholi bebandla onqabe negama lakhe utshele Isolezwe ukuthi ngeke aphawule lutho maqede wavala ucingo.FUNDA:UMasipala iNelson Mandela Bay ukuqinisekisile ukuthi ibhillidi lalingakhelwe ukuthi kusontwe kulo. Inhlangano yamabandla esimanje iChurch Leaders Council of South Africa ithe iyazwelana nabo bonke abesifazane abathinteka odabeni lokuhlukunyezwa u-Omotoso. Okhulumela inhlangano uMfundisi Nathi Zondi uthe okubaphatha kabi ukuthi konke lokhu kwenziwe egameni lesonto. Uthe bayathemba ukuthi kuzokwenzeka ubulungiswa kuleli cala abafuna lithethwe ngenhlonipho nangokuvikela abagilwa.UMFUNDISI Timothy Omotoso osolwa ngamacala okudlwengula. Isithombe: Raahil Sain/African News Agency (ANA)Icala lika-Omotoso elithethwa eNkantolo eNkulu ePE liqale ukushuba uNksz Cheryl Zondi ongomunye wabagilwa ethula ubufakazi. Kulindeleke kuvele abanye ofakazi njengoba icala libuyela enkantolo namuhla. I-Citizens In Unity izobhikisha namuhla enkantolo kanti UMengameli we-ANCWL uNksz Bathabile Dlamini uzobiza izithangami nabezindaba namuhla. U-Omotoso odabuka eNigeria ubhekene namacala angu-63 okubalwa awokudlwengula nokushushumbisa abantu. Uboshwe noNksz Lusanda Sulani NoZukiswa Sitho abasolwa ngokumsiza ekushushumbiseni amantombazane.",0
train_isizulu_03027,AfriHate,amanazaretha awayidli ingulube? ##url,0
736,vukuzenzele,Ukuhlukumeza ngokupha thelene nomnotho: Lokhu kungenzeka uma isisulu sivi njelwa ukuthi sithole iholo.,0
338,vukuzenzele,Uhulumeni uyaqhubeka loguquko kwezomhlaba futhi kulindeleke ukugunyazwa Komthethosivivinywa Wokubuyiselwa Komhlaba.,0
3595,vukuzenzele,"azobalekelela ekutheni basungule amabhizinisi abo. Lolu hlelo luzolekelela ekukhulisweni nasekuthuthukisweni kwabantu abasha abangosoma bhizinisi. Ukusungulwa kwama bhizinisi akulona neze ikhambi eli nguzifozonke ozoqeda zonke izinkinga ezikhona, kodwa-ke",0
train_isizulu_00666,AfriHate,😂😂😂😂😂😂 yeeyi uyinja. ##url,0
729, uyokhangisa ngamawashi obuhlalu elondon ,"INDODA ehlobisa amawashi ngobuhlau ithole ithuba lokuthi iyokhangisa ngawo embukisweni eLondon.Umbhali wezincwadi, uMnuz Lunga Ntuli, wakwaDukuza, umenywe ukuyokhangisa ngamawashi elebula yakhe ebizwa ngeLN Watches. Umenywe kwi-Africa Fashion Week London (AFWL) ngo-Agasti 9-10. Kulo mbukiso waminyaka yonke kuhlangana abakhangisi bengqephu bamazwe ahlukene bezokhombisa ngethalente labo. Umbukiso usuvulele osomabhizinisi abaningi emkhakheni wemfashini ithuba lokukhula kulo mkhakha.Ukumenywa kukaNtuli kuqhamuke emuva kokuba abohlaka lwezohwebo nokutshalwa kwezimali esifundazweni bebone umsebenzi wakhe. Umsebenzi wakhe bawubona kwezinye zezimakethe ezikhangisa ngomsebenzi esifundazweni.“Ngijabule kakhulu ukuthola ithuba ngoba bekuvele kuyiphupho lami ukuthi umsebenzi wami ufinyelele nakwamanye amazwe. Ukuya kwi-AFWL kuzosiza nokuthi ngazi kabanzi ngomkhakha wemfashini. Umbono omkhulu wukukhulisa ilebula yami, ngingagcini ngamawashi kuphela,” kusho uNtuli.UNtuli, owaqala ilebula ngo-2016, uke wenza nezikhwama kodwa kazihambanga ngendlela abefisa ngayo. Nokho usebona kuyithuba lokuthi abuyele nakuzona njengoba ekholwa wukuthi kuningi azokuthola kulo mbukiso.Uthe icebo lamawashi laqala ngoba uyathanda ukuqhakambisa okwesintu. Usebenzisana nabanye abesifazane abenza umsebenzi wezandla, asebenza nabo. Uzimisele ukwakha ubudlelwano nezitolo zaseLondon, athe ziningi ezidayisa izimpahla zase-Afrika.UNtuli, osebhale izincwadi ezine zothando, uthe ubuhlalu buyindlela yokuxoxa ngezothando. Uthe ubone ukuthi bukhona ubudlelwano phakathi kwezindaba zothando abhala ngazo nobuhlalu ngoba vele nasemandulo bekusetshenziswa bona uma kushelwa.Umbukiso waseLondon wasungulwa nguNkk Ronke Ademiluyi waseNigeria kodwa ozalelwe e-England. Wasungulwa ngo-2011 ukukhombisa ithalente labantu base-Afrika kwezemfashini nokuvulela amathuba abasiki bengqephu nosomabhizinisi base-Afrika kwamanye amazwe.Uphiko lwezohwebo nokutshalwa kwezimali KwaZulu-Natal lwasungulwa ukusiza izinkampani zaseNingizimu Afrika nosomabhizinisi abancane ukuthi bazidayise kwamanye amazwe. Luphinde lukhuthaze nokuthuthukiswa komnotho wesifundazwe nokuvulela amathuba osomabhizinisi besifundazwe.",0
train_isizulu_01340,AfriHate,hmmm ukuhliza inkomo! ##url,0
train_isizulu_02572,AfriHate,@username injalo indaba somkhanda. sekukhona abathi undunankulu kazulu umntwana wakwaphindangene mangosuthu buthelezi useyisihlobo nje. nokuswelakala kwenhlonipho kudlangile phakathi kwethu mazulu. kodwa ke ushenge uwenzile umsebenzi omuhle futhi omkhulu. umbuso kazulu kakuwona okahulumeni,0
687, bacele ikhefu abe anc abasolwa emahlazweni ocansi ,"ZIZICELELE ikhefu izikhulu ze-ANC ezisolwa emacaleni ocansi  njengoba kusaqhubeka uphenyo lwamaphoyisa emuva kokuvulwa kwamacala.UNobhala Jikelele we-ANC uMnuz Ace Magashule ngoLwesibili udalule ukuthi oMnuz Zizi Kodwa noMnuz Pule Mabe bacele ukushawa umoya. UMagashule uthe nakuba abasolwa bezibona bemsulwa kodwa bebengafuni ukuqhubeka nokusebenza bengaphansi kwefu elimnyama lokusolwa ngokunukubeza abesifazane. Ubekhuluma esithangamini sabezindaba ekomkhulu lenhlangano eLuthuli House eGoli.Kuvela lokhu nje kade kuhleli umhlangano wesigungu sokusebenza kwenhlangano (NWC).FUNDA:UKodwa usola itulo ngelokudlwengulaUMabe ubesanda kukhishwa phambili emuva kophenyo olwenziwe yi-ANC kodwa ummangali wanganeliseka wavula icala emaphoyiseni. UKodwa ubhekene nezinsolo zokudlwengula owesifazane othushuke nalezi zinsolo waziyisa ehhovisi le-ANC wase elulekwa ngokuthi avule icala. UMagashule uncome abasolwa ngokuzicelela ukushenxa.''Uma sikhuluma ngomholi oqotho sisuke sisho abantu abanjena ke. Bazoqhubeka babe sesigungwini esiphezulu kodwa ngeke besayikhulumela i-ANC. Uqabane uDakota Legoete uzoqhubeka abambe izintambo akhulumele i-ANC,'' kuchaza uMagashule.",0
267, kubhekwe isinyathelo sikade lille ,"ANGASE asungule iqembu lakhe lezepolitiki uNkk Patricia De Lille osule kwiDA ngesonto eledlule ngesikhathi esephuma esikhundleni sakhe sokuba yiMeya kaMasipala waseCape Town.UNkk De Lille uthe uzocacisa kuleli sonto ngezinhlelo zekusasa lakhe kodwa kunamahlebezi aqinile okuthi uzosungula iqembu lakhe namakhansela asule kwiDA ngesonto eledlule.Ngesikhathi esula kwiDA, uNkk De Lille uthe uzizwa ekhululekile kwingcindezelo akade engaphansi kwayo ngoba ubengakwazi ukusiza abantu ngempilo engcono.“Ngikhululekile ekugcineni, indlela engizizwa ngayo ifana naleya yokuvota okokuqala ngo-1994 emuva kokuthi sithole inkululeko. Bengingakwazi ukuletha impilo engcono kubantu ngenxa yobandlululo oludla lubi kwiDA. Baningi abathi angizongena emaqenjini abo epolitiki kodwa ngisazocabanga kahle ngekusasa lami. Sisabonisana namakhansela asulile ukuthi sizokwenzenjani,” kusho uNkk De Lille.UMnuz Shaun August obewuSotswebhu kuMasipala waseCape Town uthe yena namakhansela asulile bayabonisana ngekusasa labo futhi baxoxisana nabantu abaningi.“Sixoxa nabaxhasi, abaholi bomphakathi nabo bonke abantu baseCape Town ngezinto ezahlukene ngoba asikazi okwamanje noma sizosungula inhlangano yepolitiki noma sizokwenzani. Engingakusho nje wukuthi iDA isakhathalele abamhlophe kakhulu ngoba abantu baseGugulethu, Khayelitsha naseMitchells Plain abanakiwe,” kusho * -August.Umhlaziyi wezepolitiki uMnuz Thabani Khumalo uthe uNkk De Lille angase avuse i-Independent Democrats okuzokwenza kube nokwehlukana kwezepolitiki ngoba inhlangano yakhe izobonakala njengekhaya lamaKhaladi okusho ukuthi kuzohamba abantu abaningi akade sebevotela iDA.“UNkk De Lille uyathandwa wumphakathi wamaKhaladi azibona sengathi awanakiwe, ngimbona ewushisa umbango eWestern Cape. I-DA ngeke inqobe ngamavoti amaningi. Emuva kokhetho luka-2019 kungase kube nohulumeni wokubambisana engingazi-ke ukuthi uzoholwa yiDA noma yi-ANC kodwa engingakuqinisekisa wukuthi uNkk De Lille uyobe ekhona uma eseneqembu lepolitiki,” kusho uKhumalo.",0
2050,vukuzenzele,okusebenzisa indlela (yomshini noma yezithako zamakhemikhali) zokuvikela ukukhulelwa.,0
dev_isizulu_00453,AfriHate,ufuna isende lami😂😂😂😂 kodwa brutus #thequeenmzansi,0
train_isizulu_02017,AfriHate,damn lakhuluma ibhunu 🙆🏽‍♂️ ##url,0
3130,vukuzenzele,Wayekhuluma ngesikhathi sesithangami sabezindaba lapho aveza khona inqubo yo kwethula imfundo ephakeme yamahhala eNingizimu Afrika.,0
train_isizulu_01971,AfriHate,"#kanyenawe my lunch box uphuthu nemfino yezintanga ungaphika ukuthi bengivakashelwe usarary last week n akahlalanga, baze bawuloya umholo abelungu bawufaka udukanezwe bk @username #kanyenawe @username 🌹",0
3534,vukuzenzele,"yokugoma ukuthi sifinyelele enanini elanele lokugonywa kwabantu – uma abantu abenele sebeligomele leli gciwane lokhu kuhlinzeka ukuvikeleka kulabo abangaligomele, kanti lokho kwenza izinga lokubhebhetheka kwegci-wane lilawuleke.Ngakube imigomo ibalulekile",0
1864,vukuzenzele,"“Abesifazane bangaphinde bashayeke ngokomuzwa ngenxa yokukhipha isisu okungaphephile, nokungekho emthethweni, okubandakanya ukucindezeleka emva kokukhipha isisu, ukhwantalala kanye nezinkinga kwezobudlelwano.",0
train_isizulu_02064,AfriHate,bhebha uthule - mthokozisi (2017).,0
91,vukuzenzele,ezikhukhuleni ukuze bathole omazisi bamakhadi kanye nokuba bakhishelwe izitifiketi zokuzalwa kabusha.,0
train_isizulu_01718,AfriHate,"""kudayisa imomozi layikhaya""  #erased",0
1206,vukuzenzele,"Njengoba siqhubeka nokwakhela phezu kwale mpumelelo, sinethemba ukuthi noma kungathatha isikhathi, labo abeba futhi baphanga izinsiza okwakungezabantu bazobhekana nemiphu mela yezenzo zabo.",0
512, imilutha ididiyela isiphuzo ngama pads asebenzile ,"IMILUTHA yezidakamizwa isijike ukwenza njengoba kuthiwa isizitika ngokuphuza amanzi aphuma uma ipheke ama-pads (amaqakelo) abesifazane asesebenzile.Lo mkhuba omusha ubukeka uzobhincisela nxanye abezidakamizwa iwunga nenyaope. Kuthiwa uthandwa yintsha engenayo imali yokuthenge inyaope newunga ngenxa yokuthi imba eqolo. Ukuhlanganisa amaqakelo kulula ngoba bahambela imizi enabantu besifane baketule imigqomo bathathe amaqakelo asesebenzile noma baye lapho kulahlwa khona imfucuza bapequlule ukuze bathole amaqakelo.Kuthiwa uma sebewatholile amaqakelo asesebenzile, bawathatha bawabilise bese amanzi aphuma lapho bawaphuze.La manzi kuthiwa ayadakana, ulala ungazazi negama lakho, okuyinhloso enkulu yemilutha.Umsuka walo mkhuba, kuvela ukuthi ukhonjwa e-Indonesia njengoba ususabalele emazweni amaningi okubalwa neNingizimu Afrika.Ngokolwazi oluvela kweminye yemibiko wumkhuba osuneminyaka engaphezu kwemibili uqalile kodwa eNingizimu Afrika usanda kuqala ukubonakala eGoli. Kuthiwa umuntu ophuze le ‘jusi’ ephuma emaqakelweni, udakwa amakhemikheli asetshenziswe kuwona.Udokotela wabesifazane ongathandanga negama lakhe, uthe uyakweshwama lokhu.“Ngiyakweshwaba lokhu kodwa kunengozi kakhulu empilweni yomuntu,” usho kanje.Uthe okokuqala amaqakelo anekhemikhali i-Absorbent Core esetshenziswe ukubamba igazi kwiqakelo ukuthi lingagelezi.""Lilodwa nje leli khemikhali alikulungele ukungena ngaphakathi liphuzwe ngoba alikudalelwe lokho kodwa lisebenza ukubamba okusaketshezi. Uma seliliningi ngaphakathi egazini lingaba yingozi.”Uqhube wathi i-chlorine nayo etholakala emaqakelweni ingakwenza ukuthi uma umuntu eyiphuzile azizwe esezulwini elincane. Udokotela udalule ukuthi ngokwesayensi uma into isibilisiwe amagciwane ayafa kodwa kukhona adlula aphile okuyiwo angabeka impilo yabaphuza lawo manzi asengcolile impilo yabo ibe sengcupheni.- Isolezwe ngeSonto",0
1566,vukuzenzele,ukuhlinzeka ngemikhiqizo eqondene nokuya esikhathini kwabantu besifazane kanye nezibonelelo zomphakathi njengemikhakha okungandiswa imali esetshe nziswa uhulumeni kuyo.,0
3496,vukuzenzele,"Ukusebenzisana nomkhakha ozimele kubalulekile ukuze kuhehe utshalomali olusha, ezobuchwepheshe kanye nongcweti kwezokusebe nza kwechweba futhi noku thuthukisa izinsizakusebenza kanye nengqalasizinda uku thi kuhambisane nesimanje manje.",0
3410,vukuzenzele,UMotsoaledi ubekhulu ma kamuva nje enkundleni yabezindaba lapho ambule khona uMthethosivivinywa wokuchibiyelwa kwe-NHI kanye noMthethosivivinywa Wokuchibiyelwa Kwezikimu Zezokwelapha.Le mithethosivivinywa izo phendla indlela yokufikelela kangcono,0
train_isizulu_00098,AfriHate,"i think this is the reason senzo was killed,kelly khumalo uthanda amasende amakhulu ##url",0
train_isizulu_01484,AfriHate,@username ngubani ugogo usthembiso nyoni yini ?,0
1933,vukuzenzele,IKhabhinethi kamuva libeke iSimo Senhlekelele Kuzwelonke njengendlela yokubhekana nezikhukhula.,0
478,vukuzenzele,"Bemisebenzi Yezandla (ama-TVET) kanye namathuba okuthuthukiswa kwamakhono. “Izinsiza ze-CACH bezilokhu zivuliwe kusuka mhla zingama-24 kuMasingana 2022, futhi zizovalwa mhla zingama-31 kuNdasa ukuze zisize labo bafundi abafuna ukungena ezikhungweni",0
2847,vukuzenzele,"eqala ukutshala imifino, wayefuna ukusiza umndeni wakhe ukuthi uthole imi- funo kodwa le ntshisekelo",0
3351,vukuzenzele,"phakathi kwabangani kanti lokho kubhebhethekisa ukuthelelana komphakathi ngaleli gciwane.“Khumbula ukuthi, abantu baye bayalwa ukuba bangazithinti emlonyeni, ekhaleni kanye naseme-hlweni. Nokuyaye kuthi uma umuntu ebhema, bese eyahluleka ukulandela lowo",0
1357,vukuzenzele,Kunomzamo wokufuna ukubeka lokhu kubukeke engathi kufaka ubudlelwane bobuhlanga phakathi kwemiphakathi yabantu abaMnyama kanye namaNdiya.,0
3347,vukuzenzele,sekunobu-fakazi obuveza ukuthi abantu abanesifuba somoya basengozini yokuhlaselwa yizim-pawu ezibucayi kakhulu okungabalwa ngisho nokufa uma bengasuleleka ngalolu bhubhane lwe-COVID-19. Nakuba ingekho imiqulu esishicilelwe netshengisa ubungozi obungako,0
1450,vukuzenzele,"Eminyakeni emithathu eyedlule, siye sathatha izinyathelo eziningana ezibalulekile ukulwisana nenkohlakalo kanye nokuqhwagwa kombuso.",0
3143,vukuzenzele,"Ukuze kuqinisekiswe ukuthi amalungu e-GEPF kanye nemindeni yabo ba phatheka ngendlela efanele, ibhodi lisanda kusungula ihhovisi elizosingatha izi khalazo. Ihhovisi Elilamula Ezezimpesheni Zabasebenzi bakaHulumeni (i-GEPO) iyi hhovisi langaphakathi kodwa",0
train_isizulu_00947,AfriHate,uyazilungisela ingulube yakhe ngakho nasemshadweni kunjalo. mesekuhlula ukwenza ke vele uphume endlini ushiye unkosikazi neyngane ekhaya.kodwa ukuhlukanisa esizulu into engekho eyesilungu lento. ##url,0
1892,vukuzenzele,"Lokhu kubandakanya imini ningwane yokuthi ngubani owenze ini, isenzo esisolwayo senzeke nini, futhi kungani.",0
3114,vukuzenzele,"“Yize noma abesifazane bezama ukuzishutheka no kusebenza kanzima ukuze babonise ukuthi lokhu oku shiwoyo akulona iqiniso, kungumsebenzi onzima. Nga kunqoba lokhu ngokuba ngi ngaphakamisi umoya, ngihla le ngicabanga ngokunethe mba futhi ngisebenze naba ntu",0
589,vukuzenzele,"Njengoba kunokusilela emuva okukhulu kwezomnotho okudalwe wubhubhane lweSifo seGciwane le-Corona, ukuqashwa komphakathi kuhlinzeke ngoxhaso olubalulekile lokudalwa kwamathuba omsebenzi.",0
2015,vukuzenzele,"bangitshela ngemisebenzi abayenzayo ukuphendula izidingo zabantu abantulayo, ukweseka imindeni ukuba ikwazi ukunakekela futhi ifundise kanye nokufundisa futhi isize abantu abasha ukuze bakwazi ukubhekana nazo zonke izinkinga ababhekana nazo. Lezi zakhamizi",0
2438,vukuzenzele,"bebephambili ku-mkhankaso we #BlackLivesMa-tter ozuze ukwesekwa umhlaba jikelele emva kokubulawa kuka-George Floyd eMelika. Emavikini ambalwa adlule, izishoshovu emhlabeni jikelele bezilokhu zifuna kususwe imifanekiso etusa ubulwane nodlame lokuhweba",0
378, bekuthiwa sikhonza usathane ,"AYIFUNI nokuyizwa indaba yesonto likayise indodana yomholi wesonto laseMzimkhulu okwahlubuka kulo isonto lase-Eastern Cape, iMancoba Seven Angels Church.UMnuz Msizi Jali uyindodana kaMnuz Ndumiso Jali oke wabambisana noMnuz Siphiwo Mancoba ongumsuguli weCrusade Church. Amadodana kaMancoba ahlubuka kuleli sonto ngemuva kokushona kukayise asungula iMancoba Seven Angels ngo-2015.UJali, othi naye ubengasakwazi ukungena emzini kayise ngemuva kokushiya leli sonto ayesesonte kulo iminyaka eyishumi, uthe bese kunesikhathi engakwazi ukuya kubo. Uthe ubegcina ngokukhuluma noyise ecingweni.“Ngayeka ukufunda kwaGrade 8 ngesikhathi ngisuka kumama sengizohlala nobaba. Ngatshelwa ukuthi inqubo yesonto ayikuvumeli ukuthi sifunde ngoba kunomoya kaSathane ezikoleni. Ngahlala njengoba kwakushiwo. Zaziziningi izingane ezazisesigabeni sokufunda ezazingafundi njengami. Kwakunezinto engangingazizwa kahle njengako ukuthi awuvumelekile ukukhuluma ngenkonzo yethu. Uma ubingelela umuntu awumbuzi impilo nokuthi uyilungu lesonto akabe esahlangana nomndeni wakhe. Ngake ngakhuluma nentsha eyayingangami sibona sengathi amalungelo ethu acindezelekile ngoba ngeke sisebenze imisebenzi ecacile ngoba asifundile. Bonke babebona njengami kodwa bengakaze baphile enye impilo besaba ukuphuma esontweni. Nganquma ukushiya kuleli sonto ngalibangisa eKapa ngiyozama impilo,” kusho yena.Uthe wayazi ukuthi ukuphuma kwakhe kwakusho ukuthi akasakwazi ukuxhumana noyise. Yingakho bekunzima ukuthi avakashe yize uyise engazange asho ukuthi akangamvakasheli.Eseshonile uyise uthe wakhuluma namalungu omndeni wawatshela ukuthi uyise uzongcwatshwa ngendlela ejwayelekile okungcwatshwa ngayo abantu.“Amalungu esonto awazange ayizwe kahle into engangiyisho ngoba ayelindele ukuthi ubaba angcwatshwe emathuneni ethengwayo futhi angcwatshwe amalungu ebandla ambalwa. Iningi lawo lakhombisa ukungahambisani nengangikusho. Ngabacacisela ukuthi kuzoba khona namalungu omndeni azohlanganyela nathi. Sacela ukuthi basidedele sizile ngendlela esiyaziyo. Kwaba ukuhamba kwabo,” kusho uJali.Uthe kuningi okumphatha kabi okukhulunywa ngabantu ngesonto likayise abathi likhonza enkolweni kaSathane.“Ngesikhathi ngisasonta kulo bekuthiwa uSathane ungaphandle. Thina sikhonza uNkulunkulu. Angazi ukuthi yiliphi iBhayibheli elalifundwa ngoba iBhayibheli lalifundwa uMancoba kuphela. Iningi lezingane lalingakwazi ukufunda,” kusho uJali.Uqhube wathi zonke izinsuku uthunyelelwa izithombe ezisabekayo ezisabalele ezinkundleni zokuxhumana kuthiwa ngezendlu yakubo emise okwenyoka. Kushiwo nezinto ezisabekayo okuthiwa ziyenzeka kuyo.“Engikwaziyo wukuthi abebesonta kuleli sonto bebenziwa ukuthi bakholwe yilokho okushiwo kulo futhi akekho obeke akhulume ngokwenzeka kulo. Angazi noma leyo ndlela iyona yini okukhonzwa ngayo uSathane. Angazi ukuthi yini le ebiyenza ukuthi abantu bakholwe yilokhu ebebetshelwa kona yize abanye babo befundile,” kusho uJali.Uthe ngeke alivule isonto uzoqhubeka nebhizinisi likayise lokudayisa amabloksi.",0
1037,vukuzenzele,"abaningi. Okubaluleke kakhulu, kufanele sigcine kunegebe eliphephile phakathi kwethu nabanye abantu – okungenani ibanga elingamamitha amabili – kwabanye abantu. Manje sekunobufakazi obu-velayo bokuthi leli gciwane lingase futhi lisabalale nangezinhlayiya",0
train_isizulu_02432,AfriHate,"@username 🤣🤣🤣, buyeke ngamla😂",0
150, ulwazi ngezinxephezelo zakwaraf ,"Njengophiko olunakekelayo lukahulumeni, iRoad Accident Fund (RAF) inezinhlelo zokuqinisekisa ukuthi indlela okudingidwa ngayo izicelo zesinxephezelo azichemile - noma ngabe zifakwe ngummeli noma zifakwe kwaRAF ngqo - nokuthi bonke abafakizicelo bakwazi ukufinyelela kalula esikhungweni. Nokho, njengesikhungo sibone ukuthi kukhona okungaqondwa ngabasuke behlangabezane nezingozi zomgwaqo. Lokho kubandakanya okungezansi:Abafakizicelo abanabameli abangathokozileAbameli, ngokwemigomo yokusebenza elawula umkhakha wezomthetho, kumele bahlale bewazisa amakhasimende abo ngokwenzekayo ezicelweni zesinxephezelo zawo, nokuthi baphendule izincwadi nezingcingo zamaklayenti.Ngeshwa, iRAF ayivumelekile ukugxambukela ebudlelwaneni bommeli nekhasimende ngakho ayinakubeluleka abafakizicelo ngezicelo zabo. Nokho, iRAF ikhuthaza abathinteka ezingozini ukuthi kube yibo abazixhumanela neRAF ngqo ukuze zilandeleke izicelo zezinxephezelo zabo, noma ngabe umfakisicelo enommeli noma ezifakele isicelo ngqo eRAF.Abanxenximakhasimende Kuvamile ukuthi abagileke ezingozini banxenxwe abazenza abasebenzi bakwaRAF. Bagcwalise, bathumele imibhalo yokufaka izicelo zesinxephezelo kulaba banxenximaklayenti. Abafakizicelo bakhuthazwa ukuthi baxhumane neRAF ngqo ukuze bagweme ukugilwa abanxenximaklayenti.Isitifiketi esiyisibopho sokunakekelaI-RAF isiza ukuhlumelelisa abafakizicelo. Lokhu kwenziwa ngokuthi isikhungo sikhiphele umfakisicelo isitifiketi esiyisibopho sokunakekela, esiyisivumelwano esiphakathi kukamfakisicelo neRAF sokuhlinzeka izidingo zokwelashwa zamanje nezakusasa, umfakisicelo angase abe nazo ngenxa yokulimala engozini yomgwaqo, ngesikhathi ingxenye esele yesicelo sesinxephezelo sisasetshenzwa.Abafakizicelo bangathumela ama-invoice, kwaRAF emuva kokubonana nodokotela, noma udokotela angaxhumana nebeRAF ukuze imgunyaze ngaphambi kokwelapha umfakisicelo, bese ethumela i-invoice. Umfakisicelo kumele azise udokotela ukuthi unesitifiketi esiyisibopho sokunakekela.Izicelo zesinxephezelo nezindleko zomngcwaboI-RAF ikhokhela okulandelayo kuphela:Ukuthuthwa kwesidumbu, ukuhlinzeka ngebhokisi lomngcwabo noma uhlaka lokungcwaba, ukulungisa isidumbu, ukugcinwa kwesidumbu, ukuhlelela ukukhishwa kwesitifiketi sokushona, ukungcwatshwa noma ukulothiswa kwesidumbu, ukuqashwa kwempahla yokwehlisela ibhokisi lomngcwabo elibeni nezindleko zasemathuneni.Izikhathi zokufakwa kwesicelo sesinxephezeloLapho umshayeli noma umnikazi wemoto odale ingozi aziwa, isikhathi sokufaka isicelo sesinxephezelo siphela eminyakeni emithathu emuva kosuku okwehle ngalo ingozi ngaphandle kwalapho kufakwe isicelo esihlukile sesinxephezelo esisemthethweni kwaRAF.Lapho umshayeli noma umnikazi wemoto engaziwa (okubizwa “ngokwenza ingozi ubaleke”), isikhathi sokufaka isicelo sesinxephezelo sizophela eminyakeni emibili kusukela ngosuku okwehle ngalo ingozi yomgwaqo, ngaphandle kwalapho kufakwe isicelo esihlukile esisemthethweni kwaRAF.Lapho umfakisicelo engumntwana, noma umuntu ogcinwe njengongaphilile ngokomqondo noma umuntu onommeli oqokelwe ukumthathela izinqumo ngoba engenakuma phambi komthetho, futhi umshayeli noma umnikazi wemoto onecala aziwa, isicelo sesinxephezelo esisemthethweni singafakwa eRAF eminyakeni emithathu kusukela ngosuku okunqunywa ngalo ukuthi lo muntu obengenamandla usengazimela ngokomthetho.Lapho umshayeli noma umnikazi wemoto onecala engaziwa futhi umfakisicelo ebhekene nesithiyo sokuthi akanamandla okuzimela ngokomthetho, kumele kufakwe isicelo sesinxephezelo eRAF ungakapheli unyaka kusuka kunqunywe ukuthi lowo muntu obengenamandla usengazimela.Ukucazwa kwesinxephezeloUma umfakisicelo wemoto ebe sephutheni ngokuphelele kwenzeka ingozi, ngeke aphumelele uma efaka isicelo sesinxephezelo kwiRAF. Uma kunenye imoto kuleyo ngozi, umshayeli angakwazi ukufakaza ukuthi omunye umshayeli ube nephutha eliholele engozini.Uma umshayeli naye ebe nephutha ekudalekeni kwengozi, isicelo sesinxephezelo sakhe singase sincishiswe. Lokhu kuncishiswa kususelwa ephesentini lokuba nephutha abe nalo ngokubambisana nomunye umshayeli othintekayo engozini.UNtsoaki Kunene, oyiRegional General Manager yeRAF KwaZulu-Natal.* UNtsoaki Kunene, uyiRegional General Manager yeRAF KwaZulu-Natal",0
2939,vukuzenzele,luyisimo sokufa noku phila. Kumele sivumelane nesimo futhi sidinga ukuthi siqaphelisise.,0
621, kuboshwe usomlomo osolwa ngokweba ,"KUPHAZAMISEKE umhlangano womkhandlu, kwavalwa amabhuku ngesikhathi kuboshwa uSomlomo kaMasipala waseBaqulusini, eVryheid uMnuz Mkhonyovu Khumalo obhekene necala lokweba i-generator.UKhumalo uthelekelwe ngezakwadalawane ngoLwesine emahhovisi omkhandlu, waboshwa phambi kwamakhansela ethe shaye, ethamele umhlangano asala kanjalo emangele. Umasipala we-IFP ungaphansi komlawuli njengoba uhlaselwe yizinkinga zokuphatha, manje sekuboshwa usomlomo wawo.UKhumalo uboshwe nomunye umlisa, elingatholakalanga igama lakhe okukholakala ukuthi uyathinteka ekwebiweni kwempahla yomkhandlu.Kuthiwa bobabili abasolwa bavelile eNkantolo yeMantshi eVryheid ngecala lokweba.Isolezwe ngeSonto lithole ukuthi kunophenyo obeluqhubeka emuva kokuduka kwe-generator. Lihabule nokuthi yatholwa emzini womunye wabasolwa kodwa kungaqondakali ukuthi ifike kanjani.Okhulumela amaphoyisa KwaZulu-Natal, uCol Thembeka Mbele uqinisekise ukuboshwa kukaKhumalo nomunye umsolwaUSihlalo we-IFP, uMnuz Blessed Gwala uthe kukhona okushaya amanzi ngokuboshwa kukaKhumalo, kabaneme ngendlela izinto ezenzeke ngayo, sengathi kunetulo lokumthela ngehlazo.“Uma isela lebile, kufanele liboshwe kodwa lokhu abakwenze kuKhumalo kuyaxaka ngoba bayawazi umuzi wakhe. Pho yini aboshwe esemahhovisi omkhandlu? Kuze kuphazanyiswe umhlangano impela ngoba kwenzenjani? Yitulo elidala nje leli lokuhlambalaza konke ne-IFP. Yinto eyenziwa yizimbangi zethu,’’ kusho uGwala.Okhulumela uMnyango wezokuBusa ngokuBambisana nezindaba zoMdabu eKZN, uMnuz Senzelwe Mzila uthumele isitatimende esikhuluma ngokuboshwa kukaKhumalo.Uthe umnyango ubeka phambili umgomo wokuthi umuntu umsulwa uma engakalahlwa ayicala. Unxuse bonke abasebenzi ukuba babambisane namaphoyisa ophenyweni.",0
2803,vukuzenzele,Sivuselele uHlelo Lwendali Lomkhiqizi Ozimele Wogesi Ovuselelekayo ngokuvulela ezinye izikhathi zokufaka izicelo.,0
1660,vukuzenzele,"ikakhulukazi labo ababuthakathaka. Uma senza ngokukhuthala nangokulunga, lokho ikona okuqinisekisa amandla obulungiswa. Abesifazane baseNingizimu Afrika sebekhathele izinyathelo ezingayi ndawo ezingaxazululi ngisho nelu ngelo elibaluleke kakhulu kunawo",0
train_isizulu_01175,AfriHate,sometimes uboke uvale umlomo nenhliziyo bese uvula imomozi. 🙈😂,0
3528,vukuzenzele,angama-40 epulazini i-Babirwa Ba Tau Ya Tswala okuyilapho esebenzela khona.,0
202, i da nomkhankaso wokuheha intsha ,"UMHOLI weDA KwaZulu-Natal uMnuz Zwakele Mncwango uthi iqembu labo lizimisele ngokuheha intsha njengoba lisemkhankasweni wokwehlisa amandla kaKhongolose abe ngaphansi kuka-50%, okhethweni lukazwelonke ngonyaka ozayo.Esithangamini nabezindaba eThekwini izolo, uMncwango uthe sebejube uNksz Mbali Ntuli ukuthi kube nguyena iNhloko yezemikhankaso eqenjini ngenhloso yokufeza iphupho labo lokudonsa ivoti labantu abasha.“Iqiniso lithi iningi lentsha lintula amathuba emisebenzi futhi abantu abasha abavoti ngokuthi obani ababesemzabalazweni, bavota ngokuthi ubathembisani,” kusho uMncwango.Uthe bayathemba ukuthi uNksz Ntuli uzowenza ngempumelelo umsebeni wakhe.“UNksz Ntuli ungumholi owaziwayo oseke waba yikhansela waphinde wahola intsha yeqembu, ukubeka yena kulesi sikhundla sokuhola imikhankaso kuzoyisiza kakhulu inhlangano,” kusho uMncwango.UNksz Ntuli obeyilungu lesiShayamthetho KwaZulu-Natal wesulile khona njengoba esenikwe lo msebenzi omusha.Kumanje iqembu limatasa nohlelo lokuvala isikhala sakhe.UMncwango uthe basazobona ukuthi isikhala sikaNksz Ntuli basivala ngobani.UMncwango akazange afune ukuphumela obala ukuthi uzoya yini esiShayamthetho njengoba kulindelekile kulandela ukuthi uphinde wakhethwe kabusha njengomholi wenhlangano esifundazweni.“Uma unguSihlalo weqembu esifundazweni, lokho kukwenza ukuthi kube nguwena ophambili ohlwini lwamagama, kulele kumina ukuthi nginqume ukuthi ngiyaya yini esiShayamthetho noma ngiqhubeka nokuhlala eThekwini kodwa isinqumo engizosithatha sizobe sincike ekutheni ikuphi okuzosiza inhlangano,” kusho uMncwango.Uthe ngemuva kwengqungquthela ka-2015, unqume ukuthi angayi esiShayamthetho ngoba kade efuna ukulungisa isimo saseThekwini aphinde akhulise neqembu khona.“Ngicabanga ukuthi ngikwazile ukukhulisa iqembu eThekwini ngaphinde ngakwazi ukudala uzinzo enhlanganweni eThekwini nakwisifundazwe, uma kwenzeka ngihamba eThekwini anginalo uvalo ngabaholi engingabashiya khona,” kusho uMncwango.Uthe njengoba kubhekwe okhethweni ngonyaka ozayo bazophinde bagxile nakubafundi basemanyuvesi ngenhloso yokunxenxa amavoti abo.“Sifuna ukunxenxa amavolontiya amaningi avela emphakathini ehlukene, emakhaya nasemadolobheni,” kusho uMncwango.Uthe sebesungule umkhankaso weVukuzakhe ngenhloso yokusiza intsha entula imisebenzi.“Siphezu komkhankaso iSakh’ingomso ozogxila ezikhungweni zemfundo ephakeme ozobe ubhekelele ngqo ukusiza abafundi ezinkingeni zabo ozoba uholwa inhlangano yethu yabafundi iDemocratic Alliance Student Organisation (Daso),” kusho uMncwango.UNksz Ntuli uthe uzizwa ethobekile ngokuthenjwa iqembu ukuthi limnike umsebenzi obaluleke kangaka wokuhola imikhankaso yeqembu.“Ngizimisele ngokuthi lo msebenzi ngiwenze ngempumelelo ukuze ngingabaphoxi abaholi bami,” kusho uNksz Ntuli.",0
1626,vukuzenzele,"bethu basebenze ukwenza ngcono ingqalasizinda yethu kuzwelonke nakomasipala.Ngokungenelela emizameni, sisungula imisebenzi kulabo abayidingayo, ngesikhathi sishiya umphumela oyohlezi ukhona njalo emi phakathini yonke.Njengezinye izinhlelo zomsebenzi",0
1793,vukuzenzele,Uqinisekise izakhamizi zaseNingizimu Afrika ukuthi ingqalasizinda yaseLabhorethri inazo zonke izinsiza ezidinge kayo ukuze sikwazi ukuqapha noma yikuphi ukusuleleka okusha oku ngase kuqubuke.,0
2063,vukuzenzele,"Usihlalo we-LCPA, uMxolisi Ngesi, uthe umphakathi wafaka isicelo sawo sokunxeshezelwa ngowe-1998. Ngowezi-2012, amalungu omphakathi anike zwa amahekthare angama 23 500 asephinde engezwa nga mahekthare ayi-1 400 esiqiwi.",0
train_isizulu_02545,AfriHate,@username mina ngiphuza inkawu? 😒 ##url,0
train_isizulu_03061,AfriHate,n'golo kante bafethu 😭😭😭🔥🔥🔥,0
train_isizulu_02983,AfriHate,aybo ngo 2 slice nje sebengibuka kabi ##url,0
107,vukuzenzele,umphakathi. Wawungenawo sampela uMqulu Wamalu ngelo.,0
train_isizulu_00923,AfriHate,kwesinyiskhathi kunzima nokuth sikhulume. rip ngamla ##url,0
2007,vukuzenzele,ngokuzibophezela ekuqinekiseni ukuphepha kanye nokwazisana njengezakhamizi. Kumele baqinisekise ukuthi kunezakhiwo ezanele kanye neziphephile ezikoleni. Kumele basukumele phezulu uma ngabe kunokuphazamiseka ekuphake lweni kwamanzi emiphakathini noma,0
685,vukuzenzele,ukwesuleleka nge-HIV kwama-ntombazane asethombile kanye nabesifazane abasebancane kwe-hle ngamalengiso eminyakeni eyishumi eyedlule. Leli yiqembu elibalulekile ngoba liyaye libe sengcupheni enkulu yokuthi lisuleleke nge-HIV .Uhlelo lwethu lokwelapha,0
dev_isizulu_00602,AfriHate,"@username #leeyami eyokuqala ngicela ukuyipha izinsizwa ezidriver emkangala ugu, umlindeni, nyoni, mnakeni, sganseni, mtshingo maye, dj",0
1876,vukuzenzele,Ukuqhubeka nokukhulelwa kuzokhinyabeza izimo zenhlalo noma zomnotho zowesifazane.,0
2151,vukuzenzele,Umbuzo: Ngizwile ukuthi abantu abadala bashona ngo kushesha emva kokugoma.,0
train_isizulu_01037,AfriHate,ewu ngeke lisatholakala ididi emzansi vele? ##url,0
test_isizulu_00034,AfriHate,ziyaykhohlisa lezi nyoni ##url,0
3570,vukuzenzele,"Isiqubulo sesiphandla sezwe, “!ke e: /xarra //ke ” esibhalwe ngolimi lwamaKhoisan, sichaza ukuthi abantu abehlukene ababumbane.",0
1112,vukuzenzele,"“Ukusebenzisa imali nge ndlela engafanele kufana nesikweleti esiyiphela e ndlebeni. Kuhle ukugwema ukuchitha imali ngendlela engafanele kulawa maholide kaKhisimusi ngoba kungaba nomthelela omkhulu emalini yakho kanye nakuhlelo lwakho esikhathini esizayo,”",0
train_isizulu_02966,AfriHate,"thina a mazulu asazi nokuthi kukhona amapedi, so how would we hate them? ##url",0
1337,vukuzenzele,Kufanele nje uhlale uncelisa umntwana njalo ukuze ubisi luzophuma – uma wenza njalo wenza ubisi oluningi.,0
train_isizulu_00482,AfriHate,"ngingasinika wena :""d ""@username : @username wena ungenza njani istabane sithi sibhebhe sizokugaya r1m?""",0
3148,vukuzenzele,Ezinye izinkinga i-GEPO ekwazi ukubhekana nazo zibandakanya:,0
1064,vukuzenzele,"Le misebenzi yayisungulwe ikakhulukazi emikha kheni efana neyezinsizakalo zomphakathi nezenhlalo, ezohwebo, ezezimali kanye nakwezokwakha, ikakhulu kazi.",0
2481,vukuzenzele,Babalelwa emashumini amane abalimi abansu ndu abazimele abanikwe izeluleko ezihambisana nokufuywa kwezinkukhu kanye nokuqeqeshwa.,0
933,vukuzenzele,Beqede izinsuku eziyi-10 eziyimpoqo ukuthi uzihlale endaweni yokugonqa noma yokuhlala ngawedwana. Labo ababenezimpawu ezimaphakathi noma lezo ezibucayi behlolwa kokwezempi lo. Beqhubeka nokulandela imi khuba yenhlanzeko yomuntu kanye nokuziqhelelanisa,0
2774,vukuzenzele,"“Ukuzibulala koyedwa kulusizi. Ukubhekana kwethu nokunqanda ukuzi bulala kubaluleke kakhulu manje, emva kwezinyanga eziningi siphila nobhubhane lwegciwane lweSifo se-Corona, oluze nobungozi bokuzibulala – ukulahle kelwa yimisebenzi, ingcindezi yezimali",0
2707,vukuzenzele,"alandela, sekube nezinselele zomthetho ezibuya kubantu abaningi, izinhlangano ze-zenkolo, amaqembu epolitiki, ama-NGOs nasezinhlanganweni zamabhizinisi ezilwisa isinyathelo noma eziningi zo-kuhlinzekwa kokuvalwa kwe-zwe abebengathokozile ngazo. Abanye",0
train_isizulu_03053,AfriHate,@username inkomo yenkomo awunayo ##url,0
1457,vukuzenzele,Lokhu kuzosinika amandla okuthi sithathe ezinye izinyathelo zokulungisa ukuthi lokhu kungenzeki esikhathini esizayo.,0
1479,vukuzenzele,abafanelekile kanye nezikhulu eziphezulu kuchungechunge lwezinyathelo ezengeziwe ukuze sizoqhubela phambili yonke imizamo yokukhulisa ukuthunyelwa kogesi. Umyalezo ucace bha: lesi akusiso isikhathi sokudlala. Kumele sisukume ngokuzethemba ukuze sizoqeda,0
944,vukuzenzele,"angakhuluma ngolimi lwakhe lwebele futhi isikhulu senkantolo sizoqinisekisa ukuthi isisulu sithunyelwa kwabezokwelulekwa noma ukwelashwa ngengqondo, ukuze baphothule indlela yabo yokupholisa amanxeba. Abesifazane abaningi nezi-ngane ezikhahlanyezwe i-GBV ,",0
429,vukuzenzele,"AmapitsiIdolobha selikugxekile ukuse-tshenziswa kwamapitsi futhi lathi ukusetshenziswa kwawo ukuze kuniselwe kuzoba ihora elilodwa kuphela ngoLwesibili kanye nangoMgqibelo, ngaphambi kwehora lesi-9 ekuseni futhi ngemuva kwehora lesi-6 ntambama.",0
463,vukuzenzele,"“Sihlinzekela izingane ezi hlala emgaqweni kanye na -labo abavela emiphakathini eyayinganakiwe ngapha mbilini. Izinsiza zethu zimahhala futhi yonke intsha eneminyaka esuka kwemihlanu iya kwenga ma-23 yamukelekile,” ku sho uMqadi.",0
3399,vukuzenzele,"Bobabili abashadayo kumele babe neminyaka engaphezu kweyi-18, ngaphandle kwalapho abazali noma abanakekeli ngokomthetho behlinzeke ngemvume lapho oyedwa noma bobabili bebancane ngokomthetho.",0
36,vukuzenzele,abazali kanye nothisha?Yebo. Lezi zikhathi zokusakaza zizoba nesikhathi lapho kunikwa khona abazali amasu ngezindlela zokuthi abazali bangamuseka kanjani umntwana owenza uMatikuletsheni. Ezinye zalezi zikhathi zokusakaza zizogxila kothisha futhi inkundla,0
train_isizulu_02605,AfriHate,#thequeenmzansi u jola uzobhebheka uma enganakile. bathathe bab'omncane😂😂,0
2734,vukuzenzele,obuyi-9% benzeka ku Twitter.Ungcweti wase-CSIR u-Rofhi wa Netshiya uthi kunesi dingo sokufundiswa kompha kathi ngazo zonke izinhlobo zobubhoklolo obenziwa nge-inthanethi. “Kufanele sifundise aba ntwana ukuthi ububhoklolo obenziwa nge-inthanethi bungaholela,0
1476,vukuzenzele,"yotshalomali. U-Eskom usebeke indawo eduzane neziteshi zikagesi ezikhona ukuze izosetshe nziselwa imiklamo yogesi ovuselelekayo yabatsha lizimali abazimele. Ukuklanywa kabusha sekuphothuliwe ukwenza ngcono ukusebenza kwezingxenye ze-Medupi Unit 1, 2 kanye",0
train_isizulu_02575,AfriHate,@username slima ngempela.. muyeke,0
train_isizulu_02049,AfriHate,bhebha uthule ...,0
518, uhlonishwe ngokuqhakambisa izilimi zesintu ,"UKHOLELWA ekutheni asikho isifundo nomkhakha ongeke ufundwe ngolimi lwesintu, owesifazane ohlonishwe ngendondo ngamagalelo okuqhakambisa izilimi zesintu.UNkk Muhle Sibisi ofundisa emkhakheni wakwaHumanities e-University of KwaZulu-Natal (UKZN), uhlonishwe ngeYoung Linguist Award emcimbini weminyaka engu-20 we-International Congress of Linguist. Bekuqala ukuthi lo mcimbi ubanjelwe kuleli selokhu wasungulwa njengoba ububanjelwe eKapa.UNkk Sibisi ohola nohlelo lwezilimi kwiSchool of Arts, khona e-UKZN, uthe ukuhlabana kwakhe ngale ndondo kusho ukuthi uyabonakala umkhankaso wokuqhakambisa izilimi zesintu.“Umkhankaso wokuqhakambisa izilimi zesintu akuyona into yakuleli kuphela kodwa eyawo wonke amazwe. Ngisho abe-Unesco bayakukhuthaza ukuthuthukiswa kwalezi zilimi. Ukuthola kwami le ndondo kusho ukuthi nowethu umkhankaso uyabonakala. Izilimi zethu zanyathelwa kakhulu ngenxa yomlando wobandlululo, okuyimanje sizama ukulungisa lowo monakalo,” kusho yena.Uthe zonke izifundo ngisho ezikhungweni zemfundo ephakeme kumele zifundwe ngezilimi zesintu. Uveze ukuthi e-UKZN sebeqalile ukusebenzisa amanye amatemu ezilimi zesintu abaqhamuke nawo.“Awukho umkhakha noma izifundo ezingeke zingafundeki ngezilimi zesintu. Uma sebefuna ukusigxeka laba abangafuni siqhakambise izilimi zethu, basishaya ngokuthi kunamatemu angeke asebenziseke kahle esiZulwini. Okuhle ukuthi ezinye izilimi ziyahambelana, kungabolekwa amagama ukwakha amanye amatemu. Awekho amagama angeke atholakele uma sizimisele, ngisho emkhakheni wezomthetho nowezesayensi,” echaza.UNkk Sibisi osefundise iminyaka emine e-UKZN, kumanje wenza iPhD lapho enza khona ucwaningo ngezilimi zesintu. Ucwaninga ukuthi amatemu esiZulu aseqalile ukusetshenziswa kulesi sikhungo ayazisiza yini izitshudeni ukuthi ziqonde kangcono ezifundiswa kona ngolimi lwazo.Ukuhlabana kwakhe ngendondo kunezelwe nayindlela alwethule kahle ngayo ucwaningo obeluhambisana nokukhuthaza izitshudeni zale nyuvesi ukuthi zihaye izinkondlo zisebenzisa amatemu emikhakha yemfundo ezikuyo.UNkk Sibisi ubonge umphathi wakhe uSolwazi Heike Tappe, athe nguye omkhuthazayo emsebenzini wakhe kulesi sikhungo. I-international Congress of Linguist yasungulwa ngo-1928 kanti izingcithabuchopho zezilimi zamazwe ahlukene ziyahlangana njalo eminyakeni eyisihlanu ukubhunga ngezokuthuthukiswa kwezilimi.",0
72,vukuzenzele,"songqangi yohlelo isiyonke ukuthuthukisa isimo seze- mpilo kanyene - sok ondlek a k wab afun - di ababuya eminde- nini edla imbuya ngothi eNingizimu Afrika. Lolu hlelo luqondiswe kubafun- di abafunda ezikoleni zika- hulumeni eziku quintile 1-3,",0
275,vukuzenzele,"“Sibungaza inqubekelaphambili yethu, ngoba usu ku nosuku Uhlelo lwethu Lwezinguquko Kwezomhla ba luthola amandla.",0
train_isizulu_02652,AfriHate,"inkomo ""@username : indlwabu? rt @username : nginolaka uma kade ngayigcina""",0
1576,vukuzenzele,"Ikhomishani ithola amakheli ngokusebenzisa izinhlelo ezahlu-kene, ezihlanganisa ukubukeza amarekhodi, amafayela kanye nezinqolobane zemibhalo uku-ze ibheke bese ifaka amakheli ahlinzekwe abavoti eminyakeni engama-20 edlule, ngokuqoqa amakheli ngokhetho",0
462,vukuzenzele,"USandile Mqadi ongumqe qeshi wokuhuhuluza ema gagasini we-Surfers Not Street Children Club, uthe inhlangano yayisophe uku fundisa izingane amakhono okuhuhuluza emagagasini njengendlela yokuzikhipha emgaqweni.",0
2981,vukuzenzele,izingane ezisencane utshwala ezingavumelekile ukuphuza utshwala ngenxa yeminyaka yazo.,0
train_isizulu_01936,AfriHate,@username khohlela mlungu iphume😏,0
263, kushubile osomatekisi bevimbezela abashayeli betaxify nabe uber ,"BATHWALE kanzima abashayeli bezimoto ezincane ezithutha abantu iTaxify ne-Uber ngesikhathi bevinjezelwe osomatekisi enkundleni yezemidlalo eChesterville, eThekwini, ngoLwesihlanu.Laba bashayeli abebengaphezu kuka-20 kuthiwa bavaleleke kule nkundla usuku lonke, osomatekisi bososeshini bezindawo ezakhele iTheku “bebathumbe” nezimoto zabo, befuna uR5 000 imoto ngayinye ukuze idedelwe. Ngokusho komunye wabashayeli beTaxify, yena nozakwabo bavinjezelwe yizimoto ezincane ezintathu ngesikhathi bepake ngaphandle kwaseNyuvesi yaKwaZulu-Natal, eHoward College ekuseni.“Kufike osomatekisi abathathu kithina basiphoqa ukuthi sibalandele siye emhlanganweni ophuthumayo. Sifike enkundleni yezemidlalo eChesterville sekukhona ezinye izimoto ezingaphakathi zeTaxify neze-Uber,” kusho lo mshayeli.Uthe lezi zimoto bezihamba zivinjwa ezindaweni ezahlukene, zibizelwa kulo mhlangano mbumbulu.“Ubungekho umhlangano, bebezositshela ukuthi abafuni ukuphinde basibone sisebenza ngoba asinazo izimvume zokuthutha abantu. Bathe imoto ngayinye izodedelwa ngoR5 000. Bagcine sebethi asikhokhe uR500 ngokubona kuqhubeka isikhathi,” kusho lo mshayeli.Omunye umshayeli uthe basizwe ukufika kwamaphoyisa abehlome eyizingovolo, aphoqe labo somatekisi ukuthi babadedele.“Sesihamba sijeqeza ngoba bathe i-hoot yemoto soyishaya ngesiphongo. Izindawo ezisemalokishini sesiyasaba ukuzihambela ngoba asazi siphephe kangakanani,” kusho omunye umshayeli.Uthe abazi lo msindo ususwe yini ngoba bebazi ukuthi iseGoli kuphela lapho abangabafuni khona.NgoMashi nonyaka ePitoli kubulewe ngesihluku isitshudeni saseNanda, uSiyabonga Ngcobo, esasingumshayeli weTaxify.Usihlalo kasoseshini waseChesterville uMnuz Mbongeni Mkhize uthe bangu-12 ososeshini abangaphansi kweTheku abangeneme ngokusebenza kwezimoto zeTaxify ne-Uber.“Sekuphele amasonto amathathu sizama ukuhlangana nezikhulu ze-Uber neTaxify kodwa sihluleka. Sibone kungcono ukuthi sivimbe izimoto zabo ukuze basondele kithina. Abakwazi ukungena emsebenzini wethu sithule nje,” kusho uMkhize.Uthe kuzosiza ukuthi le nkinga isheshe ixazululeke ingaze iphume esandleni.Okhulumela amaphoyisa KwaZulu-Natal, uLieutenant Colonel Thulani Zwane, uthe amaphoyisa aseCato Manor abizelwe kule ndawo ukuyoxazulula isimo, alikho icala elivuliwe.",0
dev_isizulu_00202,AfriHate,@username ngzokucela slima ndini,0
train_isizulu_01748,AfriHate,"@username ixhosa, impondo, indebele, ivenda, ibhaca, ingisi, ibhunu, that is how they are pronounced in zulu naturally.   umusuthu, umutswana, umutsonga, umuswati, umuthembu, that how these ones are pronounced.   it comes out naturally with no intention to insult.",0
2392,vukuzenzele,"“Abasebenzi basesibhedlela bancane kakhulu ukuthi bangakwazi ukubhekana nenani lezigameko njenga manje. Kubaluleke kakhulu kithina ukuthi sizame ngoku semandleni ukubasiza ukuze sonke sigweme ingci ndezi eyengeziwe ohlelweni lokunakekelwa kwezempilo,”",0
dev_isizulu_00220,AfriHate,akasikwe amasende lodoti lo 😠😠 ##url,0
train_isizulu_00358,AfriHate,@username wena akhona kini lana wena sdomu ndini sazobpna kodwa thula ubuke,0
642,vukuzenzele,"Ngihlaba ikhwelo kuwowonke amadoda aseNingizimu Afrika, amancane namadala, ahlala emadolobheni nahlala ezindaweni zasemakhaya, aphila isimanjemanje naphila ngokwendabuko, ashadile nangashadile, ukuthi abe yingxenye yemizamo yokugwema edingeka kabikabi",0
dev_isizulu_00155,AfriHate,@username musa ukuzenza into esile wena hlampe nje saphasa kakhulu kunawe futh sisebenza into esile kunawe manje lowolayin oloke uwusho uzenza into esile... masithi whites askhulum ngobuzwe bakho sikhuluma ngebala lakhe sdomu... shuth njalo mukhuluma ungath mina ngumzansi africa? ngimnyama,0
3128,vukuzenzele,"Ezimweni eziphuthumayo, kwesinye isikhathi siqeda ukusebenza emva kwehora lesi-21:00 ebusuku,” kusho yena.",0
train_isizulu_02094,AfriHate,zobuya nini inkomo emathafeni???,0
569,vukuzenzele,Sasungula uhlelo loku siza abantu ngomse benzi ngonyaka odlule ukuze kudalwe inqwaba yamathuba emisebenzi esikhathini esifishane kakhulu. Lokhu kwakubiza izindlela ezintsha nezinga masu amasha okusebenza ukuze kuqaliswe izinhlelo ngesivinini nangobungako,0
2349,vukuzenzele,"okulethwe yilolu bhubhane sekushu-kumise amazwe ase-Afrika ukuthi asebenze ngokuhlanganyela.Kulesi sihogo sosizi lwe-COVID-19, imbewu yobunye nokusebenzisana eyatshalwa izingqalabutho zakithi isiya-thela futhi iyachuma.Lesi sikhathi sokulingwa nesobunzima",0
train_isizulu_02800,AfriHate,anc kubukela engathi iyahluleka ukubuyisa umhlaba kubantu abamnyama ekwiyona into izwe elifunayo kakhulu ne msebenzi kwalelo toho olitholayo uzofica ibhunu likhombha isizwe sakithi silambile ngisho izwe seliphethwe muntu mnyama still siyabandlululwa @username ,0
train_isizulu_02014,AfriHate,"#freedomday2021 27 years of democracy namanje umhlaba owathathwa kokhokho ukuze kumbiwe igolide kufukulwe umnotho wabamhlophe awukabuyi, amabhunu asabulala abantu namanje emapulazini inkululeko yomnotho sisayizwa ngendaba basincisha ngisho imali yomahlalela r350 ##url",0
710, imibono unyazi sicela luthethelele abagcotshwa abamisiwe ,"MHLELI: Ngicela ukuthi ungidlulisele ukuphatheka kabi kwami ngesenzo esenzeka lapha ebandleni selokhu kwahlala ubaba uNyazi ebandleni. Okokuqala, ngizobeka kucace ukuthi ngokwenqubo yaleli bandla uma kuzongena imihlangano eyaye yenziwe kathathu onyakeni, okuyinhlangano kaJanuwari, Julayi no-Okthoba kumele kuthethelelwe bonke abebemisiwe ngenxa yokuphambana nomthetho webandla noma ngamacala athile abasuke bewenzile, bephula imithetho kaNkulunkulu. Kodwa lokhu sibona sekushaywa indiva nobaba sengathi uyehluleka ukuphuma nento ecacile njengomholi webandla. Abantu bayazenzela nje, akanendaba futhi uyehluleka ukumela iqiniso njengoba kunguye owokugcina okumele aphume nezwi eliwujuqu.Ngikhuluma nje kunabagcotshwa abayilokhu bamiswa. Manje sekungaphezulu kweminyaka eyisithupha udaba lwabo lungakhulumeki, yena ubaba uthulile nje akabashayi mkhuba noma sebekhalela ukuthi phela abaxolelwe, babuyele esontweni. Ngokwenqubo yebandla lokhu akwenzeki.Siyamangala-ke ngoba lokhu kuyaphambana nomthetho kanti nekomiti elimiselwe ukulungisa izindaba zebandla lizithulele nje. Manje angisazi ukuthi leli bandla libhekephi uma kunjalo. Uma yena engabathetheleli njengomnikazi wesonto kanti ngubani okumele abathethelele? Futhi uma yena engabazweli ngubani kanti ozobazwela ngoba uma bexabene, engabalamuli ngabe ulindele ukuthi kuze kuchitheke igazi yini lapha ebandleni? Yonke le mihlangano engiyibalile iyangena nje bamisiwe laba bantu, abasonti ndawo, abasazazi noma basengamaNazaretha noma sebeyini. Uma belahlwa benganakwa kanti yini lena engaka abayona lapha ebandleni edala bangiyitholi intethelelo?Uma bengahamba manje emhlabeni bengathethelelwe kuyothiwani? Sengisola ukuthi naye ubaba akalinakile ibandla ukuthi abantu bayezwana noma cha. Laba bagcotshwa ngingabala oMfundisi Khanyi, Mavuso, Ngema, Mchunu noMvangeli uMtshali. Angisazi kahle noma bamisiwe noma baxoshiwe yini ebandleni. Ngikhuluma nje lona omunye uMfundisi Richard Mchunu wake wazidela weza mathupha ethi uzozicelela intethelelo kuye ubaba uNyazi kepha wavinjwa ngamanye amalungu ebandla, amfaka induku phambi kwakhe ubaba. Ngelanga ashaywa ngalo kwakuyiSabatha kwakukhona ngisho iSilo Samabandla sivakashile, okungavumelekile-ke emthethweni kaNkulunkulu ukuba kwenzeke. Futhi lokhu kwakumele ubaba njengomholi aphume nezwi eliwujuqu ngaso leso sikhathi, ayilungise yena le ndaba yalaba bagcotshwa abathethelele babuyele esontweni nabo bazikhonzele. Kepha yena wathi laba bantu abaxabene bebodwa, abasale bayilungise le ndaba yokuxabana kwabo wasuka washiya kulenga kunjalo.Le nto eyenzekayo lapha ebandleni isiphethe kabi kakhulu ngoba ihlambalaza ibandla likaNkulunkulu wasekuPhakameni. Angikaze ngiyibone le nto ngoba kuyimanje kukhona abanye abagcotshwa abamisiwe futhi nabo okungezwakali kahle ukuthi benze sono sini.UThingolwenkosazana lwalungahambisani nokushaywa nokuxoshwa kwabantu esontweni noma ngabe benzeni. Lwaluze lusho luthi mina angixoshi muntu ngoba nobaba abazange baxoshe muntu. Kodwa manje lokhu sekuyinsakavukela nje ebandleni. Siyibandla siyamangala ukuthi sekuyisonto elinjani kanti leli uma selinjena. Ngiyafisa ukuthi nesigungu esiphezulu silusukumele ngokukhulu ukushesha lolu daba lwalaba bagcotshwa, babuyiselwe ebandleni nabo bakhonze.Le nto ibuhlungu ngoba laba bantu banezingane namakhosikazi abangazi lutho futhi angone lutho. Nabo bayathinteka abasasonti ndawo ngoba kumiswe oyise nabayeni babo. Ngicela isonto lingaphenduki kube yikwamachanca kwampunzi edla emini lingaphenduki libe yihlathi ekubeni kunomholi nesigungu esimiselwe ukulungisa lezi zindaba. Njengoba nje kuzoba nomhlangano lapha eGoli kuyo lenyanga bengicela babuyiswe laba bagcotshwa, kungadlalwa ngokukholwa kwabo ngoba bengenamkhulumeli.Ngifisa ukuthi kuphele lokhu kuxabana okukhona ngaphansi kobuholi boNyazi nalo alusukume lubonise ubuholi balo luqede le ngxabano ekhona esithathe iminyaka eminingi kangaka.Uma lwehluleka ukulamula le ngxabano ngifisa bamiswe nalaba abanye abagcotshwa abaxabene nalaba abemisiwe baze babuyele esontweni sebebuyisene ngoba basonta kanjani bona bexabene nabanye?Sekwaze kwaba khona omunye umuzi owakheka phezu kwenzondo khona lapha eGoli, okuyaye kuthi uma uNyazi luze kulona omunye umuzi abanye abavumelekile ukungena kuwo ngoba kuxatshenwe. Uma selulethe umhlangano kulona omunye futhi laba abanye abavumelekile ukungena kuwo.Ubaba uyawubuka nje lo msindo uyaqhubeka. Bengilokhu ngithi uzowunaka awulungise njengenhloko. Manje zidla amahlanga phambi kwakhe abantu bayazenzela nje. Iyakhathaza le nto ngoba isisontisa kabi uma sinyonkolozana kabi kangaka ngoba awukwazi ukukhuluma nalaba abanye ngoba uthathwa njengevukela mbuso kulaba abamise, abanye kushiwo lokhu nalokhu. “Wonke amaNazaretha mawabe munye njengebumba likasimende.” Ameni, ngiyabonga.OkhathazekileEGAUTENG",0
2556,vukuzenzele,"Ukuqeqesheka emsebenzi ni kuyadingeka ukuze ku zoba nozinzo emisebenzi ni kahulumeni, ikakhuluka zi ezikhundleni eziphezulu.",0
train_isizulu_01164,AfriHate,"nyoni emhlophe yakwa dlamini @username , unwele olude ndlovukazi 🎂",0
train_isizulu_02977,AfriHate,yazi uphuke intliziyo uze uxoxele usisi omfice etaxin ongamazi athi “we oe kusekncane lokho” wenja😩,0
1228,vukuzenzele,"Ngiﬁ sa ukubonga Izinhlangano Ezizimele (NGOs) eziningi, amaqembu ezenkolo kanye nezakhamuzi zakithi ezinikele imali nokuvolontiya ukusiza ngokudla kwabalambile na-baphofu.",0
368, imibono usiqola sibhekile umtn ayisukunyelwe le ndaba ,"MHLELI: Kwelakho eliyibeka indaba njengoba injalo lingahlonizi. Konekele, nakhu sibanjwa inkunzi ezweni sibhekile sidlala uMTN.Kunento eyenzekayo engaqali. Sesikhalile ngayo kaningi, kukhala izifundiswa nabangafundile kodwa akekho ophumela obala kucace ukuthi uMTN uwufakela inselelo noma-ke sibhikishe sigcwale izitaladi.UMTN udlala ngathi. Inkinga uma uthi ubashayela ucingo ngenkinga osuke ubhekene nayo kuvane kudlalwe, ngawe uphicaphicwe kuhle kwengane.Ufike uthenge i-airtime ka-R30, uthi usakhulume imizuzwana uzwe sekukhuluma yomlungu ithi awusenamali. Uma ubathinta bavele belokhu ukukutshela ukuthi cisha iselula yakho imizuzu emihlanu. Uma ube nenhlanhla emva kwalokho iyavela i-airtime yakho kanti uma ube neshobolo isuke isihambe unomphelo.Iqiniso licace bha ngisho nasebusweni benkawu ukuthi kudlalwa ngathi la. Kwesinye isikhathi uthenga lokhu abakubiza ngama-data ekubeni unayo i-airtime, uma uke wasebenzisa ama-data kuhamba konke ne-airtime. Kanti konakele kuphi ngempela? Iqiniso siyoze silithole kubani ngempela? Uma kufanele sishaye umduvo awushaywe noma sime ukusebenzisa uMTN ngoba siyaxhashazwa futhi kuyezwela. Kumele ungakhohlwa uMTN ukuthi thina asizona izalukazi noma amakhehla lawa abadlala ngawo.Besifisa ukuthi isukunyelwe le ndaba. Wona-ke amaqembu epolitiki nezifundiswa zasezweni lonkana zithule zithini?Mzokhona Mdu GcabasheeMkhambathini",0
2227,vukuzenzele,"Isigaba 4: Imisebenzi ye-CACH izoqinisekisa imininingwane yomfundi futhi iyidlulisele ezikhungweni ezisenezikhala. Lapho kukhona izikhala, abafakisicelo behlangabezana",0
2334,vukuzenzele,"nje izandla uma ubunjalo nobungozi bobhubhane buvuleka. Kusukela ezinsukwini zokuqala zobhubhane futhi ngokuholwa i-AU, sasungula ngokushesha iqhingasu lezwekazi lokubhekana nobhubhane, elaliholwa i-Africa CDC kanye nama-thimba ezifunda.Sabona ukuthi wonke",0
train_isizulu_02536,AfriHate,kodwa lutho uku bhebha :( ##url,0
test_isizulu_00312,AfriHate,"@username , yazi yonke lento ekulomdlalo ayivezi nje ububibokuba umahosha kodwa futh nikeza i-advice kwabesifazane abaganile",0
test_isizulu_00622,AfriHate,usudla ibhunu zandile? ##url,0
test_isizulu_00549,AfriHate,amabhunu buried sechaba😡 ##url,0
train_isizulu_01909,AfriHate,vaya eshakaskraal by stanger kuthiwa umbona esibukweni engena ngisho esephuma.. a close family yazithola kanjalo inkomo zayo zintshontshiwe ebsuku ##url,0
2124,vukuzenzele,"ne-Instagram.“Inqubo yokufaka isicelo yona qobo yenziwe yaba lula futhi nemibuzo ebuzwayo ilula kakhulu ukuthi abantu bayiqonde. Okunye futhi, abafakizicelo bangama phakathi nayo inqubo babuye baqhubeke ngesinye isikhathi ngaphandle kokuqala phansi futhi,",0
3600,vukuzenzele,Afrika abangenza ngiziqhenye ngobude bebanga esesilihambile kuleli kanye nalokho esesikufezekisile.Kunabadlali abasebasha abanje ngomdlali wegalofu onethalente elimangalisayo u-Sim ‘Tiger’ Tshabalala olokhu eqhubeke njalo nokuqokelela izindondo zegalofu,0
3164,vukuzenzele,"ekubuseni, ekusebenze ni ngempumelelo kanye nasekuzinzeni kwezimali ezikhungweni eziningi zika -hulumeni, kubandakanya nezinkampani eziphethwe uhulumeni (SOEs).",0
train_isizulu_00249,AfriHate,laba fana bakhuluma nge beef ngisho bengakwazi nokuhlinza inkomo.☺,0
161, umfelokazi uhlawuliswe inkomo ekhumula inzilo ,"USENKINGENI umfelokazi wasesigodini saKwaNgubo esizweni sabaThembu eMsinga ngaphansi kwenkosi uSiphamandla Mthembu ohlawuliswe inkomo ngecala lokukhumula inzilo ehlobo.UNkk Thandiwe Ndlovu-Makhunga (46) namhlanje ubuyele enkantolo yesizwe ngemuva kokulahlwa yicala ngoJulayi 31, nonyaka, lapho anikwa khona umnqamulajuqu wezinsuku ezingu-14, ukuthi zingapheli angayikhiphile inhlawulo kodwa kuze kube yimanje akakahlawuli.Lo wesifazane uzile izinyanga eziyisithupha kusukela ngoSepthemba nyakenye kushone umyeni wakhe kwaze kwaba nguFebhuwari.Isigungu senkantolo yesizwe kuhlelwe ukuthi namhlanje siphinde sihlangane lapho kulindeleke ukuthi sibhunge ngodaba lukaNkk Ndlovu-Makhunga.UNkk Ndlovu-Makhunga unqabile ukuphawula ngalolu daba izolo.Abantu abasondelene naye abakhulume neSolezwe kodwa bacela ukuthi bangadalulwa ngoba besaba ukuthi bazojeziswa bathi abaneme ngesinqumo senkantolo yesizwe ngoba indaba yenzilo yinto ethinta umndeni.“Asazi ukuthi isizwe nenkosi bangenaphi endabeni yokuthi abantu bazila kanjani ngoba leyo yinto yomndeni,” kusho leli ilungu lomphakathi.Lithe kuyaqala ukuthi kuphume isinqumo esifana nalesi enkantolo yesizwe.“Njengoba isizwe sabaThembu sisikhulu kangaka, manje inkosi isizohamba ibheka ukuthi abantu emindenini yabo bazila kanjani?” kubuza eli lungu lomphakathi.Lithe uNkk Ndlovu-Makhunga wabatshela ukuthi umyeni wakhe esaphila wathi kumele angamzileli isikhathi eside.Ithintwa izolo, inkosi Mthembu ithe iyalwazi udaba lukaNkk Ndlovu-Makhunga, yathi ibona abamlahla ngecala.“Lowo wesifazane simhlawulise inkomo ngoba wenze into engenziwa esizweni sabaThembu, ayilokothwa inzilo ehlobo ebaThenjini ikhunyulwa ebusika kuphela,” kusho uMthembu.Uthe njengoba sekuze kwafika izinsuku ezingu-14 ezazibekiwe, ingakhishiwe inhlawulo, bazophoqoleka ukuthi bathathe ezinye izinyathelo.Isazi samasiko, uSolwazi uJabulani Maphalala, sithe udaba lwenzilo udaba oluthinda umndeni.“Ngokwesiko lakwaZulu kwakuthiwa umfelokazi usuke ezile kahle uma ezile kwaze kwaphela unyaka kodwa asikho isikhathi esibekelwe ukuzila. Kuya ngokuthi inkomo yokumkhumula inzilo ikhona yini,” kusho uMaphalala.Uthe kudala amakhosikazi ayezila ngokuthi akhumule isicholo, asale ngezinwele.“Izingubo ezimnyama lezi ezigqokwayo into yamanje. Kudala amakhosikazi ayekhumula isicholo,” kusho uMaphalala.Uthe uyadideka ukuthi le nto eyenzeka ebaThenjini yenzeka kanjani ngoba abaThembu basebenzisa isiko lakwaZulu.“La baThembu okhuluma ngabo abaNgoza lona owabalekela iLembe uShaka babuya sebenikwa le ndawo abahleli kuyona manje kwathiwa abagadwe uSojiyisa wakwaZulu,” kusho uMaphalala.Okhulumela uMnyango wezokuBusa ngokuBambisana neziNdaba zoMdabu KwaZulu-Natal, uMnuz Lennox Mabaso, uthe lolu daba bayaqala ukuzwa ngalo, wathembisa ukuthi bazoluphenya. “Sesijube ihhovisi lethu eMzinyathi ukuba lizilandele lezi zinsolo ukuze sithole umbiko ogcwele,” kusho uMabaso.",0
train_isizulu_02268,AfriHate,maritzburg sucks mxm abekho omahosha ngamasunday😓😁😋,0
train_isizulu_02614,AfriHate,asithembe ukuthi ngeke ifike la imonkey pox,0
3332,vukuzenzele,futhi wangeniswa esi bhedlela. Wahlonzwa nje ngonenhlobo yesibili yezifo zikashukela futhi kwaphela amaviki ebuthakathaka engakwazi nokuvuka e mbhedeni. “Udokotela wakubeka kwacaca bha ukuthi ukulawulwa kokugula kwami ngeke kwe nzeke uma nje ngisaqhube ka,0
train_isizulu_01799,AfriHate,"@username #sisonkedrive siyabonga ukusidlalela ubholoja. ligama le artist ubholoja, igama lengoma imfene.",0
3436,vukuzenzele,abangama-80 kulaba bantu baye bakwazi ukuthola izincwadi zabo zokushayela.,0
73,vukuzenzele,okungamaphesenti anga- ma-60 ezikole ezinezingane eziqhamuka emindenini em- pofu eNingizimu Afrika.,0
2566,vukuzenzele,Ukuqeqesheka emsebenzini kahulumeni kubandakanya ukuqeqeshwa kwabasebenzi kuzo zonke izinhlaka zika hulumeni ngokuhlinzeka imithetho efanele.,0
train_isizulu_00849,AfriHate,“ungabiyislima slima” 🔥🤣,0
train_isizulu_00731,AfriHate,ukhuluma isende ke wena manje ##url,0
1199,vukuzenzele,kwezigidi ezingama-R450 ukuso mbulula ukuphambana phakathi kwemalingena edaluliwe kanye nendlela yokuphila yomuntu.,0
2078,vukuzenzele,"Ekhuluma egameni lezinhlangano zomphakathi ezibanda kanyekayo, uZukiswa Kota, inhloko yoHlelo Lokuqapha Nokumelela, Ekuqashelweni Kokuphendula Kukahulumeni Ngakwenzile kanye nomxhu manisi we-Imali Yethu, uthe izinqubo ezibhekene nezabe lomali ezibalule",0
train_isizulu_01875,AfriHate,@username ibhunu labantu 🤣🤣🤣🤣,0
664,vukuzenzele,"ngemishini yokuphefumu-la eyi-1 000 lapha eNingizimu Afrika, engama-20 yayo yemuke-lwa nguNgqongqoshe Wezempilo u-Zweli Mkhize ngoNhlangulana. Yafakwa esibhedlela esise-Soweto i-Chris Hani Baragwanath Academic Hospital. Umnikelo olandelayo uzosetshenziswa",0
2415,vukuzenzele,nge-HIV ngokugqugquzela uku setshenziswa kwejazi lomkhwenyana nocansi olu-phephile.,0
1495,vukuzenzele,Phendula imibuzo embalwa elula mayelana nokukhulelwa kwakho.,0
2677,vukuzenzele,"izwe lethu endleleni eya ekulula-meni.Ukuzithemba kwami ku-vela kubantu baseNingizimu Afrika. Uma ngibheka indlela abantu baseNingizimu Afrika ababhekane ngayo nalolu sizi kusuka kwaqubuka igciwane ezweni lakithi, anginalo ungabazane ukuthi siqinile,",0
test_isizulu_00380,AfriHate,"""uzobhebheka wena"" kwaysholo u kim 😂😂😂😂",0
676,vukuzenzele,"ekutholeni izinsiza zokuzivikela Noma kunjalo, kusenokwentuleka kwezinsiza zokuzivikela, okubandakanya Amabhizinisi aseNingizimu Afrika, i-Naspers, iiUnited Pharmaceutical DistributorsKucelwa bonke abasebenzi bezempilolabantu abahaqwe ilenyuka nje futhi",0
train_isizulu_02668,AfriHate,ingulube ngeke uykhiphe odakeni,0
3404,vukuzenzele,Abantu abashade umshado wesilungu abanakungena emshadweni wesintu.,0
885,vukuzenzele,“Umphakathi wakithi wawugcwele izingane eziningi ezineminyaka okufanele ukuthi seziya esikoleni ezingenayo indawo lapho zingayofunda khona.,0
train_isizulu_01595,AfriHate,"@username thina esilibonayi iqiniso sidukisa abantu, sisize ukufihla isitha. uramaphosa akenzanga lutho. abelungu behlangene bonke,amabhunu namangisi yibo abenza lokhu kuthina besebenzisa yena. asikhohlwe imvubu(ramaphosa),siqode oyiphethe(abelungu)osishaya ngayo.",0
train_isizulu_01481,AfriHate,"yimo esengisuthiswa i 2 slice, yeah umjolo uzokunyisa shame😩😩 ##url",0
1679,vukuzenzele,Sigxile futhi ekusunguleni ukusebenzisana okuningi phakathi kukahulumeni nomkhakha ozimele ukweseka ukukhula kwabalimi abamnyama kwezohwebo ngezinhlelo ezifana no-Partners in Agri Land Solutions kanye ne-Agricultural Development Agency.,0
train_isizulu_00917,AfriHate,@username gibela ididi uyeke ukucabanga izinto eziningi 🙈😂,0
2547,vukuzenzele,"Umthetho osadingidwa woHlaka Lokuqaliswa Ko kusebenza Lukazwelonke Ekuqeqeshekeni Emisebe nzini Yomphakathi uhlose ukwakha umbuso osebenze la kangcono abantu bakithi, ongenakho ukungenelela kwezepolitiki futhi lapho imisebenzi inikezwa ngoku faneleka.",0
2926,vukuzenzele,"Ezinyangeni ezintathu emva kokumemezela izwe njenge lingasenalo igciwane lecorona, i-New Zealand isiphinde yaba ngaphansi kokuvalwa kwezwe. Yize ukuqubuka kwegciwane kwakamuva kwaba nezigameko ezimba lwa, uhulumeni waphinde wabeka imikhawulo yoku valwa",0
2767,vukuzenzele,"Lena enye yezinsika ezi balulekile zohlelo lwe-GO GEORGE. Kubalulekile ukuthi umuntu ngamunye eGeorge akwazi ukusebenzisa ezoku thutha zomphakathi ukuze akwazi ukufinyelela amathuba omsebenzi, ezitolo, ezenkolo, ezokungcebeleka kanye nezinsiza ezifana",0
3238,vukuzenzele,"bethu kanye nodokotela bezifo basezingeni lomhlaba. Sibeke ngomumo izinhleloeziningi zokubhekana nalesi simo esiphuthumayo, futhi sizohlinzeka ngosizomali ukweseka ukuqaliswa kwazo. Zibandakanya ukumiswa kokuvakasha kwezivakashi eziqhamuka emazweni",0
3015,vukuzenzele,"bahlale ekhaya,” kusho uMongameli.Abasebenzi abakwaziyo ukusebenzela emakhaya kumele bavunyelwe ukwenza kanjalo.Ukulandela lezi zinyathe lo, zonke izimboni ezikhi qizayo, izimayini, abakhi, abezezimali, imisebenzi ekhokhelwayo namabhi zinisi, ubuchwepheshe",0
389,vukuzenzele,"Isigaba 4: Imisebenzi ye-CACH izoqinisekisa imininingwane yomfundi futhi iyidlulisele ezikhungweni ezisenezikhala. Lapho kukhona izikhala, abafakisicelo behlangabezana",0
694,vukuzenzele,lakithi.INingizimu Afrika kufanele ukuthi ikhuphule amasokisi ezinyathelweni zayo zokuthi kusokwe abesilisa abasha ukuze kuncishiswe ubungozi bokuthi bathole i-HIV . Ukuso-kwa okungaphephile akumele neze kugcine kunika abesilisa abasha izinkinga zempilo,0
dev_isizulu_00650,AfriHate,@username kanti ngokushaya ubaleke njengamanzi slima,0
494, kulindeleke isinqumo kolukazuma ,"SIGODLIWE isinqumo ecaleni ebelifakwe yiDemocratic Alliance (DA) enkantolo lokuphoqa owayenguMengameli wezwe, uMnuz Jacob Zuma ukuba azikhokhele izindleko zamacala abhekene nawo.NgoLwesithathu u-Adv Thabani Masuku obemele uZuma utshele amajaji ukuthi uMengameli Cyril Ramaphosa ubengakashintshi ekutheni izindleko zecala zikhokhelwe wuhulumeni njengoba uZuma wasayina isivumelwano nalowo owayenguMengameli wezwe uMnuz Thabo Mbeki ukuthi kube wuhulumeni okhokhayo.Ihhovisi likaRamaphosa lithe uhulumeni uzoqhubeka nokukhokhela izindleko zecala likaZuma kuze kube inkantolo ithatha esinqumo esiphikisana nalokhu.IDA ne-Economic Freedom Fighters (EFF) ifake icala enkantolo ngoba ifuna uZuma akhokhe uR15.3 million osusetshenzisiwe emacaleni akhe.Le mali isetshenziswe kusukela ngo-2006 ngesikhathi kushushiswa uZuma ngodaba lwama-spy tapes.UMmeli weDA u-Adv Sean Rosenberg uthe kushushiswa uZuma hhayi umbuso ngakho uhulumeni akufanele akhokhele abameli bakhe.U-Adv Thembeka Ngcukaitobi omele i-EFF uthe uZuma uphethwe ngezandla ezintofontofo ezimnika imali yombuso futhi kufanele abuyise imali esikhokhwe wuhulumeni.UMasuku usole iDA ne-EFF ngokudlala ipolitiki esho nokuthi izindleko zecala likaZuma azimbi eqolo.Uthe kubalulekile ukuthi ummeli kahulumeni eseke abantu abasebenzela uhulumeni noma ngabe babhekene namacala okudlwengula.UJaji Pieter Meyer, utshele uMasuku ukuthi uZuma waziqokela ummeli wakhe ongasebenzisani nommeli kahulumeni.UMasuku uthe akusiye yedwa uZuma okhokhelwa izindleko zecala wuhulumeni ngoba nomkhuzi wamaphoyisa ongasekho uMnuz Jackie Selebi wayexhaswe wuhulumeni.UJaji Aubrey Ledwaba uthe ukuthi kunabantu akade bethola uxhaso kuhulumeni akusho ukuthi lesi senzo silungile.UMasuku uthe lolu daba kufanele luchithwe ngoba ukuba kwalo enkantolo kubambezela ukuthethwa kwecala elibhekene noZuma kulokhu kubhekwa ukuthi wubani okufanele akhokhe.Uthe ukube iDA yayizimisele ngokuthi uhulumeni angakhokhi izindleko zecala kwakufanele ilufake enkantolo lolu daba ngo-2008.",0
train_isizulu_01645,AfriHate,@username how are we supposed to know if indeed this medication is the answer to our problems? sizoyethenga kanjani ingulube isesakeni?,0
dev_isizulu_00554,AfriHate,@username mr ngubane if  ungayobangu ngamla kuzalo kungabamnandi yaz,0
2907,vukuzenzele,isebenzise ukudlikiza njengezaba zokungenzi imisebenzi yasekhaya noma ukwamukela uku-ziphatha ngobuqotho.,0
562, ukhwantalala nomthelela omubi ezinganeni ,"KUQWASHISWE abesifazane ukuthi basheshe bazibheke izimpawu zokhwantalala ezinganeni, ezingagcina ziholele ekutheni zizibulale.Lokhu kushiwo nguSolwazi Sma Magwaza oyiClinical Psychologist e-University of KwaZulu-Natal, obekhuluma izolo emcimbini ohlelwe Imbokodo YeTheku. USolwazi Magwaza uthe ukhwantalala seluyisifo esiyinkinga kakhulu kuleli futhi uma singanakiwe baningi abazophazamiseka ngokomqondo ngenxa yalo. Uveze ukuthi izifo ezithinta umqondo azinakwa kuleli, sekuyinto ejwayelekile ukubona ophazamiseke ngokomqondo emgwaqweni engasizwa.“Ingane ingashaywa esikoleni kuthiwa ayizwa kanti inokhwantalala. Yingakho kumele kunakwe izinguquko emizweni yomuntu nasemicabangweni yakhe. Uma umuntu eseqala ukungathandi lutho, azibone engelutho kusuke sekuyinkinga. Komunye kusuke sekuwumsebenzi omkhulu ngisho ukuvuka nje abhekane nosuku,” echaza.Ugcizelele ukuthi izingane kumele zifundiswe zisencane ukuxazulula izinkinga ukuze zingaboni ukuzibulala kuyisisombululo. Uveze nokuthi ukwanda kwezigameko zokuzibulala kwezingane kwenziwa ukuthi zibona kuyinto enhle ngoba kuvezwa nakwabezindaba. Uthe ezinye zisebenzisa izidakamizwa ngoba ziziba ukhwantalala.Uthe ukugula ngomqondo okubizwa ngeBipolar kuqala ngokhwantalala olunganakiwe. Uveze nokuthi abesifazane bahlaselwa nawukhwantalala emuva kokubeletha, athe luphatha oyedwa kwabathathu.Unxuse ukuthi bangahlulelwa abantu abanokhwantalala ngoba bangagcina bezibulala.“Sibhekene nenkinga kuleli ngoba bangu-23 abazibulala ngosuku okwenza babe * -8 000 ngonyaka. Abangu-17.6% sebeke bacabanga ukuzibulala. Uma umuntu eseke wazama ukuzibulala kumele asheshe asizwe ngoba usengaphinda azame. Inkinga ukuthi siyamehlulela uma ekade ezama ukuzibulala bese ebona ukuthi akekho oqonda isimo sakhe,” kuchaza uSolwazi Magwaza.UMfundisi Ntebo Mohoto obengomunye wezikhulumi, ugxeke umkhuba wokwenzelana phansi kwabesifazane. Uthe ukuhleba nokugxekana akuhambelani nobuntu.Uveze ukuthi kunabesifazane abangazethembi, abajatshuliswa ukudicilela phansi isithunzi somunye.Inhloso yalo mcimbi bekuwukukhulisana kwabesifazane nokukhumbuzana ngokungamagugu njengoba kuyinyanga yawo.",0
688,vukuzenzele,"Ekuqaleni kweminyaka eyishumi, uhlelo lwethu lokuvikela ukwesuleleka ngeSandulela ngculazi okuqhamuka kumama kuya enganeni (i-PMTCT) kube kuncane kakhulu. Njengamanje sesinezinga eliphezulu kakhulu le-PMTCT ngaseNingizimu ne-Afrika, osekuphinde kwehli-sa",0
test_isizulu_00605,AfriHate,@username kwavele kwabamuncu ibhunu selibuza ukuth us'thathephi isthombe sakhe omunye usisi lana😂💉,0
1986,vukuzenzele,"Izigidi zabantu baseNingi -zimu Afrika bezilokhu zihlo nipha ukholo lwazo. Ezweni eliqhakambisa ilungelo lenkululeko yenkolo, wonke umzamo kumele wenziwe ukweseka abantu bakithi ukusebenzisa leli lungelo.",0
2966,vukuzenzele,"Yatshelwa ukuthi izingane zayo ezingama-21 zitholakale sezishonile, ethaveni. Encane kunazo zonke yayineminyaka eyi-13.",0
224, abewunga nebhizinisi elivuthayo e unisa ,"IHLEKA yodwa imilutha yewunga ehlala edolobheni eThekwini njengoba sekuqalwe phansi ukubhaliswa kwabafundi, e-University of South Africa (Unisa), emuva kokumiswa kwesiteleka sabasebenzi.Kuthiwa le milutha idela ubuthongo ijoyine ulayini wabafundi abalala ngaphandle kwesikhungo sase-Unisa esisemgwaqweni uStalwart Simelane, eThekwini, ukuze idayisele abafundi abafika ekuseni izikhala kulayini.Amaphara alala kolayini, uma umfundi efika ekuseni akhokhele iphara uR50 bese ema lapho kade lime khona.UNksz Sizakele Msweli (25) uthe wethuka ngesikhathi efika kule nyuvesi ngehora lesihlanu ekuseni kodwa waba ngunombolo 391 kulayini.“Ngangizitshela ukuthi ngivuke ngempela uma ngishayelwa * -5 e-Unisa. Ngacela umfowethu ukuthi angihambise ngoba ngibona ukuthi uma ngihamba ngamatekisi ngizofika sekugcwele kakhulu. Ngathi ngisazimele kwaqhamuka iphara lathi liphambili kulayini, lingangidayisela isikhala ngoR200. Ngashaywa ukuthi imali ngangingenayo. Ukube yayikhona ngangizokhokha,” kusho uNksz Msweli.Uthe owayeseduze kwakhe, walikhokhela iphara waba phambili kulayini.Uqhube wathi waze wagoduka ngo-7 ebusuku ebe efike ekuseni ngovivi.Isolezwe ngeSonto lihambele kulesi sikhungo ngoLwesihlanu ukuthola kabanzi ngokushiwoyo.Abafundi abebemi kulayini bakuqinisekisile wukuthi wumkhuba ojwayelekile lo.Omunye wabadayisa ngaphandle kwase-Unisa, ocele ukungadalulwa, uthe kwesinye isikhathi yibo abafundi abasukela imilutha yewunga bayicele ukuthi ibabambele ulayini.“Abasuke benqena ukulala ngaphandle, bacela amaphara ukuthi ababambele olayini. Abanye baze bawaqashele nezihlalo kubhuti oqashisa ngazo ukuze ahlale phansi,” kusho lo mdayisi.Umlutha onqabile ukudalulwa, uthe kusebenzeka kangcono uma kusesekuseni kakhulu bengakafiki abasebenzi base-Unisa ngoba bafike babaxoshe.Uthe uma eme ngasekuqaleni kukalayini ubiza uR150 nangaphezulu kuya ngesivumelwano kodwa uma engasemuva ubiza uR50.UMnuz Zamokuhle Buthelezi (24) oqashisa ngezihlalo kubafundi abasuke bezobhalisa uthe uyazuza.“Ngiqale ngonyaka odlule ngemuva kokubona ukuthi abantu bama baze bakhathale kolayini. Ngibiza uR5 uma umuntu ezohlala ubusuku bonke kanti emini ngibiza uR2. Okwamanje nginezihlalo eziwu-300 ngisafuna ukuzandisa. Ngiphinde ngiqashisele abadayisayo,” kusho uButhelezi.",0
train_isizulu_00328,AfriHate,@username kanti uzobhebheka 🤣🤣🤣🤣  sbwl 🤣🤣🤣🤣,0
1573,vukuzenzele,"“Sidinga ukuthi abavoti bafike futhi basebenzise ithuba,” kusho uMamabolo.",0
54,vukuzenzele,"Asikuvumeli ukuphutha esikoleni, ngaphandle kwesizathu esizwakalayo, futhi asinabo abafundi abayeka isikole. Ukulalela kwabafundi bethu kanye nokuphumelela kwabo ezifundweni nakho sekungcono kakhulu, engeza.",0
11,vukuzenzele,"osekuqinisekisiwe ukuthi yikhona okudlangile yimixhantela yegciwane iOmicron ebizwa nge-B.4 ne-B.5, kusho uPhaahla.",0
3424,vukuzenzele,"“Ubuchopho bunamangqamuzana ezinzwa ayizigidigidi (amaneurons) okuyiwona athumela umyalezo ngezimpawu zokubanika nangokwekhe mikhali. Uma kuba khona ukubanika okweqile ngokuzuma okuphazamisa ukusebenza ngokujwayelekile kwamangqamuzana ezinzwa, kungaholela",0
533,vukuzenzele,"zezinga kanye nenani lezinkukhu abazifunayo,” ongeza.",0
1025,vukuzenzele,"amadoda nabesifazane'. Nje ngoba sibethulela isigqoko ngendima yabo kulolu bhu bhane, asenze lokho esinga kwenza ukuqinisekisa ukuthi abezindaba abakhululekile nabahlukene ezweni lethu bayakwazi ukunqoba noku phokophelela phambili.",0
2703,vukuzenzele,ayisisekelo.Okunye kokunqoba kwentando yeningi yethu ukuthi wonke umuntu waseNingizimu Afrika uyakholwa ngukuthi uMthethosisekelo uyabavikela nokuthi izinkantolo zinobu-lungiswa futhi zingumahlu-leli ongathathi icala obhekelele okudingwa yibona.Ngicabange,0
2997,vukuzenzele,Masingagcini nje kuphela ngokuba ngabagcini nabanakekeli bezethu izingane kodwa masinakekele nezomakhelwane ngokunjalo.,0
2491,vukuzenzele,"UNgqongqoshe uchaze lezi zi ngqinamba ezingeke zisonjululwe ngokungenelela okusheshayo futhi wacela umphakathi ukuthi ube nesineke ngesikhathi umnya ngo wethula lokhu. “Simile sizibophezela ekwenzeni okusemandleni ethu ukuze si nqobe ukulwisana nemigqa,",0
1640,vukuzenzele,"suku. Ngesikhathi ngamukela izimfuno zabo ezazibekwe zacaca bha, kwacaca kumina ukuthi kudingeka sisukume ngokushesha futhi nangokuzimisela. Kwakubalulekile kumina ukuthi ngingaphenduli ngamagama ayize leze futhi nangezithembiso zamanga.",0
2682,vukuzenzele,"sithobela kakhulu kunakuqala izinyathelo zokugwema ukusuleleka ngegciwane, sizophinde si-qalise umkhankaso omkhulu wokugoma. Uma abantu abaningi begonywa, sizosindisa izimpilo futhi siqhu-beke nokunciphisa ubungozi bokusuleleka kubantu.Ukuthola imigomo",0
train_isizulu_03048,AfriHate,"@username ingulube inobhekeni, bru!",0
2306,vukuzenzele,Abantwana babe sebezithemba lezi zigilamkhuba bese ziqala ukubafundisa ngocansi.,0
train_isizulu_02692,AfriHate,lol aiiibesengilele njalo:-)  dankie ngamla :-) :-)  :-),0
train_isizulu_02760,AfriHate,ang’sisona istabane mina 🗿 ##url,0
1533,vukuzenzele,"oluzoqeda ukucwaswa nodlame olubhekiswe kwabesifazane kanye nokubandakanywa kwabo okuli-nganayo empilweni yezepolitiki, yezenhlalo kanye nomnotho.Njengengxenye yalo mkhankaso, sesihlangane ‘neMifelandawonye’ emibili, owodwa wezobulungiswa kwezomnotho",0
1203,vukuzenzele,"Lo Mkhandlu uzohlanga nisa ababambiqhaza ababuya kuwowonke umphakathi ukubheka ukuqaliswa kokuse benza kweqhingasu likahulumeni lokulwa nenkohlakalo. Umkhandlu omusha uzokweluleka uhulumeni ngezinyathelo ezibucayi zokugwema inkohlakalo, amakhono esikhungo",0
2565,vukuzenzele,"umsebenzi, nokuqeda nya ukungajeziswa kokungaphathi kahle kanye nokuxhashazwa kwezinsiza zombuso.",0
dev_isizulu_00625,AfriHate,in da west kuhlupha amabhunu nje😩🙆🏾‍♂️,0
dev_isizulu_00603,AfriHate,kuyanyiwa e kapa izibhedlele zigcwele izengolwandle sana i corona abelungu bathule  .,0
dev_isizulu_00022,AfriHate,shuthi uyalishaya isende yabo? ##url,0
597,vukuzenzele,"nokuhlela, noma izinhlelo zesi khashana noma ezingagcineki.",0
train_isizulu_00485,AfriHate,imfene ibheke ebantwini. ingenile inyoka ejazini madoda. ##url,0
test_isizulu_00079,AfriHate,"#ripmenzingubane #ngamla #kwakhalanyonini uyibekile induku ebandla #sbusisodlomo #ngwenya @ phoenix, kwazulu-natal, south africa ##url",0
2731,vukuzenzele,"umuntu.UNgobeni uthi ucwaningo lubonisa ukuthi abantwana abangama-41% baqala ukuba nexhala phakathi kwabantu emva koku bhekana nobubhoklolo obenziwa nge-inthanethi, abangama-37% baqala ukukhathazeka, abangama-26% banemicabango yokuzibulala bese kuthi",0
1349,vukuzenzele,L o k h u k u b o n a k a l e ngokusobala ezigamekweni ezibuhlungu ezenzeke endaweni yase-Phoenix namaphethelo eThekwini.,0
288, imibono zizolekelelwa yini izingane esihlukwini sothisha abazishayayo ,"MHLELI: Kanti ngempela yini eyolekelela izingane zabantu abantulayo esihlukwini sokushaywa zilinyazwe abantu okufanele engabe bazinika uthando njengothisha bazo. Angihambisani nesiphakamiso seCOSAS sokuziphindisela kodwa ngicabanga ukuthi kuzomele ilekelele abazali ekuvuleni amacala ezinkantolo nokwenza isiqiniseko sokuthi abenzi bokubi bayaboshwa.Ngisuswa wudaba olwaphuma kwiSolezwe langomhla ka-29 June 2018 lapho kwavela udaba lomfundi (9) waseMfume ofunda esikoleni iBaniyena Primary School olaliswe esibhedlela eyohlinzwa isandla ngenxa yokulinyazwa uthisha ngoba wayedlala eshaya amafoli, kwathinteka isicabha sekotishi likathisha. Wubulwane njena lobu mawulandela kahle isizathu sokushaywa kwezingane.Okufike kucike wukuhudula izinyawo kwamaphoyisa ekebopheni uthisha ebe eshaye ingane wayilimaza emini kabha bese beloku bethi basaphenya. Baphenya ini ngoba izingane zashaywa. Lingathanda kanjani lona lelo phoyisa eliphenyayo uma ingane yalo ibuye esikoleni seyiphuke ithambo lesandla sekumele iyohlinzwa ngoba ishayelwe ukudlala kwathinteka isicabha sekotishi likathisha?Ungathola ukuthi lelo phoyisa eliwumphenyi yilona eseliphenduke umxhumanisi linxenxa umzali ukuthi asule icala ngoba selifunjathisiwe. Benze njalo siyabazi. Singajabula iphepha lethu esilithembayo lisazise ngokuthi sekuhambe kwafikaphi ngalolu daba. Ngeke sikubekezelele ukubunjwa kwesizwe esinodlame okwenziwa othisha abamnyama ezinganeni ezimnyama.Ingane ekhule ngesihluku senduku nayo uma seyikhulile yenza loko emndenini wayo noma ebantwini bangaphandle.Bhekani Ngwane",0
1526,vukuzenzele,"Mhlari.“Ukuhlinzwa kusalokhu kuyiyona ndlela yokuqala ekhethwayo yokwelapha ukukhulelwa okungekho esibelethweni, kodwa-ke uma kusheshe kwahlo-nzwa kuyinto enokwenzeka ngempumelelo ukwela-shwa kwalokhu kukhule-lwa ngemithi ngaphambi kokuthi siklebhuke",0
train_isizulu_01196,AfriHate,uthi uvakashile kwa bae uzwe mawakhe ethi mkhombiseni imfene izomjwayela ##url,0
train_isizulu_01145,AfriHate,"amabhunu awufuni nomhlaba, this sovereign state of good hope is a stunt by boers to steal the land through legal processes. #sovereign",0
131,vukuzenzele,"Njengoba sibungaza ukwa mukelwa koMthethosise kelo wentando yabantu, masikhumbule ukuphumula okungujuqu esakuthola kuhlelokusebenza olwalwe sekelwe ukubandlulula ngo kobuhlanga, ukuxhashazwa, ukuphucwa impahla kanye nokucindezelwa olwalukho na ngaphambili.",0
1,vukuzenzele,"Ngokusho kukaNgqongqoshe Wezempilo uDkt. Joe Phaahla, mhla zingama-25 kuMbasa iNingizimu Afrika yaqopha ukukhula kwezigameko ezintsha ze-COVID-19 ngama-137%, uma kuqhathaniswa nezinsuku eziyisikhombisa ezedlule, okuholwa kakhulu ngamazinga aphezulu",0
504,vukuzenzele,"sizathu esenze ukuba, emva kwezingxoxo ezijulile nesisebe nzisana nabo kwezenhlalo ku-NEDLAC, usizo lwe-COVID TERS lelulelwe umhla ziyi-15 kuNdasa 2021 kuleyo mikhakha ebingakakwazi ukusebenza ngokuphelele.Isibonelelo Esikhethekile se-COVID-19 sizolulwa",0
3151,vukuzenzele,“Kumele ubanike izinsuku ezingama-30 ukulungisa izinkinga oziphakamisile.,0
204, ubheki cele ukhwele wadilika kumagashule ,"ILUNGU lesigungu esiphezulu kwi-ANC uMnuz Bheki Cele, likhwele ladikila kuNobhala-jikelele kaKhongolose uMnuz Ace Magashule lathi ubulala umbutho ngalezi zinkulumo alokhu ezenza esidlangalaleni.Ekhuluma emgubhweni weminyaka engu-106, i-ANC yasungulwa enkundleni yezemidlalo eLakeside Sport Ground, eVryheid izolo, uCele uthe sebembonile ukuthi uMagashule usemkhankasweni wokucekela phansi uKhongolose.“Awukwazi ungumholi we-ANC uthi ubuholi obukhona nawe oyingxenye yabo uthi buzoba khona iminyaka emihlanu, ngemuva kwalokho inhlangano izobuyela ezandleni ezifanele,” kusho uCele.Uthe phezu kokuthi uMagashule ethi ubuholi bukaMengameli Cyril Ramaphosa buzophela ngemuva kweminyaka emihlanu, uyaqhubeka uyabhuqa uthi abantu abangathengi kwaMcDonalds ngoba bazokhuluphala.Emcimbini wokubungaza i-ANC obuseMgungundlovu, uMagashule wanxusa amalungu enhlangano ukuba aseke uMengameli Jacob Zuma, wathi ubuholi obukhona buzohlala iminyaka emihlanu bese buyaphuma.“Uthi akungathengwa kwaMcDonalds ngoba uyazi ukuthi uphethwe uRamaphosa. Uma ethi abantu bazokhuluphala abadle ukudla okunempilo, yena ukwaze kwanjani ukuntshontsha imali yabantu abampofu * -R30 million wayowunika umndeni wakwaGupta, washada ngayo?”Uthe bafuna ukwazi ukuthi iziphi lezi zandla ezifanele uMagashule akhuluma ngazo.“Isikhathi sabadayisi sesaphela, ngeke sithule abantu bekhuluma umathanda ngenhlangano, sifuna ukwazi ukuthi kazi uMagashule usebenzela bani njengoba kade sihlangene siyisigungu esiphezulu i-NEC kwathiwa wonke umuntu akazethule, yena wathi wethulwa yi-ANC emndenini wakwaGupta.""Sifuna ukwazi ukuthi uMagashule ubika kubani ngoba sizolokhu sicabanga ukuthi izwe siliphethe kanti kade ladayiswa,” kusho uCele.UCele uthe uMagashule utshelwe ngubani yena ukuthi kuyophela iminyaka emihlanu esakhona kwi-ANC.UCele uphinde wakhwela wadilika kulabo abahlela imashi ephikisana nokukhishwa kukaZuma esikhundleni.Uthe akangabazi ukuthi labo abahlela le mashi, basebenzisa imali yombuso.""Nathi sithi abasimele kancane bayiyeke phansi i-ANC ngoba laba bantu abahlela imashi asibazi, i-ANC kumele iyilungise indaba kamengameli kungaze kumosheke izinto eziningi,” kusho uCele.UCele uthe uzwile ukuthi abakwaGupta banyamelale kulezi zinsuku. Uthe kuzomele babuye bazophendula ngezenzo ezibhekiswe kubo.",0
376, icishe yasha yaphela inxanxathela yezitolo olundi ,"UKUBE alifikanga iloli elicisha umlilo livela esikhumulweni iPrince Mangosuthu Buthelezi Airport, ngabe ishe yangqongqa inxanxathela yezitolo Ulundi Plaza ngoba uMasipala wasoLundi awunalo iloli lokucisha umlilo omkhulu.Lokhu kudalulwe yiMenenja kaMasipala wasoLundi, uMntwana uNkosenye Zulu, engxoxweni ekhethekile neSolezwe emuva kokusha kwezitolo ezinhlanu, ikhemisi nezindawo zokusebenzela odokotela ezintathu, oLundi Plaza, ngoLwesibili ntambama.UZulu uthe umlilo uqale esitolo sefenisha i-OK Furniture wase uthungeleka ekhemisi, wadlulela ezitolo zezimpahla nasendaweni kadokotela wamehlo, eyowamazinyo neyowezifo zonke (GP).“Imenenja yakwa-OK ithe umonakalo ubalelwa ngaphezu kuka-R2 million. Abanye abanikazi bezitolo bebesaqoqa impahla engashanga ngoba umlilo uqale kwa-OK kwase kuhanguleka ezinye izitolo. Sibuhlungu ngale nhlekelele evelile futhi sicela umhlonishwa uNkk Nomusa Dube-Ncube asilekelele sithole iloli lokucisha umlilo,” kusho uZulu.Uthe uma kunomlilo baye basebenzise iveni enethangi lamanzi ukuwucisha kodwa le veni ihlulekile wukucisha owayizolo.“Uma umlilo umkhulu siye sicele usizo kuMasipala waseZululand oneloli lokucisha umlilo elilodwa ukuzisa bonke omasipala abancane. NgoLwesibili, belisayoseviswa ngakho siye saxakeka. Kusize ukungenelela kweMeya yaseZululand, uMfundisi Thulasizwe Buthelezi, osicelele iloli lasePrince Mangosuthu Buthelezi Airport ukuba lizosicishela. Ukube alifikanga ngabe kushe yonke into,” kusho uZulu.Uthe abakwazi ukuzithengela iloli labo lokucisha umlilo ngenxa yokuthi bathola imali encane kwisabelomali sikazwelonke futhi ababaningi abantu abakhokha ama-rates njengoba bengumasipala wasemakhaya.Imeya yasoLundi, uMnuz Mfana Ntshangase, ithe baphatheke kabi ngokusha kwenxanxathela yezitolo ngoba kulapho abantu basemawadini awu-24 asoLundi bethenga khona.“Siyathemba uphenyo luzocacisa ukuthi umlilo uqalwe yini ngoba kuyashaqisa ukusha kwezitolo. Siyacela abantu bakithi bazithibe bangayi ukuyocosha impahla eshile ngoba bangase bawelwe yisakhiwo njengoba sishile,” kusho uNtshangase.Imizamo yokuthola ukuphawula kwabakwa-OK Furnitures ayiphumelelanga ngoba abasekomkhulu labo bengathandanga ukuphawula ngokusha kwesitolo sabo esisoLundi.UCaptain Nqobile Gwala, wamaphoyisa KwaZulu-Natal, uthe bawutholile umbiko wokusha kwezitolo Olundi kodwa alikho icala elivuliwe futhi nembangela yomlilo ayakatholakali.UMnuz Lennox Mabaso, ophethe ezokuxhumana eMnyangweni kaNkk Nomusa Dube-Ncube, uthe kusazophenywa ukuthi kwenzeke kanjani ukuthi uMasipala wasoLundi ungabi nezinhlelo zokucisha umlilo.“Umnyango usiza omasipala abawu-54 futhi abathengelwa bonke amaloli okucisha umlilo. Kufanele uMasipala wasoLundi uhlele ukuthi uzozibhekelela kanjani izinhlekelele zomlilo. Akufanele uthathe imali ungenzi lutho,” kusho uMabaso.",0
2126,vukuzenzele,"ngobuchwepheshe bedijithali,” kwengeza uNgqongqoshe uNzimande.Izinkundla ezintsha zibanda kanya i-Mobile App, i-USSD kanye ne-WhatsApp, lapho ungafaka isicelo soxhasomali lwe-NSFAS, uphinde ulandelele isimo sesicelo sakho kanye nokuhoxisa izicelo",0
160, umsindo ngohambo oluzodla  million ,"KUSUKE umsindo phakathi kwamakhansela e-ANC neDA emhlanganweni we-Exco eThekwini izolo mayelana nohambo lukaR2 million oluya emadolobheni amabili aseSouth America, lwezikhulu ophikweni lwezokuthutha kumasipala, osomatekisi nabanikazi bamabhasi.Ithimba labantu abangu-54, elisuka eThekwini, lizoya eSao Paulo eBrazil naseBogota eColombia liyofunda kabanzi ngohlelo lokuphucula ezokuthutha olwaziwa ngeGo Durban. Usuku lohambo lusazohlelwa.Amakhansela eDA ashaya amakhala athi inkulu le mali ezokhishwa wumkhandlu ngalolu hambo.Usihlalo wekhokhasi yeDA eThekwini, uNkk Nicole Graham, uthe bona abahambisani nalolu hambo ngoba luzomosha imali.UNkk Graham uthe uphiko lwezokuthutha eMkhandlwini weTheku ludume kabi ngokuqhuba izinhlelo ezingaphumeleli.“Lolu phiko ayikho futhi into olwake lwayiqala lwayiqeda,” kusho uNkk Graham.Elinye ikhansela leDA, uMnuz Heinz de Boer, lithe noma ngabe kuthiwa le mali ivela kuphi kodwa ngeyabakhokhi bentela.“Kumele kube khona indlela okuzokwenziwa ngayo ukuze kuncishiswe le mali. Abantu abangu-54 baningi kakhulu kungakuhle isibalo sabantu abahambayo sincishiswe,” kusho uDe Boer.Uthe uhulumeni we-ANC uhlala ukhuluma ngokuthi usezinhlelweni zokonga imali kodwa eThekwini iyaxhashazwa.Nomholi wekhokhasi ye-IFP, uMnuz Mdu Nkosi, uhambe emazwini kaDe Boer wathi kumele sincishiswe isibalo sabahambayo.USotswebhu wamakhansela e-ANC eThekwini, uNkk Nelly Nyaniso, uthe bayalweseka lolu hambo ngoba lubalulekile.“Imboni yamatekisi yilona lodwa ibhizinisi labamnyama abazibambele kulona mathupha futhi abaziqalela lona. Leli bhizinisi libambe iqhaza elikhulu emnothweni wezwe. Ngalezo zizathu-ke asisoze sayeka ukuleseka,” kusho uNkk Nyaniso.USomlomo eMkhandlwini weTheku, uMnuz William Mapena, uthe imali ezosetshenziswa iphuma esikhwameni esifanele.UMgcinimafa eThekwini, uMnuz Krish Kumar, uthe uphiko lwabo lwezokuthutha kumele luze kwi-Exco luzocacisa kabanzi ngohlelo lwalo.Uthe uhambo lubalulekile ngoba amazwe avakashelwayo analo uhlelo olufana nolweGo Durban abafuna ukuluqala.",0
3477,vukuzenzele,"Uma ichweba lingasetshe nziswa ngendlela efanele, wonke umnotho wezwe uya khahlamezeka, ukusuka kwabathumela impahla lapha ekhaya kanye nabathumela impahla kwamanye amazwe kuya kubathengi bempahla.",0
train_isizulu_01367,AfriHate,@username dudlu madolo kanyoko anhthukiwena kepha ngthuka lentenghluphayo ngawe mi❤️thatha celuyiphathekahle🤦,0
3102,vukuzenzele,"Ngakho, odokotela bezilwane abasohlelweni bazohlala besebenza njengemithombo yolwazi ethembekile, kusho u-Van Blerk.",0
244,vukuzenzele,"Abazali bangasiza ngokuqi nisekisa ukuthi abafundi abalaleli ngokweqile izindaba zeCOVID-19 , ikakhulukazi mayelana nokufa kanye nemibono yetulo, njengoba lokhu k u n g a b h e b h e t h e k i s a ukwesaba kwabo futhi kuholele ezimeni ezinzima",0
119,vukuzenzele,"Ukusebenza komthethosi sekelo wethu kuphezu kohu lumeni ophendulayo, lapho aBaphathi bephendula ku bantu nalapho iPhalamende limele abantu.",0
1364,vukuzenzele,Imizamo yethu yokwakha imiphakathi ehlangene ithunazwa ifa lohlelo lobandlu lulo kanye nokungalingani okulokhu kuqhubeka.,0
train_isizulu_02366,AfriHate,"touchdown ethekwini, just landed. ngomtshayelo kanyoko",0
232,vukuzenzele,"“Abaningi kuphoqeleke ukuthi bazifundele bodwa, ngesikhathi bephila ngokungenasiqiniseko ngekusasa labo kanye nomthelela we-COVID-19 emathembeni nasemaphusheni abo, impilo yomndeni kanye neyompha kathi,” kusho uTlhapane.",0
train_isizulu_01553,AfriHate,konakele ngathi kushada imfene namhlanje....,0
2492,vukuzenzele,"nangaphandle kwezingqina mba kanye nezinye izi nselele,” kusho uNgqongqoshe uGigaba.",0
3465,vukuzenzele,"Waqala ukudayisa uTupperware eneminyaka eyi-19, lona oneminyaka engama-28 njengamanje uthe wayelokhu enothando lokuba nebhizini si lakhe futhi kuyamjabulisa ukuthi waziqalela ibhizinisi lakhe.",0
265,vukuzenzele,"Ngonyaka wezi-2009, uMnyango Wezolimo waseLimpopo wangaphambilini waphakamisa kuMnyango Wezemisebenzi Kahulumeni ukuthi umhlaba kumele unikezelwe kubalimi.",0
1968,vukuzenzele,UMongameli u-Cyril Ramaphosa ekanye noShansela waseJalimane u-Angela Merkel ngesikhathi kudluliselwa izimoto ezinikelwe ngabakwa-BMW ukulwa ne-GBVF.,0
180, imibono idolobha umgungundlovu lingcole ngendlela exakile ,"MHLELI: Ake ngikhulume ngedolobha engihlala kulo uMgungundlovu. Leli dolobha lincane kodwa ngesikhathi salo belihlanzekile ngale ndlela ongayazi.Angazi ukuthi imeya neziphathimandla zedolobha zihamba kuyiphi imigwaqo. Indawo obonayo ukuthi kuseyidolobha isemgwaqweni uVictoria nakoGreyling uma ubheka nakhona hhayi yonke indawo. Kukhona umgwaqo ongaka-Asmalls ohlezi unamanzi amnyama. Nomunye omncane owehlayo, wudoti woqobo-ke wona, mhlawumbe usungawubiza ngomgwaqo wamaphara. Naserenki yaseSweetwaters emathoyilethi laphaya kudliwa iwunga ungalimala uma ungangena unganakile.Kanti imeya yayibhidlizelani indawo okuthiwa isematsheni? Uyixazulula kanjani inkinga ngenye inkinga? Uma ukhipha amabhubesi esiqiwini ulindeleni ngempela? Uma uhamba kweminye imigwaqo imila utshani. Umasipala uhlulwa wukuthenga umuthi nje wokhula ufuthe.Uzobona into ezokwenzeka ehlobo. Utshani eduze nomgwaqo babuye bashanele bafake emapayipini bese amanzi angabe esahamba kube nenkinga nezikhukhula zihamba namaphepha yonke imfucuza igcwala emgwaqweni. Uhamba ezitaladini kwezinye indawo ungangena nasemigodini basusa izinsimbi ezivale izitamkoko. Izinga lenhlanzeko nokunakekela ingqalasizinda kuphansi. Bayamba bangabuyiseli ngendlela.Impela kuyoshaya u-2030 ingekho indaba yaleli dolobha uma besaqhuba ngale ndlela. Akwenziweni umsebenzi ningasiqhosheli ngokuthi umuntu wavota ebe engavotelanga ukuthi akenze noma yini ayithandayo.D M MtoloEMGUNGUNDLOVU",0
test_isizulu_00248,AfriHate,"@username we bafo kanti ungowokugcina yini bafo 🤔🤔🤔 mayehamba ngilanda omunye , ngihlangana nomunye kwi taxi omunye emgwaqeni ngizihambela , omunye ngihlangana naye emall . bafo baningi nalabantu wena nje bhebha mayehamba ubhebhe omunye ...... ##url",0
442, akazisoli ophikise izifungo zomshado ,"AKALIBONI iphutha elenzeke emshadweni wakhe owesilisa okusabalale i-video yakhe ezinkundleni zokuxhumana, ephikisa izifungo zomfundisi.UMnuz Linda Mthethwa obeshadelwa uNkk Tiny Mthethwa eNtuzuma ngoMgqibelo, uthe akonakalanga lutho emshadweni wakhe ngoba ubengeke avume ukufunga amanga. Utshele Isolezwe ukuthi selokhu kusabalele le video umkakhe udinga ngisho ukwelulekwa ngokomqondo ngendlela aphatheke kabi ngayo ngokushiwo ngabantu ngabo.“Inina nje enibona kube khona okonakele emshadweni wami. Ngokwami umshado uhambe kahle, kumanje ngihleli nomkami sesinayo nencwadi yomshado. Umkami sengihlale naye isikhathi eside bengingeke ngizotshelwa ekugcineni umfundisi ukuthi sizohlukaniswa ukufa. Kungani kuze kumele kufakwe ukufa ezifungweni sengathi kukhona okumele abulale omunye. Ubuf...kuphela obuyohlukanisa mina nomkami ngoba okwamanje usaziphethe kahle,” echaza.UMthethwa othe unezingane ezintathu nomkakhe, uthe usola umthwebuli wabo ngokusabalala kwezithombe zabo ne-video.Ngemuva kokuvela kwe-video abantu abaningi kuFacebook nakuTwitter bebekhala ngokuphoxa kukaMthethwa, bedabukela umakoti.ESINYE sezithombe ezisabalele ezinkundleni zokuxhumana, zomshado kaMnuz Linda Mthethwa noNkk Tiny Mthethwa emuva kokusabalala kwama-video umkhwenyana ephikisa izifungoKule video, uMthethwa uma kumele afunge ukuthi bayobekezelelana uma becebile noma bempofu, uphendula ngokuthi vele bampofu. Ebuzwa ngalokhu uthe vele ubephendula okuyikona.“Vele ngingene ezindlekweni ezinkulu kabi nasezikweletini ngilungiselela ukuthi lolu suku lube luhle. Kulezi zikweletu engingene kuzona kuyacaca ukuthi ngeke ngisaphinde ngicebe ngoba kusekude ukuthi ziphele,” kusho uMthethwa.BUKA:Uphikise umfundisi ngezifungo emshadweni wakheKwenye i-video uMthethwa ubonakala eyohlangabeza umakoti ngaphambi kokuqala komshado. Ugaqa ngamadolo kukhaphethi obomvu, usukuma esephambi komkakhe, ambambe ngengalo. Nalapho uthe akaliboni iphutha ngoba ubekhombisa ukuthi umthanda kangakani umkakhe. Wenqabile ukuphendula ukuthi ubephuzile yini njengoba abanye besola lokho. UNkk Mthethwa uthe akukho asazokusho ngoba vele umonakalo usuwenzekile. Uthe uphatheke kabi ukuthi ngeke kusacisheka ezinkundleni zokuxhumana okubhalwe ngabo.",0
train_isizulu_00608,AfriHate,@username ngathi inkawu ibona ishlahla sabhanana. awumbuke nje ulibele ukusineka,0
2805,vukuzenzele,Ochitshiyelwe Womthe thonqubo Wogesi kanye nomsebenzi oqhubekayo wokuchibiyela iNqubomgomo Yentengo Kagesi.,0
train_isizulu_02960,AfriHate,musani ukbhebhisa/bhebha inhlanya.,0
903,vukuzenzele,UMashego odabuka eSebokeng lapha endaweni yase-Gauteng e-Vaal uthi ubengeke akwazi ukuzi khokhela imali yokufunda kanye nezinye izindleko ezi za nokufunda emfundweni ephakeme uma ubengezange wathola uxhasomali lomfu ndaze we-NSFAS.,0
2340,vukuzenzele,"sisebenze ngokubambisana ukuqinisekisa ukuthi izwe-kazi liyayithola imigomo yalo ngokufanele, sisebenza nesikhungo i-COVAX no-kuholwa iThimba lase-Afrika Eliqinisekisa Ukutholwa Komgomo. Ukuqaliswa ko-kugonywa kwabantu sekuqa-lile ezwenikazi futhi sifisa",0
train_isizulu_02405,AfriHate,"@username nawe usufana nalamabhunu abulala imfuyo yomakhelwane abamnyama, engena emasimini abo. i always thought you had a mlungu in you ##url",0
2507,vukuzenzele,salolu sizi olungaka sibonisile ukunikezela ngaleli lungelo ngezindlela eziningi.,0
1731,vukuzenzele,"Ngowezi-2010, wabhalisa eNyuvesi yaseGoli kodwa akabanga nemali eyanele ukuthi aqede unyaka wakhe wokuqala, kwase kuphoqele ka ukuthi ashiye phansi.",0
train_isizulu_02252,AfriHate,@username wenja khuzeka 🤣🤣🤣,0
2116,vukuzenzele,"Iminotho engalingani iholela emiphakathini engalingani, futhi imiphakathi engalingani ayikhuli idlondlobale.",0
train_isizulu_01780,AfriHate,when did they stop being abelungu? ubizwani umlungu ngesizulu manje? ##url,0
3107,vukuzenzele,"Lapha wafunda khona ukuthi ushayelwa kanja ni umkhumbi wempahla, maphakathi nolwandle fu -thi bema nasemachwebeni ahlukahlukene e-Europe, e-Afrika nase-Asia ngemi sebenzi ehlobene nemithwa lo kanye nezinhlolovo zezo kuphepha.",0
2252,vukuzenzele,Izimpawu ezimbi zivame ukuvela ngaphambi kweminyaka eyi-12 kanti-ke zivame ukuthi oku ngenani zithathe isikhathi esi ngangezinyanga eziyisithupha. Othisha bayakwazi ukubona izinkinga zokuziphatha futhi bangakwazi ukuyidlulisela ukuze ihlolwe isimo sempilo.,0
2666,vukuzenzele,"lo. Engangikwazi nje ukuthi nganginesikweletu esisodwa sezingubo zokugqoka futhi asikho esinye isikweletu esa sikhona, ngakho-ke ngabe sengicela ukuthi bangikhi phele imininingwane yezi kweletu zami,” kusho yena.UMabitsela wabona izinko ntileka",0
82,vukuzenzele,Kamuva nje bengivakashele eThekwini KwaZulu-Natali ukuyohlangana nosomabhizinisi edolobheni ukuze sibasize ezinhlelweni zabo zokuvuselela imisebenzi yabo.,0
train_isizulu_02868,AfriHate,kodwa wak’bhebha ke... ##url,0
3139,vukuzenzele,"yonke iminyaka yokufunda, ezibhalise ema kholishi e-TVET zizothola umfundaze ozokhokhela imali yokufunda kanye nezinsiza zokufunda.",0
3198,vukuzenzele,"U-Arendse wakhulela edolobhaneni laseNtshonalanga Kapa elincanyana i-Beaufort West. Emuva kokuphothula esikoleni, wazama ukuqeqeshwa ekolishi lase-Oudtshoorn, kodwa wabuye wanquma ukubuyela ekhaya ukuze akwazi ukweseka umndeni wakhe. Wake wasebenza",0
32,vukuzenzele,izinyathelo zokuziqhelelanisa kubantu. Baningi abafundi bakaMatiku letsheni abazobe besemakhaya ngesikhathi sokusakaza. Lincane futhi iphesenti labafundi abafundela emakhaya. Ukusakazwa kwempela kuzophindwa emva kwehora lesi- 4 ntambama KwiOpenview futhi,0
dev_isizulu_00446,AfriHate,ayikhohlwe njenge sdomu eskoleni iman u rt @username ,0
train_isizulu_02463,AfriHate,@username ufuna amasende enye  indoda ngenkani 🤣🤣🤣🤣🤣🤣 yebiyamama ##url,0
559,vukuzenzele,"“UHulumeni Wesifunda zwe sase-Gauteng unikele ngesikhathi, imizamo nezi nsiza ukuthuthukisa lolu hlelo lwezokuthutha olusiza umpha kathi ukwazi ukuxhumana kalula nezinhlobo zokuthu thwa komphakathi ezahlukene esifundazweni.”Sesiqalile ukubona amandla",0
train_isizulu_01528,AfriHate,@username kukhulunya nge tattoo esekhekheni wena not kwi body sdomu,0
2226,vukuzenzele,Isigaba 3: Imininingwane eqondene nomfakisicelo kanye nemiphumela kamatikuletsheni kuzoqinisekiswa futhi kudluliselwe esikhungweni semfundo ephakeme nokuqeqesha ngokuzenzakalela ukuze mhlawumbe umfundi abhaliswe noma,0
train_isizulu_01186,AfriHate,@username mamkhize yaze yabuhlungu indlela amaphoyisa ase sa asingatha ngayo indaba yababhikishi abamnyama amakhehla abelungu ashisa imoto yamaphoyisa abhikisha estation samaphoyisa azange kudutshulwe kodwa makuyithi njalo kuphuma izidumbu kubi  #ezanamuhla,0
train_isizulu_00990,AfriHate,is'ngamla angiscavi ngyasifosta,0
train_isizulu_02216,AfriHate,"@username he is not south african men, he is my dad slima... and he is no more so izinja nezinayi konke lokhu okusele. and my dad wouldn't have not even at a wink allow this to happen slima",0
train_isizulu_00192,AfriHate,"@username amanyala nje towards my kids nxa, mlungu ndini",0
725, kusolwa imbawula ngokusha kwemijondolo ,"KUSOLWA imbawula ngokusha kwemijondolo yaseClare Estate, eThekwini, ngoMgqibelo, kwasala dengwane abahlali abaningi. Kushaye isikhathi sokuloba singakatholakali isibalo semijondolo eshe ngoMgqibelo ebusuku kodwa abahlali bathi ingaphezu kuka-50 eshile. Kusolwa abanye abahlali okuthiwa bebezifudumeza ngembawula ngokusha kwemijondolo. Izolo ekuseni abanye abahlali abashelwe yimijondolo bese beqalile ukuyivusa njengoba abanye belale komakhelwane.UMnuz Nhlonipho Kweqela, ongomunye wabashelwe umjondolo, uthe ngenhlanhla akekho obephakathi ngesikhathi kusha. Uveze ukuthi bekungo-9 ebusuku ngesikhathi etshelwa ukuthi kuyasha endlini yakhe.“Kusize ukuthi bengisemsebenzini nomuntu engihlala naye esavakashile. Ngifike sekushe yonke impahla, ngasala nezingubo ebengizigqokile. Sisola ukuthi umlilo udalwe yimbawula ngoba kuthiwa kunabafana abebeyibasile bezifudumeza,” kusho yena.UKweqela uthe ukhoseliswe omakhelwane abangashelwanga ukuze akwazi ukulala ebusuku ngoMgqibelo. Ngesikhathi eshayelwa yiphephandaba izolo uthe usazoyozama enye indawo azofihla kuyo ikhanda.UNksz Thabisa esingatholakala isibongo sakhe, uthe ushelwe yizimpahla kulesi sigameko. Uthe emuva kokusha kuhambe ngisho ugesi njengoba kushe nezintambo zawo.Okhulumela amaphoyisa KwaZulu-Natal, uCaptain Nqobile Gwala, uthe bazwile ngesigameko sokusha kwemijondolo kodwa alikho icala elivuliwe.",0
2850,vukuzenzele,"sha, uthi waba nothando lwezolimo ngesikhathi esasebenza njengothisha eGcilima Primary.",0
516, banqatshelwe ukubhala abafundi abangathenjwa ,"KUPHENYWA isikole iSizibeni High eMgababa ngemuva kokuthi abazali bekhononde ngokuthi abafundi baka-matric banqatshelwe ukubhala izivivinyo zephepha lesibili leMaths ngoba kuthiwa bazokwehlisa izinga lokuphasa lesikole.Bangaphezu kuka-10 abafundi okuthiwa bakhishwe ephepheni sebezobhala kwathiwa ukuze bakwazi ukubhala izivivinyo zokuchibiyela ngonyaka ozayo, abalande izincwadi zodokotela ukuze kube sengathi babegula yingakho bengakwazanga ukubhala.Omunye wabazali, ocele ukungavezwa, uthe ingane yakhe ibuye ekhaya yamtshela ukuthi inqatshelwe ukubhala iphepha lesibili leMaths ngoMsombuluko ngoba kuthiwa izokwehlisa izinga lokuphasa.Ingane imtshele ukuthi akuyona yodwa kodwa baningi nabanye abafundi abanqatshelwe bakhishwa sebebhala.“Ibuhlungu le nto ngoba ingane yami kwi-timetable yayo kubhalwe ukuthi izozibhala zonke izifundo. Ilibhalile iphepha lokuqala leMaths ngoLwesihlanu olwedlule, elesibili akhishwe kulona,” kusho umzali.Uthe akazi uzoyithathaph imali yencwadi kadokotela ngoba akanayo.“Ingane yami yadudulelwa kwa-matric kodwa bengazi ukuthi izibhala zonke izifundo,” kusho umzali.Uthe uma umfundi eduduliwe kumele atshelwe ukuthi nazi izifundo azozibhala ezinye azibhale ngonyaka olandelayo.“Akukwazi ukuthi angakhishwa esezobhala ngoba kwa-timetable yakhe bekumele ifike inezifundo ezimbalwa azozibhala. Sifuna ukwazi emnyangweni ukuthi ngabe kuvumelekile yini ukuthi izingane zethu zikhishwe ephepheni zingabhali kuthiwe asilande incwadi kadokotela,” kusho umzali.Omunye umzali naye ocele ukungavezwa, uthe ingane yakhe ayizange ibhale iphepha lesibili leMaths ikhishwe isizobhala.Uthe udidekile ngoba ingane ibuye yamtshela ukuthi esinye isizathu esenze bakhishwe nezinye izingane ngukuthi abazange babekhona ngesikhathi kubuyekezwa isifundo.“Ingane yami yaphasa kahle kwaGrade 11 yayingadudulwanga. Ne-timetable yayo iyasho ukuthi izibhala zonke izifundo okubalwa kuzo iMaths iphepha lokuqala nelesibili obekumele ilibhale ngoMsombuluko kodwa eyakhishwa yangalibhala,” kusho umzali.Okhulumela uMnyango wezeMfundo, uMnuz Kwazi Mthethwa, uthe akekho uthisha okumele anqabele umfundi ukuthi abhale izivivinyo.Uthe baxhumana nehhovisi lesifunda ukuze bathole ubuqiniso balokhu wathi bazothatha izinyathelo ezifanele kwabathintekayo.“Sithumele kumqondisi wesifunda ukuze aphenye. Sizobe sesithatha izinyathelo ezifanele.”Ngonyaka ozayo abafundi bazobhala kanye izivivinyo ngoJuni njengoba zingasekho ezokuchibiyela ebezibhalwa ngoMashi.",0
2406,vukuzenzele,"Iyini i-PrEP? Enye yezindlela zokuvikela ukusuleleka nge-HIV uku-phuza i-Pre-Exposure Prophylaxis (i-PrEP), okungamaphilisi aphuzwa nsukuzonke ngabantu abangenalo igciwane le-HIV abasengcupheni yokuthola i-HIV , ngocansi noma ngokuzijova ngezidakamizwa.",0
6,vukuzenzele,"Sinxusa intsha esikhulile ukuthi isondele. Ukuqina kwamasotsha omzimba ngokwemvelo kuyafadalala ngokuhamba kwesikhathi futhi akufani nokugoma, ngeke ukubekele isikhathi. Sinxusa bonke labo abafanelekile ukuthola umjovo wokuvuselela ukuthi basebenzise leli",0
train_isizulu_01424,AfriHate,"imagine 18snvl written in zulu  ""ishumi nesishiyagalombili, ucansi, ukusantuza ididi,nokusakaza ikiwi,impi kanye nolimi oluqojeme   #cyrilramaphosa #fellowsouthafricans ##url",0
test_isizulu_00321,AfriHate,"lol wenja uyahlanya ngshaya ngelenda mina ""@username : ulingana nentombi ya @username ""@username : lmao zinhle""""",0
train_isizulu_01649,AfriHate,mfeth’auwsende inqguza lapho sigcwale..,0
dev_isizulu_00194,AfriHate,"@username ingulube inobhekeni, bru!",0
3046,vukuzenzele,"Inkampani iAspen Pha rmacare isanda kwethu la ukunwetshwa kwe nkampani okubize izigi digidi eziyi-R3.4, okwa menyezelwa eNgqungqu theleni Yotshalomali ngo wezi-2018. Lolu tshalo mali luguqule isikhungo sokukhiqiza seAspen esise-Gqeberha saba ngesinye",0
703,vukuzenzele,"Abantu baseNingizimu Afrika basuka kude, babekezele kakhulu futhi benze inqubekelaphambili ebonakalayo ekulweni ne-HIV , i-AIDS kanye neSifo sofuba. Masiphinde siqinise amandla okusombulula kanye nezenzo zethu zokubhekana futhi sinqobe i-AIDS unomphela.",0
train_isizulu_00145,AfriHate,@username heshe mfoka nzima ngithanda ukubingelela,0
827,vukuzenzele,nguMongameli u-Cyril Ramaphosa ukuthi ukhishelwe umphakathi.,0
2140,vukuzenzele,"Umbuzo: Nginezimpawu ze-COVID-19 , ngabe kuphe phile ukuthi ngigome?Impendulo: Cha. Aku melanga ukuthi ugome uma unezimpawu zeCOVID-19 .",0
train_isizulu_01763,AfriHate,"@username eya lol bengisa mokola namajita @username ukuthi mele bajike ngapha ekasi, bamokole le nyoni kutlwano daar endlini idumisele imoto ngapha ekasi aii.",0
2590,vukuzenzele,"Kusuka kubheduka ubhu bhane lwe-COVID-19, lobu buhlungu bube yisimo esi bhekane namabhizinisi amaningi amakhulu kanye namancane, hhayi ezweni lakithi kuphela nje kodwa umhlaba wonke jikelele.",0
train_isizulu_02276,AfriHate,@username ngiyalisaba isende 🤣 ##url,0
3104,vukuzenzele,"“Kwakumnandi kakhu lu lapho ngakhulela kho na. Kwakungekho kwesa ba, kungafani nezinsuku zanamhlanje, futhi wonke umuntu wayekhuliswa u mphakathi.”UMdletshe waphothu la umatikuletsheni wakhe ngowezi-2006, ngaphambi kokulibangisa e-Durban University of",0
3150,vukuzenzele,"Ngaphambi kokufaka isi khalazo ku-GEPO, umuntu kufanele athumele isikhalo esibhaliwe ku-GEPF, i-Ejensi Yokuphathwa Kwezimpes heni zikaHulumeni (i-GPAA) noma kumqashi wakhe, futhi abanike ithuba lokusombu lula lolu daba.",0
322,vukuzenzele,"“Lo msebenzi uzokwakhela phezu kwesisekelo soHlelo Lokwakhiwa Kabusha kanye Nokuvuselelwa Komnotho, olulokhu luwuhlelo olujwayelekile lokwakhiwa kabusha komnotho,” kusho yena.",0
1787,vukuzenzele,Uthe kukhona okufanayo phakathi kwesifo se-Monkeypox neNqubulunjwana.,0
train_isizulu_01600,AfriHate,inani kanti imomozi kamazulu? 🙆🏾‍♂️🤷🏾‍♂️,0
345,vukuzenzele,"Ungakashayi umhla zingama-30 kuNhlangulana, uMongameli uzokwethula uhlelo-kusebenza lokubhekana nezincomo zeKhomishana.",0
test_isizulu_00294,AfriHate,angeke kuphele ukucwasana baba ngoba uma ngibuka kahle abelungu basenamaqhubu futhi abazimisele ukuyiyeka lento @username ,0
train_isizulu_01178,AfriHate,@username hahahhahahahaha yalibona eli ngamla,0
455,vukuzenzele,Inhlangano iwumzamo ngqo wokubhekana nokwa nda kwezingane ezingena makhaya futhi uqinisekisa ukuthi intsha yenza okuthi le okuhle ngezimpilo zayo.,0
2697,vukuzenzele,"ngokufanele futhi abe sezingeni lokuncintisana, ukuthuthukisa ukufinyelela kuzinsiza ze-inthanethi ethengekayo, nokuthuthukisa isikhathi sokuthola izimvume zamanzi, zezimayini kanye nezinye. Le mizamo ihlelwe futhi ibekwe iso ngokuhlanganyela yihhovisi",0
train_isizulu_01503,AfriHate,@username ku defendwa ban?? umthethosisekelo nje uyahlonishwa mlungu wena yin ucabange ukuth indiya lingaphezulu iliphi sela eli defendwayo,0
344, bafuna uthishanhloko axoshwe ,"ABAZALI besikole samabanga aphansi eLovu bathi bazoqhubeka nokubhikisha uma uMnyango wezeMfundo ungamxoshi uthishanhloko obambile, abamsola ngokungaphathi kahle isikole.Kusukela ngoMsombuluko abazali base-Andrew Zondo Primary babhikisha ngaphandle kwesango lesikole, bakhala ngokuthi abamfuni uthisha obambe emuva kokushona kukathishanhloko ngo-Ephreli. Lo thisha wesifazane Isolezwe elinalo igama lakhe, kuthiwa ubevele eyiphini likathishanhloko ongasekho uMnuz Sihiya, igama lakhe elingatholakalanga. Kuthiwa lo thisha ongafunwa uke wabamba ngesikhathi kugula uSihiya, abazali abakhala ngokuthi izinga lokuphasa lehla ngaleso sikhathi. Bakhala nangokuthi kuningi osekushintshile kusukela ebambile, okubalwa nokumisa abahlanza isikole. Kuthiwa abafundi yibona asebehlanza ngisho amathoyilethi esikoleni.Izolo abazali baphindelile ukuyoqhinqa emasangweni esikoleni, kwaze kwabizwa amaphoyisa azoqapha isimo.Ongusihlalo wesigungu esilawula isikole uMnuz Thami Magubane uthe abakuphaza-misanga ukufunda ngoba babhikisha ngaphandle kwesango.“Kuningi esingakuthandi ngebamba likathishanhloko. Kunamaphepha esikole alahlekile selokhu eqalile ukubamba. Kuduke ngisho amabhuku amasheke esikoleni,” echazaUMagubane uthe akusebenzeki nalo thisha amsola ngokungahloniphi abazali nangendlela akhuluma ngayo. Uveze nokuthi lo thisha usebhalele umnyango ethi akakwazi ukusebenza kahle esikoleni ngoba kudliwe imali.“Naye uke waphatha isikole ngesikhathi ebambile, kumele ngabe uyazi ngokulawulwa kwesikole njengoba esekhala ngokudliwa kwezimali. Sibona ukuthi uyahluleka zisuka nje ukuphathaisikole. Ngeke siyeke ukubhikisha, sifuna abomnyango bamlande bahambe naye,” kusho uMagubane.Uthe bahlakazwe ngamaphoyisa ngoMsombuluko bebhikisha ngaphandle kwesango. NgoMsombuluko kuthiwa ubengekho uthisha obhikishelwayo kodwa izolo ufikile ngoba bekugade amaphoyisa esikoleni.Okhulumela umnyango esifundazweni uMnuz Sihle Mlotshwa, uthe abahambisani nokugxambukela kwanoma iziphi izinhlaka zomphakathi esikoleni ngoba kuphazamiseka ukufunda. Unxuse ukuthi abanezikhalo balandele imigudu efanele ukuze udaba lulungiswe.",0
2214,vukuzenzele,le-11 ukuze babhalise kodwa bathole ukuthi imiphumela yabo yeBanga le-12 iyahlangabezana nalokho okudingekayo ukuze babhalise.,0
2594,vukuzenzele,"Siye sadinga ukunciphisa umthelela wemikhawulo endleleni yabantu yokuziphilisa ekuvalweni kwezwe okulandelanayo, noma sibeke ingcuphe enga bakhona yehlandla lesibili kanye nobhubhane lobubha kanye nendlala esikhathini esizayo.",0
78,vukuzenzele,"Uhlelo luphinde lusimamise ukuqhutshwa kwemisebe- nzi ethuthukisa ezomnotho njengamabhizinisi aman- cane nasafufusa kanye nezigungu ezisebenza ngokubambisana, phecelezi ama-co-operatives okuyi- wo azuzayo njengabahli- nzeki bemisebenzi kulezo zifundazwe",0
2189,vukuzenzele,"Labo abanamalayisensi aphelelwa yisikhathi phakathi kukaNdasa 2020 nomhla ka-31 kuNcwaba 2021, abeqiwa umnqamulajuqu wokuvuselela ngomhla wesi-5 kuNhlaba, belulekwa ukuba bathole amalayisensi okushayela esikhashana uma befaka izicelo zabo zokuvuselela",0
train_isizulu_02282,AfriHate,dudlu madolo kanyoko angithuki wena ngithuka uthando ##url ##url,0
2302,vukuzenzele,kwemvume yabazali bazo. Zine kuphela izingane kwezilishumi ezithe zinolwazi oluthile mayelana nokuphepha kwi-inthanethi.,0
test_isizulu_00588,AfriHate,@username umuntu uyateta ikati liyaphuka inkomo iyazala inja iyanyelezela ingulube iyahulula inkukhu iyachamusela,0
3341,vukuzenzele,"I-COVID-19 iyigciwane elihambisana nenkinga yokuvaleka kokuphefu-mula. Ngakho-ke, abantu ababhemayo bangaba sengozini ephindaphindekile yezimpawu ezibucayi ukwedlula abantu abangabhemi, ngokusho kuka-Dkt. u-Catherine Egbe, oyinjulabuchopho kuMkhandlu",0
train_isizulu_02896,AfriHate,"lol hayibo bafoza 😱 iyafuneka mos""@username : ikhona esehillbrow, ijaivisa umahosha, ungabona wena lol ""@username : intsangu yase pta &gt;""""",0
141, kusamile ukufunda kwelicija ngamakhono ,"KUSAMILE ukufunda ekolishi eliqeqesha ngamakhono eGroutville emuva kokuba sekuphele izinsuku izitshudeni zilala emakilasini ngoba zingakhokhelwe imali yokuqasha izindawo zokuhlala. Izitshudeni zize zakhishwa ngamaphoyisa ekolishi ngoLwesihlanu.Izitshudeni zaseMfolozi TVET College zicasulwe wukuthi sezibekezele isikhathi eside zingayitholi imali yokukhokhela izindawo zokuhlala ekhishwa yisikhwama iNational Students Financial Aid Scheme (Nsfas). Isolezwe lithole ukuthi ngoMsombuluko odlule bafike emakilasini nezimpahla nezingubo zokulala ngoba abanye sebexoshiwe emiqashweni abebehlala kuyo ngenxa yokungakhokhi. Ukulala kwabo emakilasini kuphazamise nokufunda njengoba kuthiwa othisha bagcine bengasafiki yavalwa ikolishi.Okhulumela isigungu sezitshudeni, uMbali Nxumalo, uthe bagcina ukufunda ngoMsombuluko odlule.“Izitshudeni bezilokhu zibekezele kodwa inkinga iqale sezixoshwa ezindaweni zokuhlala ebeziqashe kuzona. Inselelo enkulu wukuthi zihlala ezindaweni ezikude futhi zizidinga ngempela izindawo zokuhlala. Kumanje ezinye zimpintshiswe abanezindawo zokuhlala, ezinye zaphindela emakhaya,” kusho yena.Uthe izitshudeni azihlangene nokuphazamiseka kokufunda ngoba ukulala kwazo bekungaphazamisi. Uveze ukuthi bamangele uma othisha nabahlanza amakilasi bengasafiki. Bagcina ukulala ngoLwesihlanu emuva kokukhishwa ngamaphoyisa. Kuthiwa le nkinga isiphazamise nezitshudeni ezifunda ngasese njengoba othisha bengasafundisi. Zilinganiselwa ku-80 izitshudeni okuthiwa zithintekile kulolu daba.UMnuz Sam Zungu, ophethe wonke amakhempasi eMfolozi, uthe kuzocaca ngoLwesithathu ukuthi sizovulwa nini isikhungo. Uphikile ukuthi izitshudeni ziqale ukulala emakilasini ngoMsombuluko wathi ziqale ngoLwesithathu.“Okumele sikucacise wukuthi asikwazi ukulawula uhlelo lokukhipha imali yezitshudeni kwaNsfas. Izitshudeni zizifakela izicelo ngqo kwaNsfas thina sithole uhla lwabazoxhaswa emuva kwesikhathi. Inkinga iqale ngokuthi kufike uhla lwamagama abazoxhaswa uNsfas ngesikhathi izitshudeni zisemaholidini ePhasika ngo-Ephreli 4. Bekumele ziqale ukufunda ngoMsombuluko odlule, ngenxa yokuhluleka ukubekezela zacasuka. Besisalindele ukuhlaziya uhla bese siluphindisela kwaNsfas ukuqinisekisa abazoxhaswa,” kusho uZungu.Ekhuluma nephephandaba uMnuz Kagisho Mamabolo okhulumela abakwaNsfas uthe ziyaqhubeka izinhlelo zokuqinisekisa izitshudeni ezizoxhaswa bacela zibekezele.",0
dev_isizulu_00299,AfriHate,kaze injani imomozi kanamhla ngeke ibe njengeyonu kodwa.😞,0
train_isizulu_02241,AfriHate,"@username jooooh,wena iyo slima sendoda, uyintombazane e khohlakele ngibukele isoweto tv manje 1:10pm",0
314, kudutshulwe iphoyisa elithinteka ecaleni ,"BEKULINDELEKE ukuba libuyele enkantolo maduze ukuze kuqale ukuthethwa kwecala elithinteka kulo lokulunyiswa kwabantu ngezinja iphoyisa elidutshulwe ngoyaba lwezinhlamvu lingena emzini walo.UConstable Musawenkosi Khwela ubephuma emsebenzini ngoLwesihlanu ngo-10 ebusuku ngesikhathi ehlaselwa ngabantu abangaziwa emzini wakhe eZwelibomvu ngaKwaNdengezi, bamdubula, walimala kanzima. Ulaliswe egunjini labagula kakhulu esibhedlela.Isolezwe lithole ukuthi kwenzeka lokhu nje leli iphoyisa elisebenza ophikweni lwezinja eShongweni belilungiselela ukuba lona nozakwabo ababili, abanecala lokushaya ngenhloso yokulimaza nelokukhwabanisa, babuyele enkantolo ngenyanga ezayo ukuze kuqulwe icala labo.UKhwela uphume ngebheyili ngo-Ephreli nonyaka emuva kokuba bedlulise isicelo sokunikezwa ibheyili enkantolo enkulu eThekwini, ababenqatshelwe yona yiNkantolo yeMantshi ePinetown.Yisicelo sikaKhwela kuphela esaphumelela. Uhlaselwa nje bese ebuyele nasemsebenzini.Basolwa ngokuthi bebefuna imali ebantwini, uma bengenayo babalumise ngezinja. Akukacaci ukuthi ukuhlaselwa kukaKhwela kumayelana nani.NgoMgqibelo ibamba loMkhuzi wamaPhoyisa KwaZulu-Natal, uLieutenant General Nhlanhla Mkhwanazi, likugxekile ukuhlaselwa kukaKhwela.“Abahlasela amaphoyisa bazobhekana nolaka lomthetho. Sifisela u-constable olimele ukuba alulame ngokushesha,” kusho uMkhwanazi.Imizamo yokuthola umndeni wephoyisa ayiphumelelanga izolo njengoba abaphathi bamaphoyisa beveze ukuthi ucele ukuba izinombolo zawo zinganikezwa abezindaba ngoba awufisi ukuxoxisana nabo ngokwenzekile.",0
2658,vukuzenzele,Loyo othola isibonelelo kufanele ahambelane nohlolo lwemalingeniso.,0
test_isizulu_00413,AfriHate,zaze zahlupha inkawu bakithi 😡,0
train_isizulu_02689,AfriHate,@username thina mazulu asiyenzi lento nx..,0
train_isizulu_02038,AfriHate,nayi ingulube isnonela bo ##url ##url,0
1161,vukuzenzele,"bakhulise amakhono abo okuthi baqhube amabhizinisi ngempumelelo, ngesikhathi beqinisekisa ukuthi izidingo zezomthetho ezifanelekile ziyathotshelwa.",0
train_isizulu_01661,AfriHate,@username uyinja yehlathi uluma kusale kubhibha.,0
train_isizulu_02881,AfriHate,the time i used to buy igqe e butterworth ngangichatha ey ngibanyisa omahosha ngokungachami,0
train_isizulu_01303,AfriHate,#esikabhadakazi @username angbingelele mfanakithi ey yaz ngike ngaya ptwn namuhla cha simoshile dolobha lethu and ngokungasizakali ektholeni just isinkwa ngadlulela kloof amabhunu ayvikele into yawo and sisazosokola . nginawe mzo ngse nazareth #esikabhadakazi,0
1583,vukuzenzele,Yini okumele uze nayoUma uvakashela isikhungo sakho sokuvota hamba nomazisi wakho onamagabelo noma umazisi we-smart card noma isitifiketi sesikhashana sikamazisi. Uzolekelelwa ukuze ugcwalise ifomu lokubhalisa elinika imininingwane yekheli lakho lendawo.,0
test_isizulu_00442,AfriHate,@username éziphambili kimi ezoku ngangení  kwa mazulu kuma playoffs @username ,0
train_isizulu_01636,AfriHate,@username bazoni bhebha abanye abafana,0
351, uphonsa inselelo kubelaphi bendabuko ngomeyiwa ,"IMBONGI ephinde izigaxe kwezomzabalazo, uMzwakhe Mbuli, ikhwele yadilika kubelaphi bendabuko ibagxeka ngokungasizi ngalutho ekubeni bethi banamandla.UMzwakhe uthe ubone esiteshini sethelevishini sase-USA, iHistory Channel, ukuthi abaphenyi beFBI babuye basizwe yizanusi zakhona ukuxazulula amanye amacala kodwa eNingizimu Afrika kunenzukazikeyi yecala lokubulawa kowayengunozinti we-Orlando Pirates neBafana Bafana, uSenzo Meyiwa.“Uma ngempela benamandla yini bengasho ukuthi wubani owabulala uSenzo?“Uma benamandla njengoba besho, kungani bengawasebenzisanga ngesikhathi kusabhoke ubandlululo, bathumele amabhunu ngisho nangezinyosi ukuze ziwatinyele.Ngisakhula kwakuthiwa kunesibuko esigwazwa yizangoma kufe umuntu, yini bengasebenzisanga sona?“Ngibone nje abaholi bethu begugela emajele futhi abanye beshonela ekudingisweni. Nathi sazabalaza kanzima njengamadelakufa ukuze leli zwe likhululwe kodwa bekhona abelaphi bendabuko.”IMBONGI engusaziwayo uMzwakhe Mbuli ithi abelaphi bendabuko abalekelele ekutholweni kwababulali bakaSenzo MeyiwaIsithombe: Dumisani DubeUthe akuzwayo ngabelaphi bendabuko wukuthi bathenga izicubu zabantu abanebala elimhlophe ukuze bakhande imithi yokuthakatha kunokusiza abantu baseNingizimu Afrika.“Ngolunye usuku ngaxoxelwa ubaba ukuthi iNkosi uShaka waninda isigodlo sakhe ngegazi ebusuku.“Ngosuku olulandelayo wathumela umbiko ophuthumayo, wathi akubizwe izanusi ezizobhula.Cishe zonke izangoma zashaya eceleni, zanuka abantu abamsulwa abangenacala kodwa sisodwa isanusiesayishaya esikhonkosini.”Uthe uphonsela inselelo zonke izangoma nezinyanga ukuba zithole ukuthi ngobani ababulali bakaMeyiwa.“Uma ngempela benawo amandla adlulele mababambe iqhaza bancedise amaphoyisa ukuze kuxazululwe udaba lokubulawa kukaMeyiwa.“Kolunye uhlangothi kukhona abalokhu belulaza igama leSilo ngokubulala abantu bebala elimhlophe.“Laba bathakathi mabahlukane nobulwane nobuvaka kodwa abasize kutholakale ababulali bakanozintiwe-Orlando Pirates neBafana Bafana.“Mangiphothule ngokukhuza abazalwanembumbulu badlisa abantu utshani, izinyoka, amagundane, baphinde babaphuzise nophethroli.“Emakholweni angempelasicela imikhuleko ukuze kusombululeke izinkinga zokubulawa kwabantu ngesihluku,” kuphetha uMzwakhe.",0
dev_isizulu_00009,AfriHate,north west kyashisa kdwa kyanetha and then kuyabaneka hhayi sekushoda imfene nje,0
541,vukuzenzele,"isicelo elejwayelekile le-Ejensi Yokuthuthukiswa Kwamabhizinisi Amancane (i-SEDA), ele-Ejensi Yo xhasomali Lwamabhizinisi Amancane (i-SEFA), eleSi khwama Sokuthuthukiswa Kwamabhizinisi Kuzwelonke (i-NEF) kanye nele-Ejensi Yokuthuthukiswa Kwentsha",0
1812,vukuzenzele,"Ngaphandle kokwenza ngcono indlela yokuziphe ndulela kanye nokugqugqu zela ukuziphatha ngokwezi miso, akukho esizophumelela kukho.",0
292, okungenziwa izingane ngamaholidi ,"SIKHULU isikhalo kwabanye abazali asebefisa ukuthi ngabe izikole sezivuliwe njengoba bekhala ngokuhlupha kwezingane. Ezinkundleni zokuxhumana sekwenziwe nehlaya lencwadi esabalalisiwe, okuthiwa ibhalwe abazali bebhalela othisha benxenxa ukuthi zivulwe izikole. Yize lokhu kwenziwa ihlaya, bakhona ngempela abazali abangazi ukuthi bazokwenza kanjani ukuthi izingane zingabi nesithukuthezi emakhaya. Uma amaholidi ezingane engahlelelwe, zigcina ziganga, zenze nezinto ezizozixabanisa nabazali.OyiMarketing Manager yakwaBudget Insurance, uNkk Susan Steward, uthe okuningi kokujabulisa izingane kudinga imali. Uthe ikhona indlela yokugwema ukuchitha imali eningi kodwa uphinde ujabulise izingane. Uveza ukuthi kubalulekile ukuhlela amaholidi okuvalwa ezikole, kubekwe nemali. Nazi ezinye zezinto ezingamasu okujabulisa izingane.Akudingeki uchithe imali uyisa izingane ema-cinema, nawo asemba eqolo. Ungaboleka amaDVD ahlabahlosile ziwabuke ekhaya. Ungazenzela * -popcorn ekhaya, ziwuthokozele zibuka amaDVD.Imidlalo efana nama-puzzle noma amakhadi, ungayenza ukuthi izingane zichithe ngayo isizungu.Kukhona nezincwadi ezixoxa indaba ngezithombe. Ungasiza izingane ukuthi zihlobise lezi zithombe. Lesi yisikhathi sokuthi izingane zifunde nokwenza imisebenzi yasendlini. Ungazifundisa ukubhaka nokupheka noma ukulungisa ingadi.Izingane ziyakujabulela ukuba sepaki ngoba inkulu nendawo yokudlala.Phatha amathoyizi nebhola ukuze zikwazi ukuchitha isizungu epaki. Ungakhohlwa ukuthi ziyakuthanda nokushutha izithombe.",0
633,vukuzenzele,"Imiphakathi nezinhlangano zomphakathi kumele zisebenzisane nohulumeni ukuqalisa ngezingenelelo ezichaza kabusha ubudoda ukuze sizokhulisa amadoda anozwelo, ukubekezelelana kanye nenhlonipho.",0
2031,vukuzenzele,"Ubuyele emsebenzini njengoba umqashi wakhe emugcinele umsebenzi wakhe,” kusho u-Harrison.",0
dev_isizulu_00503,AfriHate,mampara weekend kodwa kuzolunga sizoncenga khona la 😥😥 ##url,0
1117,vukuzenzele,"ukusebenzisa imali ngendlela engafanele,” ngokusho kuka-Ramalho.",0
dev_isizulu_00537,AfriHate,ibhunu elincane madoda🤣🤣🤣 ##url,0
1132,vukuzenzele,"kuzoqashwa othi sha abahamba phambili ngokwenza kahle umsebenzi wabo kuleso naleso sifunda. Lezi zikhungo azitholakali kuwo wonke amadolobha kanye namakhaya, kodwa zitholakala ezindaweni lapho kunesibalo esiningi kakhulu sabantu ababhalisile kanti lo-kho",0
2604,vukuzenzele,"Ngaleso sikhathi siyazi ukuthi ‘lesi sinyathelo esikhulu’ siyinduduzo engaphelele kubasebenzi nakosomabhi zinisi abahlupheke kanzima ngokungelinganiswe kulo nyaka nesigamu owedlule, futhi bebenethemba lokubona isimo sabo sibangcono njengoba umnotho",0
2114,vukuzenzele,"Ukukhishwa inyumbazane kweningi labamnyama okuqhubekayo emnothweni kucindezela ukukhula komnotho, okuthunaza wonke amabhizinisi. Ukukhulisa isisekelo samabhizinisi kuleli lizwe kubaluleke kakhulu ekukhuleni komnotho.",0
train_isizulu_00236,AfriHate,@username mazungu ngiyibonile i video ubaba u ndosi uhlulwe iqiniso nje lowa mlungu bekhuluma iqiniso lodwa vele abaholi bethu iqiniso liyabahlula. @username ,0
617, umsindo ngemali ngekamandela ,"KUSUKE umsindo phakathi kwamaqembu aphikisayo nezikhulu zikaMasipala weTheku mayelana nesinqumo sokususwa kukaR3.5 million, ezinhlelweni zokukhumbula owayengumengameli wokuqala wentando yabantu kuleli uMnuz Nelson Mandela wayiswa emkhankasweni wokulwa nesihlava sokuhlukunyezwa kwabesifazane nezingane ngaphandle kokugunyazwa umasipala.Ikhansela le-IFP uMnuz Mdu Nkosi lithe alingabazi ukuthi le mali isetshenziswe ngaphandle kokugunyazwa umkhandlu.“Ngifisa ukuthola incazelo ukuthi kwenzeke kanjani uR3.5 million, owawabelwe izinhlelo zokukhunjulwa kukaMandela wayiswa kolunye uhlelo ngaphandle kokugunyazwa ngumkhandlu. Uma siqhubeka nokwenza ngeke iphele le nto yokuthi kuthiwe kunezigidi zemali ezisetshenziswe budedengu,” kusho uNkosi.Ikhansela leDA uMnuz Thabani Mthethwa, lithe bafuna umuntu othathe lesi sinqumo athathelwe izinyathelo ngoba lokhu akwenzile kuphambene nomthetho wokusetshenziswa kwemali kamasipala.NePhini leMeya uNkk Belinda Scott lithe liyahambisana nesikhalo samaqembu aphikisayo, lengeza ngokuthi kuzomele ajeze umuntu othathe lesi sinqumo.“Kumele siqale sithole ukuthi kuphambene nomthetho yini ukususa imali kolunye uhlelo uyifake kolunye uhlelo, ngolwazi lwami enginalo lokusetshenziswa kwemali kahulumeni kumele kwenziwe isicelo bese kuyagunyazwa,” kusho uNkk Scott.Uthe kumele iphele nya le nto yokusetshenziswa kwemali budedengu.“Umuntu ozotholakala enecala lapho, kuzomele ajeze,” kusho uNkk Scott.IPhini leMenenja oPhikweni lwezoMphakathi nezimo eziphuthumayo uMnuz Vusi Mazibuko okuwuphiko lwakhe oluthathe lesi sinqumo, lithe imali okukhulunywa ngayo ibingakasetshenziswa.UNkk Scott uthe akayikholwa le nto eshiwo nguMazibuko ngoba umkhankaso wokulwa nesihlava sokuhlaselwa kwabesifazane nezingane uqale ngoNovemba 25, uphele ngoDisemba 10.“Akukwazi ukuthi le mali ayikasebenzi ngoba phela uhlelo seluqalile, sizolindela ukuthi sithole umbiko ogcwele emhlanganweni ozayo ukuthi kwenzakalani ngale mali. Embikweni esiwulindeke sifuna le mali icazwe ukuthi izosebenza kanjani,” kusho uNkk Scott.UMgcinimafa eMkhandlwini weTheku uMnuz Krish Kumar, uthe kungenzeka ukuba le mali yasuswa ezinhlelweni zokukhumbula uMandela yayiswa emkhankasweni wokulwa nesihlava sokuhlukunyezwa kwabesifazane nezingane kusetshenziswa isigaba somthetho uRule order 28.URule order 28, ilapho imeya nemenenja bethatha isinqumo ngaphandle komkhandlu ngoba bethi kuyaphuthuma.UNkosi uyichithile indaba kaRule order 28, wathi ayikho ngoba akekho umuntu ongathi bekuphuthuma futhi umkhandlu uhleli awukho ekhefini.",0
507,vukuzenzele,esiqinile ukuze silulame kakhulu ngaphandle kokufaka izwe ezikweletini kakhulu. Ngaphandle uma singakwazi ukwehlisa isikweletu sikazwelonke sisibeke ezigabeni ezisimeme ukwelulama komnotho ngeke kwenzeke.Izingqondo zethu njengesizwe kumele zisuke eku,0
train_isizulu_02937,AfriHate,aikhona @username uyinja ntwana :'( #coolerbag iyarocka le number,0
3513,vukuzenzele,“Izikhungo zibandakanya ukwelashwa kokugwema ukuthola izifo ezithathelana ngocansi kubandakanya isifo sesibindi (i-Hepatitis B) negci wane leSandulelangculazi (i-HIV). Amaphilisi okuvikela ukukhulelwa ngenxa yesehlakalo lesi sezocansi nawo ayanikezwa.,0
3037,vukuzenzele,"Zizonke, lezi zingqungqu thela zithole izibophezelo zotshalomali olungaphezu kwezigidigidi ezinga ma-R770 emikhakheni ehlukene yezomnotho.",0
train_isizulu_02297,AfriHate,sithi sichaza ba? akusiyo indlu kanyoko le ##url,0
2276,vukuzenzele,Hhayi nje kuphela ukuthi ababhebhezeli bayaboshwa futhi bayiswe nasenkantolo; baphinde baphucwe yonke inzuzo abayenze ngobugebengu babo.,0
test_isizulu_00115,AfriHate,nankoke amabhunu again... bona into enhle ka shwi nalo okhalayo wakubo ##url,0
dev_isizulu_00639,AfriHate,"asiwafuni amabhunu vele ""@username : hahaha i was about to ask ukuthi y ashiye isibhunu""",0
726, kubulawe onogada kugqekezwa esikoleni ,"KUMISWE ukufunda esikoleni, Ukusa High, eHammarsdale izolo ngemuva kokubulawa konogada ababili okusolwa ukuthi bashaywe bafa begadile ebusuku bangoLwesithathu esikoleni.Isidumbu sikaMnuz Mncedisi Ntuli (29) okuthiwa bekuwusuku lwakhe lokuqala esebenza esikoleni nesikazakwabo uMnuz Thandazani (46) zitholakale kwelinye lamakilasi esikole izolo ekuseni, uzakwabo wesithathu obesaphila uphuthunyiswe esibhedlela elimele kanzima.Kusolwa ukuthi abahlaseli bebefuna ukhiye wegumbi elihlala ama-laptop nezinye izimpahla ezibalulekile zesikole, ongahlali konogada.Ngokuthola kwaleli phephandaba ngomthombo ongaphakathi esikoleni, unogada ongena ekuseni ufike kukhiyiwe esangweni, wama ngaphandle kwaze kwafika uthishanhloko.“Uthishanhloko uthe unogada makangene ngaphakathi ayobheka ukuthi akukho yini lapho belele khona. Unogada ujombe uthango wangena ngaphakathi wabuya esethi ozakwabo ubafice belele edamini legazi akazi noma kukhona yini kubo osaphila. Uthishanhloko umlandele wangena naye baphuma sebeyofuna abosizo oluphuthumayo,” kusho umthombo.Uyise kaMncedisi, uMnuz Thembinkosi Ntuli, uthe nguye obegqugquzela indodana yakhe ukuthi ingahlali ekhaya isalinde ukuthi kulungiswe okuthile emaphepheni ayo ayigunyaza ukuthi ibe ngunogada ogcwele.“Emasontweni amathathu edlule ungitshele ukuthi uqashwe yinkampani egada ezikoleni, ugada ePhezulu High, bengingazi ukuthi usegada la, eKusa High,” kusho uNtuli.UMfowabo kaThandazani, uMnuz Muntu Majola, uthe akazange asole lutho umfowabo engabuyi emsebenzini ekuseni izolo ngoba kuyenzeka aqale ezindaweni zakhe ngaphambi kokugoduka.“Kuneminyaka egada kulesi sikole akakaze ahlaselwa yize engaphathi lutho oluyisikhali sokuzivikela,” kusho uMajola.UMnuz Mondli Dlamini ongomunye wabanikazi benkampani yonogada iMI Trading ebiqashe labo nogada, uthe sibethuse kakhulu lesi sigameko sokubulawa kwabantu ebebezinikele ekuvikeleni impahla yomphakathi.“Lo msebenzi siwenza ngoba sinothando lomphakathi, akukho nzuzo esiyenzayo yingakho siqasha abantu abangenawo amaphepha ngoba abanamaphepha bazofuna ukukhokhelwa imali esingenayo. Onogada bethu basuke bengahlomile babekelwe ukuthi bafone uma bebona okusolisayo,” kusho uDlamini.Usihlalo wesigungu esilawula isikole, uMnuz Aaron Cele, uthe badumele ngalesi sehlakalo, bebezitshela ukuthi ukuba khona komuntu ogadile esikoleni kuzokwenza izigilamkhuba zisabe ukungena.Unobhala weSadtu kulesi sifundazwe uMnuz Bheki Shandu uthe bahlale belugcizelela udaba lokuphepha ezikoleni emnyangweni, wathi ukubulawa kwalabo nogada kuveze ukuthi kumele ukugada kubhekwe ukuthi kwenziwa kanjani.UNgqongqoshe wezeMfundo KwaZulu-Natal, uMnuz Kwazi Mshengu, obezifikele kulesi sikoleni uthe uphoxeke kakhulu. Uthe kukhomba ukuthi kumele kubuyiswe amakomiti emigwaqo ngoba onogada kabanele ukuthi bagade izikole.“Lokhu kusho ukuthi izingane ezifunda emalokishini nasemakhaya ngeke zithuthuke, ngoba uma kufakwe izinsiza zokuthuthukisa izikole izigebengu ziyangena. Uma kungathiwa onogada abahlome nakhona bazoba sengcupheni yokuhlaselwa kufunwa izibhamu,” kusho uMshengu.Izolo abafundi baphindiselwe emakhaya, uMshengu uthe kuzoze kufundwe ngoMsombuluko.Okhulumela amaphoyisa KwaZulu-Natal, uLt Col Thulani Zwane, uthe amaphoyisa athole onogada (29) noneminyaka ewu-46 beshonile ekilasini eceleni kwabo kwatholakala i-crowbar.",0
train_isizulu_00548,AfriHate,ziyabhebhana bo inkomo zamkhulu 32 yonke ##url,0
1270,vukuzenzele,"Bangafaka izicelo zoxhaso lwe-NSFAS lokuyofunda enyuvesi noma emakolishi ezemfundo yokuqeqeshwa kwezobuchwepheshe kanye namakhono (ama-TVET), kodwa kumele bakwenze lokho ngaphambi kokuthi kufike usuku lokuvalwa kokufakwa kwezicelo zalolu xhaso okuwumhla",0
3500,vukuzenzele,"Ngalezi zindlela zombili zokusebenza okuthuthukile kanye nezinguquko zezakhi wo, Ichweba laseThekwini lizophinde likwazi ukubuyisa isikhundla salo njengechwe ba elisebenza kahle kakhulu e-Afrika yonkana.",0
2923,vukuzenzele,"Sisaphila phakathi kwalo mashayabhuqe wobhubhane osuthathe izimpilo zabantu abayizi-11 000 eNingizimu Afrika kuphela nje. Ezi gamekweni eziqinisekisiwe ezingaphezu kwesigamu sesigidi, sisahleli esibalweni sesihlanu samanani aphe zulu kakhulu okwesuleleka",0
3401,vukuzenzele,"Lapho kubhaliswa umsha do, abashadikazi kumele baphathe amakhophi oma zisi kanye nesivumelwano selobolo (uma sikhona).",0
341,vukuzenzele,"Wengeze ngokuthi kuno mhlaba owanele ongalimeka ukusekela izigidi zabalimi abancane abafuya izinkukhu, imfuyo, izithelo kanye nezitshalo.",0
3029,vukuzenzele,"“Esikubeke eqhulwini uku qala ukwehlisa amathuba okusabalala kwegciwane le-corona kanye nokwenza indawo ephephile yawo wo nke umuntu,” kusho yena.",0
2985,vukuzenzele,Sinxusa amaphoyisa akithi ukuba aqinise isandla ukuphoqelela ukuthotshelwa kwemithetho enqabela ukudayiswa kotshwala eduze kwezikole futhi aqinise ukuqapha izindawo ezibudayisayo ukuze kuqinisekiswe ukuthi utshwala abudayiselwa izingane ezisencane.,0
test_isizulu_00127,AfriHate,#isworetonever skip a class but imfene ayilulahli ukhobo lwayo😂 ##url,0
424,vukuzenzele,"Njengoba idolobha ligxile emizamweni yokulwisana nosuku lokuntuleka kwamanzi, lithe lidinga ukulungiselela isimo lapho lizokwazi ukulawula uhlelo lwedolobha lokuthunyelwa kwamanzi ukuze kuze kufike ubusika.",0
568,vukuzenzele,"Lolu hlelo-kusebenza lutho lakala kumadivayisi e-Android nama-iPhone, ezitolo ezihluka hlukene zezinhle lo-kusebenza zokuxhumana .",0
369, lizidlele amahlanga inxeba liqoqa izindondo kumasafta ,"IZIDLELE amahlanga kumaSafta (South African Television and Film Awards) ifilimu Inxeba (The Wound), esanda kubuyiselwa emabhayisikobho ngemuva kokugxekwa ngeziqephu zocansi nokuveza izinto ezithathwa njengemfihlo yalabo abasuke beyosoka entabeni emaXhoseni.Le filimu iwole izindondo ezinhlanu emcimbini wokuhlonipha amaciko ngeqhaza lawo kwezokungcebeleka kuleli obuseSun City Superbowl, eNorth West, izolo.Lo mcimbi osakazwe bukhoma kuSABC2 izolo ebusuku, uthulwe ngosaziwayo uThando Thabethe noPhat Joe.Inxeba liwadlisele ogageni amanye amafilimu njengoba liqokwe njengefilimu evelele emunxeni iBest Feature Film. Umdidiyeli walo uJohn Trengove uwine indondo yokuba ngumdidiyeli ovelele kumunxa iBest Achievement in Directing-Feature Film.Iphinde yaphuma phambili kwiBest Achievement in Scriptwriting-Feature Film, lapho ekutuswe amagalelo kaJohn Trevonge, Malusi Bengu noThando Mgqolozana.Umlingisi oqavile wale filimu uNakhare odlala indawo kaXolani, uklonyeliswe ngendondo yokuba ngumlingisi wesilisa oqavile kumunxa iBest Actor-Feature Film.UBongile Mantsai odlala indawo kaVija uwine indondo yeBest Supporting Actor-Feature Film.Emikhomelweni yangoLwesihlanu uMatthew Swanepoel, uwine indondo kwiBest Editing-Feature Film.Izintokazi zaseMgungundlovu zibuye zihleka zodwa njengoba uJo-anne Reyneke odlala indawo kaThandi kwiBroken Vows ewine iBest Actress-TV Soap/Telenovela, kwathi uThuso Mbedu wawina iBest Actress-TV Drama ngokudlala indawo kaWinnie kumdlalo Is’thunzi.Abanye abawinile kubalwa:1. Best Actor-TV Comedy uMandla Gaduka odlala indawo kaSolomon kwiGauteng Maboneng.2. Best Supporting Actress-TV Comedy uLinda Sebezo odlala indawo kaGogo kwiGauteng Maboneng.3. Best Achievement in Directing-TV Soap/ Telenovela abadidiyeli be-Isibaya uPhiwe Mkhanzi noSthembiso Mathenjwa.4. Best Actor-TV Soap/Telenovela uHamilton Dhlamini odlala indawo kaBanzi Motaung kumdlalo Isithembiso.5. Best Supporting Actor-TV Soap/Telenovela uPallance Dladla odlala indawo kaJabu Zungu ngodlalo Isibaya.6. Best TV Soap- Isibaya7. Best Achievement in Directing -TV Drama uCatherine Cooke, Rolie Nikiw noRea Rangaka iNumber Number.8. Best Achievement in Scriptwriting -TV Drama, Lockdown, Reabetswe Moeti noMandla Ngcongwane9. Best Actor -TV Drama uWarren Masemola odlala uMa Fred kwiTjovitjo10. Best TV Drama iTjovitjo.11. Best Talk Show Host, Pabi Moloi weTrending SA.Kushaye isikhathi sokushicilela ingakaphumi imiphumela yeBest TV Presenter neMost Popular TV Soap/ Telenovela njengoba bekuyiminxa ebivotelwa.UWINE iBest Actor-Feature Film kumaSafta, uNakhane, olingisa indawo ephambili efilimini Inxeba (The Wound) Isithombe: FACEBOOK/NAKHANE",0
2825,vukuzenzele,"othembakele ozoyiqapha. Zijwayeze umkhuba wokuhlala ubheka izingane zakho nja lo, ukuze uzokwazi ukuthi zikuphi.",0
train_isizulu_00854,AfriHate,ngeke ng'safika ekong. ng'funa uk'bhebha manje. lol,0
train_isizulu_01657,AfriHate,good abaphansi abavumi kithi mazulu ##url,0
train_isizulu_00135,AfriHate,"uyinja kakhulu @username we see you, uyayiphakamisa intsha. ##url",0
848,vukuzenzele,Umbiko awufaki phakathi imininingwane yophenyo olusaqhubeka lwezinsolo ezitholwe i-SIU emva ko mnqamulajuqu owawubekelwe umbiko wokugcina.,0
567,vukuzenzele,"“Uma ngize lapha ngizokwe nza inhlolokhono, ngizokwazi ukuhlela kangcono futhi ngazi nendlela yami kanye nokuthi ngiyaphi,” kwengeza yena.",0
train_isizulu_02176,AfriHate,aksiyo ngisho inja ezele la....imfene uqobo lwayo ##url,0
1847,vukuzenzele,Kumele siqhubeke nokula-ndela amaqiniso hhayi okungamahlebezi.,0
562,vukuzenzele,"Uma ‘seludawunilodiwe’ lolu hlelo-kusebenza, luzobasiza abalusebenzisayo ukuhlela uhambo lwabo ngokuthi bakhethe uhlobo lwezoku thutha abaludingayo, izikhathi zokuhamba nokunye, njengo kuqoka uhambo olufushane nolusheshayo futhi olungambi eqolo.",0
train_isizulu_01682,AfriHate,"@username “ex yakho inebhadi,slima ngepela”🤦🏽‍♂️😔",0
3160,vukuzenzele,kuphela kanye nokuthuthukiswa kompha kathi okuthola okuthe xaxa.,0
3237,vukuzenzele,"ngingusihlalo Womkhandlu Wokuyala Kazwelonke ukuxhumanisa zonke izingxenye zikazwelonke zokubhekana nale nhlekelele. INingizimu Afrika inomlando omuhle ekulawuleni izimo eziphuthumayo zempilo yomphakathi.Sinolwazi, indlela kanye nobungcweti. Ososayensi",0
1881,vukuzenzele,"Inombolo ephuthumayo ye thulwa iKhomishana Yezemise benzi Kahulumeni (i-PSC) ngowezi-2004 futhi kusukela lapho, sekungene izingcingo ezingaphezu kwezi-100 000 ezi -bika ngezinsolo zenkohlakalo nokungaphathi kahle.",0
1006,vukuzenzele,"Ngenxa yokubaluleka kwabezindaba ekuphileni kwentando yeningi yethu, kukhathaza kakhulu ukuthi njengayo yonke eminye imikhakha yomnotho, inkinga yegciwane lecorona ihlasele kanzima abezindaba. Ezinye izinkampani ezishicilelayo zilahlekelwe ingenisomali",0
train_isizulu_01874,AfriHate,@username #chillas sdudla wadlala dj 👌🔥🔥ngizibekele okubili kulonyaka okuthinta ikhaya bt ngeke ngikutshela ngoba wi sundowns mese ngithi #happybirthdaykaizerchiefs,0
train_isizulu_02335,AfriHate,ngizwe kuthiwa kuzodabuka imomozi rt @username : sekusile cc @username rawkers @username ... ##url,0
train_isizulu_02857,AfriHate,@username ikhasimende laligcwaneka nje lalifuna usizo lo mlungu shuthi,0
252, imibono sengathi lungaba yimpumelelo uhlelo lwemilutha ethekwini ,"MHLELI: KwiSolezwe langoMsombuluko Juni 25 ngaphansi kwesihloko esithi: Uhlelo lokutakula imilutha eThekwini, ngithi ake ngibeke owami umbono ngalolu daba.Izwe lakithi liphansi kwenkulu ingcindezi yobugebengu obudlange iNingizimu Afrika yonkana. Manje ukugijimisa izigebengu kukhona umuntu olala phandle ongaziwa ukuthi uziphilisa ngani, ngibona sengathi ukunyanyalata lokho ekukhucululeni ubugebengu.Uhlelo lweMeya yeTheku, uNkk Zandile Gumede, lokuthi lwenabele kuwona wonke ama-ward uhlelo lokuqoqa imilutha yezidakamizwa eyaziwa ngamaphara, inikwe amakhono kuze igcine iyeke izidakamizwa. Lokhu kuzokhulisa umnotho wezwe kunciphise ubugebengu.Sengathi lungaba yimpumelelo lolu hlelo nomphakathi ulekelele kusizwe laba bantu.Sphamandla MagwazaeShowe",0
train_isizulu_00380,AfriHate,@username #ngiyamuthandalosomatekisi usebedlile qwabe uyabathanda abelungu bakhe futhi uhlanzekile yena nemonto #wnb baphila emhlabeni kafish @username ##url,0
1298,vukuzenzele,UMthetho omusha Ochitshiyelwe Wodlame Lwa sekhaya ubhekelela ezinye zezinselele ebudlelwaneni basekhaya obunodlame.,0
261,http://www.isolezwe.co.za/intandokazi/ezothando umyeni wami usefuna ukuthatha unkosikazi wesibili ,"Umbuzo: Sineminyaka emithathu sishadile nomyeni wami. Siyathandana kakhulu kodwa emasontweni amathathu edlule ngithole ukuthi uke waba nobudlelwano nentombazane esebenza ngasesitolo sethu.Lokhu ngikuthole ngithi ngisebenzisa ucingo lwakhe. Akazange aphike kodwa uthi yinto eseyadlula nekungamele ngizikhathaze ngayo. Ngiyahluleka ukudlulisa le nto, ngilokhu ngicabanga ukuthi akathokozile ngami. Okungixaka kakhulu ukuthi uthi wonke amadoda ayayenza le nto ngakho ayikho into engiyikhalelayo.Angazi ngempela ukuthi ngenzenjani ukuze ngimuthembe futhi.Thuli, SowetoImpendulo:Akulona iqiniso ukuthi wonke umuntu wesilisa akathembekile. Kuyinto umyeni wakho ayisho ukuze azizwe engcono ngesenzo sakhe.Kuyinto enhle ukuthi uyalibona iphutha lakhe futhi uphumele obala ngesenzo sakhe. Uma ethi akusekho lutho phakathi kwabo kuzomele uthembe akushoyo.Kuzothatha isikhathi ukuthi umethembe ngokuphelele futhi umyeni wakho kodwa ayikho enye indlela. Uma ufuna ukulungisa umshado wenu kuzomele uzincenge.Umbuzo:Umyeni wami weminyaka emihlanu ufuna ukuthatha omunye unkosikazi. Ngikubeke kwacaca ukuthi angizimisele ukuba sesithenjini ngoba akazange angitshele izifiso zakhe ngaphambi kokungena kulo mshado. Ngangingeke ngingene kuwo ukube ngangazi.Thulisile, KWANONGOMAImpendulo:Isithembu akuyona into evele ikwehlele nje. Sinesiqiniseko sokuthi umyeni wakho wangena kulo mshado azi ukuthi uyasithanda isithembu kodwa esaba ukukutshela ekuqaleni ngoba azi ukuthi ngeke uvumelane naye. Isithembu yinto okumele uzilungiselele yona, ungene emshadweni wazi ukuthi kuzoba khona omunye unkosikazi emva kwesikhathi.Ngeshwa umyeni wakho uzodinga ukuxoxa, avumelane nawe ngaphambi kokuthatha omunye unkosikazi.Uma ngabe wena ungavumelani nesinqumo sakhe kuzoba yinto enzima kakhulu ukuthi aqhubeke wena ungathandi. Qhubekani nixoxe umnike izizathu ezikwenza ungahambisani nesinqumo sakhe.Umbuzo:Ngingumama owathola umntwana ngisemncane kakhulu, manje sengiqala ukubona izimpawu engingazithandi kumntwana wami ona-13 weminyaka. Useqale ukukhombisa ukukhonza abantu besilisa ngendlela emangazayo. Bengilokhu ngiziba ngizitshela ukuthi wenziwa ubungane kodwa manje ngiyabona ukuthi yinto okumele ngiyisukumele le ngoba ingaphela kabi.Iyithemba lami lokugcina le ngane. Ngifisa ukuthi ifunde igogode, ingafani nami.Lindo, KEMPTON PARKImpendulo:Ukuba umzali akuyona into elula. Ukuba umzali wentombazane kona kuba nzinyana ngempela ngoba uma ekhula kumele uqale uvule amehlo ngokweqile ngoba kuningi okungenzeka okungaguqula impilo yakhe yonke njengokuthola umntwana singakafiki isikhathi.Umntwana wakho usekhulile manje ngakho usungakwazi ukuhlala naye nikhulume. Kubalulekile ukuthi azi ukuthi wafika kanjani emhlabeni nokwazi ukuthi wamthola usemncane ngakho awufuni naye athole umntwana ngendlela yena afika ngayo. Kuhle azi ukuthi ukuthola umntwana usemncane kumisa izinto eziningi empilweni yomuntu ngakho awufuni naye afane nawe.Indodakazi yakho ingakujabulela ukuzwa ukhuluma nayo njengomuntu omdala futhi izofuna ukwenza konke okusemandleni ayo ukuthi ingakuphoxi.Umbuzo:Unkosikazi wami akangihloniphi njengomyeni wakhe. Yimina indoda kuleli khaya ngakho ngeke ngizwe ngaye ukuthi kuyiwa ngakuphi. Sengathi uyayikhohlwa indawo kankosikazi ekhaya. Ufuna ukwazi ukuthi ngihola malini nokuthi ngiyenzani imali. Akuyona nhlobo indaba yakhe leyo.Mina njengendoda ngiyawenza umsebenzi wami kuleli khaya. Pho yini athande ukwazi ezinye izinto ezingahlangene naye? Ngibona sengathi izosixabanisa ngempela le nto. Ngingenzenjani ukuze abhekane nezinto zasekhaya angangeni ezintweni zami?Makabongwe, KWAXIMBAImpendulo:Ngeshwa umshado ngowabantu ababili. Ngokushada nje naye kuchaza ukuthi uyangena ezintweni zakho uthanda noma ungathandi. Umshado lowo.Yebo unkosikazi unendawo ayidlalayo ikakhulukazi ekhaya kodwa akusho ukuthi indawo yakhe iphelela ekhishini nje kuphela. Unalo ilungelo lokwazi ukuthi uhola malini njengomyeni wakhe.Kuyinto enhle ukuthi uyawunakekela umndeni wakho kodwa zama ukuthi ungamshiyi ngasemuva umkakho. Naye uyingxenye ebalulekile yomuzi wakho.",0
train_isizulu_01744,AfriHate,"@username ekse mkhulu ugrand?  ungphathele umahosha oyi1 indlala ingenhla """"""""""d",0
train_isizulu_00442,AfriHate,"ikhaza elisemnyango lixosha umahosha emgwaqeni limbuyise ekhaya ,afike ath ngthi angizonibona basinike off emsebenzini",0
915,vukuzenzele,"“Kulo nyaka wokufunda esikuwo, u-NSFAS usuxhase abafundi abangaphezulu kwezi-700 000, abayizi-248 242 babo basemakolishi angama-TVET kanti abanye abayizi-481 339 abasemanyu vesi (abafundi abaneminini ngwane yokuthi babhalisile).",0
2901,vukuzenzele,"nokuphazamiseka noma ukungalingani komzimba noma kwamakhemikhali emzimbeni.Udokotela uzokunika umuthi ozohambiselana nobudala, isimo sobunjalo bomzimba kanye nohlobo lokudlikiza ingane yakho enakho. Khumbula, ukuthi umuthi wokulwa nokudli-kiza komzimba",0
1321,vukuzenzele,"Ukwesekwa KweziphazaUhulumeni uzibonile izingqi namba ezilethwe ubhubhane kulabo somabhizinisi abathengisa emgwaqeni. Ngalokho ke, uNgqongqoshe Wezokuthuthukiswa Kwama-bhizinisi Amancane uKhu-mbudzo Ntshavheni naye usekhiphe izinhlelo zokwese-ka labo",0
2508,vukuzenzele,"Ukwengeza ezibonelelweni zethu ezikhona, ezitholwa ngabantu abangaphezu kwe zigidi eziyi-17 nyanga zonke, sengeze Izibonelelo Zabantu Abadala, Ezabantu Abaphi la Nokukhubazeka kanye nesibonelelo Sabantwa na. Saqalisa iSibonelelo Sokusiza Esiyisipesheli",0
661, kuboshwe inyanga ebilapha ngomphambili ,"IKHALELWE ngamasongo kaSigonyela inyanga yaseMasosheni, eGreytown, okuthiwa ibidlwengula abantu besifazane abakhendla kuyona ibalutha ngokuthi umphambili wayo yilona khubalo eyelapha ngalo, othole wona ngeke aphinde ahlupheke.Inyanga eneminyaka engu-26 esingeke sikwazi ukuyidalula ngoba ayikaveli enkantolo, iboshwe ngoLwesine ekuseni isekhaya layo. Leli phephandaba lihabule ngemithombo yalo ukuthi inyanga ibimatasa ithaka amakhathakhatha ayo ngesikhathi ezakwadalwane zitheleka yathuka, yajuluka yamanzi te bayigaxa izinsimbi bachitheka nayo.Kuthiwa imikhuba yayo isabalele endaweni. Kuyaziwa ukuthi yelapha kakhulu isifazane esitshela ukuthi induku yayo ikhipha amashwa, izinto zaso zikhanye. Kuvele nokuthi uyabagqugquzela ukuthi bazohlalela ngasekhaya lakhe kanti ufuna ukuzitika ngabo ehleli nabo. Umthombo uthi inyanga iboshwa nje sekunabesifazane abebehlala kuyo le nyanga, belashwa besuka esigodini eShana, eGreytown. Kuvela nokuthi laba besifazane bebeze ngosizi lwabo, bengazi ukuthi lo mlisa ubaconsela amathe njengoba behlala naye.Kuthiwa omunye wabo uvule icala lokudlwengulwa njengoba inyanga ligcine liyishonele nje. Akuqondakali ukuthi lo wesifazane ukhuleliswe yiyo yini inyanga noma ukhulelwe kwenye indawo.Okhulumela amaphoyisa KwaZulu-Natal, uColonel Thembeka Mbele, ukuqinisekisile ukuboshwa kwalo mlisa.Uthe umgilwa ubikele amaphoyisa ukuthi wabhozonyelwa yile nyanga yamdlwengula. Uthe kwavulwa icala eKranskop ladluliselwa ophikweni olubhekene nobugebengu obuhambisana nocansi njengoba ethelekelwe ezakwadalawane, waboshwa.""Kulindeleke ukuthi umsolwa avele eNkantolo yeMantshi eKranskop kusasa ebhekene necala lokunukubeza ngokocansi owesifazane oneminyaka engu-25,’’ kusho uColonel Mbele.",0
train_isizulu_02687,AfriHate,waze wawakhuluma amasende ##url,0
1704,vukuzenzele,"amabhizinisi.“Ukuzibandakanya ko mnyango kanye no-SEDA kwiSizinda se-SheTradesZA kubonisa ukuzinikela kwethu ekuthuthukiseni nasekuqinisekiseni ukuhlomiswa kwabesifazane ngokomnotho eNingizimu Afrika,” kusho uNgqongqoshe uNdabeni-Abrahams.",0
dev_isizulu_00031,AfriHate,liyayidliva mphephethwa kwayisholo imfene ingene emzini owrong izitshela ukuth umniniyo,0
596, owasentulabakayise uzomela ikzn ,"WAYEFISA ukuba wunjiniyela uthishanhloko ochonywe uphaphe lwegwalagwala ngokuba wuthishanhloko obadlula bonke ngokuphatha isikole samabanga aphezulu KwaZulu-Natal.UMnuz Philani Innocent Mathenjwa uthishanhloko waseNtulabakayise Secondary, KwaNibela, eHluhluwe, uchonywe uphaphe nguNgqongqoshe wezeMfundo KwaZulu-Natal, uMnuz Kwazi Mshengu, ngesikhathi ebonga futhi ekhuthaza othisha ngomsebenzi omuhle abawenzile emcimbini owaziwa ngeKwaZulu-Natal National Teaching Awards (NTA) obungoLwesihlanu.UMathenjwa uwine emunxeni we-Excellence in Secondary School Leadership.Uthe ukuba wuthisha kwakungewona umsebenzi ayewuthanda kunayo yonke kodwa wathola ithuba lokuthi awufundele emuva kokuthi ephuthwe yithuba lokuthi afundele iCivil Engineering.Uthe kwakuxhunywana ngokuthi kushayelwe ucingo isitolo esisendaweni bese kushiywa umyalezo wokuthi kumele aye enyuvesi. Ngenxa yokuthi kwakukude nakubo baze bamtshela sesidlulile isikhathi esasibekiwe. Wabe eseyofundela ubuthisha.UMathenjwa uneminyaka ewu-14 enguthisha. Uqale ukuba nguthishanhloko waseNtulabakayise ngo-2016 ngesikhathi lesi sikole sivulwa.Yize enguthishanhloko naye unalo ikilasi alifundisayo njengoba efundisa iMathematics kwaGrade 11 noGrade 12.“Ngiwuthisha weSayensi kodwa ngo-2017 ngiqale ukufundisa iMaths ngoba ngifuna ukubona ukuthi yini le ehlula othisha ekufundiseni iMaths.“Ngaphakathi kimi bekunokuthi uma ngikwazi ukwenza umfundi athande iSayensi, ayiqonde futhi ayiphase kahle yini engangehlula ukuthi nakwiMaths kwenziwe okufanayo.“Ngaqala ngokufundisa uGrade 11 ngaqhubeka nabo ngaya kwaGrade 12 ngoba ngifuna ukuthi uma sengichazela abahloli ngezinselelo engibe nazo ngikhulume ngento nami engiyaziyo.”Lesi sikole siphase ngo-100% nyakenye, kuwo * -60% wamaBachelor, amaDiploma angu-30% no-10% ophase ngeCertificate.UMathenjwa uthe uyena ofika kuqala esikoleni ngo-6.30 aphume ekugcineni ngo-11 ebusuku zonke izinsuku.Uthe unekilasi lokubuyekeza alisizayo elingena ngo-8 kuya ku-10 ebusuku. Abafundi bakwaGrade10, 11 no-12 bavula ngaphambi kokuthi kuvule amanye amabanga ngoba uthi usuke efuna ukuthi babe nesikhathi esanele sokubuyekeza umsebenzi wesikole ngoba isilabhasi bayiqeda ngoJuni.“Uma kuphuma isikole angihambi ngiyahlala ngenze umsebenzi wami ngibe ngizilungiselela isikhathi sokusiza abafundi abangabambi ngokushesha ekilasini. Ngenxa yokuzimisela kwami nabanye othisha sebeze bangijoyina.”Uthe uqale waqhathwa nabanye ozakwabo endaweni, waya esifundeni ngaphambi kokuthi azoqhathwa nabesifundazwe. Kuzwelonke nguye omele iKZN.“Ngijabule kakhulu ngokuchonywa uphaphe ngokwenza kahle. Le ndondo akuyona eyami kuphela kodwa ngeyothisha bonke engibambisane nabo. Thina besisebenza nje singazi nokuthi kuneso elisibhekile,” kuphetha uMathenjwa.UMshengu uthe ukuhlonishwa kwalabo thisha ukubakhuthaza nokubabonga ngomsebenzi omuhle abawenzile kulo nyaka.Uthe uyazi ukuthi abathole izindodo bazoqala unyaka ka-2020 benomfutho ngenxa yezindondo.",0
train_isizulu_02452,AfriHate,thembi kodwa usihlaza naleziy nyoni ##url,0
1051,vukuzenzele,"yokunciphisa ubungozi ehlobene nezimfo-nyo, ukuhlanzwa kwetekisi ngezibulali-magciwane kanye nokuvulwa kwamafasitela.Sekunobufakazi obucacile bokuthi ukuvulwa kabusha ko-kuthengiswa kotshwala kulethe ingcindezi enkulu ezibhedlela, kubandakanya amayunithi",0
239, isexwayiso ngezikhangiso zemisebenzi ,"AMAPHOYISA axwayisa umphakathi ukuthi uqaphele imisebenzi esolisayo ekhangiswa emaphephandabeni nakwi-internet, eminye yawo eyingxenye yomkhuba wokushushumbiswa kwabantu.UCaptain Khephu Ndlovu okhulumela amaphoyisa eThekwini, uthe kujwayelekile ukuthi kusukela ngoDisemba ibe miningi imisebenzi ekhangiswayo, abanye abazithola sebegilekile ngenxa yayo. Ugcizelele ukuthi abantu balandelele ukuthola kabanzi ngomsebenzi okhangiswayo, ngaphambi kokwenza izinhlelo zokufaka izicelo.“Esihlale sixwayisa ngakho abantu wukuthi awukwazi ukuvele uthole umsebenzi ungakaze usifake isicelo sawo. Ngokujwayelekile uma ufaka isicelo somsebenzi, ugcwalisa ifomu ubizelwe nakwinhlololwazi. Kubalulekile ukubheka yonke imininingwane ngalowo msebenzi nokuthi amahhovisi awo akuphi,” kuchaza uNdlovu.UNdlovu uxwayisa nangokuthi abantu babuze yonke imibuzo ukuze baneliseke ngaphambi kokufaka isicelo somsebenzi.Ngisho kuwumsebenzi waphesheya uthe ikhona indlela yokuwucubungula.“Ungasheshi ujahe umsebenzi kodwa ungacaciselekile kahle ngawo. Akumele ngisho wenze izinhlelo zokuhlangana nomuntu ongamazi. Okunye abantu abakwenzayo ukuthi bafihlele ngisho imindeni yabo ngoba befuna ukubamangaza uma sebethole amadlelo aluhlaza. Ukwazisa othize kuyasiza uma usuzithola usenkingeni. Uma kuwumsebenzi waphesheya, wonke amazwe anamahhovisi amanxsusa awo, okuyiwona angasiza ukukucacisela ngomsebenzi okhangisiwe,” kusho uNdlovu.Kwenzeka lokhu nje lusematheni udaba lowesifazane oneminyaka engu-22 waseKings William Town e-Eastern Cape, otakulwe oKlebe esezoshushumbiswa.Lo wesifazane oyiBeauty Therapist, kuthiwa wabona kukhangiswa umsebenzi kwi-internet, wenziswa inhlololwazi ngeSkype.Ubeselungiselwe ngisho ithikithi lebhanoyi eliya e-Uganda ngoLwesine olwedlule. Unina usolile ukuthi kukhona okungahambi kahle ngalo msebenzi, waxhumana noKlebe abathole ukuthi ubeyosebenza kwenye indawo yokudla.OKlebe bamjikise esikhumulweni sezindiza e-OR Tambo eGoli, wabuyiselwa kubo ngeSonto.Okhulumela oKlebe e-Eastern Cape uCaptain Anelisa Femi, ukuqinisekisile ukuthi lo wesifazane usebuyiselwe ekhaya.“Uphenyo lusaqhubeka emuva kokuba lo wesifazane kutholakale ukuthi ubehlelelwe ukushushumbiswa. Akekho oseboshiwe kodwa sekutholakele ukuthi ubengaqashelwa umsebenzi obukhangisiwe kodwa ubeyosebenza kwenye indawo yokudla. Amaphoyisa aqale uphenyo ngoba umndeni wakhe ubusola ukuthi kukhona okushaya amanzi ngalo msebenzi,” kusho uCaptain Femi.",0
train_isizulu_01560,AfriHate,kungenisile ukuba istabane these days,0
train_isizulu_00966,AfriHate,@username khohlwa inkawu niyeke ukusiyuza😹,0
402, funda umshoza ubhalele ubabes wodumo incwadi ezwelana naye ,"UMCULI weKwaito uMshoza ubhalele uBabes Wodumo incwadi yokumeseka kulesi sikhathi njengoba kusanda kuvela izinsolo zokuthi ubehlukunyezwa owayeyisoka lakhe, uMampintsha.NgoLwesihlanu olwedlule abantu abaningi kuleli basale beshaqekile ngezinsolo ezivele kwiMetro FM, ohlelweni iThe Drive olwenziwa uMo Flava noMasechaba Ndlovu, lapho uMasechaba aveze ukuthi uyazi ngokuhlukunyezwa kukaBabes Wodumo, athi bekwenziwa uMampintsha.Lo mculi wasekwa abantu abaningi ezinkundleni zokuxhumana ngemuva kokuvela kwalolu daba, abanye babhekisa intukuthelo yabo kuMampintsha, obengumphathi wakhe nasesitebeleni abeqopha kuso iWest Ink.UMshoza, naye obhekene nodaba olucishe lufane njengamanje, ube ngomunye wosaziwayo abathumelele lo mculi amazwi enduduzo nokumeseka kulesi sikhathi.“Amanxeba abuhlungu ngaphakathi kodwa ngaphandle sishaya sengathi konke kuhamba kahle. Ngesikhathi ngizwa ngesimo obhekene naso izolo ebusuku ngihlulekile ukulala! Bengilokhe ngizibuza ukuyhi senzeni olubi? Sizophendukela kubani?” kubhala uMshoza encwadini ayibhekise kuBabes.Lo mculi uqhube waveza ukuthi akukho lula ukukhuluma ngokuhlukumezeka nokuthi uyafisa ukuba seduzane noBabes kodwa uvinjwa ukuthi usekubhaceni.“Njengoba ngikubhalela le ncwadi ngisekubhaceni, ngenxa yokuhlukunyezwa. Lo muntu wesilisa uzame ukungiphuca isithunzi sami, kodwa ngikwazile ukuthola amandla ngaphuma. Ngiyathemba ukuthi nawe ngelinye ilanga uzowathola amandla okuthi sekwanele!” kuqhuba yena.UMshoza uthe uBabes akaqine kulesi sikhathi wamazisa nokuthi akekho yedwa. Uthe amanxeba azophola futhi bazoyilwa ndawonye impi yokuhlukunyezwa kwabantu besifazane.“Ngelinye ilanga lezi zinyembezi zizophenduka zibe yinjabulo,” kusho uMshoza.Incwadi ebhalwe uMshoza'Sengifisa ukwazi ukuthi yena uyongivikela nini emhlabeni' - MampintshaEngxoxweni neSolezwe ngalolu daba uMampintsha uthe usola isandla sesithathu ngezinsolo abekwe zona.Part 2: ‘UBabes uyongivikela nini emhlabeni?’#BabesWodumo#Mampintsha#MasechabaVideo:@FaneleBengupic.twitter.com/bj0he4QanH— Isolezwe Newspaper (@IsolezweNews)May 20, 2018“Inhliziyo yami ibuhlungu kakhulu kuyabonakala ukuthi kunesandla sesithathu. Sikahle noBabes, makufakwa kakhulu izinto zothando, akekho umuntu ongenayo inkinga othandweni kodwa ngendlela asebebeka ngayo: izinto zezibhakela, omongozima nokuphuka komlenze, ngivele ngadunyelwa ngoba naye uBabes uvele waxakeka ukuthi imilenze yayiphuka kanjani, izibhakela kanjani.“Angisona isilwane, uyangazi naye. Ngiyamthanda ngimphilela kakhulu, manje sebengihlasela ngaye. Bengifisa naye uBabes sengathi uNkulunkulu angasisiza, akwazi ukubona lezi zinto zezitha ngoba ekugcineni njengoba ngangimvikela kusuka kuqala uBabes kuze kuba manje, ngaze ngashintsha impilo yami ngendaba yakhe ngoba ngangimthanda,"" kusho uMampintsha.Lo mculi namhlanje kulindeleke ukuthi aziphendulele ohlelweni lukaMasechaba noMo Flava kwiMetro FM.",0
train_isizulu_00901,AfriHate,@username ungabe usapholisa maseko phuma uchele ngentelezi mawube nenhlanhla uzoybona imfene🌚🙈😀😂nokthi igitshelwe ubani,0
2033,vukuzenzele,"Ukukhwehlela okuthatha amasonto amathathu noma ngaphezulu Ukukhwehlela igazi Ubuhlungu besifuba, noma izinhlungu lapho uphefumu la noma ukhwehlela Ukwehla kwesisindo okungahlosiwe Ukukhathala Imfiva.",0
3525,vukuzenzele,"ukuthi ilokhu engifisa ukukwenza,” ngokusho kukaMatlakane.",0
717,vukuzenzele,"lisekuvalweni kwezwe, ngaleli nani elikhula ngesivi-nini ngenxa yokukhula kwenani labasulelekayo. Lokhu kubanda-kanya amazwe anenani labantu elikhulu kunelethu, njenge-India enabantu abayisigidigidi esi-1.5. Inqwaba yamazwe isibeke izikhathi zokubuya",0
923,vukuzenzele,"abafaki-zicelo ngeke kudingeke ukuba bathumele noma bafake incwadi yemvume. Ukunalokho, bazocelwa ukuba bamukele imigomo ne mibandela kwifomu lemvume ngezobu chwepheshe, okuhambisana nemigomo nemibandela yoxhasomali. Abafundi kusafanele bathumele amaphepha",0
train_isizulu_01476,AfriHate,@username cha ujesu yena ngeke abuye! ubaba nje ungcolile kangangokuthi woman will be scared to leave their children with with us man. ubonisa into engalungile emphakathini bekumele aphawulwe amasende nje klaar abe yinkabi,0
2936,vukuzenzele,Abantu abaningi abahaqwe igciwane lecorona abanazo izimpawu futhi kungenzeka bangazi nakwazi ukuthi ba sulelekile. Leli iqiniso eli hlasimulisa umzimba ngoba lokhu kusho ukuthi noma ngubani kithina kungenzeka usulelekile njengamanje futhi kungenzeka,0
430, urapulana seiphemo uvele enkantolo kwelokungayikhokhi intela ,"INKAKHA yomlingisi, uRapulana Seiphemo, odume ngelika Tau Mogale okuyindawo ayilingisa kwiGenerations: The Legacy, uvele kafushane enkantolo yamacala ezimali ngoLwesine ekuseni ngezinsolo zokungayikhokhi intela.Umbuso usola uSeiphemo ngokungayikhokhi imali yentela kusukela ngonyaka ka-2010 kuya ku-2013. AbeSouth African Revenue Services bathi lo mlingisi ukweleta imali engaphezulu kukaR48 000.Icala lihlehliselwe uNovemba 13 njengoba abameli bakhe becele ukunikezwa isikhathi sokuthi bake baxhumane nabakwaSARS bahlele ukulungisa lolu daba.USeiphemo waziswe ukuthi lizoqhubeka leli cala uma engaxhumani nabakwaSARS.Abameli bakhe baxolisile bathi usezame kaningi ukuxhumana nabakwaSARS kwangaphumelela.Ngesikhathi inkantolo isahleli lo mlingisi ubebukeka ekhululekile.Ubephelezelwa uzakwabo alingisa naye kwiGenerations, uZoe Mthiyane, olingisa indawo kaZitha othandana noTau kulo mdlalo.Nyakenye ziqinisekisiwe izindaba zokuthi sebeyathandana laba.Lo mlingisi uvela enkantolo ngalolu daba nje, abanye osaziwayo okubalwa kubo umethuli wezinhlelo uBonang Matheba, nomdlali webhola uTeko Modise nabo basobishini nabaqoqi bentela kuleli njengoba nabo bebengayikhokhi intela.",0
600, itholwe ibulewe esimobeni ingoduso ,"ITHOLAKALE ibulewe yaphonswa esimobeni esiseduze kwasemzini wayo ingoduso ebihlale ihlukunyezwa umnyeni wayo. UNksz Nompumelelo Shangase (46) waseMontebello eNdwedwe ogane eGqugquma, KwaSwayimane utholakale ngeSonto eshonile esimobeni esiseduze komuzi wakhe engenalo inxeba kodwa evuvukele ebusweni, kubonakala sengathi ubeshaywa.Uyise kamufi, uMnuz Nicholas Shangase uthe, washayelwa ucingo umkhwenyana wakwakhe ngeSonto ekuseni ebuza ukuthi indodakazi yakhe ayikaze ifike yini kubo ngoba iduke ngayizolo?“Uthe ushiye amagwinya emafutheni waphuma akamazi ukuthi uyephi usebheke waze wadela, akamtholi. Akuphelanga isikhathi eside wasishayela, wathi utholakale esimobeni esisekupheleni kwegceke emzini wakubo abahlala kuwo,” kusho uShangase.Uthe bafike isidumbu singakathathwa babona ukuthi uma usegcekeni izinyawo zikamufi ziyabonakala emobeni neduku lakhe lasekhanda beliwele khona.“Iyangixaka le nto, kwenziwe yini ukuthi abasemzini womntanami bangamboni umuntu obesobala kangaka? Isidumbu sakhe kubonakala sengathi uqale washaywa, wase waklinywa futhi kubonakala sengathi uphonswe esimobeni eseshonile ngoba akukho okukhombisa ukuthi kuke kwashuduziswana.”Uthe indodakazi yakhe nyakenye ike yalimala kanzima ishaywe umkhwenyana wayo. “Ubehlale eshaywa nguye umyeni wakhe kodwa ebekezele. Incazelo engitshelwa yona ngabasemzini nayo ayingenelisi. Bathi wayepheke amagwinya ngoMgqibelo ebusuku waphuma, wangasho ukuthi uyaphi wangabe esabuya. Bathi akekho ayexabene naye futhi akuzange kube khona ukuhilizisana noma ukulwa nomkhwenyana wakhe. Kuyangixaka lokhu, umuntu onjani ongashiya ibhodwe linamagwinya angasho lutho kumuntu ahleli naye ekubeni amagwinywa kuyinto esheshe ivuthwe noma ngabe ubeya ethoyilethi? Nakuba engeke esavuka umntanami kodwa ngiyafisa ukwazi ukuthi ubulelwe ngubani?"" kusho uShangase.UNgqongqoshe wezokuThuthukiswa koMphakathi KwaZulu-Natal, uNkk Nonhlanhla Khoza, ukhathazekile ngokubulawa komunye umuntu wesifazane.Uqhube wathi: ""Nakuba kungakatholakali ukuthi uNksz Shangase ubulewe ngubani kodwa siyazi ukuthi izigameko ezinjengalezi kujwayelekile ukuthi zenziwe ngabantu abasuke bethenjwa kakhulu ngabashonile. Siyethemba ukuthi amaphoyisa azombopha umenzi noma abenzi bokubi masinyane.”UCaptain Nqobile Gwala, okhulumela amaphoyisa, uthe amaphoyisa aseHarburg aphenya icala ngesidumbu sowesifazane esitholakale esimobeni kwaGqugquma, KwaSwayimane ngeSonto. Uthe kusolwa ukuthi lo wesifazane uklinyiwe wabulawa.",0
3081,vukuzenzele,"Ukwazi ukuthi ngibe yingxenye yekilasi lokuqala elifundele iziqu zebachelor, okuthathe iminyaka ukuzithola, kuyintokozo enkulu.",0
train_isizulu_02626,AfriHate,@username udabukela abelungu 😳,0
966,vukuzenzele,Isikole sakhe sinabafu ndi ababhalisile kulo nyaka abalinganiselwa kuma-387 kusuka ebangeni R kuya kwelesi-7. “Iningi labafu ndi bethu livela emakhaya aphethwe yizingane kanti futhi abanye babo banakeke lwa ngogogo. Abanabo aba ntu abazobasiza ngomse,0
1155,vukuzenzele,“Kuyinqubo engadingi maphepha futhi inkampani izobhaliswa kungakapheli isikhathi esingamahora angama-24 ngemva kokuthumela isicelo sokubhaliswa.,0
train_isizulu_00106,AfriHate,sawbona bab'umshengu ngicela nje ukdlulisa umkhonzo wami emndenini wami ose hlokozi entapha ka mkhobolo naka gudlucingo ka mchunu kubo sdudla ngibathanda kakhulu @username #ezingasozezabuma,0
2769,vukuzenzele,"lwama bhasi, wabandakanyeka engozini yesithuthuthu ezinyangeni eziyi-18 ezidlule. Njengamanje uhamba ngesihlalo sabakhuba zekile kodwa uthi usizo lwama bhasi lwenze kwaba lula ukuba akwazi ukuya esibhedlela.",0
test_isizulu_00612,AfriHate,"kevin 😂 ""@username : #umaungasebenzi you must answer your phone before it rings ngoba vele awenzi lutho uneke amasende""",0
3405,vukuzenzele,UMthetho Wokwaziswa Kwemishado Yesintu uthi bobabili abathintekayo e mshadweni banamalungelo alinganayo njengendoda ne nkosikazi.,0
909,vukuzenzele,"kwalokho, inginike amandla ukuze ngikwazi ukunika abanye amandla ngokubakhuthaza emphakathini wakithi kanye nokuthi lokho kuzofaka isandla ekufukuleni umnotho wezwe lethu,” kuchaza uMashego.",0
372,vukuzenzele,"Central Application Clearing House, ebizwa ngokuthi yi-CACH, umzamo wesikhashana woMnyango Wemfundo Ephakeme Nokuqeqesha yasungulwa uMnyango Wemfundo Ephakeme Nokuqeqesha ukuze isize abafundi abafuna izikhala zokufunda ezikhungweni zemfundo ephakeme",0
3293,vukuzenzele,"ngo-kwanele kanye nokubheka izi-nga likashukela wakho egazi-ni, umfutho wegazi kanye nokubheka izinga lokushisa iyona ndlela yokulawula i-COVID-19, ikakhulukazi kubantu abanezifo eziyimbe-lesela.Ukwengeza, umnyango weluleka abantu abanezifo eziyimbelesela",0
train_isizulu_01983,AfriHate,ngeke ngiyibheke oe angiyifuni  ngozwa ngetshe njenge nyoni 🦆 ##url,0
3389,vukuzenzele,"oku-qinile kuwowonke umphakathi.Inhloso-ngqangi ukuthola izindlela ezisebenzayo, kungaba ekuthuthukisweni kwamakhono noma kumithethonqubo yezemisebenzi, nokusabalalisa lokhu ngokushesha ukuze ku-zofinyelela kubantu abasha abaningi",0
2650,vukuzenzele,Bangaphinde bashushiswe ngamacala obugebengu uma inkantolo ingaqinisekisa inhloso yokuqola umbuso.,0
811,vukuzenzele,"Ngesikhathi izakhiwo zePhalamende lethu zicekeleke phansi ngendlela yokuthi ngeke zisebenziseke, isikhungo sePhalamende siyaqhubeka nomsebenzi waso wokusiza abantu.",0
1491,vukuzenzele,"ubudala, izinsana ezisanda kuzalwa zizodwa nje zicishe zifinyelele kuma--40% abantu abanalesi sifo,” kusho uNgqongqoshe wezeMpilo uDkt Aaron Mo tsoaledi. UNgqongqoshe uphinde wanxusa abasebenzi beze mpilo ukuba baqikelele nakakhulu uma besiza abesifazane",0
2700,vukuzenzele,"Sinezakhamuzi ezizib anda-kanyayo kwipolitiki emhla-beni. Inhlolovo yangowe-2018 eyenziwa i-Pew Research Center ibonisa ukuthi abantu baseNingizimu Afrika bazimisele ukuthatha isinyathelo sezepolitiki ngezindaba ezibaphethe kabi kakhulu, njengosizo",0
dev_isizulu_00425,AfriHate,inkinga ayikho kahle kahle kubelungu noma amabhunu lapha kodwa mina ngokwami ngibona kungansundu ababulala okwabo nabacindezelana bodwa lapha ukuguqulwa kosuku lwesilo ushaka kwenziwe ngabansundu kanjalo nokuguqulwa kolwesilo udingane nakho futhi kwenziwe ngabansundu.,0
997,vukuzenzele,Sikwazile ukunqanda uku bhebhetheka kwegciwane ikakhulukazi ngenxa yokuse benza ngokubambisana nokuqaphela kwazo zonke izakhamuzi.,0
1952,vukuzenzele,elingaba amamitha amabili kwabanye abantu ukuze kuncishiswe ukuthelelana ngeCOVID -19. Lo mkhuba ubaluleke kakhulu ngenkathi siphakathi nalolu bhubhane lwegciwane lecorona lapho leli gciwane lisabalala lisuka komunye umuntu liye komunye umuntu ngomuntu,0
train_isizulu_01087,AfriHate,inkomo yeslima iyadliwa,0
777,vukuzenzele,Uhlelo lwafundisa ababe- bambe iqhaza ukuthi bakhi- qize amasampula emikhiqizo ethandwa ngamakhasimende ezosiza abenza umsebenzi wezandla ukuthi bathuthu- kise amabhizinisi abo. “Emhlanganweni wokuco- belelana ngolwazi safundiswa ukuthi singazenza kanjani,0
2502,vukuzenzele,Amahhovisi ayi-184 kuphela alungiselela izicelo kanye nokulandwa kwamakhadi angomazisi kanye namaphasipoti. Umnyango ulungisa kabusha amahhovisi angomahamba ne ndlwana angama-78 futhi uqinisekile ukuthi azohanjiswa kuyo yonke iNingizimu Afrika ngesigamu,0
train_isizulu_03078,AfriHate,"kevin 😂 ""@username : #umaungasebenzi you must answer your phone before it rings ngoba vele awenzi lutho uneke amasende""",0
dev_isizulu_00338,AfriHate,ingulube ngeke uykhiphe odakeni,0
951,vukuzenzele,HSass@justice.gov.za Nyakatho NtshonalangaNyakatho Ntshonalanga – uMmanotshe Seletisha – 012 700 9000 – Mseletisha@justice.gov.za Ntshonalanga KapaNtshonalanga Kapa – u-Gary Titus – 021 487 7287/ 021 421 7287 -- Gvtitus@npa.gov.za Inhloko Yehhovisi,0
train_isizulu_01444,AfriHate,@username hhaiy angithi uma umdidi efika uzofika ehamba ngezinyawo bese behamba ngale yakhe imoto. vele lento yonke ididi nje.,0
2905,vukuzenzele,"umse-benzi ongasiza ukuthuthukisa ukuzamukela kwayo, ukubona ukubalu-leka kwayo kanye nokuze-themba kwayo. Qinisekisa ukuthi umuntu omdala uyayiqapha eminye imisebenzi, njengo-kubhukuda. Qinisekisa ukuthi umuthi uphathwa ngendlela eyiyo futhi uphuzwa",0
304, angu  amagatsha aphasile ,"ANGAPHEZULU kuka-100 amagatsha e-ANC KwaZulu-Natal angeke abe yingxenye yengqungquthela yokukhetha ubuholi besifundazwe eqala namhlanje enyuvesi yaseZululand, oNgoye.Lawa magatsha awazange ahlangabezane nemibandela ebekiwe yokuthi akwazi ukuthamela ingqungquthela. Kanjalo nobuholi bezifunda ezintathu okuke kwaba nezehlakalo zokubulawa kwabaholi okuyiHarry Gwala, Moses Mabhida neLower South Coast buhlakaziwe, buzoya kule ngqungquthela kodwa abuvoti.Lokhu kuvezwe nguMxhumanisi wethimba lesikhashana elihola le nhlangano esifundazweni, uMnuz Sihle Zikalala, ekhuluma nabezindaba ngamalungiselelo ale ngqungquthela.UZikalala uthe bagculisekile ngoba amagatsha amaningi ahlalile bahlangabezana nokuthi * -70% wamagatsha ukuthi kumele ahlale ukuze kube nengqungquthela. “Angaphezulu kuka-800 amagatsha okuhlolwe ukuthi akulungele yini ukuya engqungqutheleni. Angu-686 aphasile okuyiwona azoya engqungqutheleni. Mabili amalungu igatsha ngalodwa azoya engqungqutheleni.”Uthe ingqungquthela eyamagatsha, wathi sebeyilungele ingqungquthela.Uthe bahlalise izingqungquthela zezifunda eziyisithupha ngempumelelo wathi bese kusele lezi ezintathu ezihlakaziwe. “Wonke amagatsha anikwe ithuba lokuthi alethe izikhalazo zawo. Ubuholi bukazwelonke bebuseMoses Mabhida ibona obuzonquma ukuthi imaphi amagatsha azoya engqungqutheleni.”UNksz Nocawe Mafu, isithunywa sesigungu esiphezulu sale nhlangano kulesi sifundazwe, uthe uyajabula ukuthi iyahlala ingqungquthela, wathi uthemba ukuthi izoba yimpumelelo.Ebuzwa ngezinsolo zalabo okuthiwa kabaneme abazomashela ubuholi obusha ngelizayo, uthe akukho abasakutholile.“Akukho esisakutholile mayelana nabantu abathi bazomasha noma abazoya enkantolo ngoba bengeneme. Uma kwenzeka i-ANC iyobhekana nakho ngendlela efanele,” kusho uNksz Mafu.UZikalala uphawule nangokubulawa kwabaholi wathi ngenye yezinselelo ababhekene nayo.“Lezi zehlakalo zenza kube nokungathembani kumalungu. Sisebenzisana nabezomthetho ukuze kunqandwe lesi sihlava kuboshwe abenzi bobubi. Sikholelwa ngukuthi ezobulungiswa zingazinqanda lezi zehlakalo.”Ubuholi besifundzwe bahlakazwa ngemuva kokuba kukhona uhlangothi olwavunwa yinkantolo yaseMgungundlovu ngokuthatha njengento engekho imiphumela yengqungquthela eyakhetha uZikalala njengoSihlalo ngo-2015 eMgungundlovu noMnuz Super Zuma njengoNobhala.Kule ngqungquthela kulindeleke ukuthi uZikalala abuyele njengokugiya kulesi sikhundla, ezinkundleni zokuxhumana kukhulunywa ekaMnuz Mdumiseni Ntuli, owayekhulumela ubuholi obahlakazwa ophinde abe yiphini likaSotwebhu le-ANC esiShayamthetho sesifundazwe njengoNobhala wesifundazwe.",0
dev_isizulu_00462,AfriHate,"""uhlo uthand'ocheese..."" #datemyfamily",0
1421,vukuzenzele,Ngakube lokhu kuyi ngxenye yohlelo lwami lwezimali na? Hlangana nomeluleki wezezimali uma ungazi ukuthi uqale kuphi.,0
843,vukuzenzele,"Amacala angama-386 adlu liselwe kwi-NPA, futhi amathathu adluliselwe ukuthi uMongameli atha-the isinyathelo ngawo;",0
1997,vukuzenzele,"zishiya imigodi ivulekile nengaphe phile noma izakhiwo zesikole zingakalungiswa ngokufanele noma izithuthi zesikole zigcwele ngokweqile, ngalokho izimpilo zalezi zingane zizobe zibekwa ebungozini. Konke lokhu kungaphezu kobudedengu obujwayelekile kanye",0
670, funda amathiphu kosomabhizinisi abasacathula ,"AMABHIZINISI amancane ayaqhubeka nokuba wumgogodla womnotho yize amaningi ewa kungakapheli iminyaka emithathu esunguliwe.Isikhulu esiphezulu senkampani exhasa osomabhizinisi abancane iFinfind, uNkk Darlene Menzies, sithe kubalulekile ukuthi kusungulwe amabhizinisi ngoba kuzodilizwa abantu eminyakeni emithathu ezayo futhi nasezinkampanini ezizimele wu-22% kuphela wezikhulu eziphezulu othi izinkampani zizokhula kulezi zinyanga eziwu-12 ezizayo.UNkk Menzies uthe osomabhizinisi abaningi abanawo amakhono okubheka izinkampani ezixhasana ngemali futhi abakwazi nokuchaza izinhlelo zabo zebhizinisi uma sebenikwe ithuba.“Izicelo eziningi zoxhaso ziyachithwa ngenxa yokuthi osomabhizinisi abanalo ikhono lokuphatha imali futhi abakwazi ukuchaza kahle ukuthi imali bazoyenzani,” kusho uNkk Menzies.Uthe osomabhizinisi kufanele bahlome ngamakhono azoheha abatshalizimali okubalwa kuwo;- Ikhono lokuphatha imali, elokwazi kabanzi ukuchaza ngebhizinisi, elokuchaza ukuthi imali uyidingelani nomlando wokuthi ibhizinisi lizothuthuka kanjani uma lithola uxhaso.UNkk Menzies uthe abatshalimali bafuna ukwazi ukuthi bazofaka imali yabo ebhizinisini elizophumelela ngoba kubalulekile ukuthi ibuye imali abayitshalile.“Kubalulekile ukuthi usomabhizinisi omncane uma efuna uxhaso acacise ukuthi ibhizinisi lakhe lizokhula kanjani nokuthi uma ebolekwa imali ibhizinisi lakhe lizokwazi ukwenza inzuzo ukuze akhokhele isikweletu. Kufanele abe nemininingwane yakhe yemali, izitatimende zasebhange nezeVAT. Ngebhadi osomabhizinisi abaningi abakwazi ukuza nale mininingwane uma beyocela uxhaso ngoba abakwazi ukuziphathela amabhuku nemali. Lokhu kuholela ekutheni bangalutholi uxhaso,” kusho uNkk Menzies.Ube esenika osomabhizinisi abafuna uxhaso lawa masu ambalwa athe azobasiza uma beyofuna uxhaso-Yiba nohlelo lwebhizinisi olucacisayo ukuthi imali liyingenisa kanjani.- Zazi isimo sakho sezikweletu ukuze uma kukhona obakweletayo usheshe ubakhokhele ngaphambi kokuyocela uxhaso lwemali.- Khokhela izikweletu zakho nyanga zonke ngoba abaxhasa ngemali bayabheka ukuthi unegama elinjani kwezezikweletu.- Bhala yonke imininingwane yebhizinisi, imali engenayo nephumayo ngoba lokhu kukhombisa ngokusobala ukuthi uzokwazi ukuphatha imali. Yazi isimo sakho sezimali ukuze ufake isicelo soxhaso lwemali kusasele izinyanga ngaphambi kokuthi uludinge, ungaceli uxhaso ngoba ungasenalutho kwi-akhawunti yakho yebhizinisi.- Zichaze zicace izizathu ezenza udinge uxhaso lwemali, ukhombise nokuthi inkampani yakho ibihweba kahle ngaphambi kokuthi ubone isidingo sokucela uxhaso lwemali.- Cela usizo kungoti ozokusiza ukukwenzela amabhuku, akululeke ngolwazi lwemali nolwentela.UNkk Menzies uthe zingaphezu kuka-200 izinkampani ezixhasana ngemali ezinemikhiqizo engaphezu kuka-500 eyenzelwe osomabhizinisi abancane.Ukuthola abaxhasi, osomabhizinisi abancane bangavakashela ku-www.finfind.co.za",0
test_isizulu_00163,AfriHate,nisaba amabhunu 🙄 ##url,0
892,vukuzenzele,"Sathola amahektha ama hlanu omhlaba ngowe1998,” kusho u-Gilman.",0
test_isizulu_00172,AfriHate,uma njengesizwe namabandla ezenkolo sikwazi ukwamukela ubutabane ngezinhliziyo ezimhlophe bekuyini ukugunyazwa kwesithembu sabesifazane.,0
2503,vukuzenzele,"Kusukela mhla kuqala ukukhishwa kwamakhadi angomazisi ngowezi-2013, amahhovisi oMnyango Wezasekhaya asekhiphe amakhadi evile ezigidini eziyisishiyagalolunye.",0
3284,vukuzenzele,"njenge-zisulu zegciwane le-corona, bobathathu babe sebehlala ngabodwana khona ekhaya labo. “Besihleli ngasodwana emagunjini ethu okulala, ngesikhathi umamezala wami onesifo sikashukela kanye nomfutho wegazi ophakeme kuyabongeka ukuthi yena akazange",0
3058,vukuzenzele,"nokuncintisana, zehlise izindleko zokwenza ibhi zinisi eNingizimu Afrika, futhi zikhuthaze utshalo mali oluzimele olukhulu kwingqalasizinda yethu yezomnotho.",0
134,vukuzenzele,Abantu abaningi base Ningizimu Afrika asebehlonzwe njengabanegciwane lecorona (i-COVID-19) baye bakuthole kunzima futhi kungenzeki ukuhlala ngabodwana ngoba amakhaya abo mancane ukuthi umuntu angahlala futhi alale egunjini lokulala ngaphandle kokuthi,0
321,vukuzenzele,Lokhu kugcizelelwe nguMongameli u-Cyril Ramaphosa eNkulumweni yakhe Echaza Ngesimo Sezwe yangowezi-2022.,0
660,vukuzenzele,"Imishini yokuphefumula Ngosizo ezingxenyeni ezahlukene zikahulumeni, izinkampani kanye nezinhlangano, iNingizimu Afrika ikwazile ukuqongelela izinsiza zokuzivikela, nezinye izinto zo-kwelapha kanye nemishini yokuphe-fumula.Umshini wokwelapha osiza",0
287,vukuzenzele,USihlalo weTafelkop Fa rmers Association u-Jerry Se foloshe ubonge uhulumeni ngokwenza ngempumelelo ukuthi abalimi bakwazi uku ba ngabanikazi bomhlaba asebewusebenzele iminyaka engamashumi-shumi.,0
1531,vukuzenzele,"si-kwenze. Abesifazane basabhekana nokucwaswa, ukuhlukunyezwa kanye nodlame, futhi babhekane ngqo nobumpofu. Uma sizosifeza ngempela isithembiso soMthethosiseke-lo wethu kumele sibhekane nokubekwa eceleni kwezomnotho nasezimalini okwenza abesifazane babe",0
test_isizulu_00120,AfriHate,"@username 🥺🥲🥺🤤🥴  sithengiselwa ingulube isesakeni lana, cela ukuzobonela 🥴🤤🥺😋 ##url",0
1256,vukuzenzele,"ngenhlonipho; zivumeleni zizikhethele, zibandakanyeni ezinhle lweni zokuthathwa kwezi nqumo; zifundiseni ngoku phathelene nokufanele kanye nokungafanele; bese nizigqugquzele ukuthi zisho ukuthi zizizwa kanjani.",0
3432,vukuzenzele,“Vikela umuntu ukuthi angalimali ngokuqhelisa izinto nangokuqamelisa ikhanda lakhe. Ungamvi mbeli ukuthi anyakaze noma ufake utho emlonyeni wakhe. Msize ngokuphefumula ngokumlalisa ngecala uma ukudlikiza sekuphelile. Hlala naye aze alulame ngokuphelele.,0
3234,vukuzenzele,"umthelela olindelekile we-COVID-19 emnothweni wethu. Lokhu kwenziwa ngokubonisana namabhizinisi, abasebenzi kanye nezinye izikhungo ezifanele. Kwakungu-Louis Pasteur owathi umnotho uhambelana nengqondo elungiselelwe. INingizimu Afrika isizilungiselele,",0
586,vukuzenzele,"Kwasizwa inqwaba yeziNkulisa ukuze zikwazi ukuqhubeka nokusebenza nokuvulwa. Abalimi abalimela ukudayisela ukuziphilisa baxhaswa ukuze bandise imikhiqizo yabo, futhi kwavuselelwa futhi kwalungiswa imifula namaxhaphozi.",0
train_isizulu_00298,AfriHate,kuthi angihlanye bangibona ibhunu #sarafina,0
train_isizulu_01778,AfriHate,"udungane kandaba, ubhejane phumesqiwini kade bekuvalele, izinyane lengezengeze, unodunga kamenzi.....bayede zulu eliphezulu...hhawuuu abakuyeke nyoni yezwe angeke bakwenze lutho mageba..bayokhala baythulise sithuli sika ndaba!!!...bayede..wena we ndlovu...zule'phezulu ##url",0
3307,vukuzenzele,"Uma ngabe utshe-ngisa ezinye zalezi zimpawu, njengemﬁ va, ukukhwehlela, noma ukuphefumula kanzima, shayela le nombolo yezimo eziphuthumayo zeCOVID-19 ethi: 0800 029 999 noma thumela igama ‘Hi’ ngeWhatsApp kule nombolo ethi: 0600 123 456.",0
713,vukuzenzele,"sokubhekana negciwane. Ukucabangela kwethu kususe-lwa ebufakazini obuqanda ikha-nda, ulwazi lwesayensi no-mnotho kanye nokusebenza okuhamba phambili kwamazwe ngamazwe. Ngesahlulelo sowe-1995 seNkantolo Yomthethosise-kelo eyakhipha emthethweni isigwebo",0
2461,vukuzenzele,"Inkukhu ibeka iqanda njalo emva kwamahora angama-26, lokho okuchaza ukuthi uMhlabane utho la isilinganiso samaqanda ayisishiyagalombili noma ayisishiyagalolunye ngosuku.",0
3573,vukuzenzele,"Kuyinto engephikiswe ukuthi intsha ingumgogodla wendlela-kucabanga kanye nohlaka oluyisiseke lo lwezwe lethu. Ngokuphambene kakhulu nendlela-kubuka ethi abantu abasha bano kuthathela phansi izinto, abayigqizi qakala ipolitiki futhi bazicabangela bona",0
980,vukuzenzele,"sobandlululo.Kubo bonke labo aba-kholelwa ekulinganeni, ubulungiswa kanye nama lungelo abantu, ngeke sikwazi kodwa ukushu kunyiswa futhi sithukuthe-liswe ngempela, ngubuhlu-ngu nokuphoxeka okwe nziwa kubantu base Palestine; ngoba nakhu ku nanelwa",0
train_isizulu_00903,AfriHate,khohlwa njenge sdomu esikoleni ##url,0
389, ubeyofihla uninakhulu u akhumzi ,"UBESENDLELENI eyongcwaba ugogo wakhe u-Akhumzi Jezile (29) wodumo lweYOTV futhi obengumdidiyeli wohlelo lomculo kuSABC 1, iLive Amp, okushaqeke iningi kuzwakala ngokudlula kwakhe emhlabeni engozini yemoto, e-Eastern Cape, ngoMgqibelo ekuseni.U-Akhumzi, Siyasanga Kobese owaduma ecula eqenjini iJoyous Celebration, Thobani Mselemu obesezakhele igama ngokubonakala ezikhangisweni zekwithelevishini, uSkhumbuzo Mbuthuma obeyisazi sezobuchwepheshe besimanje nomunye ebelingakaveli igama lakhe, kuvela ukuthi bashone ujuqu imoto abebehamba ngayo ishayisana nenye emgwaqweni onguthelawayeka, uN6 eduzane kwaseQueenstown.ULindelani Mkhize, obesondelene no-Akhumzi futhi owake wasebenza noSiyasanga kwiJoyous, uthe namanje basashaqekile.“Ngesikhathi behamba bangitshelile ukuthi sebeyasuka. U-Akhumzi ubeya emngcwabeni kagogo wakhe ezoya nasemshadweni wesihlobo sakhe. Laba abanye ngoba nabo abakhona e-Eastern Cape bacela ukuhamba naye ukuze baye emakhaya,” kuchaza uLindelani.THOBANI Mselemu“Sisasangene ngempela ngokwenzekile, sisamangele futhi sishaqekile. Ikusasa lika-Akhumzi beliqhakazile njengoba ebengumuntu onekhono elimangalisayo uma kuziwa ekubeni uphrojusa nomqondisi wezinto ezehlukile kwithelevishini. Besisondelene kakhulu futhi into ebisenza sisebenze kakhulu ndawonye wukuthi ubengumuntu okhuthele futhi kukuningi esibona ngaso linye kukhona,” kusho uLindelani.Uthe u-Akhumzi noSiyasanga ubungeke ubahlukanise njengoba bebekuthanda ukuhlala bobabili.“Bobabili bebethanda ukudlala nokuhleka. Bebengabangani abakhulu. IJoyous, kusuka kwabadala kuze kube yilaba abakhona manje basathukile ukuzwa lezi zindaba,” kuchaza uLindelani.UPercy Vilakazi okhulumela umndeni wakwaJezile uthe okwamanje umndeni ushaqekile ngalesi sigameko.“Bangabantu abakholelwa kakhulu kuNkulunkulu njengoba no-Akhumzi bekungumuntu okholwayo. Umthandazo yiyona into abathembele kuyo manje ukuze bakwazi ukwemukela lezi zindaba,” kuchaza uVilakazi.Uthe okwamanje abakazi ukuthi izinhlelo zezinkonzo zalaba zizohlelwa kanjani kodwa bazokhipha konke ekuhambeni kwesonto.UCaptain Namhla Mdleleni okhulumela amaphoyisa ase-Eastern Cape uthe kusaphenywa ngembangela yale ngozi.SIYASANGA KobeseUthe imizimba yabantu abathathu isihlonziwe kushoda ababili akade bekhona emotweni ebihamba o-AkhumziNe-ANC nalo lidlulisele amazwi enduduzo emndenini yalaba ngokudlula kwabo emhlabeni.Okhulumela leli qembu uPule Mabe uthe kubathusile ukuzwa lezi zindaba beyiqembu.“Laba bobathathu bathinte impilo yabantu bakuleli ngezindlela ezihlukene. Sifisa ngathi imindeni yabo ingathola amandla kulesi sikhathi esinzima njengoba besazama ukwamukela lezi zindaba,” kusho uPule.Uthe benguKhongolose bathemba ukuthi imindeni yalaba izothola ukududuzela njengoba kungalinyalelwe bona bodwa kodwa lonke elakuleli.",0
355, izithangami ezizohlomisa imbokodo ngokuningi ,"OMUNYE wabesifazane abazocobelela abanye ngemfihlo yokuphumelela ezithangamini ezizoqala ngoMgqibelo ezibizwa ngeSat-Sof-Fro Salon Seminar, uthe abesifazane kumele bafunde ukuzimela kwezezimali. Isithangami sokuqala sizoba seGreen Park eSandton eGoli.UNkk Nelisiwe Masango, oyiWealth Coach, uthe kusenhliziyweni yakhe ukufundisa abesifazane ukuthi bangathembeli kumuntu ekutholeni imali. Ungomunye wabangu-12 abaqokwe ukucobelela abanye ngolwazi kulezi zithangami esizozungeza amadolobha ehlukene. Lezi zithangami zihambisana nomkhankaso obizwa nge#WearYou, ohlose ukutshala ukuzethemba kwabesifazane.“Kubalu-lekile ukuthi singabe-sifazane sicathulisane, sithuthu-kisane ukuze kwakheke isizwe esiqotho. Ngijabulile ngokukhethwa ukuba yingxenye yalo mkhankso ngoba kusho ukuthi ngiyisibonelo kwabanye. Ngijwayele ukululeka abesifazane ngezezimali futhi ngikholwa ukuthi ukubanikeza amathiphu kulo mkhakha kungalwenza ushintsho,” kuchaza uNkk Masango.Echaza ngomkhankaso i#WearYou, uthe kusho ukuthi uma ungowesifazane kumele uphikelele ngisho isimo singavumi.“Lokhu kusho ukuzethemba, umamatheke ngisho isimo singavumi kodwa ekugcineni uphumelele ngoba uyayazi inhloso onayo empilweni. Ukuzethemba kowesifazane kuyikho konke ngoba uma umuhle uzethemba kakhulu. Uma uzinakelela nangendlela obukeka ngayo uba semathubeni angcono, “ kusho uNkk Masango.Uthe uma unaka indlela obukeka ngayo kuba lula nokuthi abantu bakwethembe. Ugcizelela ukubaluleka kokuzihlonipha nokuzethemba athe kuvula yonke iminyango. Uthe abanye abantu bahlaziya ibhizinisi lakho ngendlela obukeka ngayo yingakho abesifazane kumele babe bahle kusuka ekhanda kuya onyaweni.Abahleli balo mkhankaso nezithangami bathe bakhethe abesifazane abasemikhakheni ehlukene yempilo ukukhuthaza nabanye. Isithangami sokuqala sizogxila ekuzithuthukiseni kwabesifazane kwezezimali. Ngaphandle kokucwala izinwele, abesifazane kuthiwa bangenza lukhulu kwezamabhizinisi.Abanye abazoshiyelana inkundla kulezi zithangami nguNksz Samke Mhlongo ongumsunuli weThe Next Chapter Wealth Partners. Uyaziwa ekuhlaziyeni ezomnotho emaphephabhukwini, kwiMetro FM, eNCA nakwezinye iziteshi zomsakazo. Kukhona noNksz Aurelia Nxumalo ongummeli ogxile kwezamabhizinisi noyilungu leCorporate Counsel Assocaition of SA. Isithangami esilandelayo sizogxila ekutheni ulisebenzisa kanjani ikhono ngento oyithandayo, ulenze ibhizinisi. Lapho kuyobe kuboshelwe umpheki wodumo lweCheri Yase Kasi uSunshine Shibambo nabanye.",0
2597,vukuzenzele,"Ukwengeza kulokhu, Isibonelelo Esikhethekile Sosizo Lwezenhlalo se-COVID-19 kanye nokwandisa ukufinyelela kwizibonelelo zikahulumeni ezikhona kuhlinzeke izindlela zokuziphilisa zabantu kanye nemindeni entulayo.",0
test_isizulu_00558,AfriHate,amabhunu asakwazi ukudlala irugby? ##url,0
409,vukuzenzele,kwelanga siyisifo esidinga ukwelashwa okuphuthu-mayo. Uma ngabe unalezi zimpawu thola usizo lokwe-lashwa ngokuphuthuma:,0
dev_isizulu_00091,AfriHate,ziyakhipha yiweekend mfana plus ngiyemcimbini ngi huduli gusheshe insimbi yamahumusha mpintshi ngilikhombisa esurba-pini aw noma bengathini vandaag ngiyo omelikhekhe lase makishini…ngithe mangifika broer wam  ngathi sdudla kai one ladlali is kwaphuma bantwana tshovo… ##url,0
2202,vukuzenzele,"nyuliwe futhi ubushoshovu bezepolitiki baheha ukuboshwa noma okunzima kakhulu kunalokho. Namuhla eNingizimu Afrika, abantu abasha abalingana no-Steve Biko futhi abangaphansi kwakhe bahamba phambili bayizishoshovu zalokho abakholelwa kukho, futhi bayakwazi",0
1529,vukuzenzele,"Isimo nalapho abesifazane eNi -ngizimu Afrika abakhona namu-hla sehluke kakhulu kunaleso esa-sibhekene nomama kanye nogogo bethu ngowe-1956. Sesibuya kude kakhulu ukuze sifinyelele kwi-Ningizimu Afrika engenabu-hlanga, engenabulili, yentando yeningi,",0
1045,vukuzenzele,"eziningi ngokubambezela ukunakekelwa kweziguli ezingadingi usizo olu-phuthumayo, ukuguqulwa kwezinye izindawo zasezibhedlela zibe amawadi engeziwe kanjalo nokwakhiwa noma ukunwetshwa kwezibhedlela zesikhashana.Sisebenzela ukwandisa izinsiza zokuhlinzeka",0
157,vukuzenzele,"Phezu kwalokho, igumbi kumele lilungiswe nsukuzonke ngenkathi isihambeli sakho sisahlala khona.",0
train_isizulu_02043,AfriHate,"@username naye waze wakhothama ethule,neanc ithule abelungu laba ...bazenzela umathanda",0
3011,vukuzenzele,"Imithetho kanye nezinhlelo ezindaweni zokusebenzaNjengoba imikhakha eminingi yomnotho ivula, uhulumeni uzothembe la kakhulu ezenzweni za bantu bomphakathi naba bambiqhaza ababalulekile ukubhekana nobungozi ezindaweni zokusebenza kanye nalapho abasebenzi",0
train_isizulu_01247,AfriHate,"@username namhlanje ngisetaxin from durban to harding kwelakithi lengabadi, ngemuva kokuvalelwa uthanqa. ngithi nje heshe lapho zinsizwa zombili, imnandi imix, nomshayeli urasta kodwa ufake nesigqoko, uyibambe phansi kamnandi ethekisi  #sigiyangengoma",0
1752,vukuzenzele,"Ngokubamba iqhaza enqu bweni yokhetho, abazali ba -qinisekisa ukuthi isikole senza lokhu okuphumelelisa intshisekelo yezingane zabo ngendlela ephuma phambili.",0
801,vukuzenzele,Okwehlisa amaphaphu kithina wukuthi akekho namunye umuntu owalahlekelwa yimpilo yakhe futhi akekho nowalimala kulesi sigigaba somlilo. Sibonga kakhulu kubasebenzi bezicishamlilo abalwe nelangabi lomlilo futhi bagcina belicishile.,0
train_isizulu_00769,AfriHate,lol! “@username : isende lendlela.”,0
3476,vukuzenzele,"Uma ngibheka umsebe nzi wechweba ngisemanzini, ngikhumbule ubukhulu kanye nobunzima balo msebenzi.",0
860,vukuzenzele,"Ukwandisa Nokuhlomisa AbalimiUhlelo Lokwesekwa Nokuthuthukiswa Kwabalimi luhlose ukwandisa noku chumisa imiphakathi yabantu ababengabonelelwa ngaphambilini, ikakhulukazi abahlomuli bohlelo Lokwabiwa Kabusha Komhlaba. Lu bhekelela abalimi abasafufusa,",0
dev_isizulu_00129,AfriHate,mazulu ase goli angikho happy ngani! 🤦‍♂️😩 ##url,0
test_isizulu_00493,AfriHate,@username ibhunu kuyohlezi kuyi bhunu.☹️,0
2388,vukuzenzele,"“Leli thimba liyinhlanga nisela yabasebenzi bezempilo abahlukahlukene, ababandakanya abahlengikazi, odokotela, abasebenzi basemithola mpilo kanye nabasebenzi abangochwepheshe kweze mpilo nokuphepha emsebenzini,” kusho yena.Iningi labahlengikazi lineziqu",0
3032,vukuzenzele,ngaphambi kokudla nasemva kokuba nabantu. »Vala umlomo wakho ngethishu uma ukhwehlela futhi uthimula. Gwema ukuzithintathinta ubuso ngezandla ezingcolile ngaso sonke isikhathi. »Thola ukwelashwa uma ungaphilanga kahle. Izimpawu ezijwayelekile zeCOVID -19,0
469, uzowudlela esitokisini ukhisimusi umfundisi osolwa ngokudlwengula ,"KUQHUME isililo nomthandazo eNkantolo yeMantshi yaseNtuzuma ngemuva kokuphikiswa kwesicelo sebheyili sikamfundisi weTowers of Faith Ministries International, uMphostoli Mxolisi Striker Shange.Lo mfundisi uzowudlela ejele eWestville uKhisimusi njengoba eyoze abuyele enkantolo ngoJanuwari 21 ngonyaka ozayo. UShange ubhekene namacala amane, okungamabili okudlwengula, elilodwa lokuthumba nelinye lokuhlukumeza ngokocansi amantombazane aneminyaka aphakathi kuka-14 no-18. Lawa macala kuthiwa uShange wawenza eLeisure Palace eNewlands West kusukela ngo-2014 kuya kuNovemba 12, 2018.IMantshi uBusisiwe Mkhulisi imnqabelile uShange ibheyili ngoba ithi wahluleka ukunikeza inkantolo izizathu ezinqala zokuthi kungani kufanele anikezwe ibheyili futhi waqamba amanga. Ngemuva kokuchitha isicelo sebheyili, uShange uqale wafaka phansi ikhanda ngaphambi kokuthandaza isikhathi eside. Uthe esuka lapho wagqolozela uMshushisi uSbongile Ngcobo isikhathi eside futhi engacwayizi.UShange ubuke uNksz Ngcobo waze wayosithela emgodini, elokhu emgqolozele.Abazalwane bavele basikhihla isililo futhi abanye bathandaza. Kukhona intokazi esencane ebigqoke izibuko yona evele yazigingqa phansi.Abesifazane abadala bathwale kanzima bethulisa amantombazane abegqoke izikibha ezinobuso bukamfundisi.Kulokhu uShange ungene enkantolo eswenke ngesudi ephuzi nehembe eliyisikotshi.Inkantolo beyigcwele phama abazalwane abebezoseka uShange. Isicelo sebheyili saqala sachithwa ngumphenyi wecala uSergeant Nomathemba Khwela owaveza ukuthi uShange uzophazamisa uphenyo futhi nempilo yakhe isengcupheni.Nomshushisi uhambe emazwini kaSergeant Khwela futhi wathi kuzodingeka uShange aqhamuke nento ephathekayo engenza anikwe ibheyili.Ngemuva kwesinqumo uNksz Ngcobo uphume ngomnyango ongemuva njengoba amakholwa abelokhu emkhombe njalo ngeminwe, emsola ngokuthi nguye obecindezela uShange.UShange ubemelwe wumnikazi wenkampani yabameli uMnuz Sandile Shoba weShoba Sandile Attorneys. Leli cala like laphenduka umantuntanendishi njengoba liqale enkantolo enguG, lagcina seliku-E ngenxa yokushisa nokungasebenzi komshini oqopha amazwi.",0
3319,vukuzenzele,Qikelela ukuthi aba ntwana abangakwazi ukubhukuda kahle bagqoke amabhangela afuthwe ngomoya uma bebhukuda.,0
27,vukuzenzele,"ukuvivinywa kwabo kokuphela konyaka,” kusho yena.Lolu hlelo lwehlukile ngokuthi lubheke ikakhulu iningi lalabo bafundi beBanga lesi-12 ezweni abangakwazi ukungena ku-inthanethi manje namanje kanye nemishini yokuxhumana ngezobuchwepheshe bedijithali.",0
train_isizulu_00320,AfriHate,@username si wrong lesthombe alikho ibhunu elingaba lihle kanje ngo 1652.,0
786,vukuzenzele,"Siyahlola, sibale isitokwe, senze lokho esiyalelwa uku thi sikwenze njengabasizi, senze imiyalelo yesizinda, siphinde siphendule noma yimiphi imibuzo emayelana nobunjiniyela evela enka mpanini eyakhayo,” kusho uDladla.",0
train_isizulu_02160,AfriHate,katsande uyinja kakhulu.,0
565,vukuzenzele,"Park.”“Okungenani manje sengiya kwazi ukuhlela uhambo lwami kangcono, ngokwemali engi -nayo, futhi ngenze nesilinganiso sezikhathi zokuhamba ngize ngifike lapho ngiphokophele khona.”“Ngicabanga ukuthi lolu wu hlelo-kusebenza olumangazayo impela futhi",0
dev_isizulu_00142,AfriHate,"""@username : ""@username : isiveziwe imomozi enhle ukuzedlula zonke ##url loool ey inkinga le""yeheeeeeeeni saba""",0
3180,vukuzenzele,"kagesi, intela yedata noma ukudla kuzohlala njalo kubeka isabelomali nezimali zomuntu ngamunye ebunzi meni nokungabi nazinzo.",0
train_isizulu_00873,AfriHate,kuzomele sixoshe isitabane k bbm lol,0
1015,vukuzenzele,"Sidinga izintatheli eziningi, hhayi ezimbalwa. Yingakho nje ukulahlekelwa ngisho yi ntatheli eyodwa kungalahle kelwa imboni kuphela kodwa silahlekelwa njengezwe.",0
1095,vukuzenzele,"Buthinta yonke imiphakathi futhi nabantu kuyezwakala ukuthi sebekhathele ukuphila ngokusaba izigebengu. Okuphambene nalokho okushiwo amaqembu kanye nalabo bantu abalwisana nabokufika, ababhebhezeli bobugebengu ngabantu abamnyama nabamhlophe, abesilisa",0
1992,vukuzenzele,"Shaun Seboko, naye obeneminyaka eyi-13 ubudala, kanti yena uye waminza endaweni yokubhukuda esikoleni samabanga aphansi i-Magalieburg Primary School kube kunezinye izingane ezi mbili eziye zashona emva koku ba iloli liye lashayisa udonga lwawela phezu",0
3274,vukuzenzele,"Njengoba ngishilo eNkulumweni Echaza Ngesimo Sezwe, lezi ngezinye zezinyathelo esizithathayo njengohulumeni “ukwenza izimo ezizokwenza ukuthi umkhakha ozimele omkhulu nomncane ubonakale, ukhule, ufinyelele kwizimakethe ezintsha, udale imikhiqizo emisha,",0
3263,vukuzenzele,ukusebenza kwawo kanye nokwenza ukuthi adlale indima egqamile futhi enenzuzo emnothweni wezwe lakithi.,0
3103,vukuzenzele,UMdletshe ongowokuda buka eSayidi wase efunda e-St Faiths.,0
2968,vukuzenzele,Imicabango nemikhuleko yethu ikule mindeni ebhekene nobunzima bokwamukela lesi sigameko esinyantisa umzimba esingachazeki.,0
35,vukuzenzele,Ngingazithola kuphi izikhathi zokubuka?Izikhathi zokubuka ziyatholakala kwimihlahlandlela Kamabonakude kanye nakuwebhusayithi yeWoza Matrics ethi: wozamatrics.co.za . Izinhlelo zokusakaza eziphindayo zizotholakala. Ngakube lokhu kwesekwa kuhlinzekelwe,0
3371,vukuzenzele,kungaba ngendlela yomfutho onqunyiwe kanye nangendlela yo-kushintshashintsha inani lomoya ohlinzekwayo ngokubuka isidingo sesi-guli.,0
268, babanjwe oqotsheni behlukaniselana inkomo yokwebiwa ,"BUCHITHEKE bugayiwe kubalisa ababili nowesifazane oyedwa ababanjwe oqotsheni, beqeda ukuhlinza inkomo yokwebiwa kodwa babanjwe sebehlukaniselana inyama eMkhumbane, eMondlo, ekuqaleni kwesonto.Isolezwe ngeSonto lithole ukuthi uMnuz Vusumuzi Ngcobo (54) , Mnuz Lindokuhle Xulu (24),noSelby Nonhlanhla Xulu (48), baswele umgodi wokucasha kungena ezakwasidlodlo zingasadle nkobe zamuntu, zabashaqa.Kuthiwa amaphoyisa afike bejuluke bemanzi te, kungakhulumi muntu, kusha ummese nocelemba.Bekhipha izigixagixa zenyama bezibeka amaqoqo ukuze umuntu aphume nengxenye yakhe ayoshaya izoso nomndeni wakhe.Umthombo osondelene nalolu daba uveze ukuthi baboshwa nje bebesanda kufonela emakhaya, betshela imindeni yabo ukuthi ingapheki kodwa ilungise umlilo wokosa.Kuthiwa bengakaligwinyi zatheleka ezikaDalawane, zabahlaba ngemibuzo badla amazambane ashisayo, baphonswa evenini, kwathiwa bayochaza phambili.Ngokomthombo, amaphoyisa alunywe indlebe ukuthi sengathi idubukele kwaXulu, kuhlinzwa inkomo yokwebiwa.“Abuzile amaphoyisa ukuthi iyisima kanjani le nkomo ehlinzwayo babakaza abasolwa bangakwazi ukuchaza nokwenze amaphoyisa abafakaozankosi, aqoqanezimbazo nemimese nakho konke akufaka njengobufakazi obuqanda ikhanda ukuthi babanjiwe nale nkomo,’’ kulanda umthombo.Akucacanga kahle ukuthi le nkomo ibiyebiwe kuphi nokuthi ibifike nini njengoba ihlinzelwa endlini nje.Okhulumela amaphoyisa KwaZulu-Natal, uLt Colonele Thulani Zwane, ukuqinisekisile ukuthi kunabantu ababhadanywe bematasa behlinza emuva kokuba bempimpiwe emaphoyiseni.AFIKE kwaba ncane indawo amaphoyisa endlini obekuhlinzwa kuyo inkomo okuthiwa eyokwebiwa eMkhumbane eMondlo Isithombe : SITHUNYELWE“Amaphoyisa abelandela umkhondo wenkomo yokwebiwa ase elunywa indlebe ukuthi ikhona inkomo ehlinzwa komunye umuzi.“Athe uma efika athola inyama ibekwe amaqoqwana, angacucuza afaka ozankosi kubasolwa, akhala emuka nabo,’’ kuchaza uZwane.Leli phephandaba lihabule ukuthi abasolwa bavelile eNkantolo yeMantshi eVryheid ngoLwesibili bebhekene necala lokutholakala nempahla okusolakala ukuthi eyokwebiwa.",0
223, bazitapele igilosa emzini wobaqolile ,"BAZITAPELE izimpahla negilosa emzini kamakhelwane wabo abantu baseChesterville abebemsola ngokubakhokhisa imali abethi eyokugwazela umsebenzi wakwaMasipala weTheku.Izolo, labo makhelwane abebegane unwabu bathe umakhelwane wabo uNkk Cabangile Cele-Zikhali, ubebathembise ukuthi bazoqala emsebenzini ngoMsombuluko. Kuthe sekumele baqale wathi abaye emahhovisi ophiko oluqoqa intela kuleli iSouth African Revenue Service (Sars) bayofuna izinombolo zokukhokha intela.UNksz Nomvula Nyathikazi uthe uNkk Cele-Zikhali oke wasebenza ohlelweni obelwaziwa ngeCato Manor Greening, ubethi uqashwe umasipala ophikweni lwamanzi ngemuva kokuphela kwalolu hlelo ngoDisemba.“Uthe ube nenhlanhla waqashwa wuphiko lwamanzi, nathi asisolanga lutho ngoba ubethi uqale ngoJanuwari. Uthe kulolu phiko kunowesifazane abembiza ngokuthi uLulu, okunguyena onikezwa le mali ayiqoqayo. Ubethi uma sebeqashiwe laba bantu nguyena ozoba yimenenja yabo kodwa uzobe esebenza ngaphansi kukaLulu,” kusho yena.Kuvele ukuthi bangu-36 abathi baluthwe nguNkk Cele-Zikhali kanti umuntu ngamunye ubegwaza ngoR2 000. Iningi labo le mali liyiboleke komashonisa ngoba lithembe ukuthi seliwuthole umsebenzi.UNksz Siziphiwe Mfeka uthe ubeyitoho lapho esebenza khona, wesule emsebenzini wakhe ngoLwesine ngoba etshelwe ukuthi uzohola uR9 000 kwamasipala.“Lo mama ungibulele, ngangihamba naye engiqhuba ethi angesule emsebenzini ngoba sizoqala ngoMsombuluko emsebenzini. NgoMsombuluko sivukele kwaSars njengoba kade eshilo, sihlale khona kwaze kwavalwa elokhu ethi asimlinde uyeza uyolanda imifaniswano yethu. Kulapho sibone khona ukuthi sengathi siqoliwe sabuya seza la emzini wakhe. Ingane yakhe isitshele ukuthi ubekhona ufike wathatha isikhwama wahamba. Simthumelele imiyalezo simtshela ukuthi sizothatha izimpahla emzini wakhe, sizozibuyisa uma eselethe imali yethu,” kusho yena.Kuthiwa uNkk Cele-Zikhali uthumele imiyalezo kubagilwa ethi abalande imali yabo ngo-9 ekuseni, izolo. Abanye ubebasabisa ngokuthi uzobathakatha uma bengayeki ukumthuka. Sebefikile uthe le mali ayikho kuye kodwa ikulo wesifazane okuthiwa uLulu. Ingxenye yaleli qulu ihambe naye yaya ophikweni lwamanzi kumasipala lapho kade ethi lo wesifazane usebenza khona, kwalandulwa kwathiwa akekho umuntu onalelo gama.Ngemuva kwaloku ushintshile wathi kunoR40 000 awubekile komunye umuzi eGlenmore. Kuthe kusalungiselelwa ukuya khona washintsha wathi ucela kubizwe amaphoyisa aboshwe.Ebuzwa yileli phephandaba mayelana nalezi zinsolo, uNkk Cele-Zikhali uthe: “Ngicela nike ningiyeke kancane.”Emva kwalokho uhambile wayongena ekamelweni. Kube khona abamlandelayo bamphuca amaphilisi okuthiwa uke wazama ukuwaphuza.Uthe abathathe izimpahla zakhe bazidayise ngoba ayikho imali. Kulamule ukufika kwamaphoyisa umphakathi usho ukumqeda.Umyeni wakhe uMnuz Sanele Zikhali uthe ubazi ukuthi unkosikazi wakhe usebenza kwadokotela.“Ebengikuqaphela ukuthi bese sidla ukudla esingajwayele ukukudla layikhaya. Ngithe uma ngimbuza ubebhoka ngolaka abukise ngami kubangani bakhe ebengihlale ngibafica la ekhaya bephuza. Ngigcine ngizitshela ukuthi kusho ukuthi uwinile e-casino ngoba ungumuntu okhonze ukugembula kodwa akafuni ukungitshela. Ngishayelwe ucingo sengitshelwa ukuthi umuzi wami usengcupheni yokusha. Namhlanje, asinakudla abantu bathathe ngisho igilosa, asinalutho. Uma ngimbuza ngalokhu, akangiphenduli,” kusho yena.ULt Colonel Thulani Zwane, okhulumela amaphoyisa, uthe alikho icala elivuliwe ngalesi sigameko.UNksz Tozi Mthethwa, okhulumela uMasipala weTheku, uthe abathi baqoliwe kufanele bavule amacala emaphoyiseni noma bathinte uphiko lwakwamasipala oluphenya ngenkohlakalo iCity Investigation Unit.“Awukho umsebenzi okhokhelwa imali kwamasipala, uma kunomuntu othi udayisa imisebenzi, umphakathi awumbike kulolu phiko,” usho kanje.",0
test_isizulu_00108,AfriHate,@username éziphambili kimi ezoku ngangení  kwa mazulu kuma playoffs @username ,0
train_isizulu_00016,AfriHate,hambani niyofaka amacv amabhunu esahappy🤞🏾,0
1577,vukuzenzele,"lomasipala lowezi-2016, kanye nokwenza umsebenzi wokufuna bukhoma kungekafiki impelasonto yoku bhalisela ukhetho lokuchibiyela.",0
697, ushiye umyalezo ngemfuyo obulewe ,"ISIKHULU sikamasipala esidutshulwe sabulawa sihamba ngemoto yaso edolobheni eMnambithi, kuthiwa siyalele abasibhekele imfuyo yaso ukuthi bayifake kahle uphawu ukuze umndeni waso ungahlupheki uma kwenzeka sishona.UMnuz Simingaye Oscar Hlatshwayo (38) obeyi-Excutive Director oPhikweni loKwakhiwa kweNgqalasizinda kuMasipala i-Alfred Duma, kuthiwa bekungakapheli isikhathi eside eyalele omunye wabangani bakhe ukuthi enze isiqiniseko sokuthi imfuyo yakhe inophawu.Umfowabo, uMnuz Sizwe Hlatshwayo abehlala naye, uthe umfowabo ubengakukhonzile ukukhuluma, ubethula noma kukhona into emphethe kabi kodwa uzwe kuthiwa ubeke wayaleza ukuthi imfuyo yakhe ayiphawulwe kahle.“Umfowethu bekungumuntu ozithandela umsebenzi, uma kunento emphethe kabi ubethula nayo, ubeze akhulume uma kunomsebenzi okumele umenzele wona. Ubefuna into yenziwe ngendlela ayichaze ngayo ungashintshi nokuncane. Uma uke washintsha indlela akutshele yona benixabana,” kusho yena.Uqhube wathi akukho umfowabo abeke wakusho okusondelene nokuthi kukhona abafuna ukumbulala.“Indlela okwenzeke ngayo sisola ukuthi yinto ebihleliwe futhi bekwaziwa ukuthi ekuseni edolobheni kuba nesiminyaminya, izimoto zihamba kancane, nebala bekunjalo, ababulali bamdubule ebanjwe yisiminyamaminya. Sithemba ukuthi amaphoyisa azoqhamuka nomkhondo ngoba okwamanje sisadidekile, akukho esikwaziyo,” kusho yena.UMNUZ Simingaye Oscar Hlatshwayo obeyi-Excutive Director oPhikweni loKwakhiwa kweNgqalasizinda kuMasipala i-Alfred DumaIMenenja yezokuXhumana kuMasipala i-Alfred Duma, uMnuz Siyabonga Maphalala, ithe uHlatshwayo ubeneminyaka ewu-15 esebenzela lo masipala. Waqala ukusebenza kuwo kusewuMnambithi.Uthe phakathi kweminye imisebenzi encomekayo ayenzele lo masipala, ukuhola uhlelo lokuhlanganiswa kwengqalasizinda, ngesikhathi kuhlanganiswa uMasipala uMnambithi ayewusebenzela neNdaka, kusungulwa i-Alfred Duma, ngo-2015.Umfowabo kamufi uthe uzofihlwa ngoMgqibelo.",0
train_isizulu_02516,AfriHate,ngiyagcina espani for this year manje ngo 04:30am ngolala usuku lonke ngizinekele amasende knowing angiyindawo.,0
1829,vukuzenzele,"Sizethulela isigqoko lezi zakhamuzi zaseNingizimu Afrika ezidela imizi yazo, imi ndeni kanye nabathandiweyo ziye emitholampilo, ezibhedle-la nakwezinye izikhungo zeze-mpilo mihla namalanga. Lapho ezifika zihlinzeke ngemisebe-nzi yokunakekela",0
990,vukuzenzele,"ngokwebala eyabekwa icala lokusivumela.Njengengxabano endaweni i-Sheik Jarrah, isihluku e-Bulhoek sasingeyona nje ingxabano yendawo; kwakungokuphathelene nokuphucwa umhlaba ngenkani, ngokuqonelwa komhlaba, ngokubandlu lulwa ngokobuhlanga nango kucindezelwa",0
dev_isizulu_00184,AfriHate,"imonkoyela @username : scon'buns ""@username : imomozi ""@username : bugninu ""@username : bhentse""@username : kuku""@username : punani""""",0
443, umndeni awenelisekile ngencazelo mayelana nelungu elishone ejele ,"USELE nemibuzo ngelungu lawo elishonele ejele umndeni waseMgungundlovu, othi awanelisekile ngencazelo ngokuholele ekushoneni kwalo.Umndeni kaThembinkosi Nyathi (25) waseMpolweni, uthe umngcwabe ungakhululekile ngoba akucaci ukuthi wabulawa yini ejele. Uninalume kamufi uMnuz Sakhephi Nyathi, uthe wayegwetshwe ngo-2013 ngecala lokushaya nokugqekeza kanti bese kusele kancane aphume ejele. Uthe waqala waboshelwa eNew Prison kodwa ushonele eSevontein.“Udadewabo obejwayele ukumvakashela ejele futhi ubengakaze ambikele ukuthi kukhona axabane nabo. Kwafika ojele ekhaya ngoSepthemba 29 bezobika ukuthi uThembinkosi ushone ngayizolo. Basitshela ukuthi bekugwazana iziboshwa ejele, bangacacisa uma sibuza eminye imibuzo ngesigameko. Bathe uma sifuna enye incazelo kumele sikhulume nabaphathi bejele,” kuchaza uNyathi.Uthe isidumbu basilande ejele ngo-Okthoba 1 kodwa baxakeka uma bengawaboni amanxeba okugwazwa. UNyathi uthe umbiko kadokotela ohlole isidumbu uveza ukuthi walimala ekhanda. “Okubuhlungu, besilindele ukuthi aphume noma yinini umshana ngoba ubesewutholile ushwele. Sisola ukuthi ojele banolwazi ngokubulawa kwakhe. Asikholwa ukuthi wagwazwa isiboshwa,” kusho uNyathi.Okhulumela amaphoyisa KwaZulu-Natal uCaptain Nqobile Gwala uthe kuvulwe idokodo ngokufa komuntu. “NgoSepthemba 28 kwafika umbiko wesibhedlela ngokufa komuntu, amaphoyisa anikela khona. Ngesikhathi efika esibhedlela amaphoyisa akhonjiswa isidumbu sesiboshwa esineminyaka engu-25 kodwa kungabonakali manxeba emzimbeni. Kusalindwe ukutholakala kombiko ogcwele wokuhlolwa kwesidumbu ukuthola ukuthi umufi wabulawa yini.”UMnuz Thulani Mdluli okhulumela amajele esifundazweni ucele ukuthunyelelwa i-email ngoMsombuluko, ngoLwesibili wathembisa ukuthi bazophendula uma sebecubungule udaba. Kushaye isikhathi sokuloba izolo engakaphenduli.",0
train_isizulu_00949,AfriHate,bhebha bhebha 🔥🔥  #inthemixturns5 ##url,0
test_isizulu_00118,AfriHate,imfene yakubo kwaleli venda isebenza ama double shifts .. ##url,0
train_isizulu_02081,AfriHate,awu ingulube 😢,0
train_isizulu_00726,AfriHate,@username 😂 asinqabanga ukuthi ufake imfene yakini,0
train_isizulu_01530,AfriHate,"@username why kuzomele sicindezeleke? ingoba sinamasende ? isende alisho lutho, emotional trauma le abakhuluma ngayo namhlanje ayina gender. amadoda awasiyo reinforce insimbi engagobi.",0
1665,vukuzenzele,"Inani likaphethiloli, elinomthelela kwnani layoyonke into, likhuphuke ngokuthathu ezinyangeni eziyishumi nambili kuya kuNdasa wezi-2022.",0
test_isizulu_00334,AfriHate,lol when shozi started singing 'bhasobha uzobhebheka' smh,0
1875,vukuzenzele,Owesifazane ukhulelwe ngenxa yokudlwengulwa noma yokulalana kwezihlobo.,0
2544,vukuzenzele,"Lokhu kusho ukuthi imi sebenzi kahulumeni kumele iqashe amadoda nabesifazane abawufundele umsebenzi, abanamakhono, abangaca bangeli bona bodwa futhi abaneqiniso.",0
train_isizulu_00397,AfriHate,"imali ye promo iyamthenga umahosha, iyakhokha iyshumi, iyathenga ama champagne. its all money",0
443,vukuzenzele,Beka isitini endishini yamanzi okufulasha ukunciphisa ukusetshenziswa kwamanzi.,0
2695,vukuzenzele,"ngokubambisana nabanye abasebenzi bomphakathi ukuthi baqashe abantu emi-sebenzini eyehlukene ku-suka ekuqinisekiseni ukuthi ukudla kuyatholakala, kuya ekulweni nodlame olubhe-kiswe kwabobulili obuthile kuya ekwenzeni ngcono imijondolo konke lokhu",0
1290,vukuzenzele,Umshushisi ongaphikisani nebheyili emacaleni aqokiwe kumele izizathu zakhe ezihambisana nalokho zibhalwe phansi.,0
train_isizulu_02682,AfriHate,"@username asiphefumele nje sona mase siyazibukela. hayi, angeke sisabuzana, kuyoba njalo dadewethu ngifunge umama, intombi kababa.  ngeke okungaba fanyana kubiza isilo sonke ngo “mampara” kuthuleke.  yini yona lomampara? inhlamba le. bathuka ungangezwe, bathuka isizwe laba. bathuka thina",0
dev_isizulu_00314,AfriHate,skhwebu sidlala inkawu.. ##url,0
535, unina wezelamani ezibulawe nabazukulu usadidekile ,"USAPHITHENE ikhada unina wezelamani ezintathu zaseCaluza, eMgungundlovu, ezibulewe nabazukulu abane ngempelasonto eVlakfontein, eGoli ngempelasonto.UNkk Thoko Khoza ongunina kaNksz Mbali, Dudu noNomfundo Khoza ugcine ukukhuluma nenye yamadodakazi akhe ngesikhathi elungiselela ukuya enkonzweni ngoMgqibelo. Lawa madodakazi akhe abulawe nabazukulu abane bakaNkk Khoza okunguKarabo, Luyanda, Sibongakonke noNkanyiso base begqitshwa endlini nokusolwa obeyisihlobo ebesizenza udokotela ngokubabulala.UNkk Khoza uthe wasola ukuthi kukhona okungahambi kahle ngesikhathi eshayela izingane zakhe ucingo kodwa zingazibambi izingcingo. UNkk Khoza uthi uvalo luqale ukumshaya uma engamtholi uMbali kwiselula ngeSonto ekuseni ekubeni ubengalenzi iphutha lokuhamba engamthintanga.“Uvuka kakhulu ekuseni bese siyakhuluma ocingweni. Kodwa ngashaya ucingo isikhathi eside ngingamtholi ucingo luvaliwe. Kukhona engakusola kodwa ngalokhu ngizama ngaze ngashayela uDudu ucingo lwabanjwa yilo mfana ebusuku wathi sebelele bonke uzobatshela ukuthi bengishayela. Ngamangala ngambuza ukuthi yena akalele ngani, wathi usabhala amaphepha omsebenzi asesibhedlela ngoba besazi ukuthi udokotela. Ngisadidekile angisakwazi nakahle okunye,” kusho uNkk Khoza.IMeya yaseMsunduzi uMnuz Themba Njilo ivakashele amalungu alo mndeni izolo. UNjilo uthe umasipala uzobambisana noMnyango wezokuThuthukiswa koMphakathi, owezokuThutha, ukuPhepha nokuXhunyaniswa koMphakathi KwaZulu-Natal nowaseGoli ngamalungiselelo okufihla.“UNgqongqoshe waseGoli usesilekelele ngokuthuthwa kwezidumbu, namalungiselelo omngcwabo sesiqalile ukuwenza nomndeni. Sizowulekelela ngakho konke esingasiza ngakho ngoba nogogo siyabona usesele yedwa,” kusho uNjilo. Inkonzo yomngcwabo izoba sehholo lomphakathi eCaluza ngeSonto ngo-9 ekuseni.Okhulumela amaphoyisa aseGoli uCaptain Mavela Masondo utshele Isolezwe ukuthi basezithendeni zosolwa ngokubulala lawa malungu omndeni.“Amaphoyisa aseLenasia South aphenya amacala ayisikhombisa okubulala kulandela ukutholwa kwezidumbu zabo endlini abebehlala kuyo. Ukhona obethathwe amaphoyisa obehlala kulo muzi ukuze aphoswe imibuzo kodwa wabuya wadedelwa ngoba singakutholi okumhlanganisa namacala. Umsolwa akakaboshwa kodwa silandela umkhondo wakhe. Sinxusa nomphakathi ukuba usilekelele ngolwazi ongaba nalo, uthinte noma yisiphi isiteshi samaphoyisa,” kusho uMasondo.Izidumbu zalaba zitholwe ngoMsombuluko zigqitshwe endlini ngemuva kokuthi abanye abahlala egcekeni lalo muzi bezwe kunephunga elingajwayeleike futhi bengawaboni amalungu alo mndeni.",0
test_isizulu_00259,AfriHate,@username nx uhlekani ungenza slima 😏,0
test_isizulu_00075,AfriHate,"@username yaz umuntu wacishe waduba ikhaya ngokhothipani abadakiwe nje, ey ngoba imomozi!! 😩😩😂😂",0
train_isizulu_01969,AfriHate,"""angik'sabi,bengik's bhebha"" to all my exes🙄",0
train_isizulu_01806,AfriHate,"iphani untsiki imfene, aloye openly",0
283, ubuholi obusha be anc ekzn ,"UMENGAMELI we-ANC uMnuz Cyril Ramaphosa udonse ngendlebe amalungu enhlangano ngokuthi akalindele muntu ozogijima aye enkantolo eyophosela inselelo ingqungquthela nobuholi obusha KwaZulu-Natal.URamaphosa ubekhuluma emuva kokumenyezelwa kwemiphumela yokhetho lwezikhundla zobuholi obusha KwaZulu-Natal engqungqutheleni yesishiyagalombili ebihleli eDurban University of Technology izolo. Le ngqungquthela eke yaphonselwa inselelo enkantolo, iqale ngoLwesine yasongwa izolo.Amalungu enhlangano agijime aya eNkantolo eNkulu eMgungundlovu ngoLwesine eyomisa ingqungquthela kodwa afike achithwa.URamaphosa utshele izithunywa ezingu-1 700 ukuthi kufanele kusetshenzelwe ubumbano hhayi ukuklwebhana futhi kuhlukanwe nezinkantolo.Uthe uyazi ukuthi kuningi ukungezwani enhlanganweni wathi kukhona ngisho abangakhulumisani nokuyinto athe kufanele iphele.Ebuholini obusha kwesikaSihlalo kukhethwe uMnuz Sihle Zikalala okhethwe ngaphandle kokuphikiswa, iPhini lakhe uMnuz Mike Mabuyakhulu othole amavoti angu-912 equmba phansi uMnuz Willies Mchunu (obuye abe nguNdunankulu wesifundazwe) ovotelwe abangu-816.KwesikaNobhala wesifundazwe ebesinombango obushisa phansi kunqobe uMnuz Mdumiseni Ntuli evotelwa abangu-951 ehlula uMnuz Super Zuma othole angu-701.KwesePhini likaNobhala kunqobe uMnuz Sipho Hlomuka oqumbe phansi uNkk Bongi- Sithole-Moloi (obuye abe nguNgqongqoshe wezobuCiko namaSiko) noMnuz Mluleki Ndobe (obuye abe yimeya yaseHarry Gwala) ngamavoti angu-834.EsikaMgcinimafa sibuyele kuNkk Nomusa Dube Ncube (obuye abe nguNgqongqoshe wezokuBusa ngokuBambisana neziNdaba zoMdabu) okhethwe ngaphandle kokuphoselwa inselelo.Okuqaphelekile ukuthi i-ANCYL esifundazweni ibe nezwi ekukhethweni kwabanye abaholi okunguHlomuka kwesePhini likaNobhala noNtuli kwesikaNobhala njengoba bebephakanyiswe yilo lolu phiko.Belilokhu lubelesele ukuthi kudingeka ushintsho kungene abantu abasha ezikhundleni kuxutshwe. Usihlalo omusha uZikakala naye uhambe emazwini kaRamaphosa wathi sekuyisikhathi sokulwela ubumbano.“Asizele ubuqembuqembu nezikhundla la, kufanele sazi ukuthi ukhetho luyinqubo yentando yeningi nje kuphela.“Akekho umuntu ohluliwe nonqobile kodwa kunqobe i-ANC,’’ kusho uZikalala.Khonamanjalo i-ANC eGauteng ikhethe ubuholi engqungqutheleni yayo ebise-Irene, eTshwane.KwesikaSihlalo kubuyiselwe uNdunankulu wakulesi sifundazwe uMnuz David Makhura.IPhini lakhe kwaba uMnuz Panyaza Lesufi, uNobhala kwaba nguMnuz Jacob Khawe, iPhini likaNobhala kwaba nguNkk Nomantu Nkomo-Ralehoko, kwathi uMgcinimafa kwaba nguMnuz Parks Tau.",0
dev_isizulu_00063,AfriHate,if umuntu omnyama efuya imfene kuthiwa uyathakatha &amp; if ifuywe ezinye iynhlanga(abamhlophe) akushiwo ukuthi uyathakatha yindaba vele???,0
1222,vukuzenzele,"zezenkolo, umphakathi kanye noMkhandlu Oyala uMonga-meli Kwezomnotho.",0
train_isizulu_02417,AfriHate,"@username mina mroza no mzo ngangithanda i afrikaans ngsahlala e richard'sbay, ngoba ngangsebenza kuwona amabhunu, bengfundisa isbhunu, nami ngasengi gheleza impela, konakala ukuthi ngize e durban, kanti nesi sotho ngyasithanda futhi @username #sisonkedrive",0
895,vukuzenzele,"Ngonyaka wezi-2014, izinto zabangcono kakhulu ngesikhathi uMnyango Wezemfundo Eyisisekelo, ngokusebenzisana ne-ASIDI, ukhipha ithenda yokwakha isikole samabanga aphansi iNkululeko Ralo Primary School.",0
dev_isizulu_00342,AfriHate,@username ngiyithathaphi imfene emini kangaka,0
198, umshado uqina ngezinselelo zawo ,"AKUJWAYELEKILE ukuthi abantu abamnyama bakhombise ukuthandana ngisho sebeguga ngoba kwaziwa ukuthi ngabezinye izinhlanga abenza kanjalo.Kuhlukile kuNkk Thandi Ngonelo (65) nomyeni wakhe uMfundisi Eddie Ngonelo (66), abangabeluleki kwezomshado abangofakazi bokuthi uthando alugugi. Bangabaholi be-Act of Obedience Ministries eThekwini kodwa bayaziwa nakwezinye izifundazwe ngomsebenzi wokweluleka.Sixoxe ngokuthandana kwabo emuva kweminyaka ewu-40 beshadile. Bafike behamba ndawonye emotweni kushayela uMfundisi Ngonelo. Wehle ku­qala uNkk Ngonelo nengubo ephuzi, izicathulo ezisagolilde, wabopha ngomchilo ophuzi igoda eliyi-afro.Babukana emehlweni uma bexoxa bencikene.“Akukona ukuthi konke bekuhamba kahle emshadweni wethu. Indlela ebesixabana ngayo, kukaningi sibona ukuthi idivosi isifanele. Akukho nento etheni esasiyibanga kodwa sasibanga ngisho izinto ezincane,” kusho uNkk Ngonelo.Uthe bahlangana bengakasindiswa kodwa uNkk Ngonelo yena wayevele esonta.UNgonelo uthe enye yezinto ezazibaxabanisa wukuthi wayengafuni umkakhe asonte futhi babehlukene ngokwesikompilo.“Bekuthi njalo uma umkami ezoya esontweni ngimnqabele, aye ngenkani. Bekungicika nokuthi ubenezihlobo eziningi kanti mina ngikhule emndenini omncane. Kuyena bekumnandi ukuvakashelwa yinqwaba yezihlobo ekubeni kanti mina ngifuna sibe naye nezingane kuphela,” kusho uNgonelo.Bathe basizwa wukumenywa kwenye inkonzo yabashadile lapho bafike babona wonke amaphutha abo. Leyo nkonzo yalandelwa enye lapho bazinikela khona basindiswa.“Kuleyo nkonzo kwaba manzi amaduku sikhala. Kwabashadile ababekhona, yithina okwachithwa nathi isikhathi esiningi ngoba kwakonakele,” kusho uNgonelo.Yize bethe izinselelo aziphelanga emshadweni, bafunda ukubekezelelana nokukhulisana. Yilokhu abathi kuhlula abaningi kulezi zinsuku.“Inkinga wukuthi umuntu uqale ahlanyiswe isiqu somuntu bese egijimela umshado engakalazi ingaphakathi lakhe. Ngeke umthole umuntu ongenasici kodwa kumele uqale uzilungise wena. Kunezinto okumele ungazinaki ngoba ngeke uzishintshe. Umshado ukuze uqine kumele ube nezinselelo, ngale kwalokho akuwona umshado. Inkinga wukuthi abantu bajaha ukuphuma emshadweni bengakawazi,” kusho uNkk Ngonelo.Mayelana nokufundana okwaziwa nge-dating, uNkk Ngonelo uthe akunankinga ngisho kubazalwane. Okubalulekile ukugwema ukuya ocansini. Bebuzwa ngokwenza uthando lwabo lungafi, bavele bahleka babukana.“Engangikwenza ngifika emshadweni namanje ngisakwenza. Ngiyezwana nokuhlanzeka futhi ngiyazibambela ekhishini. Ngino-65 kodwa ngizizwa ngimusha kunalokho,” kusho uNkk Ngonelo.Banezingane ezintathu nabazukulu abayisithupha.Ezinye izeluleko zabo:*Musa ukugxeka owakwakho njalo uma kunezinkinga.*Uma usubazi ubuthaka bakhe, zama ukumsiza.*Ngeke umshintshe umuntu kodwa funda ukumbekezelela.*Hlala umuhle njengoba wawunjalo ningakashadi.*Thoba ekhaya ukhohlwe isikhundla onaso emsebenzini nasemphakathini.*Khumbulani ukuthi kunabantu ababukela kinina abafunda umshado wenu.*Ningazami impilo eniyibona kuthelevishini.*Ungasatshiswa wukuphumelela kowakwakho kodwa yazi ukuthi uphakamisa nelakho igama.",0
2752,vukuzenzele,"Ngokusho kweSikhulu esi Phethe (i-CEO) i-YES uTa shmia Ismail-Saville, phaka thi kwabantu abayizigidi ezi li-15.5 eNingizimu Afrika abaneminyaka ephakathi kwe yi-18 nengama-34, abayizigidi eziyi-5.8 abasebenzi.",0
train_isizulu_00071,AfriHate,@username phansi ngokuhlukunyezwa kwabantu bokuhamba @username asibe munye mazulu akithi olwan udlame,0
test_isizulu_00397,AfriHate,"mampara weekend ""@username : asphuzeni""",0
681, buka umalema uchaza ngokungaphazanyiswa kukaramaphosa ephalamende ,"IQEMBU eselizakhele udumo ngokushubisa izinto ePhalamende, i-EFF, lithuse abaningi izolo lingaphazamisi inkulumo ebhekiswe esizweni kaMengameli Cyril Ramaphosa ngoLwesine.I-EFF yafunga yagomela ukuthi kuzoba ncane indawo ePhalamende uma kuphela uJanuwari nonyaka uRamaphosa engacacisile ngodaba lwemali ebalelwa kuR500 000 okuthiwa wayinikelelwa yinkampani iBosasa ngesikhathi ekhankasela ukuba umengameli we-ANC.Ngemuva kwenkulumo kaRamaphosa umholi we-EFF uMnuz Julius Malema uthe bagculisekile ngendlela umengameli aphendule ngayo izinsolo abekwe zona.“Umengameli waya kuMvikeli woMphakathi, ngaphezu kwalokho waphinde wethula umbiko wakhe (ngomnikelo weBosasa) kwi-eNCA, wathumela nesitatimende kwabezindaba. Esikufunayo nje ukuthi umengameli akwazi ukuphendula uma kukhona asolwa ngakho,” kuchaza uMalema.Video: Sandisiwe Ntlemeza/African News Agency (ANA)Video: Sandisiwe Ntlemeza/African News Agency (ANA)Video: Sandisiwe Ntlemeza/African News Agency (ANA)URamaphosa uvule inkulumo yakhe ngamancoko ngesikhathi esandlalela eveza ukuthi bavumelene noMalema ukuthi uzocula iculo elithi ‘Thuma Mina’ uma lo mholi we-EFF eba ngumengameli wezwe ngemuva kokhetho.USotswebhu omkhulu we-EFF uFloyd Shivambu uthe bekungokokugcina uRamaphosa ethula enkulumo yesizwa. Uthe i-ANC izohlulwa okhethweni ngoMeyi.- Political Bureau and African News Agency",0
train_isizulu_02838,AfriHate,iy'nyoni and firearms don't mix. lapho bay'thandani 💀😭,0
dev_isizulu_00169,AfriHate,@username 🤣uzowathuka njani kanje amabhunu ujuli arse 🤷🏾‍♀️!  konje they share the 8th cardinal pillar of putting foreigners first namabhunu vele! let me get out of here 🏃‍♀️🏃‍♀️🏃‍♀️,0
train_isizulu_00200,AfriHate,@username cha ngyambongela ucc owathatha isbindi ngokuthi ayobikela abelungu bakhe kanye namalungu ebandla ngokuthi use positive(usfundo),0
2509,vukuzenzele,"se-COVID-19 , esesitholwe ngabantu abayizigidi eziyi sithupha kuze kube manje.",0
2162,vukuzenzele,"ngaphakathi ulaka lwakhe, futhi wayeshaya owahla sela udadewabo la embona khona. Wayeka ukuba yingane enokuthula waphenduka umuntu omusha onolaka.",0
707, kulamule amaphoyisa ithathana edut ,"KUSIZE amaphoyisa kucishe kusuka uthuli lwezichwe izolo phakathi kwenhlangano yezitshudeni iSasco ne-EFF Student Command (EFFSC) eDurban University of Technology ngesikhathi i-EFFSC iphazamisa isithangami seSasco nabezindaba.Usihlalo weSasco, uMqondisi Duma, bese kuphele cishe imizuzu eyishumi eqale ukukhuluma ngesikhathi kuqhamuka isigejana se-EFFSC sangena phakathi kwezintatheli sabuza ukuthi ukhulumelani ngesitshudeni esishonile uMlungisi Madonsela obeyilungu le-EFFSC ngoba abamazi.“Nikhulumelani ngoMlungisi, uyamazi? Yekani le nto eniyenzayo,” kusho esinye sezitshudeni ze-EFFSC sishaya amakhamera simphuca nephepha abefunda kulona.Kube sekungenelela amaphoyisa ahlukanisa isixuku kwahlakazekwa kanjalo.UDuma uqhubekile wakhuluma nezintatheli ezitshela ukuthi abanalo udlame bayahlonipha.Uthe sibi isehlakalo sokubulawa kwesitshudeni ngoba silwela imfundo.“Siyakhala ngendaba yokuqashwa kwenkampani yonogada ezimele ukuqapha izitshudeni. Sifuna inyuvesi ilungise ibathathe bonke abangakabhalisi ukuze babhalise,” kusho uDuma.Umengameli womkhandlu owengamele izitshudeni eDUT, uKhanyisani ‘Godlimpi’ Khambule, ugxeke inyuvesi emuva kokushona kukaMadonsela oshonele esibhedlela esizimele eThekwini.UKhambule uthe basemanzini ngenxa yokwenzeke izolo lapho omunye wonogada obeqashwe yinyuvesi edubule isitshudeni sashona.“Sifuna ukudlulisa umlayezo kubaphathi baseDUT, kuhulumeni nakwabomthetho wokuthi kusiphethe kabi okusehlele. Akusiphathi kahle ukuthi kudutshulwe ilungu le-EFF lashona ngenxa yesiteleka,” kusho uKhambule.Izitshudeni ze-EFF zimashe emgwaqweni odlula kulesi sikhungo izolo kanti amaphoyisa abelokhu eqaphe isimo.UKhambule uthe bavamile ukuteleka enyuvesi futhi kuvamise ukuthi badutshulwe ngezinhlamvu zenjoloba kodwa ngoLwesibili onogada badubule ngezinhlamvu zangempela.“Onogada balandela imiyalelo abayinikwa abaphathi benyuvesi ukuthi abadubule izitshudeni,” kusho yena.Emashini bekukhona namalungu emikhandlu ehlukene okubalwa iSadesmo ye-IFP neBLF.Abengamele izitshudeni enyuvesi yaKwaZulu-Natal ophikweni i-Edgewood, Westville, Howard kanjalo naseMangosuthu University of Technology bakuqinisekisile ukuthi namabhasi ezitshudeni awasebenzi.Okhulumela i-EFFSC eMUT, uMvuyisi Mavuthulana, uthe inyuvesi izovalwa kuze kufezwe izidingo zezitshudeni.“Sizobhekana ngendlela eyiyo nalesi senzo saseDUT ngoba uma sikhombisa ukwesaba singaphinda senzeke lesi sehlakalo futhi sizoqhubeka nokuphatha bethanda bengathandi,” kusho uMavuthulana.",0
2671,vukuzenzele,"(i-SAFPS), ngonyaka owedlule izi nga lenkohlakalo lenyuke lafinyelela kuma-161% eMpumalanga Kapa kanti futhi lafinyelela kuma-120% e-Gauteng. U-Manie van Schalkwyk, onguMqondisi Omkhulu kwi-SAFPS, uthi: “Okukha thaza kakhulu inkohlakalo eyenziwa ngegama",0
train_isizulu_01160,AfriHate,yazi inkawu zingibuysela emuva ziliwedile ishaladi lami 😏😏😏 ##url,0
3025,vukuzenzele,"Ukulindela ukwe nyuka kwesibalo so kwesuleleka nge gciwaneUMongameli u-Ramapho sa uthi, ukulungiselela u kwenyuka kwesiba lo sabantu abaphe thwe igciwane le-corona (i-COVID-19) ezweni, kunemibhede yasezi bhedlela eyizi-20 000, futhi, ihlelelwe izigameko",0
550,vukuzenzele,se-SheTradesZA futhi bathola ukufunda nge-inthanethi kwamahhala kanye nokwakhiwa kwama khono.Isizinda se-SheTradesZA sizobuye sithuthukise ukufinyelela kutshalomali lwamabhizinisi aphethwe ngabesifazane futhi sigqugquzele namathuba,0
2284,vukuzenzele,"Uma ungenaye umlingani noma izingane, kodwa bobabili abazali besaphi la, bazodla ifa ngezabelo ezilinganayo. Uma umza li oyedwa eshonile, kepha eshiye abafowabo nodade wabo, umzali osele uzo thola isigamu sengxenye yefa kanti inzalo yomza li oshonile",0
train_isizulu_02045,AfriHate,"good morning mazulu amahle, nzalo ka senzangakhona 😍😍❤",0
200, zisabisa ngokukuphinda lokho izitshudeni ,"ZISABISA ngokuphinda zivale umgwaqo kusasa izitshudeni zase-University of South Africa (UNISA), eThekwini uma zingayitholi incazelo ecacile mayelana nokuxhaswa kwazo yisikhwama sezimali iNational Students’ Financial Aid Scheme, iNSFAS.Lezi zitshudeni zikusho lokhu ngesikhathi zizokweseka ozakwabo oSamukelisiwe Ndlovu, Nompumelelo Nduli noMlekeleli Shandu abebevele enkantolo yeMantshi eThekwini izolo ngecala lokususa udlame emphakathini.Izitshudeni ziphume ngebheyili kaR500 umuntu emunye.UXolo Magutshwe, uMengameli weSASCO kule nyuvesi uthe ukuboshwa kwalazi zitshudeni kungenye yezindlela zamaphoyisa zokubasabisa ukuthi zingaqhubeki nokulwela imfundo yamahhala ezithenjisiwe.Omunye wezitshudeni ongathandanga ukudalulwa, obeyingxenye yabebezokweseka ababoshiwe uthe: “Amaphoyisa ehluleka izigebengu zigwaze isitshudeni amanxeba awu-10. Lesi sitshudeni sisesimeni esibucayi esibhedlela. Azobopha abantu abalwela imfundo? Ngeke siyeke ukulwela ilungelo lethu lokufunda, uma izikhulu zakwaNSFAS zingacacisi ukuthi sizokhokhelwa nini. Sizovala umgwaqo omkhulu eThekwini uWest Street (Dkt Pixley kaSeme). Sifuna imfundo yamahhala esithenjiswe yona. Njengamanje asibhalisiwe silinde wona uNSFAS esingazi ukuthi kungani ungasikhokheli.Izitshudeni ziboshwe ngoLwesibili ngesikhathi zibhikishela ukuthi lesi sikhwama asikhokhile okwenza ukuthi zingabhaliswa.Lesi sikhungo sivaliwe, sizovulwa kusasa njengoba kuzoba nomhlangano nezikhulu zakwaNSFAS nezitshudeni, ozocacisa ngokukhokhelwa kwazo.IMantshi elingatholakalanga igama layo ithe akwamukelekile ukuthi uma izitshudeni zinezikhalo ngento ethile bese zivala imigwaqo.“Ukulwa nabantu bomthetho kuyicala elibi futhi izehlakalo ezinjengalesi sezivamisile. Ngenxa yalokhu ngizonishaya ngoswazi oluncane ngebheyili kaR500.”",0
1848,vukuzenzele,"Sesadlula isikhathi lapho sasingathi akekho umuntu esimaziyo otheleleke ngegciwane lecorona . Manje abangani bethu, nemindeni, ozakwethu kanye nomakhelwane bethu badinga ukuhawukelwa nokuthi sibazwele kakhulu kunakuqala.",0
train_isizulu_00365,AfriHate,"""@username : @username isafuquza kangcono eyakho imomozi these days."" yew bish i am tryina change ningibuyisela emuva...",0
1555,vukuzenzele,"lapho silubona, noma ngabe lwe-nziwa ngumngani wethu, obaba noma abafowethu. Ake sibe isizukulwana esiqeda ukucindezelwa kwabesifazane ngezindlela zonke, esikhathini sethu sokuphila. Isizukulwane esinesibindi sangowe-1956 samashela thina sonke. Kumele",0
1980,vukuzenzele,Abaholi benkolo badlale indima ebaluleke kakhulu ekugqugquzeleni umpha kathi ukuthi uthobele izinya thelo zezempilo emicimbini yesintu namasiko efana ne mingcwabo.,0
941,vukuzenzele,"okwamanje futhi udaba lomunye nomunye lwehlukile. Noma kunjalo, usiza kakhulu ekunikeni amandla futhi ubuyise isithunzi saleso sisulu,” kusho isitatimende se-NPA. Kunezikhulu zenkantoloezingama-161 ezinkantolo eza-hlukene ezweni jikelele. Lo msebenzi",0
20,vukuzenzele,"wokufunda. Olunye lwezinhlelo uhlelo lweWoza Matrics , olwethulwa ngokusemthethweni mhla lulu-1 kuMandulo ngokusebenzisana nabahlanganyeli bezokusa kaza abaningi kanye nongcweti bezemfundo. Njengengxenye yohlelo, ukufundwa kwezifundo ezisilele emuva",0
658,vukuzenzele,"nezibhedlela zesikhasha-na, zibandakanya izinkundla ze-midlalo iCape Town Stadium kanye neFNB Stadium . Uhulumeni waseJalimani kanye nenkampani yezimoto i-Volkswagen yenze isethembiso semali eyizigidi ezingama-R107 nezosiza ukwakha isibhedlela sesikhashana",0
1272,vukuzenzele,Ngabantu abazuza kwi Nhlangano yezimpesheni Nezibonelelo Zikahulumeni eNingizimu Afrika;,0
test_isizulu_00636,AfriHate,"uthi unendoda kanti indoda yecommunity 😭😭😭 ushela wena mlungu wena china kwidm neinbox 😭😭😭 ladies be careful of men, they will embarrass you ngempela. ngaphandle ke kweyami with his 200 followers 😍 ##url",0
3050,vukuzenzele,"Ukwengeza kutshalo mali abazoluletha, lokhu kuthuthuka kuzophinde kube nomthelela eku zimiseleni kwethu kokuthi izwekazi likhiqize ama-60% ezidingo zalo zomgomo ngowezi-2040.",0
735,vukuzenzele,"Ukuhlukumeza ngoko mphefumulo, ngamazwi kanye nangokomqondo: Lokhu kwenzeka uma umu ntu ehlale ethukwa, ejivazwa noma ebizwa ngamagama ajivazayo.",0
train_isizulu_00770,AfriHate,"lol yo @username ""@username : @username ukhohlwe ukutagger ibhunu""",0
682,vukuzenzele,"igciwane. Baningi abantu abakuthola kunzima kakhulu ukuyolanda imithi yabo futhi bancane abantu aba kwazi ukufinyelela kwezinye izinsiza nje, ezifana nokusokwa kwabesilisa ngokuzithandela.Ngesikhathi esifanayo, ziningi izifundo esizifunde ngezempilo",0
84,vukuzenzele,"Emuva kokuvakashela leli dolobha okwesibili selokhu kwaba nezikhukhula, kungicacele ukuthi lokhu kukhathazeka kwakuyiphutha. KwaZulu-Natali, njengaseMpumalanga Kapa naseNyakatho Ntshonalanga, bonke ababambiqhaza bebesebenza kanzima ukuze lezi zifundazwe",0
2134,vukuzenzele,zemigomo yabo kwiziPhathimandla Ezilawula Imikhiqizo Yeze mpilo eNingizimu Afrika (i-SAHPRA) ngaphambi kokuba umgomo ugunya zwe ukuthi usetshenziswe.,0
2943,vukuzenzele,"Njengesizwe, asiqhubeke sisebenze ngokubambisana ukuqinisekisa ukuthi siqhubekela phambili.",0
train_isizulu_00265,AfriHate,bhebha bhebha 🔥🔥  #inthemixturns5 ##url,0
train_isizulu_02235,AfriHate,"😂😂😂 ""imfene iphakelwa uwena"" @username kodwa #fakumoya @username #nyusivolume2016",0
3375,vukuzenzele,ekulweni nengcindezelo nokulwa nokungabibikho kobu-lungiswa. Lesi sigameko esiyingqophamlando esenzeka eminyakeni engama-45 edlule siyaqhubeka nokubungazwa kuyoyonke i-Afrika kanye nomhlaba wonke.Ngakho-ke kuyathikameza kakhulu ukuthi ulwazi mayelana,0
168,vukuzenzele,"Ecabanga ngezinguquko zemifelandawonye emhlabeni jikelele ezilethwe ngukuphela kwempi iCold War , wabhala ukuthi amazwe kuzome le “aphinde aphose udobo lwawo” uma efuna ukuzuza ezindabeni zamazwe ngama zwe.",0
3411,vukuzenzele,Imithethosivivinywa eminingi ibhalwa yiminyango kahulu meni ngaphansi kokuqondi swa nguNgqongqoshe ofane lekile. UMthethosivivinywa kufanele ugunyazwe yiKha bhinethi ngaphambi kokuba uthunyelwe ePhalamende.,0
train_isizulu_00205,AfriHate,@username nansi ingulube izosinonela! who hurt you? ##url,0
train_isizulu_01997,AfriHate,waze wayipheka bo aretha franklin ingulube 🤣,0
850,vukuzenzele,"Imiphumela yalolu phenyo, ihhovisi likaMongameli lithe, izofakwa kumbiko wangoNhlangulana.",0
train_isizulu_00606,AfriHate,bhebha uhambe? ezoo ...angiyndawo 😔,0
1133,vukuzenzele,kuchaza ukuthi ukube-kwa kwesikhungo endaweni kungashintshashintsha unyaka nonyaka. Womabili amaqembu abafundi laba abazofundela emakilasini nsuku zonke kanye nalabo abazofundela emakhaya banethuba lokuthi bafinyelele kunoma yiluphi uhlobo lwezinsiza,0
3214,vukuzenzele,kweIndustrial Cor ridor kunesabelomali esilinganiselwa kwizigidigidi ezingama-R26 futhi ingeminye yemiklamo ephambili kahulumeni kazwelonke. Waziwa ngokuthi i-SIP2. Lo mklamo uzovula u-N3 ngeminye imizila ohlangothini ngalunye. Ubuye ubandakanye,0
653,vukuzenzele,"sesikhashana ezweni, sine-mibhede engama-862. Silalise iziguli zaso zokuqala ezili-10 mhla zi-8 kuNhlangulana. ENyakatho Ntshonalanga, amaqembu akha izibhedlela zibenkulu ngokwengeza izakhiwo.Isimo sokulungela iCOVID-19 e-GautengUNdunankulu wase-Gauteng",0
2069,vukuzenzele,"Le projekthi entsha ihlo nyuliswe ngomklomelo emcimbini we-17th Sector Innova tion Awards 2019, ngaphansi kwesigaba esibizwa ngeInnovations Harnessing 4IR Solutions.",0
train_isizulu_01039,AfriHate,nice mix kungulwesihlanu siphuma kwa mlungu ezweni lika corona @username #sisonkedrive,0
529, kukhalwa ngenkosi yasenquthu ekhokhisa abangaganiwe intela yobumpohlo ,"KUBATSHAZWA umhlola wenkosi yaseVulamehlo, eNquthu okuthiwa iphakamise ukuthi abangaganiwe bakhokhe intela yobumpohlo ekubeni umphakathi usukhathele wukukhokhiswa intela ngezinto ezehlukene. Kukhalwa nangemali ekhokhwa abashonelwe enguR600 umphakathi othi awazi ngeyani.Kuthiwa kweminye imingcwabo kuze kulamule inkantolo enquma ukuthi umuntu angcwatshwe. Inkosi kuthiwa isuke ishaya phansi ngonyawo, ithi ngeke angcwatshwe kungakhokhiwe.UMnuz Elliot Nkosi osekomitini lomphakathi elizama ukulwa nale mithetho, uthi abahleli neze kahle endaweni ngenxa yesandla sensimbi abaphethwe ngaso yinkosi. Uthe basanda kubabaza umhlola nje inkosi ithi abantu abangaganiwe kufanele bakhokhe imali njalo ngonyaka eyintela yokuba yimpohlwa.Kuthiwa inkosi ayinazwelo noma ngabe uyahlupheka noma ungumfelokazi, ifuna imali ngoshova kubona, ithumela izinduna zayo okuthiwa nazo azihleki azithi nsi.Ithintwa inkosi Thathezakhe Ngobese ngalolu daba, ithe yonke indawo inomthetho wakhona uma kukhona ongahambisani nemithetho akaye kwenye indawo.“Uma abantu beze enkantolo yenkosi bathola usizo mihla namalanga endaweni yakwaNgobese. Basuke bethi umabhalane wasenkantolo ukhokhelwa ngani?“Amaphepha nezigxivizo konke kukhokhelwa ngani?’’ kubuza inkosi.Ithe ngeke izwe ngabantu abasuka emadolobheni bexakwe wukubiza kwempilo bezohlala emakhaya bese befika bashaye imithetho ebhedayo.Ithe kwayena uNkosi lowo ophakamisa izikhalo wayesuke eHlobane koVryheid futhi abazi ngisho ithuna likayisemkhulu njengoba esezokhuluma ezesigodi sakwaNgobese.Okhulumela uMnyango wezokuBusa ngokuBambisana neziNdaba zoMdabu KwaZulu-Natal, uMnuz Lennox Mabaso, uthe basalinde umbiko.“Silithumile ithimba lethu ukuthi liyozwa kahle ukuthi kwenzenjani, umphakathi ukhala ngani bese siyabona ukuthi senzanjani,"" kusho uMabaso.",0
3501,vukuzenzele,"Njengengxenye yohlelo lwethu Lokwakha Kabusha kanye Nokuvuselelwa Komno tho, sizoqhubeka sisebenze ngokuzikhandla ukuze si nwebe utshalomali olubheke lele ingqalasizinda kanye ne nguquko kwezokuxhumana kwezimboni zethu.",0
dev_isizulu_00242,AfriHate,"@username makuvukwe gcogco kuyiwe, ayikho inkomo yobuthongo.",0
1786,vukuzenzele,Isifo esitholakala endaweni ethile yisifo esivame ukutholakala ebantwini abathile noma endaweni ethile.,0
train_isizulu_01240,AfriHate,@username well kune kuku (ikhekhe ngesintu ) or ikuku ( inkomo ngesintu ) .... manje bengufuna ukuba sure,0
train_isizulu_01333,AfriHate,kudlaliwe ngoo ngamla 😂😂😂😭😭🤔 ##url,0
590, uthole ibheyili owe anc odabeni lwesibhamu ,"LIGWEME ihlazo lokulandwa yiveni lakhetha ukuzinikela emaphoyiseni ilungu eliqavile le-ANC, elibhekene necala lokukhomba uzakwabo ngesibhamu ngesikhathi betholana phezulu emhlanganweni.UMnuz Arthur Zwane, uzinikele emaphoyiseni kuleli sonto mayelana nezinsolo zokukhomba uMnuz Sipho Hlomuka ngesibhamu ngesikhathi bexabana. UHlomuka uyiPhini likaNobhala we-ANC esifundazweni, uphethe nesokuba nguNgqongqoshe wezokuBusa ngokuBambisana neziNdaba Zomdabu.Kuthiwa uZwane wangena nezicabha emhlanganweni ongena njalo ngoMsombululo, wacela uHlomuka esitikini batholana phezulu phambi kwabaholi baze balanyulwa.Kwaze kwaphoqa ukuthi ancengwe uZwane abeke phansi isibhamu ngoba wayengezwa lutho, esho ukumqeda uHlomuka.UZwane uke waba sesigungwini esiphezulu se-ANC KwaZulu-Natal waphatha nesikhundla sikaSihlalo we-ANC eMalahleni.Kuthiwa uzinikele emaphoyiseni eDurban Central, ehamba nommeli wakhe wavela eNkantolo yeMantshi eThekwini wadedelwa ngebheyili kaR10 000. Kulindeleke ukuthi abuyele eNkantolo ngoFebhuwari 18 wonyaka ozayo.Imithombo ithi uZwane ubonile ukuthi uzohlazeka uma elinda amaphoyisa ukuthi azomgaxa ozankosi, wavela waziyela yena.Okhulumela i-ANC KwaZulu-Natal, uMnuz Ricardo Mthembu uthe ngeke aphawule ngokuzinikela kukaZwane emaphoyiseni ngoba akanayo into ephathekayo kodwa usazothola kahle uma sekunomhlangano.“Umhlangano wethu ojwayelekile uzoba ngoMsombuluko, sizozwa kahle umbiko ophelele ngalolo daba ngoba angazi kahle ngike ngezwa ngenye intatheli ingibuza,’’ kuchaza uMthembu.Uke wacashunwa phambilini ethi indaba kaZwane noHlomuka isetshenzwa wubuholi obuphezulu obuzama ukuthi ixoxwe, kuthelelwane amanzi. Kuthiwa kuke kwaba nomhlangano kwelinye lamahhotela kuxoxwa ngayo le ndaba.",0
train_isizulu_00533,AfriHate,laze lacelwa ibhunu. ngyamuzwa kodwa ##url,0
1022,vukuzenzele,"Ukwanda kwezindaba ezi ngelona iqiniso ngesikhathi sobhubhane, ikakhulukazi ezinkundleni zokuxhumana, kwengeze isidingo esiphuthu mayo sezindaba eziningi ezinembayo, ezilungile futhi ezingathathi cala. Ngalesi sikhathi abantu bakithi bathembele",0
1271,vukuzenzele,Yizakhamuzi zaseNingi zimu Afrika noma abahlali ngokugcwele abafuna ukubhalisa noma asebefunda enyuvesi kahulumeni noma ekolishi i-TVET;,0
3258,vukuzenzele,"Lo mqulu ubuye ubheke ‘umkhakha ozimele oguquguqukayo, osebenzisa amakhono kanye nekhono labo bonke abantu baseNingizimu Afrika kanye nemisebenzi yamabhizinisi enomthelela omkhulu ekudaleni amathuba omsebenzi, ukuthi ugqugquzelwe ngenkuthalo.’ENkulumweni",0
98,vukuzenzele,"Ezikhathini ezahlukene emlandweni wentando yeningi labantu yethu, siye sabhekana nezigameko kanye nezimo ezihlole ubungako bamandla abantu bakithi kanye nokusebenza ngempumelelo kwezikhungo zethu.",0
train_isizulu_02108,AfriHate,idlaliswa budlabha imomozi kulo twitter...,0
dev_isizulu_00270,AfriHate,@username #wnb ay mina ayikho inyama ekthiwa yadliwa engithi angiyidli nemfene mabengangtshela ukuthi imfene ngayidla nje!,0
1391,vukuzenzele,"Esikhathini saphambili ni, lokhu kuhlonzwa kwa kuvame ukuholela ekufeni.",0
2812,vukuzenzele,yamachweba futhi kwenziwe ngcono ukulawulwa kwemigudu yeziqukathi emachwebeni aseThekwini naseNgqura.,0
train_isizulu_02136,AfriHate,laughs in slima ngempela. ##url,0
1210,vukuzenzele,"Emavikini ambalwa edlule, sesibhekane nezithombe ezile-tha usizi zabantu abahluphekile bebanga izijumbana zokudla ezikhungweni zokunikezela ngokudla kanye nemibhikisho yemiphakathi ngokuswelakala kokudla.",0
124,vukuzenzele,Wathi awukho uMthetho sisekelo noma ukubunjwa kohulumeni ngaphandle ko kubandakanywa kwabantu base-Afrika oyoke ufaneleke ngokuziphatha.,0
3304,vukuzenzele,"qile, amaphesenti ayi-13 Isifo sofuba, amaphesenti ayi-13lama ngokuphuthuma emva kokunqoba lezi zimpawu zakhe,” kusho yena.",0
test_isizulu_00638,AfriHate,upercy udlisa inkomo utshani phesheya kwezilwandle🤣🤣🤣🤣🤣👨‍🦯👨‍🦯 #percytau ##url,0
2497,vukuzenzele,Ukungabikho kohlelo loku bhuka ukubonwa komuntu othile. Ukungenganyelwa ngendlela esebenzayo kwemigqa.,0
2335,vukuzenzele,amazwe ezwenikazi azokhahlamezeka kakhulu ngubhubhane. Amazwe amaningi angeke abe nazo izinsiza ezidingekayo ukumelana nenselele yezempilo yompha-kathi noma ukuvikela imi-notho yawo. Ngakho-ke sabe sesivumelana njengamazwe ase-Afrika ukuqoka abantu,0
train_isizulu_02460,AfriHate,@username serious akuve nixakile nina mazulu nokungafundi olunye ulwimi 😒,0
test_isizulu_00449,AfriHate,@username #ukhozifmvabs asibonge ukuthi umongameli semvumile ubhejane omncane njengesilo nkosi yethu mazulu asbonge @username luhamba phambili emadlankala 93.4mhz ##url,0
662,vukuzenzele,"Ipro-jekthi Yemishini Yokuphefumula Kuzwelonke (i-National Ventilator Project) ngoMbasa, ukuze kwakhiwe imishini yalapha ekhaya ngenxa yo-kwentuleka kwale mishini emhlabeni jikelele. Kuyathembisa ukuthi umkhiqizo uzoqala ngoNhlangulana futhi uhulumeni",0
746, oweda nowe anc engozini yomgwaqo ,"ILUNGU leDA esiShayamthetho KwaZulu-Natal uNksz Mbali Ntuli liphakamisa ukuthi ahlolisiswe amaloli ukuthi asesimeni sokuba semgwaqweni emuva kokusinda engozini yemoto ngempelasonto.UNksz Ntuli usinde ngokulambisa ngesikhathi imoto yakhe ishayiswa yiloli kuN3 ngaseMariannhill Toll Plaza yona yabe isishayisa ezinye izimoto kubalwa eyamaphoyisa neyelungu lePhalamende le-ANC uMnuz Enoch Mthethwa.Abashayeli bezimoto ezintathu ezishayiswe ekaNksz Ntuli kubikwa ukuthi basesibhedlela namanje lapho belashwa khona emva kwengozi.Engxoxweni neSolezwe izolo, uNksz Ntuli uthe usakhungathekile namanje emva kwengozi.“Ngibonga uMdali ngokuthi ngisindile. Leli loli lingene ngemuva emotweni yami layiphusha yabe isiyaphenduka yashayisa ezinye izimoto zabantu kubalwa neyelungu lePhalamende likazwelonke. Iloli liphinde lashayisa nangasesicabheni sami ngesikhathi imoto iphenduka,” kuchaza uNksz Ntuli.Uthe leli loli elimshayisile belihamba emzileni ohamba izimoto ezigijimayo.“Kwakona ukuthi leli loli belihamba emzileni wezimoto ezigijimayo, akukho emthethweni yingakho nje ligcine selenza ingozi ecishe yabulala inqwaba yabantu,” kusho uNksz Ntuli.Uthe uyafisa ukuthi amaloli ahlolisiswe kahle ukuthi asesimeni esikahle ngaphambi kokuthi angene emgwaqweni.“Ngicabanga ukuthi kumele kwenziwe uphenyo olunzulu ngale ngozi ngoba kuyaqapheleka ukuthi izingozi eziningi ikakhulukazi kuN3 zidalwa ngamaloli asuke ephelelwe ngamabhuleki,” kusho uNksz Ntuli.Uthe amaphoyisa ayithathile iloli emuva kwesigameko.UMthethwa we-ANC naye imoto yakhe elimele kulengozi uthe empeleni bayisikhombisa abantu abathintekayo kulesi sehlakalo.“Umshayeli weloli uvumile endaweni yesehlakalo ukuthi iloli lakhe liphelelwe ngamabhuleki,” kusho uMthethwa.Okhulumela amaphoyisa KwaZulu-Natal uLt Clonel Thulani Zwane, uthe kuvulwe icala lokushayela budedengu esiteshini samaphoyisa eHillcrest emva kwengozi eyenzeke kuN3, ngoLwesihlanu.",0
2103,vukuzenzele,"Ngokulandela izinhlelo ezinkulu kulo mkhakha siqhuba ukuqhutshwa kwamabhizinisi khona lapha ekhaya okuzozuzisa amabhizinisi abantu abamnyama. Isibonelo, izindawo zabalimi abamnyama zokufuya izinkukhu eziyishumi zisunguliwe ngotshalomali lwezigidi",0
242, abaseka umncwango bathi ida ikhuliswe wukuholwa nguye ,"USEKWA nayiziMeya zomasipala abakhulu eGauteng umholi weDA KwaZulu-Natal, uMnuz Zwakele Mncwango (osesithombeni), iqembu lakhe elibheke engqungqutheleni yesifundazwe ezoba se-Olive Convention Centre, eThekwini, ngoFebhuwari 3.IMeya yaseJohannesburg, uMnuz Herman Mashaba, neMeya yaseTshwane, uMnuz Solly Msimanga, ngoLwesibili baphumele obala ezinkundleni zokuxhumana baseka uMncwango ekutheni abuyiselwe esikhundleni sakhe.UMashaba noMsimang bathi iDA ikhule kakhulu eKZN iholwa wuMncwango.UMncwango ubanga isikhundla sokuhola iqembu eKZN noMnuz Emmanuel Mhlongo oyikhansela laseThekwini.Oke waba yimbangi kaMncwango enkulu, uMnuz Sizwe Mchunu, akazange awungenele umbango.Esikhundleni sikaSihlalo wenhlangano esifundazweni kubanga uMnuz Francois Rodgers noMnuz Dean Mcpherson.UMncwango ukwamukele ukuphakanyiswa kwakhe.Ilungu leDA esiShayamthetho KwaZulu-Natal, uMnuz Hlanganani Gumbi, ngoLwesibili uthe lifisa uMncwango ukuthi aqhubeke nokuhola iqembu esifundazweni.UGumbi uthe iDA ikhulise ukwesekwa kwayo esifundazweni iholwa nguMncwango.“Okokuqala emlandweni iDA inamakhansela uMkhanyakude wonke, namakhansela KwaNongoma nakwezinye izindawo zasekhaya. Konke lokhu sikuzuze ngoMncwango,” kusho uGumbi.Uthe kumanje iDA ihola omasipala abaningi KwaZulu-Natal ngokubambisana ne-IFP. “Uma kusenoMncwango iDA izosuka ekubuseni ngokubambisana ne-IFP igcine sekuyiyona yodwa ebusayo,” kusho uGumbi.",0
1645,vukuzenzele,"ukuvala igebe elivumela izaphula-mthetho ukubalekela ubulungiswa futhi inika ngokugcwele abesifazane nabantwana bezwe lethu amalungelo. Le Mithetho-sivivinywa, uma isiphasisiwe yaba imithetho, izosiza ukubuyisa ukuzethemba kwabesifazane bezwe lethu",0
test_isizulu_00432,AfriHate,"iphani untsiki imfene, aloye openly",0
2747,vukuzenzele,"Ucwaningo oluqhutshiwe ngababambiqhaza luveza ukuthi unyaka nje owodwa wesipiliyoni somsebenzi kuCV , nencwadi ewubufakazi ngamakhono nolwazi lomu ntu (i-reference letter), kwenyu sa amathuba okuthola komu ntu umsebenzi ngokuphindwe kathathu.",0
684, bakhungathekile imeya ishona ngokuzuma ,"USHAQEKILE umndeni noMkhandlu waseMshwathi ngokudlula emhlabeni ngokuzuma kwemeya uNkk Siphindile “Maphindi” Zondi-Mbhele.UNkk Zondi-Mbhele (44), waseMtulwa, obeyiMeya yaseMshwathi ushone ngeSonto ebusuku kulandela ukugula isikhashana. Ngokusho kokhulumela umndeni, uMnuz Mandla Zondi, iMeya yaya kudokotela ngoLwesihlanu iyobheka isimo sempilo yayo yabe isilaliswa emuva kokuthi udokotela engaboni kahle okuthile ngempilo kamufi.“Udokotela wamlalisa ewumuntu ozohlolwa. Abamvakashela ngoMgqibelo bafike engenankinga, ezikhulumela.NgeSonto ebusuku sithole umyalezo esibhedlela othi umndeni uphuthume njengoba ubengasaphefumuli kahle sengathi uvukwa i-astma obekuyisifo angenaso. Kumenele ngalo iSonto.Kusishaqisile lokhu njengoba ebengaxiniwe ukugula, yize ebengumuntu vele ohlala ngokugula kodwa ubengaxinekile. Silahlekelwe njengoba ubewusizo olukhulu ekhaya, ubengeyona iMeya nje kuphela, ubeyilungu lomndeni eliwukhathelele kakhulu,” kusho uZondi.Iphini leMeya uMnuz Promise “Pro” Dlamini, lithe bewumkhandlu bafe olwembiza ngokuhamba kwalo mholi obenamava.“Ubona nje asazi ukuthi sizamukele kanjani lezi zindaba ngoba besingalindele ukuthi adlule emhlabeni, ubengaguli.NgoLwesine nje sasisonke emsebenzini, usuku lwaze lwaphela. Kuthe ngoLwesihlanu wathi uya kudokotela, wabe eselaliswa. NangoMgqibelo besithumelana imiyalezo emafonini, engumuntu ozophuma noma inini esibhedlela. Ngithukile ngitshelwa umndeni ukuthi akasekho.Silahlekelwe umuntu obewuthanda umphakathi futhi ewusizo olukhulu,” kusho uDlamini.UNkk Zondi-Mbhele ngaphambi kokuba aqokwe ukuba imeya emuva kokhetho luka-2016, ubeyiphini lemeya eMshwathi, amahlandla amabili.Uyaziwa ngabaningi njengomholi we-ANC. UNkk Zondi-Mbhele, umndeni wakhe uthe ubengenabo abantwana.",0
2456,vukuzenzele,"okungeke kuphinde kube khona.Kodwa ngendlela intsha ya-ngonyaka odlule echaze ngayo umsebenzi wayo, intsha yana-muhla iwuchazile owayo.Intsha yaseNingizimu Afrika yangowezi-2020 iyaﬁ ka ebangeni eliphezulu elabekwa abangaphambili. Banethemba, bayabekezela",0
2005,vukuzenzele,"izidakamizwa. Kumele sizame sizigcine siphilile ukuze sigweme izifo ezivikelekayo kanye nokuphila isikhathi eside.Amasiko anjengalawo kumele amukelwe ikakhulukazi yilabo abanezikhundla namandla kanye nomthelela, noma ngabe bangabaholi bamasonto noma",0
train_isizulu_01639,AfriHate,slima somuntu ungabamba ilotto uhamba ubhala kwitwitter,0
train_isizulu_02088,AfriHate,🔔🔔 attention!!!🔔attention!!! 🔔🔔  mazulu akithi amahle ngicabanga ukuthi lokhu kunganisiza. kumele nizazi lezinto ngoba abanye bethu bazophatha imizi ksasa.  👇 ziphe isikhathi ufunde le-thread uze uyiqede. 👇👇👇👇👇👇👇  rt 🔃 ukusiza nabanye 👍👍👍👍  (thread 1 of 2...👇) ##url,0
2609,vukuzenzele,ethinteke kakhulu ngenxa yemikhawulo yesigaba sesine esiguquliwe.,0
2638,vukuzenzele,Njengabantu baseNingi zimu Afrika simethulela isigqoko nazo zonke izingede emikhakheni kahulumeni nezimele abadalula inko hlakalo elukhuni futhi eyethu sayo. Bakwenza konke lokhu ngaphandle kokulindela ukubongwa noma ukuthola umklomelo. Okubalulekile nje,0
995,vukuzenzele,"Kodwa amazwe anezikhu ngo eziqinile, izinhlelo zobu lungiswa eziqaphile kanye nabezindaba abanamandla akwazile ukugwema ukuthi amalungelo abantu abukelwe phansi nokuhlukunyezwa kweziphathimandla zo mbuso.",0
dev_isizulu_00490,AfriHate,@username ngani yakho u don't even have hands to hold amasende akho,0
train_isizulu_02359,AfriHate,oksalayo somizi uyayazi imomozi,0
test_isizulu_00646,AfriHate,balele balele umama nobaba ubhebhana nami msunu kanyoko #memulosongs ##url,0
2587,vukuzenzele,Irejista alinikezwa wonke umuntu. Lingatholwa kuphela abaqashi ukuze bathole izitifiketi zalabo amagama abo abhekwayo.,0
2513,vukuzenzele,"ezintsha zokufaka izicelo njengakuWhatsApp kanye ne-USSD, sasungula nohlelo lokusebenzisana namabhange ukuze sikwazi ukuqinisekisa imininingwa ne yasebhange. Lena yimpu melelo eyisimanga esikha thini esifushane kangaka.",0
66,vukuzenzele,"Onyakeni wezimali wezi- 2015/16, isabelomali esabe- lwe lolu hlelo silinganise- lwa kuzigidigidi eziyisi- 5 703 zamarandi. URakwe-",0
1540,vukuzenzele,"Lokhu kuzobandakanya ukuxoxisana nomkhakha wezezimali ukwenza ukuthi izinsiza zezimali abesifazane bafinyelele kuzona futhi zingabizi. Okwesithathu, sifuna ukuqinisekisa ukuthi abesifazane aba-ningi bayafinyelela ezimpahleni zokukhiqiza ezifana nomhlaba.",0
2887,vukuzenzele,Ababambiqhaza abaningi bachaza ngezinhlelo zomno tho esezisemazingeni athe thuthu okuthuthukiswa.,0
142,vukuzenzele,"esiphuthumayo, njengezinkinga zokuphefumula, ubuhlungu esifubeni noma ingcindezi esifubeni sakho engedluli, ukukhwehlela igazi, ukuhlala kunqwabelene imicabango, ukuhlala wozela noma ukuba nezindebe noma ubuso obuluhlaza okwesibhakabhaka kumele ubize imoto",0
1122,vukuzenzele,Qala uthenge izinto zika Khisimusi kusenesikhathi.,0
train_isizulu_00719,AfriHate,ningamangali  ngoba ngi'sdudla xem!!!!!! @ monsterlus b ##url,0
2229,vukuzenzele,I-CACH ayikwazi ukuqinisekisa umfakisicelo ukuthi uzosithola isikhala.,0
2288,vukuzenzele,"Ukwengeza kokungenhla, ingane ezalwe ngaphandle komshado ingathola ifa kubo bobubili ubudlelwano begazi; futhi ingane yokutholwa itha thwa njengozalo lomzali noma lwabazali labo abamthola.",0
train_isizulu_00455,AfriHate,@username uwena obilayo ubofunda ukuvala umlomo wakho coz awazi slima,0
440, bazozithola izimfanelo zabo abadilizwe ebhange ivbs ,"BAZOZITHOLA zonke izimfanelo zabo abasebenzi baseVBS Mutual Bank abazodilizwa njengoba umuntu obhekelele leli bhange okwamanje ememezele ukuthi abasebenzi bazokwehliswa besuka ku-126 kusale abawu-26 kuphela.Esitatimendeni esithunyelwe kwabezindaba uNkk Louise Brugman obhekelele ezokuxhumana ehhovisi le-curator, uthe abasebenzi batshelwa ukuthi bazodilizwa ngoMeyi 13 ngesikhathi kwenziwa izinhlelo zokuthi abantu abakade belondoloze imali yabo eVBS bayoyikhipha eNedbank.Uthe abasebenzi bacelwa ukuthi bafake izicelo zezikhala eziwu-26 futhi uhlelo luhamba kahle ngoba sebeqokiwe abawu-25.“Esingakuqinisekisa wukuthi kuzodilizwa abasebenzi abawu-100 kusale abawu-25. Abadiliziwe bazozithola zonke izimfanelo zabo,” kusho uNkk Brugman.Mayelana nokuthi omasipala bazoyithola yini imali ababeyifake eVBS, uNkk Brugman uthe uma sekushaqwe impahla yezikhulu zaseVBS nabanye abahlomule ngokungemthetho kuzobuya uR1.5 billion okusho ukuthi omasipala nalabo ababefake imali engaphezu kukaR100 000 bazoyithola imali yabo.Udonse ngendlebe abakweleta iVBS ukuthi baqhubeke nokukhokha ngoba ukungakhokhi kuzobafaka enkingeni.U-Adv Terry Motau oze nombiko oveza ukuthi kunabantu abahlomule ngokungemthetho eVBS uthe akasabi lutho njengoba sekukhona abasabisa ngokumbopha.Ekhuluma ne-IOL uMotau uthe, “Angikhathazekile ngalabo abasabisa ngokungithathela izinyathelo zomthetho ngoba ngiyabona ukuthi abakaze bawufunde umbiko wami. Angikaze ngithi kunomuntu onecala kulo mbiko. Engikushilo wukuthi kunemali eyaphuma ebhange, yakhokhelwa abantu abathile, ngasho nokuthi bathole malini. Akekho engithe unecala.”Khonamanjalo, Isilo samaVenda uToni Mphephu Ramabulana, sithi sizoyikhokha yonke imali okubikwa ukuthi sayithola kutanyuzwa imali yeVBS Mutual Bank ngokungemthetho.Kubikwa ukuthi uMphephu Ramabulana wathola uR17 million kuleli bhange. NgeSonto uMphephu uveze ukuthi uzimisele ukuyikhokha le mali uma kuwukuthi wayithola, okuyinto ayichithayo ukuthi yenzeka.“Kuyishwa ukuthi * -Adv Motau neWerksman Attorneys bakubona kungenasidingo sokuthi nginikezwe ithuba lokuveza olwami uhlangothi. Ngokwazi kwami awukho uR17 million engakhokhelwa wona. Anginakho ukungabaza ukuthi uMotau nabeWerksmans Attorneys bayazi ukuthi ukuvela kwegama lami kulo mbiko kusilimaza kanjani isithunzi sami ngokunjalo nobuKhosi baseVenda. Ngifanelwe ukuphathwa kangcono,” kusho uMphephu Ramabulana encwadini ayibhalele isizwe sakhe.Uphinde waveza ukuthi miningi iminikelo ayithola kubantu abahlukene.Uthe uma kukhona imali ayithola kudliwa imali yaseVBS Mutual Bank, wayithola engazi ukuthi iphume ngomkhonyovu.“Ngiyazibophezela ukukhokha imali uma kunobufakazi bokuthi yaphuma ngezindlela ezingafanele, uma isibaliwe ukuthi malini eyaphuma ngomkhonyovu ngizoyikhokha,” usho kanje.Uzwelane kakhulu nabantu abaphazamisekile ngokudliwa kwemali eVBS Mutual Bank esho nokuthi wayengazi ukuthi kunomkhonyovu kuleli bhange.Namhlanje kulindeleke ukuthi i-EFF iphendule ngezinsolo zokuthi nayo yadla ngesikhathi kwebiwa imali esondele kuR2 billion eVBS.Lolu daba luphinde luthinte abaholi ababili abaphezulu be-ANC eLimpopo.Izolo ubuholi be-ANC kulesi sifundazwe bebuhlangene nobuholi obuphezulu be-ANC eLuthuli House buzocacisa ngokwenzeka eVBS.",0
939,vukuzenzele,Uhlelo Lwenkantolo iKe Bona Lesedi luyatholakala eziNkanto lo eziningi ezisebenza Ngezenzo Zokuphula uMthetho Wezoca-nsi kanye nezinye izinkantolo ezisebenza ngamacala ahlobene ne-GBV . Umusho othi Ke Bona Lesedi uhunyushelwe ususelwa olimini lwe-Setswana,0
2180,vukuzenzele,"I-Akhawunti Yekhadi Lelayisensi Yokushayela, ephrinta amalayisensi, isebenza ngaphandle kokunqamuka ukuze kusheshiswe ukukhiqiza futhi ihambisana nezinhlelo zokuqeda ukusilela emuva ekupheleni kukaNhlangulana.",0
test_isizulu_00311,AfriHate,babe awubashuthele imomozi bebone ukuth bathuswa intengekho laba,0
train_isizulu_01294,AfriHate,@username cha ujesu yena ngeke abuye! ubaba nje ungcolile kangangokuthi woman will be scared to leave their children with with us man. ubonisa into engalungile emphakathini bekumele aphawulwe amasende nje klaar abe yinkabi,0
2366,vukuzenzele,"“Kulesi simo, i-CGE ila ndela ukubhekwa kafushane kwecala iWatching Brief futhi ibhekisise nomsebenzi owe nziwa ngamacala e-GBV kanti futhi iphinde ihlaziye izingqinamba ezingumgo godla, ezifana nokungabi nazwelo kuziphathimandla eziphethe icala,",0
2381,vukuzenzele,"Njengowokuqala othwale iziqu emndenini wakhe, uSilondiwe Magwaza ubonga i-MISA.",0
290,vukuzenzele,"Ngokusho kukaDkt Mathieu Roualt, ongusolwazi eNyuvesi yaseKapa eMnyangweni Wezi fundo Eziphathelene Nolwandle i-Oceanography, uthi okuyiyona mbangela yesomiso wumthelela we-El Niño nokuguquguquka kwesimo sezulu.",0
train_isizulu_01342,AfriHate,akuy'khohliwe kuw' pele-pele wey'nyoni lokhu. smh,0
train_isizulu_02659,AfriHate,uvele uwine lotto thole sdomu esizovela siphindisele 10x more. unye nyi!! ##url,0
train_isizulu_01626,AfriHate,ngamla the general #generations,0
1698,vukuzenzele,"kungenziwa ku-smmesa.gov.za bese ugcwalisa imininingwane edingekayo.Emzamweni wokuqinisekisa ukuthi inqubo yoxhaso lwamabhizinisi amancane ayinazihibe futhi kulula ukuyilandela, uhulumeni uphezu komsebenzi woku hlanganisa izinhlangano zamabhizinisi",0
train_isizulu_01937,AfriHate,inkawu ihleka enye isphongo… ##url,0
611,vukuzenzele,"songqangi yohlelo isiyonke ukuthuthukisa isimo seze- m p i l o k a n y e n e - sok ondlek a k wab afun - di ababuya eminde- nini edla imbuya ngothi eNingizimu Afrika. Lolu hlelo luqondiswe kubafun- di abafunda ezikoleni zika- hulumeni eziku quintile 1-3,",0
362,vukuzenzele,"Phakathi kukaMasingana kanye noZibandlela wezi-2017, kwazingelwa obhejane abanga-ma-504 e-Kruger National Park (KNP), nokungamaphesenti ehle ngama-24 kunama-662 angowezi-2016.",0
dev_isizulu_00478,AfriHate,lol akukho ngisho elodwa ibhunu ebelibuka #sarafina ecinema today loooool!!,0
train_isizulu_01740,AfriHate,geza ubangene ngamla ##url,0
864,vukuzenzele,"Uchaze nokuthi u mnyango uthatha indlela ephelele fu thi unikeza ngokuphelele izinsizakalo zokweseka kwezolimo, kufaka phakathi ukwesekwa ngengqalasi zinda.",0
train_isizulu_01928,AfriHate,pedros iyafana ne nandos.. inkinga lo omunye wafunda e formerly model c school lona ufunda emlazi comtech but babhala iphepha eli lodwa.,0
test_isizulu_00069,AfriHate,"pres zuma: sho mfana, hlale wazi ukuthi angikusabi. ngelusa mina.  mbeki: ngiyazi bhuti, ( 💭 ndizomfakela amabhunu lo)  😂😂🤣 ##url",0
3364,vukuzenzele,umshini wokuphe-fumula uxhunywe ku-setshenziswa isimfonyo sobuso. Umoya-mpilo udonswa ethangini lo-moya-mpilo oxutshwe no-moya wemvelo kumshini wokuphefumula lapho uthunyelwa khona kusimfonyo bese uphefumulwa yisiguli. U-Sanne uthi phezu kokumpontshwa,0
train_isizulu_01262,AfriHate,but angilona ibhunu 😂 ##url,0
train_isizulu_02912,AfriHate,ayishuthwe inkomo . ##url,0
train_isizulu_01337,AfriHate,@username makubhejwe bhebhanani  ekuseni emini ntambhama makushe isende nesibumbu kunuke ##url,0
2621,vukuzenzele,"Ukubulawa kuka-Babita Deokaran, isikhulu esiphe zulu sezezimali eMnya ngweni weZempilo e-Gau teng, kuyisikhumbuzo esikhulu sobungozi obuba ndakanyekayo emzamweni wethu wokubambisana woku susa lesi sihlava emphakathini wethu.Ngesikhathi singakazi kahle hle",0
train_isizulu_02975,AfriHate,@username lidlelwani ididi ikhona inkomo ##url,0
2337,vukuzenzele,"njengezwekazi elilodwa, sikwazile ukutholela amazwe amaningi usizo ngezikweletu kanye nosizo lwezezimali zokubhekana ne-COVID-19 kanye nokuvuselelwa komnotho.Kodwa yize amazwe ase-Afrika aya kumazwe apheshe-ya kwezilwandle ukuyofuna ukwesekwa, saqala",0
800,vukuzenzele,"Ngosuku lwesibili lonyaka kowezi-2022, izwe labuka isigigaba esethusayo njengoba umlilo wawushisa wangqongqisa iPhalamende lezwe lakithi, ebangeni elingamamitha ayikhulu ukusuka lapho sasibuthene khona ukuyohlonipha okokugcina owayenguMbhishobhi omkhulu",0
2802,vukuzenzele,"Okunye okuyingqophamlando kufaka phakathi ukwenyuswa kwesilinganiso sezimvume semiklamo emisha yokuphehla ugesi saya kwi-100MW, lokho okuvumele le miklamo ukuthi ixhume kwisizinda bese ikwazi ukudayisela amakhasimende ugesi.",0
1176,vukuzenzele,"Isibonelo nje, abasebenzi enkampanini bangase bazi ukuthi inkampani ifolosa ngabantu abamnyama njengabanikazi-masheya noma izikhulu, kanti akunjalo, kusho uMadonsela.",0
380, ungqokloze intombi erenki eyisola ngokujola ,"USASHAQEKILE umphakathi waKwaSwayimane ngaphandle kwaseMgungundlovu emuva kwesigameko lapho isoka kuthiwa lifike erenki langqokloza intombi yalo ngesibhamu liyisola ngokujola nomunye usomatekisi.Kuthiwa uNksz Khule Buthelezi (24), osebenza kwesinye isitolo sokudla kule renki, izolo udutshulwe yisoka lakhe anengane nalo, okuthiwa bahilizisane nalo kwathi uma ebaleka lamdubula esiphundu.Kuvele ukuthi isoka liyimenenja erenki yaKwaSwayimane eseWartburg.Isolezwe lithole ngomthombo walo ozibonele ukuthi akekho obengasondela kumsolwa ngoba isibhamu ubesiphethe ngesandla elokhu ekhuluma.Kuthiwa ubelokhu eseduze kwesidumbu esinyakazisa ukwenza isiqiniseko sokuthi umbulele umufi.Ngaphambi kokuba adubule intombi kuthiwa uqale wajaha usomatekisi osekhulile amsola ngokujola nonina wengane. Kuthiwa usomatekisi ubalekile emva kwalokho umsolwa wabuyela kumufi wamdubula.Isolezwe lithole ngomunye umthombo ukuthi isimo bese simuncu erenki. Kuthiwa umsolwa ushiye umufi wathi usayobheka usomatekisi ukuze aqede ngaye bese eyozinikela emaphoyiseni.Okhulumela amaphoyisa KwaZulu-Natal, uLt Col Thulani Zwane, usiqinisekisile lesi sigameko wathi amaphoyisa aKwaSwayimane avule icala lokubulala.“Umsolwa oneminyaka engu-29 uboshelwe icala lokubulala nokutholwa ephethe isibhamu esingekho emthethweni. Uzovela enkantolo yaseNew Hanover kusasa (namhlanje) ngecala lesibhamu aphinde avele ngoLwesine ngelokubulala enkantolo efanayo,” kusho uZwane.Isolezwe lithinte umndeni kamufi, owesifazane ongazidalulanga igama uthe abekho abadala abangakwazi ukukhuluma ngalolu daba.Isolezwe lithole nokuthi bese kunesikhathi umufi ethandana nesoka. Umsolwa kuthiwa ukhulele erenki ngoba waqala ewasha izimoto, waba wumsizi wabashayeli njengoba bese ebheke umsebenzi. Kuthiwa ubelokhu ememeza ethi usomatekisi ojola nentombi yakhe umthathele ngoba enemali enamatekisi.",0
train_isizulu_00588,AfriHate,@username isisondele imonkey pox,0
174,vukuzenzele,"Ukuhwebelana namazwe amabili sekukhulile, ika khulukazi i-China ne-India, ngokuthengiswa kwempahla ephuma kuleli lizwe kanye nokulethwa kwempahla ekhi qizwe kula mazwe osekuqine kakhulu. Amazwe eqembu i-BRICS ayaqhubeka nokuba ngumthombo obalulekile",0
536,vukuzenzele,"imikhiqizo, ukupakisha imikhiqizo, kanye nokudayisa imikhiqizo.“Ukuzimela ngokwezimali yiyona kuphela into engasisiza ukuqeda isihlava sodlame olubhekiswe kubulili obuthile futhi lokho singakuthola ngokulima, phakathi kwezinye izinto,” kusho u-Dkt Zulu.",0
518,vukuzenzele,"izinkukhu kanye nezitshalo epulazini lakhe ngenhloso yokuhlomisa abanye besifazane ukuthi babe ngabalimi abathengisayo. U-Dkt Zulu (48), oneziqu zobudokotela kwezokudla okunomsoco, unepulazi elingamahektha angama-23 elise-Cullinan ngaphandle kwasePitoli,",0
593,vukuzenzele,"Esigabeni sesibili sili-ndele ukuthi lesi sibalo sibesikhulu kuna lokhu, njengoba uxhaso luzocishe lufinyelele kusigidigidi esisodwa samarandi lwesiNgenelelo soHlelo LukaMonga meli Lokuqasha Abantu Abasha.Njengengxenye yalokhu kungenelela, abantu abasha",0
2108,vukuzenzele,"Eminyakeni emithathu ezayo ezinye izigidigidi ezingamaR21 zithenjiswe yi-IDC, i-NEF kanye nezinye izikhungo ukuze kuzokwesekwa osozimboni abamnyama.",0
640, i anc izosindela ukuxega kwaphikisayo ,"PHEZU kokuba abahlaziyi bezepolitiki bethi i-ANC izophinde iwudle umhlanganiso okhethweni lukazwelonke okulindeleke ukuthi lube ngoMeyi nonyaka kodwa bathi akukho okusha okuvele kumhlahlandlela wokhetho othulwe nguMengameli Cyril Ramaphosa.URamaphosa uthule umqulu obugxile emfundweni yamahhala, ezempilo, ukufukula umnotho, ukwakha amathuba emisebenzi, ukubuyiswa komhlaba, ukulwa nobugebengu, ukuhlukunyezwa kwabesifazane nezingane nabakhubazekile, ukwehliswa kokubiza kwe-data, ukwakha izindlu, izikole, amadamu nezinye izethembiso.UMnuz Lukhona Mnguni waseNyuvesi yaKwaZulu-Natal, uthe akukho okusha okwethulwe kulo mqulu wokukhankasela ukhetho othulwe yi-ANC enkundleni yemidlalo iMoses Mabhida, eThekwini.Uthe ugxile ezintweni ebezivele zilindelwe okubalwa umhlaba, ezemfundo nezinye izethembiso.“Yizinto ezifanayo ezindala ezivele zikhona ngoba nasekufukulweni komnotho kubalwa indaba yeBhange loMbuso okuyinto esike yavela phambilini. Kwezomhlaba noma engalibekanga ngembaba elokuthi bazolusebenzisa uhlelo lokuthi umuntu adayise umhlaba ngoba ethanda kodwa bazolusebenzisa nakuba kuzochitshiyelwa isigatshana * -25 soMthethosisekelo ukuze kuthathwe umhlaba ngaphandle kwesinxephezelo,” kusho uMnguni.Uthe nendaba yokuthi kumele kusungulwe isikhungo soMbuso esikhiqiza amaphilisi nemithi akuyona into entsha ngoba nangesikhathi kuyiwa okhethweni lukazwelonke lwango-2014 ngenye yezinto eyayiseqhulwini.“Mayelana nendaba yemisebenzi siyehla isibalo semisebenzi abayithembisile njengoba ngonyaka uRamaphosa ethe kuzokwakhiwa engu-275 000 ngonyaka ekubeni owayengumengameli uJacob Zuma wayethembise engu-500 000 ngonyaka. Kukhulunywa nendaba yokuthi izitshudeni zithole ukuqeqeshwa kanjalo nokuthi singabe sisadingeka isipiliyoni kwizitshudeni ezisuke ziqede iziqu zizongena emazingeni aphansi eminyangweni kahulumeni.”Uthe njengoba i-ANC isiphathe iminyaka engu-25 kuhulumeni abantu abasabheki izethembiso basuke befuna ukwazi ukuthi kungani izethembiso ezindala zingafezwanga.“Kunongqongqoshe asebehlale iminyaka engu-20 kuhulumeni abantu bafuna ukwazi ukuthi kungani ezinye zezinto zingafezwanga. Yona i-ANC izoluwina ukhetho cishe ngaphezulu kuka-60% ngoba kukhona abantu abakholelwa kuRamaphosa siqu sakhe ukuthi angalihola izwe,” kusho uMnguni.USolwazi Bheki Mngomezulu, osophikweni lwezifundo zezepolitiki eNyuvesi yaseWestern Cape, uthe akukho okusha ngoba uMengameli ukhulume ngezinto ebezivele zilindelekile okubalwa umhlaba, amathuba emisebenzi, umnotho nomhlaba.Uthe ugxile kakhulu ekutheni intsha ithuthukiswa kanjani kanjalo nasemabhizinisni amancane.“Zona zizodwa angicabangi ukuthi zingabuyisa uzinzo eqenjni. Uma ubheka i-ANC isenhlanhleni ngoba amaqembu aphikisayo awaqinile kakhulu ukumisa kabi i-ANC,” kusho uMngomezulu.Uthe izokwazi ukuphinde idle umhlanganiso wathi akacabangi ukuthi ingawina ngamalengiso.",0
train_isizulu_00387,AfriHate,"why do we call yt people abelungu any way?!? abango malungu wesizalwane salomhlaba wethu, iafrika",0
train_isizulu_00370,AfriHate,senzo lumnka yaku bleksema ngamla ba awuna ngqondo,0
1503,vukuzenzele,"Izindawo zokudla ezingama-50 Eziphambili Emhlabeni Kwaba yindlela yokupheka ukudla kwesintu ngendlela yesimanjemanje okwamubeka ohlwini lwe-50 Next, unyaka nonyaka olubu ngaza abantu abangama 50 abaneminyaka engapha nsi kwama-35 ubudala abenza ezibukwayo",0
1223,vukuzenzele,"Esisebenzisana nabo empha kathini sebelethe izicelo eziningana zokungenelela ezi ngasiza ebuthakathakeni kwalabo abadla imbuya ngothi, iningi labo abaphila ngokusi-zwa ngumphakathi.",0
942,vukuzenzele,"ungezinye zezi-nyathelo eziza nohulumeni ukubhekana nesihlava esihambisana ne-GBV . Ngokusho kwe-NPA, onesikhalazo, isisulu, osindile noma ufakazi bazothintwa yizikhulu zenkantolo zalapho ezothula khona ubufakazi bakhe khona. Isikhulu senkantolo sizoba",0
train_isizulu_01300,AfriHate,"@username wenzani uganga, anokhuza mpongo nakhu libhubha mthengeleni imfene avelagibile ibe official lento uyaloya straight lona",0
701, undunankulu ukhuthazwe imibono ,"UNDUNANKULU waKwaZulu-Natal uMnuz Willies Mchunu uthi iyabakhuthaza imibono abayithola kubantu uma benza ucwaningo emphakathini, ngenhloso yokuthola ukuthi baphethe kanjani.Ethula inkulumo yakhe mayelana nesimo sesifundazwe, enkundleni yezemidlalo eRoyal Showgrounds eMgungundlovu, ngaphambi kokuthi axinwe ukugula, uMchunu uthe bathatha isinqumo sokuthi benze ucwaningo emphakathini, ukuze bafunde ukuthi ikuphi lapho bengenzi khona kahle.Uthe bakwenza lokhu ngoba bezibophezele ekutheni bashintshe impilo yabantu.“Siqale ukwenza lolu cwaningo ngo-2015. Siyajabula ukubika ukuthi manje sesiqede ucwaningo luka-2018 futhi siyisifundazwe sokuqala esibe nesibindi sathatha igxathu lokuthi siyekele umphakathi ukuba usihlole ukuthi sisebenza kanjani,” kusho uMchunu.Uthe okutholwe ucwaningo ukuthi u-39%, wabantu awugculisekile ngendlela abenza ngayo, wengeza ngokuthi * -61% ugculisekile. “Into abakhala ngayo kakhulu abantu abanxusa ukuthi isukumelwe, yindaba yokudala amathuba emisebenzi, ilandelwe indaba yezindlu, ukuthuthukiswa kwamakhona nezemfundo ezisezingeni,” kusho uMchunu.Uvumile ukuthi bewuhulumeni basahluleka ukudala amathuba emisebenzi.“Yize umnotho wethu ukhula kusukela kuqale isigaba sale Khabhinethi ekhona kodwa lokhu kukhula kuphansi uma kuqhathaniswa nokuhanjiswa kwezidingo ngendlela umphakathi olindele ngayo nokudala amathuba emisebenzi,” kusho uMchunu.Uthe okwamanje bangu-2.635 million abantu abangasebenzi eKZN uma kuqhathaniswa nabangu-2.536, abebengasebenzi ngesikhathi esifanayo ngonyaka odlule.UMchunu uthe kuyacaca ukuthi ukudala amathuba emisebenzi esikhathini esedlule akuzange kuhambe kahle. Uthe enye into evelile ocwaningweni abalwenza emphakathini wukuthi abantu bafuna ukuphepha lapho behlala khona.‘”Mayelana nobugebengu sibone bukhula kakhulu kulesi sikhathi esikuso futhi buphazamisa ezomnotho namabhizinisi, okukhathaza kakhulu ukuthi amacala okubulala aphezulu,’’ kusho uMchunu.Uthe bazishaya isifuba ngohlelo lwabo lwezempilo olwenza abantu baphile isikhathi eside.“Kuyasijabulisa ukuthi isikhathi esiphilwa ngabantu ngokujwayelekile sesisukile eminyakeni engu-56, saya ku-60, phakathi kuka-2015 no-2016.”Uthe babone nempumelelo ekulweni nengculuzi.",0
2174,vukuzenzele,"njengeyemukelekile ukubajezisa ngendlela efanayo,” kusho uTshepo.",0
2387,vukuzenzele,"Induna Ephethe Ithimba Lomsebenzi Wezokwelashwa uFezeka Mabona, ongumhle ngikazi oneziqu, uthi usebenza kanye namanye amalungu ethimba.",0
3504,vukuzenzele,"Ngenqubekela-phambili esi yenze Echwebeni laseThekwi ni, futhi ngamakhono avuse lelekile esinawo kwaTransnet , man je sesinamandla anele ukuthi siqhubekele phambili.",0
3498,vukuzenzele,Ngale ndlela yethu yenqubo yezinguquko ngokuhamba kwesikhathi sizothuthukisa indlela yokusebenza eqeqeshe kile emachwebeni ethu kanye nojantshi futhi nokuvula ngempumelelo utshalomali olukhulu olubhekelele ingqa lasizinda. Lokhu ngeke kwe hlise kuphela,0
1518,vukuzenzele,esibelethweni; engenanzalo; enabalingani abe-hlukene aya nabo oca nsini; ebhema ugwayi.“Ukuklebhuka kwesitho somzimba okubangelwa wukukhulelwa okungekho esibelethweni kuyisimo esingadlula nomphefu-mulo womuntu futhi esiyimbangela enkulu yok u-shona komama,0
3028,vukuzenzele,ukuze siqinisekise ukuphepha kwawo wonke umuntu ngesikhathi esemsebenzini .,0
2559,vukuzenzele,kwinhlolokhono yaBaqondi si-Jikelele kanye namaPhini aBaqondisi-Jikelele.,0
train_isizulu_02379,AfriHate,@username uyinja mavava suuuuka inkandla enhle ngoyiholela,0
train_isizulu_02499,AfriHate,lingode ndaba gqigqi kanzamela lebe liyabhakuza  shuqulu kazibalwa zibalwa abazaziyo  nomasikisiki  nyoni esindwa yisila sayo wena owadela izinkomo  wathenga amadoda  ngoba ayakusebenzela  lingode ka-ndaba ##url,0
test_isizulu_00556,AfriHate,baqinsile udadwethu ubongi jiyane sdudla esinganga. nomamami unomzimba udlula boke bakwabo. @username .,0
dev_isizulu_00608,AfriHate,ongwaneso bakhuluma amakrokokroko esizulu ##url,0
dev_isizulu_00485,AfriHate,@username 😂😂😂😂 inhloko ye nyoni?,0
16,vukuzenzele,Ukuthi uyazi kumele wenzeni uma unezimpawu ezifana nezomkhuhlane.,0
1281,vukuzenzele,"“Ngesikhathi ngiqeda ukwazi ngoxhaso lwe-NSFAS, ngangazi ukuthi luzongiholela lapho ngifuna ukuya khona ekubeni ngunjiniyela, kusho yena.",0
train_isizulu_03010,AfriHate,"""scabha sedeepfrezzer kanyoko""😂😂😂😂😂😂😂😂",0
1365,vukuzenzele,"Amadolobhakazi ethu, amadolobha nezindawo zasemakhaya zisahlukaniswe ngokobuhlanga nangokwe zinga lempilo. Lokhu kuqeda amandla okusebenzisana kanye nokuqondisisa, futhi kuphazamisa umsebenzi esesiwuqalile wokwakha umphakathi ongacwasani ngokobuhlanga.",0
3324,vukuzenzele,"Uma omunye woma khelwane engeke aha mbe, bacele ukuba baku bhekele indlu yakho.",0
3478,vukuzenzele,"Ngakolunye uhlangothi, uma ichweba lisebenza kahle liholela ekukhuleni komnotho futhi libeke izwe lakithi eku theni libe yintuba yokungene la esifundeni kanye nasezwe kazini.",0
train_isizulu_01335,AfriHate,"@username ngithatha mjay ntombela ngaka mazithanqaza, sphiwe shezi ngaka nyoni e fourty, my son sboniso eka mkhizwane kwashangase. ngise cato ridge endaweni yakwaximba ngase mdepha high school kazwane #indonsa",0
train_isizulu_00413,AfriHate,"@username thina mazulu basibona singelutho,kanti yithina isizwe esikhulu nesidala kulelizwe,sifela ukubangamazulu kasifunwamuntu lana.",0
450,vukuzenzele,"Amalungu omphakathi ayacelwa ukuba asebenzise amamitha amanzi ukuhlola ukuconsa kwamanzi okungabikiwe. Funda imitha yamanzi ngaphambi futhi ngemuva kwesikhathi esingamahora amabili, uma engekho amanzi aseke asetshenziswa. Uma imitha yamanzi ingasafani,",0
test_isizulu_00509,AfriHate,"@username thina mazulu siyacwasana kakhulukaz uma usebenza office mhlampe kwahr omunye umunt umbon engeluth,nguwe umuntu@username ",0
663,vukuzenzele,"unethemba lokuthi imishini yokuphefumula eyizi20 000 izokhiqizwa ezinyangeni ezizayo. Isikhwama Sobumbano sizinikele ngoxhasomali oluzosiza ekutholeni imishini yokuphefumu-la engama-200, ezonikezelwa ezibhedlela ezi-yidingayo.Izwe laseMe-lika selinikele",0
3035,vukuzenzele,Sibambe Ingqungquthela Yotshalomali yokuqala ngowezi-2018 njengengxe nye yomkhankaso wethu wokuqongelela imali eli nganiselwa kwisigidigidi esi-R1.2 kutshalomali olu sha eminyakeni emihla nu. Ingqungquthela ibitha nyelwe yizithunywa ezi ngaphezulu,0
1310,vukuzenzele,Ukuphasiswa kwale mithetho emisha kuyisinyathelo esiya phambili kule ndlela. Kodwa akusisona isixazululo. Kumele silunqande udlame kanye nokuhlukumeza kungenzeki kwasekuqaleni.,0
1347,vukuzenzele,"njalo u mntwana wakho uma ku shisa.Umbuzo: Ngingaqala nini ukumnika okunye ukudla?Impendulo: Emva kwezi nyanga eziyisithupha, qhubeka nokumncelisa ibele njengakuqala, kodwa wengeze nokunye ukudla.",0
274, izifundiswa zisabisa ngokuduba ukhetho ,"ABEBEYIZITSHUDENI asebehlale isikhathi eside bengaqashwa emuva kokuphothula izifundo zabo basabisa ngokungazibandakanyi ezinhlelweni zokuvota ngoba bekhala ngokunganakwa.Laba abebeyizitshudeni abebevela ezindaweni ezahlukene KwaZulu-Natal, bamashele eCity Hall eThekwini beyozwakalisa ukukhathazeka kwabo ngokungaqashwa kwabo yize sebephothule izifundo zabo. Bathe bazimisele nangokuba nokhukhulela- ngoqo wemashi ozoba sezifundazweni ezahlukene bezwakalise ilaka labo ngokungaqashwa.Baveze ukuthi abanye babo sebeneziqu ngazimbili kodwa bahleli emakhaya abasebenzi.UMnuz Nkulululeko Ndlovu, ongomunye walaba ophothule izifundo zakhe ze-Accounting ngo-2016, uthe njengoba befuna ukuqashwa ababhekisile kuphela kuhulumeni wakuleli kodwa bafuna nezinkampani ezizimele zazi ukuthi abaneme ngokuhlala emakhaya bengayitholi imisebenzi.ABAFUNDI asebephothula iziqu zabo emkhakheni ehlukene bathi bakhathele ukwenza ama-internship. Isithombe: GCINA NDWALANEUNdlovu uthe babhekise nakumaqembu ezepolitiki athe enza izethembiso eziningi ngesikhathi efuna ukuvotelwa kodwa kuze kube manje alikho iqembu lezepolitiki elishoyo ukuthi kuzokwenziwani ngenqwaba yezifundiswa ezingaqashiwe.“Besilokhu sikhuthazwa ukuthi sifunde, safunda njengoba kushiwo kodwa manje imisebenzi asiyitholi futhi akukho okwenziwayo ukukhombisa ukuthi isimo sizoshintsha,” kusho uNdlovu.Ungomunye wabathole izikhala zokufundela umsebenzi nokulindeleke ukuthi bayeke ekupheleni kwale nyanga ngoba sekuphele isikhathi sokuqeqeshwa kwabo.Befunda uhlu lwezikhalazo zabo, bathe bafuna kuqedwe imibandela yokufundela umsebenzi njengoba bethe abantu banikwa unyaka owodwa bese bethi uma sebefuna umsebenzi kuthiwe kufuneka abantu asebesebenze iminyaka emithathu. Bakhale nangokuthi banikwa imali encane uma bethole izikhala zokufundela umsebenzi. Bathe uma sebephothule ukufundela umsebenzi bashiywa kanjalo, bangaqashwa.‘Singabantu abasha abahluphekile asebethule isikhathi eside...”ZINXENXA abanye abahlezi emakhaya neziqu zabo izifundiswa ezingene emgwaqeni namajazi azo zayigxoba namhlanje eThekwini zikhalaza ngokungaqashwa.Video:@Mcebo_Khubapic.twitter.com/T26IRR4plO— Isolezwe Newspaper (@IsolezweNews)July 3, 2018UNksz Portia Mthombeni, owenze izifundo zePsychology esikhungweni semfundo ephakeme i-University of KwaZulu-Natal, uthe usechithe iminyaka emibili engasebenzi. Uthe okubuhlungu ukuthi abanye babo banemindeni ebheke bona ikakhulu uma sebethole izikhala zokufundela umsebenzi. Kuba yinkinga uma sebeyekile, sebengasatholi mali.Umeluleki weMeya yeTheku, uMnuz Mlungisi Ntombela, uthe bazozibheka izikhalo zabebeyizitshudeni bese bezidlulisela eminyangweni efanele.",0
train_isizulu_01025,AfriHate,engabe sebephelile o compliments of the what what emsebenzini because bekumele ngivule izolo kodwa angiyanga... nanamhlanje ngisahlabe yona ingulube,0
721,vukuzenzele,"ukuvinje-lwa kokudayiswa kwemikhiqizo yogwayi esigabeni sesine. Isi-nqumo esifana nalesi kulindele-kile ukuthi silethe impikiswano, kodwa akukuhle ukucabanga ukuthi kunoNgqongqoshe noma uMongameli owenza noma osho noma yini afuna ukuyisho ngalo-lu",0
10,vukuzenzele,"“Okungakaqinisekiswa yilokho esikutshelwa ngososayensi bethu ukuthi umxhantela wegciwane omusha uzofika ngomxha ntela omusha oteketiswa ngelikaPi, ozofuna ukusabalala ngesivinini futhi wehlule namasotsha omzimba aqinile. Kodwa kulesi sigaba,",0
3087,vukuzenzele,"Uma ufuna ukuba ngumhlengikazi wezilwane, ungavumeli ukwesaba noma ukuswela ulwazi kukunqande ekukuzameni nasekukuthokozeleni ngoba kuzoshintsha impilo yakho ngendlela engcono,” kusho uMthimkhulu.",0
1472,vukuzenzele,"ukuthi ziqale ukusebenza, lokho okuzokwehlisa ingcindezi kagesi. Ngasikhathi sinye, abezomthetho basebenza ngokuzikhandla ukubhe kana nokucekelwa phansi, ukwebiwa kanye noku khwabanisa e-Eskom ukuze kuzobhekwana nenkinga edalwa izenzo zalezi zigilamkhuba",0
306,vukuzenzele,"se-ECD kubalulekile ngoba izi khungo zokuthuthukiswa kwabantwana zidlala indima ebalulekile eku thuthukisweni kwesizwe sakithi. Lezi zikhungo ziyatholakala kuzo zonke izigodi, amadolobha kanye namadolobhakazi ezweni lonke. Eziningi zaqalwa ngabesifazane",0
3288,vukuzenzele,"Isifo senhliziyo, amaphe-senti ayi-11 Ukukhuluphala ngokwe-qile, amaphesenti ayi-13 Isifo sofuba, amaphesenti ayi-13 Isifo somdlavuza, amaphe-senti amabili Okunye ukugula okuyi-mbelesela, amaphesenti ayi-16.U-Mohammed uthi ukwe-saba kwakhe okukhulu",0
3538,vukuzenzele,izinkulungwane eziyishumi zabantu.Wonke umgomo osetshenzisiwe ohlelweni lokugoma abantu abaningi eNingizimu Afrika kumele ugunyazwe ukusetshenziswa inhlangano Yeziphathimandla Ezilawula Imikhiqizo Yezempilo eNingizimu Afrika i-South Afri-can Health,0
train_isizulu_02230,AfriHate,"@username akathumele enye imfene, uzoyidla nayo🤣🤣 ##url",0
train_isizulu_02155,AfriHate,@username it's a scare tactic. behlulwa ukudubula amabhunu bethi balwela izwe. nobaba wenu uke wasethusa eveza izithombe ezinesibhamu ekhombile. we are not scared. looters have no place in our society.,0
2167,vukuzenzele,"Ukuhlaselwa kwabantu be sifazane kuyaqhubeka nokuba yinto ejwayelekile, noma ku njalo, futhi-ke uTshepo wayeya ngokukhathazeka ngalokhu.",0
train_isizulu_00639,AfriHate,“ngicela ungidonsisa u 2 pulls” kusho intombi wena sdomu ocabanga ukuyikhiphela izinkomo zakini withele nge nyongo😳…,0
2797,vukuzenzele,"Siphinde sabuyisela uhlelo lweBlue Drop, olweGreen Drop kanye nolweNo Drop okokuqala ngqa kusukela ngowezi-2014 ukuqinisekisa ukuqapha kangcono amanzi kanye nomgangatho wokuhlanzwa kwamanzi angcolile. Sishicilele futhi sabuyekeza uHlu Lwamakhono",0
train_isizulu_02111,AfriHate,yona lento yokuphatha sengisholo ukuba neskhundla iyadinga sengathi ungakufundela.. ay kuvele kuthathwe imfene izidlela ofezela besizonikezwa isikhundla sokuhola umnyango othize,0
1791,vukuzenzele,Isifo se-Legionnaires siyinyumoniya ebucayi kakhulu.,0
2827,vukuzenzele,luhlinzekwe nguMnyango Wezobulungiswa Nokuthuthukiswa KoMthethosisekelo,0
1478,vukuzenzele,"kufanele ukuthi sisebenze kakhulu futhi ngokuphuthuma.Asikho isizathu esenza ukuba izwe elifana nelethu – elinamakhono, amandla kanye nezinsiza esinazo – kufanele libhekane nokuswelakala kogesi.Emavikini ambalwa edlule, besisebenzisana noNgqongqoshe",0
train_isizulu_02541,AfriHate,mara whyyyy...kuhhu kuthi moghel wazigwegwa ngathi ingulube 😢😰#ltdwithsomizi ##url,0
734,vukuzenzele,Ukuhlukunyezwa ngoko cansi: Uma isisulu sidlwe ngulwa noma siphoqwa ukuthi senze noma sibukele okuphathelene nocansi okwe hlisa isithunzi.,0
3096,vukuzenzele,"Sizophinde sisize i-HWSETA ekuphatheni imifundaze, ezokhishelwa abafundi bezesayensi yokulashwa kwezilwane abasonyakeni wokuqala abavela emaqoqweni aqokiwe,” kusho u-Chris van Blerk, iNhloko Yezokuxhumana Nezemithombo Yezindaba kwiSigaba Semfundo",0
3229,vukuzenzele,"Ukusabalala kwegciwane le-co rona, okubangela isifo esaziwa nge-COVID-19, sekudlondlobale ngokushesha okuyisimanga, njengamanje selithathwa njengobhubhane emhlabeni-jikelele. Lolu bhubhane alukhethe ndawo namngcele, seluhlasele abancane nabadala,",0
train_isizulu_00266,AfriHate,uzobhebheka ke yaz umamlambo,0
2279,vukuzenzele,"Lo Mthetho ubeka izimiso zokuthi ifa kumele labiwe kanjani. Labelwa izihlobo zegazi kuqala, ngendlela ethile yokulandelana:",0
1810,vukuzenzele,"Njengoba kuvuke amahlazo amaningi abandakanya abasebenzi bakahulumeni abazuze ngokungemthetho, umsebenzi uzoba nzima futhi uzothatha isikhathi esijana.",0
test_isizulu_00514,AfriHate,"thula slima , ufukamele inja endlini",0
train_isizulu_01379,AfriHate,"ngyabathanda ocheese girl, bamoja",0
156, uthuse abantu umfundisi onenqwaba yezintombi ,"WETHUSE abaningi umfundisi webandla labasindisiwe evuma emsakazweni Ukhozi FM ukuthi unoxhaxha lwezintombi ngaphakathi ebandleni.Unamakhosikazi amabili futhi kulezi zintombi ezikhona, uhlela ukukhetha ezintathu azozishada ngo-Okthoba kulo nyaka.Lo mfundisi odume ngelika King Prophet Sazi Ndwandwe webandla iHealing Hour Emmanuel Global Ministries, ingxoxo yakhe nomsakazi walo msakazo, uNomfundo Mkhize, isisabalele ezinkundleni zokuxhumana kanti abantu abawuvali umlomo, ngisho abangabazalwane baleli bandla.Leli bandla linamagatsha amaningi KwaZulu-Natal okubalwa kuwo KwaNongoma, eThekwini, Mtubatuba, oLundi, Ophongolo naseMnambithi.Ekhuluma neSolezwe ngoMgqibelo, uNdwandwe uzwakale emangala ngabanenkinga ngendlela aziphatha ngayo. Uthi akuyona imfihlo ukuthi unenqwaba yezintombi ebandleni, nangaphandle kwasebandleni uthi unazo.“Mina uma ngibone intombi ngayithanda, ngiyayitshela bese kuya ngokuthi siphathana kanjani nayo.“Uma sengibona sesithandana ukuthi ayiziphethe kahle, siyahlukana.“Nginazo zona izintombi futhi ngilungiselela ukuthatha ezintathu, zibe ngamakhosikazi ami ungakashayi u-Okthoba kulo nyaka.”Uthe kulezi zintombi zikhona ezisagcwele mpu nezinye ezingasaphelele. “Abangakathintwa, nami angibenzi lutho.“Ngibagcinela umshado kanti asebethintiwe, nami ngiyaqhubeka nokubathinta ngoba sebeyayazi indoda. Uma ngibagcina bazoqhubeka nokuthintwa ngabanye abafana ngasese.”Echaza ukuthi kungani enesithembu futhi ehlobonga nabanye abantu besifazane ekubeni engumfundisi osindisiwe, uNdwandwe uthe yena akafuni ukuphila impilo yamanga njengabanye abefundisi.“Mina ngiyindoda yomZulu. Abanye bakholelwa ukuthi uNkulunkulu okupha umfazi, mina ngineso lokubona umfazi wami.“Izishimane ezithi ziyaboniswa. Yizo lezi ezijola emakhoneni, zilalane bese kukhishwa nezisu. Mina ngiyinsizwa yomZulu esakhuzela uma ibona intombi eyithandayo.”Uthe nasemandulo kunamadoda kaNkulunkulu ayenenqwaba yezancinza.“Mina angiholwa yizwi kodwa ngilandela umgomo wakwaNdwandwe. Mina nganikezwa izwe kwathiwa angibuse kulo.”UNdwandwe uthe iningi labazalwane liyamjabulela ngoba wenza umehluko ezimpilweni zabo.Kodwa ngesikhathi leli phephandaba likhuluma namanye amalungu aleli bandla, asho okwehlukile.“Abanye bethu abaneme neze ngoba sikhonza namadodakazi ethu.Njengoba siyibandla labasindisiwe nje, akuzwakali kahle ukuthi umfundisi wethu unesithembu futhi aphinde abe noxhaxha lwezintombi.”Ukuthola ukuphawula kwamakhosikazi kaNdwandwe kugcine kungaphumelelanga.",0
test_isizulu_00160,AfriHate,@username walokhu umrs nje sisi usuli divose nini ibhunu??,0
train_isizulu_00596,AfriHate,😂😂😂 ngamla 😂😂😂😂😂😂😂😂😂😂😂 ##url,0
3472,vukuzenzele,kanye namakinati: nokuyinto ekhombisa kahle kamhlophe ukuthi ukuba nebhizinisi kuyinto yase khaya.,0
train_isizulu_02337,AfriHate,amaqabane ajabulile ✊ @ ngamla guest house ##url,0
3127,vukuzenzele,"mile, izikebhe ezimbili ezido nsa ezinye zisebenza nda wonye, futhi ngasinye sipho thula cishe imisebenzi eyi sishiyagalombili. Bese emva kwalokho, kufanele siqedele wonke umsebenzi obhaliwe.",0
test_isizulu_00434,AfriHate,wola ngamla😂😂🙏🙏💪🏾💪🏾💪🏾💪🏾 #isibaya,0
2607,vukuzenzele,"Njengoba senza ngesikhathi kuqala lolu bhubhane, sihlanganyele ezingxoxweni nabo bonke ababambiqhaza bomphakathi, amabhizinisi, ezabasebenzi kanye nomphakathi ukubona ukuthi yiziphi izinyathelo ezingasimamisa ezezimali esingazethula ukweseka ama bhizinisi",0
3461,vukuzenzele,"Njengoba isikhathi samaqubu la omlilo sisondele, uMokoe na usinikeze izixwayiso ezi landelayo zokuvikela umlilo wequbula: Ungashisi umlilo endaweni evulelekile uma uzohlulwa ukuwulawula.",0
train_isizulu_01742,AfriHate,woza wena sdudla ugibele phezulu kwam' ##url,0
test_isizulu_00295,AfriHate,bhebha kulo nurse .. ufuna kuk’fumbathisa i-sex ##url,0
2448,vukuzenzele,"kwemisebenzi ezizosiza bona, nemiphakathi yabo. Ngesikhathi esifanayo, ngiphosela inselele intsha yezwe lakithi ukusungula nokuqamba izinhlelo ezizo-sisiza ukufezekisa amaphupho ethu okuthuthuka.Ngowe-1961, i-Cuba eguquki-leyo yathumela ibutho la-bafundi",0
1013,vukuzenzele,"Ngaso leso sikhathi, abezindaba bayibhizinisi elehlukile kunoma imuphi umphakathi ngenxa yokuthi abasebenza kulona bafezekisa indima ebaluleke kakhulu kwintando yeningi labantu.",0
561,vukuzenzele,"U-Vadi uqinisekisile ukuthi isifundazwe sizoqhubeka noku sebenzisa ezobuchwepheshe besimanjemanje, ucwaningo nentuthuko ukuthuthukisa isifundazwe esisebenzisa ezobu chwepheshe esizophucula futhi senze kube lula ukufinyelela kwezokuthutha.",0
907,vukuzenzele,"ngonyaka wezi-2016 futhi wabashaya bonke emakha nda abafundi ayefunda nabo ekilasini lakhe, kodwa wabe enganakho okungamusiza ukuthi akhokhele izifundo zakhe. Waye wafaka ngempu melelo isicelo soxhasomali luka-NSFAS ukuze axhaseke ngonyaka wokufunda",0
dev_isizulu_00627,AfriHate,ngeke uyikhiphe ingulube odakeni 😆,0
1707,vukuzenzele,"wokulima omkhulu kakhulu ngenxa yezinguquko ekusetshe nzisweni komhlaba.Uma sibheka umlando wethu, ukunweba ukufinyelela emhlabeni wokulima imikhiqizo ezothengiswa nokulimela ukuziphilisa kuyinto eseqhulwini kuzwelonke.Yize uhlelo lokuguqulwa komhlaba",0
train_isizulu_00626,AfriHate,"lol khuphuka lapho sdudla ungangenzi islima ukhuphuka kamnandi usdudla kulevideo osdudla ngisho belimele bayayithanda lento zidudla ngyanivuma🤣🤣🤣🤣🤣🤣🤣🤣 @ diepkloof zone 5, soweto ##url",0
1519,vukuzenzele,"ezinyangeni zokukhulelwa ezintathu zokuqala. Izehlakalo zoku sabalala kokukhulelwa okungekho esibelethweni cishe zingamaphesenti ama-bili esibalweni sabantu uma sebebonke,” kusho uDkt. Mhlari.",0
359, udilikajele kowabanjwa edlwengula umfana ,"UGWETSHWE udilikajele olahlwe yicala lokudlwengula umfana oneminyaka eyisikhombisa eNtshanga. Inkantolo yesiFunda eCamperdown igwebe indoda eneminyaka ewu-33 ngecala lokudlwengula.Kuthiwa lesi sigameko sabikwa esiteshini samaphoyisa eNtshanga ngemuva kokuthi lo mfana edlwenguliwe ngoMeyi 2016.NgoMeyi 2, 2016 umgilwa waficwa wumdlwenguli eyedwa kubo unina engekho, wamgila imikhuba. Umdlwenguli wabanjwa ngamalungu omphakathi esadlwengula umgilwa, abiza amaphoyisa. Kwavulwa icala lokudlwengula esiteshini samaphoyisa eNtshanga. Icala ladluliselwa ophikweni oluphenya amacala odlame lomndeni, ukuvikelwa kwezingane namacala ocansi ukuze aliphenye.Khonamanjalo inkantolo yesiFunda eMpangeni igwebe uJulio Mapsangane (38) iminyaka engu 10 ngokudlwengula owesifazane oneminyaka engu-55 eMpangeni.Kuvele ukuthi ngo-Okthoba 14, 2017 umgilwa wayephuza eGxigxi, eMpangeni, nabangani bakhe ngemuva kwesikhathi wazumeka walala wabe esedlwengulwa. Kwavulwa icala ladluliselwa ophikweni oluphenya ngamacala odlame lomndeni, ukuvikelwa kwezingane namacala ocansi eMpangeni. UMapsangane waboshwa ngecala lokudlwengula.",0
test_isizulu_00071,AfriHate,nayi ingulube isidla custard madoda ....badlala nge sperm la kuwe bona manje kwazala inkuntsela ye tyhagi ##url,0
1195,vukuzenzele,I-Fusion Centre yayi sungulwe ngenhloso yokuphenya inkohlakalo ekuthengweni kwempa hla yeCOVID-19 .,0
train_isizulu_01004,AfriHate,"uyanya ke manje rt @username : yeka indlwabu wenja ""@username : umqala ubuhlungu ngathi nginyelile yazi""",0
2669,vukuzenzele,"lakhe, uMabitsela wavula icala ngokwebiwa kukamazisi wakhe kuMbu tho Wamaphoyisa aseNingi zimu Afrika (i-SAPS). Kwakumele abhale incwadi efungelwe echaza kabanzi ngokulahleka kukamazisi wakhe futhi kwakumele ukuthi ayihambise kulabo okwakuvulwe izikweletu",0
71,vukuzenzele,"UMqondisi Wezokuhlo- la ku-DPME, uJabu Mathe, uthe inhlosongqangi yoku- hlola wukuhlola ukuthi ingabe i-NSNP iqaliswa ngendlela engaholela em- phumeleni omuhle ozohlo- mulisa abafundi maqondana nezempilo kanye nezemfu- ndo.",0
3299,vukuzenzele,"futhi abona ngayo impilo.“Uwubonga kakhulu umndeni wakho kanye ne-zinto ezincane empilweni. Ngiyafisa sengathi abantu kunoma yiyiphi indawo yokusebenza bengathatha isibopho ngempilo yabo futhi bafundise imindeni yabo kanye nabantwana, ikakhu-lukazi",0
3535,vukuzenzele,ukunqanda ukubhebhetheka kwe-COVID-19?Kunobufakazi obunzulu bososayensi obeseka ukuthi ukugoma kuyiyona ndlela ehamba phambili yokuzi-vikela ekwesulelekeni okudla lubi.,0
test_isizulu_00506,AfriHate,@username uyinja kabi wena,0
train_isizulu_00591,AfriHate,indlela engozela ngayo kwa mlungu ngisola ukuthi kukhona abangi sebenzisayo ebsuku kodwa imina ongazi,0
498, kudume amakhanda befelwa yizinkomo ezidle ushevu ,"ZIKHIHLA esikaNandi izakhamuzi zaseNkunzi, eMnambithi, ezifelwe yizinkomo ezidle ushevu okuthiwa uthelwe wumuntu ongaziwa edlelweni zasala ziqumbile. Zibalelwa ku-20 sezizonke izinkomo ezifile nembuzi nayo okuthiwa ikhothe endaweni efanayo yaqumba.Abanikazi bazo bathi bafe olwembiza ngokufelwa yizinkomo, bathi basazibuza ukuthi ubebazondeni othele ushevu edlelweni ngoba le nto iyaqala ukwenzeka.UMnuz Nkili Mavimbela, uthe ezakhe ziwu-9 ezifile. Uthi kuvele kwaduma ikhanda ngoba izinkomo uzithatha njengensika yekhaya lakhe.“Uma unezinkomo uyakwazi ukuthi uma kukhona okuvelayo udayise inkomo upheshe leso sikweletu. Ngifuyile impela ngoba kukhona nezamadodana ami asekhulile, manje le nto isibuyisela emuva,’’ kubalisa uMavimbela.UMnuz Nkosenye Mazibuko naye obeklabise ezakhe izinkomo endaweni efanayo, uthe kufe ezingu-6.“Sithole ukuthi kukhona umuntu ochithe ukudla kwezinkomo okuthakwe noshevu ngoba uma inkomo idlile bekungathathi isikhathi eside ibonakale ingqasha iwa phansi. Iwusizo inkomo thina singabantu sigcina amasiko sihlabe kube nemisebenzi,’’ kuchaza uMazibuko ngokukhathazeka.Bathe umasipala wendawo ufikile uzobheka isimo kwatholakala ukuthi sekuvele konakele kodwa bazigqiba izinkomo ezinye bazithatha zayohlolwa.Okhulumela uMnyango wezoLimo KwaZulu-Natal, uNkk Phathisa Mfuyo, uthe bawutholile umbiko bawathatha amasampula ukuyohlola ukuthi yini edliwe yizinkomo.",0
train_isizulu_00183,AfriHate,@username ingulube yoqobo 😂,0
2854,vukuzenzele,UNgaleka uchaza ukuthi ukutshala imifino kunezi- nselele zako.,0
682, omakhelwane baphawula ngokufa kwabathathu eflethini ethekwini ,"USIZWE wukuphuma ngewindi owesilisa osindile esigamekweni okushone kuso abantu abathathu, abahlanu balimala kanzima efulethini elisenkabeni yedolobha iTheku emgwaqweni uBurger izolo emini.Lona wesilisa osindile kuthiwa uthole imihuzukwana okukholakala ukuthi idalwe ukuwa esuka esitezi sokuqala phezulu ewela phansi kuleli fulethi eliseduze neNkantolo eNkulu yaseThekwini ngaseMtateni.Abathathu abashonile kuthiwa bashonele endaweni yesigameko, kwathi labo abalimele baphuthunyiswa esibhedlela isimo sabo sisibi.Amaphoyisa athi asola ingxabano njengembangela eholele kulesisehlakalo.Isolezwe lithole ukuthi omunye wabantu abayisishiyagalolunye, abebekhona endlini uyiphoyisa loMkhandlu weTheku.Kodwa okwamanje akucaci ukuthi umsolwa ngubani kuleli cala.Ngesikhathi ithimba leSolezwe lifika kule ndawo emini, abantu bebemi izixongololo kugcwele namaphoyisa, indawo yesehlakalo isihenqwe ngentambo.Okhulumela amaphoyisa oMkhandlu weTheku, uSenior Superintendent Parbhoo Sewpersad uthe amaphoyisa omkhandlu abikelwe ngalesi sigameko, kwathiwa kunokuqhuma kwezibhamu efulethini elisemgwaqweni uYusufDadoo.“Uma amaphoyisa efika kuleli fulethi athole ukuthi bekunabantu abayisishiyagalolunye endlini, abathathu bashonile, abahlanu balimele, oyedwa usindile,” kusho uSewpersad.FUNDA:Kufe abathathu kuxabana abangani eflethini eThekwiniUthe okwamanje imbangela yalokhu kudubula ibingakaziwa kodwa bakholwa ukuthi ingxabano eholele kulesi sehlakalo.“Amalungu omphakathi abekwenye indlu asitshele ukuthi kube nengxabano kule ndlu okwenzeke kuyo isigameko, abe esezwa ukuqhuma kwesibhamu,” kusho uSewpersad.Ukuqinisekisile ukuthi omunye wabantu abebephakathi kule ndlu uyiphoyisa lomkhandlu weTheku.“Omunye wabantu abebekhona endlini bekuyiphoyisa ebelingekho emsebenzini,” kusho uSewpersad.Uthe okwamanje ngeke baze bakuqinisekise ukuthi ngubani umsolwa kuleli cala.Kodwa amalungu omphakathi akhulume neSolezwe nacele ukuthi angadalulwa athe, ezwe kuthiwa umuntu odubule abantu uyiphoyisa.“Engathi leli phoyisa lixabane nowesifazane labe selidubula abantu abebesendlini, nalo labe seliyazidubula,” kusho ilungu lo mphakathi.Lithe ukhona owesilisa osindile kulesi sehlakalo.“Sizwe kuthiwa isibhamu okusolakala ukuthi isona esisetshenziswe kulesi sehlakalo sitholakale emagcekeni aseNkantolo eNkulu yaseThekwini lapho kupakwa khona izimoto, silahlwe khona,” kuqhuba leli lungu lo mphakathi.Elinye ilungu lo mphakathi nalo elicele ukuthi lingadalulwa lithe, lizwe kuthiwa omunye wesilisa olimele, udubuleke emqaleni.“Uma sizwa kuthiwa bekuphuzwa lapha endlini kwabe sekuyaxatshanwa nokuholele ekutheni kugcine sekuqhuma isibhamu,” kusho leli lungu lomphakathi.Umakhelwane uthe leli phoyisa belithanda ukuvakashelwa endlini yalo liphuzise abantu utshwala.“Kodwa belinenhliziyo encane uma selidakiwe,” kusho umakhelwane.Khonamanjalo, kubikwa ukuthi oyedwa wabadutshuliwe kugcine kumenele ngoNgoLwesibili. Udaba oluphelele ephephandabeni lakho ngoLwesithathu.",0
2632,vukuzenzele,"Uma ngabe ufakazi uthola izinsongo ngempilo yakhe noma ezizwa engaphephile, kumele azise abaphenyi bese efaka isicelo sokwamukelwa kulolu hlelo. Lolu hlelo olu-yimpumelelo ludlale indima emqoka ekushushiseni okuyimpumelelo selokhu lwasungulwa,",0
train_isizulu_00027,AfriHate,"@username imikhonzo=celiwe duma, mbongwa smelane,ngwenya beyidonsa,imfene iyandiza,mxolisi mthombeni,mxolisi mthombe frm mthombo njom",0
5,vukuzenzele,Sisalokhu singaphansi kwama-50% wabantu abadala asebethole okungenani umjovo owodwa kanti lokho akukuhle neze.,0
1498,vukuzenzele,"Ukuze kutholakale ulwazi oluthe xaxa, amalungu omphakathi angashayela Isikhungo Sikazwelonke Sezifo Ezithelelanayo (NICD) Esikhungweni Sabo Sezimo Eziphuthumayo ngesikhathi samahora omsebenzi kule nombolo: 011 386 2000.",0
2094,vukuzenzele,"Uhulumeni wesikhathi sobandlululo wenza ngamabomu wakha umnotho ohlanekezelwe owawakhe lwe ukuthi kuzuze abantu abamhlophe. Iningi labantu baseNingizimu Afrika babekhishwe inyumbazane emnothweni, nosomabhizinisi babevaleleke ekubeni nezitolo ezincane",0
dev_isizulu_00327,AfriHate,"dudlu madolo kanyoko, angthuki wena ngithuka uthando. ngikuthanda ngaphambili ngoba ngemumva syafana",0
2963,vukuzenzele,"A – Amathambo, amalunga, iqolo okubuhlungu kanye nokuphuka kalula.",0
629,vukuzenzele,Ikakhulukazi ngamadoda adlwengulayo. Ngamadoda ikakhulukazi angababhebhezeli bodlame lwasekhaya.,0
1081,vukuzenzele,"Ukukhula kwamathuba emisebenzi, kanjalo nezi nye izimpawu ezibuyisa ithemba zokuvuka komno tho, kufanele zisigqugquzele ukuphokophelela pha mbili nezinguquko futhi siqalise ukusebenza koHlelo Lokwakha Kabusha Noku vuselela Umnotho ukuze sizovula indlela",0
3356,vukuzenzele,"ukuphefu-mula engaphezu kwezi-10 000 ezosiza lelo qeqebana kuphela. Kanti konke lokhu kuyingxenye yalezi zinto uhulumeni azama ukuzigwema. Siyethemba ukuthi abantu bazobona kuyisiza-thu esihle ukuyeka ukubhema,” kusho yena.",0
3085,vukuzenzele,"zilimele nalapho zigula, okufana nemisebenzi ehlinzekwa wudokotela lapho elapha abantu. Abahle ngikazi bezilwane babalulekile emathimbeni omsebenzi wabelaphi bezilwane, kusho uMthimkhulu.",0
2341,vukuzenzele,"ukuba nenanibantu elikhulu ezwenikazi eseligomile uma kuphela unyaka wezi-2021 ukuze sizogoma inani elanele labantu.Sisebenze ngobunye ukuvikela impilo, abantu kanye nendlela yokuziphi-lisa ezwenikazi. Ngokwenzenjalo, sibonise ukwazi kwethu ukuthembela",0
330, baphawula nge video yocansi ,"SEBEVULE icala lokwehliswa isithunzi abashadile, uRomeo noBasetsana Kumalo, ngemuva kokusabalala kwemibiko ezinkundleni zokuxhumana zokuthi kune-video yocansi kaRomeo nomunye usaziwayo wesilisa.Indaba yasuka ngemuva kokuthi umbhali wezincwadi uJackie Phamatse abhala ekhasini lakhe ukuthi uzwe ingxoxo phakathi kowesifazane osembonini yethelevishini encenga omunye umngani wakhe ukuthi angayisabalalisi i-video yakhe ephuzile nomyeni wakhe esocansini nosaziwayo wesilisa.Kusuka lapho abanye bavele bacabanga ukuthi kukhulunywa ngalabo saziwayo abangosomabhizinisi.Esitatimendeni bathe bavule icala futhi bafaka isicelo sencwadi yokuvikelwa kwabanesandla kulokho. Bathe bayathemba ukuthi lokhu kuzothumela umyalezo oshubile kulabo abasabalalisa imininingwane engamanga ngabanye ngaphambi kokuthola ubufakazi noma ukucabanga ubungozi balokho.“Umonakalo owenzeke kithina ngokomoya nangokomsebenzi awukaleki. Ngaphezu kwalokho lokhu kusatshalaliswa kwamahemuhemu kulimaze izingane zethu emoyeni esihlale sizama ukuthi zingaveli emehlweni abantu.”Bathe bekunzima ukuthula ngesonto eledlule.“Ukuthula kwethu bekungekhona ukuthi kunobuqiniso ngalezi zinsolo kodwa yingoba besishaqekile futhi sihlukumezekile ngalokhu nangendlela okusatshalaliswe budedengu ngayo.”",0
2322,vukuzenzele,"Ngasekuqaleni kwezigaba zokukhulelwa, ukuhlolwa komntwana esesiswini ema vikini ayi-12 kuya kwayi-13 kubalulekile. Lokhu kukala ka hle ukushuba koketshezi nge muva kwentamo yomntwa na, nokubizwa phecelezi ngenuchal translucency . Kanti lokhu kuvame ukuba",0
train_isizulu_02329,AfriHate,"i-ex yakho ine bahdi, slima ngempela",0
1061,vukuzenzele,Ezezibalo eNingizimu Afrika ziqophe ukwehla kwe zinga labantu abangasebenzi kwikota yesibili yowezi-2021.,0
2364,vukuzenzele,"wonke amafomu okufanele agcwali swe. I-CGE iphinde idlale indima ekuqapheni amacala, abandakanya ukudlwengu lwa kanye nokuphulwa komthetho wezocansi, uku nukubezwa ngokwezocansi kanye nokubulawa kwabesi fazane.” I-CGE iphinde isize isisulu ukuthi sithole",0
403, ungqongqoshe ufuna baxoshwe kwitv ,"SELUNGENELELWE uNgqongqoshe wezeMidlalo nokuNgcebeleka kuzwelonke uTokozile Xasa udaba olusematheni lokuduba uhlelo lwethelevishini bukhoma kowayengumdlali wamaBhokobhoko, u-Ashwin Willemse ngoba ecikwa ukubhuqwa uNaas Botha noNick Mallet.UXasa ukhiphe isitatimende izolo emini emuva kwalesi senzo esenzeke ngoMgqibelo ebusuku uWillemse, Botha noMallet bebesohlelweni olushayelwa uMotshidisi Mohono, kuhlaziywa imidlalo yeVodacom Super Rugby.UWillemse utshele uBotha noMallet (abebedlala ngezikhathi zobandlululo) ukuthi ngeke akumele ukusebenza nabantu abambukela phansi ngokwebala lakhe. Uthe ngeke akwazi ukuqhubeka nokusebenza nabantu belokhu bembhuqa ekubeni babedlala ngezikhathi zobandlululo.“Kusukela ngaqala ukuzikhulisa ekuziqeqesheni njalo ningibuka njengomdlali owafakwa ngenxa yebala lakhe,” kusho uWillemse ngaphambi kokubalula injabulo yakhe ngokuthi konke lokhu okwenzekayo umhlaba uyabuka kwazise bekubukhoma.Ungqongqoshe uthe: “Le ndlela yokuziphatha kwabathile bebala elimhlophe ngokuzitshela ukuthi ubumhlophe babo busho ukuthi bangcono, kufanele iphele. Ukube akubona ubulwane obabuhambisana nenzondo enkulu yabamnyama ngabe asibanga khona isidingo sokuthi kuze kulwelwe ukuthi isibalo sabamnyama silingane nesabamhlophe,” kusho uXasa.Ukhumbuza izwe lonke ukuthi uWillemse udelelwa nje, akayena umdlali wamaBhokobhoko ojwayelekile kodwa ngo-2003 waqokwa waba iSA Rugby Player of the Year, Young Player of the Year nePlayer’s Player of the Year. Abadlali abafana noWillemse, Bryan Habana noSiyamthanda Kolisi bayisibonelo sokuthi abebala elimnyama abafakwa embhoxweni ngoba kwandiswa isibalo kodwa ithalente libuzwa kubona.UXasa utshele iSuperSport ukuthi iphuthume nophenyo kodwa akulindele ukuthi bakhishwe emoyeni uBotha noMallet.“Uma inkakha yethu ibizwa ngokuthi ingumdlali wokwandisa isibalo sabamnyama lokhu kwenziwa abantu esebenza nabo kwithelevishini, kufanele senze njani? Ukuqhubeka nokubonakala kobuso bukaBotha nobukaMallet kwithelevishini kuzobe kuchaza ukuthi iSuperSport iyavumelana nalobu buzimuzimu ababukhomise kuWillemse,” kusho uXasa.Isikhulu esiphezulu kwiSuperSport, uClinton Van der Berg, sithe: “Sizoqinisekisa ukuthi senza uphenyo olunqala ngalokhu okwenzekile. Siphoxeke kakhulu futhi sizokwenza konke okusemandleni ukuthi sithatha izinyathelo ezifanele uma sesiqedile ngophenyo lwethu.""Ngesikhathi kuqeda ukwenzeka lokhu, uThando Manana owaziwayo ngokulwela amalungelo abamnyama ezintweni ezithinta umbhoxo ubhale kwiTwitter ehlanganisa naye uWillemse emtshela ukuthi: “Kade ngangikutshela ngalaba ababili (uBotha noMallet) ubavikela. Ngiyajabula ukuthi usuze wazibonela. kufakwe negama likaRobert Marawa kule-Twitter.",0
349,vukuzenzele,"Imithetho emithathu emisha isivele iyasebenza njengamanje ukuqinisa ubulungiswa kubugebengu kanye nokweseka labo abasindile. “Ukuqaliswa ngokusemthethweni kwalo mthetho kuzohambisana nokuqinisekisa ukuthi amacala ashushiswa ngokufanele, ukuthi labo",0
17,vukuzenzele,Ukuthi uhlanza izandla zakho futhi usebenzisa izibulali-magciwane.,0
1898,vukuzenzele,"U-Seloane uthi i-PSC inika iminyango kahulumeni izi nsuku ezingama-60 ukuthi iphenye futhi ivale icala. Uthi umnyango ube sewubikela i-PSC ngokutholile. “Uma sithokozile ngezinyathelo ezithathwe umnyango, sizobe sesilivala icala, kodwa uma",0
train_isizulu_02240,AfriHate,"@username sizwe slima senkosi, asibhedelwa.... pheykwabo.",0
547,vukuzenzele,"umkhakha wamabhizinisi amancane ukuthi ukhule futhi wasungula namathuba emisebenzi edingekayo.“UMnyango Wezokuthu thukiswa Kwamabhizinisi Amancane kanye no-SEDA bakha ubudlelwano neSi khungo Sokuhweba Sama zwe Ngamazwe (i-ITC), ukuze kuzolethwa uhlelo",0
train_isizulu_00178,AfriHate,@username -ingakho uyinja yami🤣,0
train_isizulu_00321,AfriHate,ngokubona kwami sithakathwa ilaba abangaphuzi ngoba akekho umuntu ongagibela imfene edakiwe ##url,0
615,vukuzenzele,"lwa isibonelelo semali yokugibela okungama-960 amarandi ngenyanga, ku- sho uMathe.",0
test_isizulu_00389,AfriHate,laze lavelelwa isende lakho. ##url,0
1737,vukuzenzele,"Ungafinyelela lapho ofu na ukuya khona noma ku nini. Kumele wenze konke okusemandleni ukushintsha izimo zakho futhi uthuthu kise izimo ophila ngaphansi kwazo, kusho uMukhodiwa.",0
train_isizulu_02071,AfriHate,kwa sdudla eqolweni ❤️ ##url,0
1181,vukuzenzele,"Kwempahla, uPhiko Oluphenya Amacala Akhethekile Ezentengiselwano kanye noPhiko Lokuphenywa Kobugebengu Obubekwe Phambili, olaziwa ngo kuthi ngoKlebe.",0
1024,vukuzenzele,"Njengoba siqala umsebenzi omkhulu wokwakha kabu sha umnotho wethu emva kwemiphumela yobhubhane, imboni yabezindaba izodinga ukuthi siyisekele kakhulu kunakuqala. Inkululeko ya bezindaba yake yachazwa 'njengomnakekeli ongalali walolonke ilungelo elikhulula",0
train_isizulu_02823,AfriHate,som dancefloor anyeke ubuye#jaiva njenge ngamla,0
1028,vukuzenzele,"Njengoba izingxenye ezithile zezwe lethu zihlaselwe isimo se-zulu esiletha amakhaza ashubisa umnkantsha eqhamuka ngasoLwandle lwe-Antilathikhi kulesi sikhathi sonyaka, kunezinye izingxenye ezimbalwa zezwe ezingeke zichaphazelwe yileli gciwane le-corona.",0
694,http://www.isolezwe.co.za/ezemidlalo/imibono akashenxe ubobby kubuye injabulo kwichiefs ,"Mhleli: Ngibhala ngokukhulu ukuphoxeka ngeqembu engililandelayo nengilithandayo iKaizer Chiefs. Iphinde yaphoxa futhi kowomkhaya ngoMgqibelo. Kanti ngempela yini ekufuneka yenziwe ukuze sinqobe iOrlando Pirates?Selokhu izintambo zokuphatha iKaizer Chiefs zanikezwa uBobby izinto azikaze zilunge. Akafuni ukuthenga abadlali abanohlonze nabasebancane njengakuPirates. Uhlulwa ngisho ukuthenga umdlali esezithandela yena ukuza ePhefeni.Ugcine amakhehla angalisizi ngalutho iqembu.Laphaya kwiChiefs kudingeka abadlali abasebasha, abasheshayo abanomjiko oya phambili, hhayi le nto yoCastro, Parker, Katsande, noMaluleke.Bonke laba badlali baphelelwe yisikhathi. Ngeke uthole nesisodwa isicoco ngabo.Sikhathele yilesi simo sokudlala kweChiefs ngale ndlela singabalandeli. UBobby akashenxe ngoba akalazi ibhola futhi akabalaleli abalandeli kanti futhi usaba ukukhipha imali.Ayi ngeke, ngempela sicela ashenxe kufakwe umuntu owazi ibhola ukuze abuyise izinsuku zokunqoba nezenjabulo kuthina ziMpofana.Mfan’fikile SibisiENgonyameni",0
414, akukapheli ngemvula kwazulu natal ,"ISAZI sezulu sithi lizona kuze kube yimpelasonto KwaZulu-Natal kodwa okwamanje asikho isexwayiso esikhishiwe kwazise kulindelwe u60% wemvula ezindaweni ezigudle ugu nezimaphakathi nesifundazwe.UMnuz Wisani Maluleke, oyisazi sezulu kwaSouth African Weather Service, uthe namhlanje izulu lizoqhubeka nokuna kuyo yonke iKwaZulu-Natal kusukela eMargate kuze kuyoba seKosi Bay kodwa izothi ukuncipha kusasa kwazise kulindelwe ukuthi liguqubale.NgoMgqibelo kulindelwe u-30% wemvula ekuseni nantambama,Uthe kuzoba nomoya ogudla ngamandla ezindaweni ezigudle ugu.UNgqongqoshe wezokuBusa ngokuBambisana nezoMdabu KwaZulu-Natal, uNkk Nomusa Dube-Ncube, uthe amathimba akhe ezinhlekelele ami ngomumo.Esitatimendeni esithunyelwe kwabezindaba, uNkk Dube-Ncube uthe namhlanje uzobe eKwaNongoma eqwashisa abantu ngokushintsha kwesimo sezulu njengoba kuqala ihlobo.Uthe ukuguquka kwesimo sezulu kuza nezinkinga zezikhukhula, ezombani, izishingishane nomlilo wamadlelo.Kulindeleke ukuthi namhlanje kuqale uhlelo lokunika abantu izinsiza zokuvika umbani.Ezinyangeni ezimbili ezidlule kufe abantu KwaNongoma emuva kokushaywa wumbani.UNkk Dube-Ncube uthe uzovakashela imindeni eshelwe yizindlu ngenxa yezulu futhi uzobe ehambisana noNgqongqoshe wezeziMali KwaZulu-Natal uNkk Belinda Scott.“Ngaphandle kokuvakashela umphakathi ngizophinde ngikhiphe amathimba ezinhlekelele ukuze ahlale eqaphile ngoba ucwaningo luveza ukuthi umbani uhlasela kakhulu KwaZulu-Natal futhi kushona nabantu. Ngizoqwashisa umphakathi ngomthelela wesivuvujikelele ukuze uhlale uqaphile,” kusho uNkk Dube-Ncube esitatimendeni.Mayelana nokukhishwa kwezinsiza ezivimba izulu KwaNongoma, uNkk Dube-Ncube uthe baqale ukuzikhipha ezindaweni zasemakhaya ngoba izulu elibulala abantu livamise ukudlalela ezindaweni ezisemakhaya.",0
train_isizulu_00354,AfriHate,kudatshulwa imomozi bayishiye istranded ##url,0
3329,vukuzenzele,nentshisekelo yoku bhema ugwayi – wawuyi nto engathi shu lapha kimi ngaphambi kokuba ngifike ebangeni likamatikuletsheni futhi lapho iqembu labafana engangiphila nalo lalilokhu lingigcona ngezinkulumo ezinengayo zokuthi a ngikho ezintweni ngo ba,0
116,vukuzenzele,INingizimu Afrika iyizwe lapho ukwenza ubulungi swa kubekwe ezinkantolo ezizimele kanye nohlelo lwe zinkantolo olusebenza ngo koMthethosisekelo. Sihlala ezweni lapho wonke umuntu enelungelo lokuya ezinka ntolo ukuze kuzogcwalise kiswa amalungelo abo.,0
823,vukuzenzele,Ziningi izinselelo okumele sibhekane nazo njengoba sisebenzela ukwakha kabusha futhi silulame emiphumeleni emibi yobhubhane lweCOVID-19.,0
train_isizulu_00289,AfriHate,"""@username : khathele abelungu. khathele amadoda. ngikhathele!!!!"" *hugs*",0
train_isizulu_00857,AfriHate,@username its friday sdudla🙍sangempela sidla umculo🎼🎶🎤kuphela @username #b2b,0
dev_isizulu_00365,AfriHate,heshe mfwethu hau ibambe ngakho,0
1317,vukuzenzele,"baseNingizimu Afrika), imali yosizo izokhokhwa kulabo abaphu-melele ezicelweni zabo ezinsukwini zokusebenza eziyi-12. Uma ungumnikazi webhizinisi elincane, Uphiko Loku-thuthukiswa Kwamabhizinisi Amancane lukhona ukuze lukusize ukufaka isicelo ohlelweni",0
dev_isizulu_00370,AfriHate,@username uyazi nje amabhunu azenzela into yawo ngemali yawo 😬,0
437, akakasithathi isinqumo ngekusasa lakhe ude lille olaxaze ida ,"AKAKATHATHI sinqumo ngekusasa lakhe uNkk Patricia De Lille ngoLwesithathu omemezele ukuthi uzosigcina isinqumo sakhe sokusula njengeMeya yaseKapa.UDe Lille umemezele lezi zindaba engaphandle kweNkantolo eNkulu yaseWesterm Cape lapho afake khona isicelo sokuthi kuchithwe imibiko emibili eyenziwa abameli beBowman Gilfillan ebiphenya ngendlela abephethe ngayo umasipala.Noma udaba lusaqhubeka enkantolo, uDe Lille uthe akaguquki kwisinqumo sakhe sokusula kwesobuMeya wabe esememezela nokuthi uyalishiya iqembu leDA ngemuva kwesikhathi eside ‘ecindezelekile’ kuyona.Usayine incwadi yakhe yokusula njengeMeya emastebhisini khona enkantolo. UDe Lille usula nje usanda kubekwa icala lokukhwabanisa ngemuva kombiko weBowman oveze ukuthi bekwenziwa umkhonyovu ngamabhasi eMyCiTi.Omunye wabaphenywayo ngalezi zinsolo ukhomishina wezokuthutha osamisiwe emsebenzini, uMelissa Whitehead, okusolwa ukuthi uyathinteka ekukhwabanisweni kwethenda likaR286 million lamabhasi ahamba ngogesi.Ngesikhathi kuhlangane umkhandlu ngeledlule kwavunyelwana ngokuthi udaba ludluliselwe emaphoyiseni ukuze kuphenywe bonke abathintekayo. Ngesikhathi uhleli lowo mhlangano kwabamuncu kusula amanye amalungu awu-5 eDA esola le nhlangano ngokucwasa nokucindezela uDe Lille ngalezi zinsolo abathi abukho ubufakazi bazo.UDe Lille uthe uyasola ukuthi abammeli beBowman Gilfillan bebesebenzisana nosopolitiki ukumbhixa ngezinsolo zokuthi ubedla imali yabakhokhi bentela.",0
train_isizulu_00561,AfriHate,@username uyalibona isende sisi 🤔,0
372, ubuchwepheshe obusiza abazali ,"UKUBA wumama omatasa okudingeka alande izingane esikoleni, aziyise kwezemidlalo kwenze uNkk Nthati Mthembu asungule i-app ebizwa nge-Live Connected ezomkhumbuza konke okufanele akwenze.UNkk Mthembu ohlala eSandton, eGoli, ongungoti wezobuchwepheshe, uthe, i-app wayisungula ngo-2016 emuva kokubona ukuthi izingane zakhe sezidlala imidlalo ehlukene, udinga ukukhumbula ukuyozilanda.“Uma uwumama osebenzayo kuba nzima ukuhlela ukuthi izingane zakho ziya kanjani esikoleni, ikakhulukazi uma zibuye zidlale imidlalo ehlukene. Kwakulula ngesikhathi zisafunda enkulisa kodwa njengoba sezikhulile kufanele ngihlele umalume ozozilanda, ozoziyisa kwezemidlalo kanjalo aqiniseke ukuthi zibuyela endlini ziphephile,” kusho uNkk Mthembu.Uthe ngo-2016 uqale ukuyivivinya i-app yakhe ngokumema izihlobo ukuthi ziyisebenzise, wabona ukuthi izoxazulula izinkinga zabantu abaningi.“Ngithathe isinqumo sokuthi ngishiye emsebenzini ngigxile ebhizinisi lokwakha leLive Connected App ngoba izosiza abantu. Ufike uyifake efonini yakho ene-android bese ufaka abantu oxhumana nabo ukuze bakwazi ukukhumbula konke odinga bakwenzele kona. Isibonelo uma sekuyisikhathi sokulanda ingane iLive Connected App izokhumbuza umalume noma ugogo ukuthi alande ingane esikoleni,” kusho uNkk Mthembu.Uthe unezingane ezimbili kanti iLive Connected App iyamsiza ukuxhumana nababheka izingane, ogogo nabashayeli.Uthe iyasiza nokuthi ubone umnyakazo wengane yakho ngoba umuntu omfake kule a-app kuyavela ukuthi usefikile esikoleni sengane, usekuphi.“Abazali babuye bakhathazeke ngokuphepha kwezingane zabo, le App izobasiza ukuthi bazi ukuthi zikuphi ngokuveza imininingwane yokuthi abazigadayo noma abazilandayo bakuphi. Uyakwazi ukumbona umuntu esuka aze ayofika lapho eya khona,” kusho uNkk Mthembu.Uthe okwamanje le App inabantu abangu-200 kodwa isibalo siyakhula usuku nosuku ngoba omama bafuna ukuhlela kahle usuku lwabo.“Uma ungathandi ukufonela abantu ngomzuzu wokugcina ngoba usukhohliwe ukulanda ingane esikoleni noma uvelelwe yinkinga ethile, iLive Connected izokusiza ukuxazulula lezo zinkinga.Wenza izinhlelo zakho ngesikhathi bese yona ikhumbuza bonke abantu odinga bakusize,” kusho uNkk Mthembu.",0
dev_isizulu_00115,AfriHate,"@username mfokababa, bakhona abanye obaba abasindwa ijoka lobudoda, babaleka bashiya amakhaya nemizi yabo. esimweni esinjalo, okhulu, ogogo nomama abaqotho babangamadoda isibili wena wengabadi. kakade isintu sithi, ""unina ngunina mazulu, noma intandane enhle ngumakhothwa unina.""",0
dev_isizulu_00605,AfriHate,bhebha uthule!! 😂😂😂😂 ##url,0
1247,vukuzenzele,"Ngangingaqondi ukuthi kungani ibala lesikhumba sami lehlukile kunelabanye abantu, ukuthi kungani ngaso sonke isikhathi uma ngiphumela phandle abantu bangibize ngamagama angalungile futhi bangibuke njengomuntu ongafanelwe ukuba kuleyo ndawo.Isihlamba",0
2553,vukuzenzele,"Abaqondisi-Jikelele naba phathi beminyango ezifu ndazweni bathinteka ka khulu. Kweminye iminyango, ama-DG, ama-HoD kanye nabaphathi abakhulu babe nozinzo esikhathini, lokho okwenze iminyango yakwazi ukusebenza ngokuphazami seka okuncane. Kweminingi yale",0
1173,vukuzenzele,"NgokukaLindiwe Madonsela, onguMphathi Omkhulu Wokuthotshelwa kweKhomishana i-BBBEE, igunya lebhizinisi ngukwengamela, siphathe futhi sikhuthaze ukulandelwa koMthetho we-B-BBEE wama-46 kowezi-2013.",0
1697,vukuzenzele,"lokweseka amabhusha Uhlelo lokweseka abathunga izimpahla zokugqoka, abasebenza ngesikhumba kanye ne zindwangu Uhlelo lokweseka imisebenzi yokuzicwala Uhlelo lokweseka iziphaza Uhlelo lokweseka amabhizinisi eShisanyama kanye nokudla okuphe kiweUkubhalisa",0
2940,vukuzenzele,"Ezinsukwini, emavikini nasezinyangeni ezizayo, kumele ngokuphuthumayo sibhekane nemizamo yethu yokululama. Umnotho wethu nomphakathi wethu bakhahlamezeke kakhulu.",0
2892,vukuzenzele,"nge ndawo engamahektha ayizi-1 500 00 ukuthi ithuthukiswe, kunethemba lokuthi lokhu kuzokwanda ngokuzayo.",0
train_isizulu_01615,AfriHate,"""ziphi ziphi inkomo zakho? liphi ithemba lakho? mina angiyindawo, s'thandwa sam...""",0
3119,vukuzenzele,"“Ukuba umshayeli wezike bhe kuchaza ukuthi kwesinye isikhathi kufanele uqunge ube nesibindi,” kusho yena.",0
2089,vukuzenzele,"Ngonyaka ozayo, kuzobe kuyiminyakashumi emibili selokhu uMthetho Woku thuthukisa Umnotho Waba ntu Abamnyama (i-B-BBEE) – okuyiwona owasungula umkhandlu – waphasiswa.",0
train_isizulu_00898,AfriHate,sebeyfakile kodwa imali yokyophuza imomozi?,0
3000,vukuzenzele,Izindawo eziyizizinda zeCOVID-19Lezi zindawo zimenyezelwe njengezizinda zegciwane le-corona. Lezi zindawo zibandakanya la madolobha: eTshwane eGoli Ekurhuleni eThekwini e-Nelson Mandela Bay e-Buffalo City eKapa.Ezinye zezindawo ezikhonjwe njengezizinda,0
1513,vukuzenzele,"Wathi ngokujwayelekile, ngemuva kokulumbana kweqanda lowesifazane ne-sidoda sowesilisa okwenze-ka kumashubhu esibeletho, iqanda elivundile lihamba ngamashubhu esibeletho liye esibelethweni esesiku-lungele ukwamukela iqanda lelo, bese lizinamathisela",0
2480,vukuzenzele,"Imboni iphinde ye nza yabuye yakhokhela izifundo zambhizinisi zabalimi abayi-19 abansudu abasohlelweni loMnya go Wezolimo, Izinguquko Kwezomhlaba kanye Noku thuthukiswa Kwezindawo Zasemakhaya,” kusho yena.",0
188,vukuzenzele,"Revolution . Mayelana nalokhu-ke, kwabanjwa izingxoxo ngo kusungulwa kwezinkundla ezisemthethweni ze-BRICS zokwabelana ngendlela yokusebenza, ulwazi kanye nobuchwepheshe, kuba ndakanya ukusetshenziswa kwezinkundla zobuchwe pheshe ezivuleleke kuwona wonke",0
3490,vukuzenzele,Abaphathi bazimisele futhi banezinhlelo ezinhle zoku nweba wonke amachweba amahlanu endawo.,0
2989,vukuzenzele,"Njengohulumeni kazwelonke, nowesifundazwe kanye nowendawo kudingeka ukuba sibhekane nezikhalo zalo mphakathi kanye nezeminye imiphakathi ngokuqhamuka nezinye izindawo zokuzijabulisa, izikhungo, izinhlelo, kanye nemiklamo eqondiswe kubantu abasha",0
train_isizulu_02388,AfriHate,@username okova were a problem nase mlazi worse enkandla amabhunu ayfuna ukqeda impande zeanc kazulu salwa ngoqwasha bona benikwe ibhamu,0
2836,vukuzenzele,"“Igumbi lokuncelisela li zoba wusizo kakhulu kithina bomama ngoba lizophinde lisinikeze ithuba lokukhama ubisi lwebele ngokukhulule ka futhi endaweni ekukhu thazayo lokhu,” kusho yena.",0
2168,vukuzenzele,"Ngesikhathi eyisitshudeni sasePretoria Technikon, wasiza ukusungula ithimba eliqwashi sa amadoda mayelana nendi ma yawo emphakathini fu thi ngowezi-2004, wabhalisa i-South African Men's Action Group (SAMAG) njengenhla ngano engekho ngaphansi kuka hulumeni.",0
935,vukuzenzele,"Ngihlolwe ngatholakala ngi-ngenalo leli gciwane kephangisenezimpawu. Kwenzakalani manje?Kuyenzeka uthole imiphumela okungesiyo. Lokhu kungachaza ukuthi le miphumela yokuhlolwa kokuqala ingathi awunalo leli gciwane, kepha ungahlonzwa nje-ngonalo leli",0
1782,vukuzenzele,UNgqongqoshe uthe i-National Institute for Communicable Disea ses (i-NICD) iqeqesha abasebenzi bezempilo ngeinthanethi besemsebenzini ukuze bakwazi ukusibona lesi sifo futhi ukuze kwenziwe nokuhlolwa kwaselabhorethri okudi ngekayo.,0
train_isizulu_02959,AfriHate,"lmao 😂🤣 ""khohlwa mlungu unganya"" finished me 😭😭😭😭 ##url",0
368,vukuzenzele,"Ukuzingelwa kobhejane sekwaziswe njengengozi yezokuphepha ezweni, enga ba nomthelela kuamanani ezivakashi ezivakashela izwe, futhi uhulumeni usememezele ukuthi kuwubugebengu obuse qhulwini kuzwelonke.",0
dev_isizulu_00332,AfriHate,indoda ivuka igqoke usiyasebenza. igown eyoswidi wabafana abakhonze ukneka amasende lisile ilanga. ##url,0
2826,vukuzenzele,Ngemininingwane ethe xaxa ngokushushumbiswa kwabantu shayela le Nombolo Yezimo Eziphuthu mayo yamahhala yokuShushu mbiswa Kwabantu Ku zwelonke ethi: 0800 222 777. Ukubika ngokushushu mbiswa kwabantu shayela le nombolo yama phoyisa ethi: 10111.Lolu lwazi,0
train_isizulu_02809,AfriHate,@username wenja! anginamali 😂😂😂😂,0
973,vukuzenzele,"Kulesi sithangami, kwavela ukuthi enye yezinselelo ezi bhekene nezikole eziningi zasemakhaya yizikhala ezi ngagcwalisiwe zothisha abasemqoka kakhulu ikakhu lukazi esifundweni seziBalo kanye nesezeSayensi.",0
226,vukuzenzele,Umhlengikazi oqeqeshiwe uLuyanda Ganuganu ubelokhu ephambili empini yokulwisana neCOVID-19 Esibhedlela i-Groote Schuur.,0
2950,vukuzenzele,"“Izimpawu nezinkomba kungaba nzima uku zihlukanisa kumaqhubu ajwayelekile, imihuzuko, ukukhula ngesivinini kanye nokuguquguquka kwemizwa. Kodwa-ke, ukuhlonzwa kusenesikha thi kungumongo,” kusho yena.",0
2579,vukuzenzele,Iwuhlu lwamagama alabo abatholakale benamacala ocansi abawenze ebantwa neni nakubantu abakhuba zeke ngokwengqondo.,0
512,vukuzenzele,yethu.Masisebenzise lesi sibonelelo eseluliwe ukuqhubela phambili ukululama okunamandla.,0
1927,vukuzenzele,UMongameli uthe uPhiko Lwamaphoyisa eNingizimu Afrika (i-SAPS) kanye noMbutho Kazwelonke Wezokuvikela eNingizimu Afrika (i-SANDF) bebelokhu behamba phambili emizamweni yokuthungatha nokuhlenga abantu.,0
train_isizulu_00996,AfriHate,@username “nawe njabulo uyahlupha ngalabo model c bakho. buka manje bazodlani abantu?”,0
2913,vukuzenzele,UMongameli uzinike isikhathi sokunxusa abantu baseNingizimu Afrika ukuthi bathathe umgomo osindisa impilo futhi baqhubeke nokulandela izinyathelo eziyisisekelo sezempilo futhi bahlale beqaphile.,0
1338,vukuzenzele,"Cela umbelethisi ukuthi akunikeze umntwana wakho singakapheli isigamu sehora emuva kokubeletha, ukuze uzobeka umntwana ebeleni.",0
1341,vukuzenzele,"oluningi.Umbuzo: Umntwana wami ufuna ukuncela njalo mhlawumbe anginalo ubisi olwanele?Impendulo: Mhlawumbe umntwana ukhula masi nyane, usedinga ubisi olu ningi. Ngokumncelisa njalo, ungakhanda obisi olwa nele oluzomsuthisa. Ubisi ngeke luphele. Nikeza u",0
1370,vukuzenzele,Izigameko zase-Phoe nix ziyisikhumbuzo esi -buhlungu kakhul u sokuthi mkhulu kangakanani umse benzi okusamele siwenze ukwakha imiphakathi ebumbene esilwe nge mpumelelo ukudiliza i m i n g c e l e y e s i k h a t h i esedlule.,0
299,vukuzenzele,000 imisebenzi elahlekile ngekota yesithathu yonyaka odlule. Umkhiqizo kakolweni wehle ngamaphese nti angama-47 ngowezi-2017 fu thi kuzoba nokushoda okunga malitha ayizigidi ezingama-90 ewayini kumkhiqizo othengiswa emazweni angaphandle kanye nangaphakathi,0
train_isizulu_01387,AfriHate,@username yakhumbula nithi imomozi 😭 ##url,0
train_isizulu_02351,AfriHate,"thina sizwe esimnyama sikhalela izwe lethu, elathathwa amabhunu #zumaarrest",0
399, kudutshulwe kwabulawa amadodana amabili omculi ,"UPHITHENE ikhanda umculi waseThekwini kulandela isigameko sokudutshulwa kubulawe amadodana akhe amabili ngesihluku ekhaya lakhe eShongweni Dam ebusuku.Isihlabani somculo wombhaqanga uSandile Khwela, owaduma kwiMadlala Brothers, uthi uthuke esevuswa wucingo oluvela kunina ethi sekudutshulwe uNkosingiphile Vilakazi (15) obefunda uGrade 10 eMargot Fonteyn Secondary, eKlaarwater, noMxolisi Mzimela (18) obefunda uGrade 11 eThokozamnganga High, eShongweni Dam.UKhwela uthi laba badutshulwe ebusuku ngoLwesine emva kwehora lesishiyagalombili behleli kusofa.Bobabili badutshulwe kabi ekhanda nasemzimbeni amanxeba amaningi.“Sisadidekile ngoba bayizingane asazi kungani bebulewe ngale ndlela. Umama uthi ubeselungiselela ukulala, kanti uzothi esanda kucisha ugesi kuqhume isibhamu siphindelela. Omunye ubenamanxeba awu-6, omunye bamdubule kawu-7,” kusho uKhwela ekhathazekile.Eqhuba uthe sebesabela impilo yabo ngoba kuyacaca abaphephile kulo mndeni kulandela izigameko eziningi ezimbi ezenzeka zilandelana.UBULAWE ezoya komela isikole emdlalweni omkhulu webhola uMxolisi MzimelauNkosingiphile Vilakazi (15) obefunda uGrade 10 eMargot Fonteyn SecondaryEchaza laba ababulelwe uthe bekuyizingane ezilalelayo futhi ezithobekile ngisho esikoleni othisha bebehlala bezincoma.“UMxolisi izolo bekumele ayodlala ibhola nesikole njengoba kuse esebulewe. Izinhliziyo zethu zibuhlungu, sihlukumezekile kodwa akukho esingakwenza ngaphandle kokwamukela isimo esehle layikhaya,” kusho uKhwela.Lo mndeni wehlelwa yilo mshophi nje ubusanda kuba ondabuzekwayo kulandela ukunqoba kwelinye lama lungu omndeni iDusi Canoe Marathon, uSbonelo Khwela.Izinhlelo zomngcwabo bezingakahlelwa njengoba leli phephandaba likhulume nomndeni isigameko sisanda kwenzeka.Okhulumela amaphoyisa aKwaZulu-Natal, uCaptain Nqobile Gwala usiqinisekisile lesi sigameko.“Bebehleli endlini ngesikhathi behlaselwa abasolwa ababili abangaziwa babadubula. Abezimo eziphuthumayo baqinisekisile ukufa kwabo endaweni yesigameko. Okwamanje ibingakaziwa imbangela yokubulala. Kuvulwe icala lokubulala, amaphoyisa aKwaNdengezi ayaphenya,” kusho uCaptain Gwala.",0
880,vukuzenzele,"Lolu hlelo kuhloswe ngalo ukushintsha izikole ezibeka engcupheni ukuphepha kwabafundi kanye nabasebenzi, ngenxa yokuswelakala kwengqalasizinda efanele, amanzi, ukuthuthwa kwendle kanye nogesi.",0
1627,vukuzenzele,"womphakathi emhlabeni jikelele, lo mzamo wamathuba emisebenzi usekela futhi ugcwalisa iqhaza elibalulekile lomkhakha ozimele ekusunguleni imisebenzi. Kuyaphambana-ke, ukuthi uma ukuvuselelwa komnotho kukhuphuka, izinga lemisebenzi emphakathini",0
2136,vukuzenzele,Umbuzo: Ngingakwazi ukugoma uma ngikhulelwe?Impendulo: Owesifazane okhulelwe unamathuba ama ningi okuthi angaguliswa yi-COVID-19 . Ukugoma kungavimbela ukuthi agule kanzima owesifazane okhu lelwe.,0
test_isizulu_00065,AfriHate,"@username “awulibuke, ngathi iteabag” 🤣🤣😭😭",0
train_isizulu_00767,AfriHate,umfazi wendoda eqotho uba sdudla,0
train_isizulu_01493,AfriHate,@username aya sinda amasende kodwa sithulile 😣🙌,0
test_isizulu_00222,AfriHate,kusakude phambili emzansi amabhunu ayazidalela.,0
705,vukuzenzele,nesikubone kwamanye amazwe aphesheya kubonise ukuthi ukusuleleka kusazokhuphuka ngendlela eyisimanga. Ngabe sengithi kuzodingeka kutha-thwe izinyathelo ezinkulu futhi eziphuthumayo. Lezo zinyathelo – okubanda-kanya ukuvalwa kwezwe jikelele nokuvalwa,0
train_isizulu_00641,AfriHate,one thing i know is that umsholozi akagcwali nge ngamla.,0
314,vukuzenzele,"lwe-COVID-19 lugadla, izikhungo ze-ECD zasha yeka kakhulu. Izikhungo ezithembele emalini yesikole ukuthi ziqhubeke zisebenze azikwazanga ukukhokhela abasebenzi bazo futhi abazali abaningi abalahlekelwa imisebenzi abakwazanga ukugcina abantwana babo",0
train_isizulu_01191,AfriHate,"kim 😂😂😂😂😂 ingqomonde ""uzobhebheka wena""  @username ##url",0
train_isizulu_01878,AfriHate,@username saze savelelwa amabhunu. ukubiza kanjani ngokudayiselana ukuthi umuntu umnike isbuko noma ugwayi wena uthathe umhlaba?,0
train_isizulu_00287,AfriHate,"kuthi ngiysacaze menghamba nogogo eyohola and her pension mates beze kthina on some 'aw mazulu unomfana omuhle kanje, uyaphila nkhwenyana?'",0
train_isizulu_02073,AfriHate,@username blah blah blah uzala kanjani uthembe usassa sonke sinayo imomozi kodwa asizalisi okwabo period. if wena eyakho isineka zala sisi anginamona.,0
650, iqembu labensangu lifuna amavoti ,"INHLANGANO ezibiza ngeDagga Party of South Africa, ithi uma ingakwazi ukuthola uR200 000 ofunwa yinhlangano eyengamele ukhetho kuleli ukuze iqembu lezepolitiki likwazi ukungenela ukhetho, kuyobe kuphenduleke imithandazo yabo bonke abantu bakuleli abafisa ukusebenzisa insangu ngokukhululeka.Le nhlangano ithi isikwenze konke okudingekayo njengokubhalisa isiqubulo seqembu nelogo, kodwa njengamanje isasenkingeni yokuhlanganisa imali yokubhalisa.“Ngicela ukuthi ngosuku lokuvota, nizilungiselele ukubungaza isihlahla sensangu,” kusho umholi waleli qembu, uMnuz Jeremy Acton njengoba iqembu lakhe ethi lifuna ukuba yingxenye yabathatha izinqumo ePhalamende ukuthi insangu isetshenziswe kahle ngokukhululeka eNingizimu Afrika.Leli qembu eliphinde laziwe ngokuthi Iqela Lentsango, lithi yize kukhona imithetho esishayiwe ehambisana nensangu, kodwa kuningi okusadinga ukusetshenzwa okumayelana nayo insangu nokuvumeleka kwayo kuleli.Ngonyaka odlule iNkantolo yoMthethosisekelo yanquma ukuthi kube semthethweni ukusetshenziswa kwensangu, kuphela uma isetshenziswa emakhaya noma itshalwe khona.Njengamanje kuseyicala ukutholakala uyibhema emphakathini, okuyinto abasebenzisi bayo abangayizwa kahle.Leli qembu lithi like lazama ukungenela ukhetho ngo-2014, kodwa imali ekhokhwayo ukuze iqembu libe sohlwini lwamaqembu azovotelwa, yaba ngumqansa.Inkantolo yoMthethosisekelo yanikeza uhulumeni iminyaka emibili ukuthi alungise kahle imithetho okuzohanjwa phezu kwayo mayelana nokusetshenziswa kwensangu kuleli.Umholi waleli qembu nozakwabo uMnuz Gareth Prince yibona abaqala ukusukumela udaba lokusetshenziswa kwensangu ngokukhululeka njengoba baya enkantolo enkulu yaseWestern Cape bephonsela inselelo imithetho evimba lokhu.Babefuna nokuthi kube semthethweni ukuthi insangu isetshenziswe njengomuthi owelapha ezinye izifo futhi abantu bakwazi ukuhweba nangayo baziphilise.Ekhasini lakhe likaFacebook, * -Acton unxenxe bonke abantu bakuleli abahambisana nokusetshenziswa kwensangu ukuthi basize leli qembu likwazi ukumeleleka ePhalamende ukuze libe yizwi labantu abahambisana nokusetshenziswa kwensangu kuleli.Usesungule ne #SmokeThemOut #HotboxTheHouse #DaggaParty, ezinkundleni zokuxhumana athi uhlose ngayo ukunxenxa abantu ukuthi balule isandla futhi basebenzise ilungelo labo ukuphumelelisa ukusetshenziswa kwensangu.Kulindeleke ukuthi inhlangano ebhekelele ukhetho kuleli i-IEC, imemezele ukuthi ukubhaliswa kwamaqembu azoba sohlwini lwamaqembu azoba kwi-ballot paper kuzovalwa nini.U-Acton uthi leli qembu selibhalisile ezingeni likazwelonke kodwa kusamelelikwazi nokubhalisela ukuthi libe khona nasohlwini olusezingeni lezifundazwe.UMengameli wakuleli uMnuz Cyril Ramaphosa kusalindeleke ukuthi amemezele usuku okuzovotwa ngalo kuleli lizwe. Kodwa useke wacashunwa kweminye imithombo yabezindaba ethi lolu suku luzoba ngaphambi kokuthi kuphele uMeyi nonyaka.",0
515,vukuzenzele,"Festival streets, Hatfield, Pretoria, 0083I-imeyili: vukuzenzele@gcis.gov.za",0
662, imibono kubandlululwa abampofu uma kuqashwa othisha ,MHLELI: Ngokwejwayelekile ukuqala konyaka omusha kuletha ithemba ebantwini abehlukene kodwa akunjalo ezinganeni eziphothule iziqu zobuthishela emanyuvesi. Ezinye zalezi zingane sezineminyaka emithathu zaphothula imfundo ephakeme kodwa lutho ukuthola umsebenzi. Okubuhlungu kakhulu wukuthi bafunde kanzima abazali beboleka imali ngethemba lokuthi uma sebephothulile kuyoba lula ukuyibuyisela kulabo abatshelekisayo.Kunoxhaso okuthiwa yiFunza Lushaka. Abantwana bathi iyisiqalekiso impilweni yalabo abafunde kanzima abazali beqhwanda ukuze baphumelele. Ngesikhathi besafunda bathi bazifaka izicelo kulo Funza kodwa zangaphumelela. Uma sebezizamele baphumelela batshelwa ukuthi kuzobhekwa kuqala abafunde ngalo Fundza Lushaka. Ngabe bukhona ubuntu uma ziphathwa kanje izingane zethu ezifunde kanzima zingaxhaswe muntu?Kumele ngabe kuqalwa ngazo uma kuvuleka amathuba ngoba abazali bazo bayagula ngenxa yezikweletu abangene bacwila kuzo ngesikhathi abakaFundza bebhukuda emafutheni. Alikho iqiniso emhlabeni.Uthini uNgqongqoshe woMnyango nalabo abaphathiswe uMnyango wezeMfundo KwaZulu-Natal uma kubandlululwa izingane zabantu ezihluphekile?Kusobala lezi zingane azisoze zaqashwa ngoba idimoni eliwuFundza Lushaka liyaqhubeka nokuxhasa abafundi abasha. Lokho kusho ukuthi abahleli emakhaya bayohlala kuze kuphele lo Fundza oyisiqalekiso kubona ngaphambi kokuba babhekelelwe nabo. Ngicela uNgqongqoshe wezeMfundo KwaZulu-Natal uMnuz Mthandeni Dlungwane aphumele obala asitshele izwe ukuthi kulungile yini lokhu okwenzekayo.Mbhishobhi Themba ChoncoEMtubatuba,0
dev_isizulu_00275,AfriHate,"@username ngiyal'vuma nanti ibhunu, uhlezi eshisa lomjita. k'saziba lit ##url",0
3589,vukuzenzele,"ngokwabo.Ngakho-ke kwabe kuyinto efanelekile ukuthi ngisebenzise leli thuba ukwethula uHlelo LukaMongameli Lokungenelela Ekuvulweni Kwamathuba Omsebenzi Aqondiswe Entsheni, okuyinhloso-mbono kanye nohlelo lukazwelonke olukhethekile oluzibeka ngokucacile",0
train_isizulu_02947,AfriHate,@username nikhuluma ngaliphi ididi? ##url,0
686, wavula inkampani engeneliswa yiholo ,"UKUNGENELISEKI ngeholo athi ubengakwazi ukwenza zonke izidingo zakhe kuholele ekutheni owesifazane waseMlaza athathe isinqumo sokuvula elakhe ibhizinisi.UNksz Zinhle Mshengu ongumsunguli wenkampani ekhiqizela izinkampani imifaniswano nezimpahla ezigqokelwa ukuphepha emsebenzini, Ikhethelo Clothing and Textile eseMlaza, uthe ngesikhathi evula inkampani wayefuna ukuthola imali engcono kunaleyo ayeyihola emsebenzini.UNksz Mshengu owasebenza ehhovisi kwamasipala uthe, wabona ukuthi angakwazi ukwenza into ezomphonsela inselelo kunokwenza umsebenzi wasehhovisi ayewuqashelwe owawungamanelisi ngeholo.“Bengehluleka ukukhokhela zonke izikweletu zami uma kuphele inyanga, ngaphezu kwalokho kumele ngiphe abazali bami imali. Lokhu kukhathazeka kwenza ukuthi ngizihlole ukuthi ayikho yini indlela engingaphuma ngayo. Isu elaqhamuka elokuthi ngivule inkampani yami. Ucwaningo engalwenza lwangikhombisa ukuthi uma ngingqongqoza eminyangweni efanele ngizoluthola uxhaso, ekupheleni kwenyanga ngithole imali engcono. Ngaqala ngokuthi ngingene emkhakheni wamathenda,” kusho yena.Ngo-2012 kuya ku-2014 uthe ungene emkhakheni wamathenda wathola umsebenzi wokuthi athengele izibhedlela zaseMpumalanga izingubo zokulala nezingubo ezigqokwa yiziguli.Uqhube wathi ngesikhathi enza lokhu wayefuna izinkampani lapho ezothenga khona bese edayisela umasipala. Wathola ukuthi ayikho inkampani yomuntu wesifazane omnyama angathenga kuyo. Ezikhona wabona ukuthi azikwazi ukukhiqiza umthamo odingekayo uma zithola i-oda elikhulu.“Ngabona ithuba lokuthi ngivule inkampani ngisebenze nabantu besifazane sibe yinkampani ekhiqizela izinkampani izingubo zokusebenza nemifaniswano kanjalo nezingubo zokulala. Ngahambisa umbono wami kwaSAB bawubona uphusile bangixhasa,” kusho yena.Kule nkampani uthe kusebenza abesifazane kuphela bonke baneminyaka engaphansi kuka-35.Nyakenye ungenele umncintiswano wabantu abasha abanamabhizinisi enza kahle ohlelwa yiSAB, waphuma ku-top-21 ezweni lonke.INGAPHAKATHI lendawo ekhiqiza imifaniswano nezimpahla zokusebenza, Ikhethelo Clothing and Textile eseMlaza Isithombe: Sithunyelwe“Ibhizinisi lokukhiqiza impahla ngingene kulona ngo-2017. Nyakenye ngiqokwe ngaba ngomunye wosomabhizinisi abenza kahle ababili. Ukuqokwa kungenze ngabona ukuthi ngempela ngiwusomabhizinisi osenganyukela ezingeni eliphezulu. Ngemuva kwalokho ngivakashelwe ngongoti bokukhiqizwa kwezimpahla ezenziwe ngendwangu baseNerthelands bezobona indawo engisebenzela kuyo, baphinde bangicobelela ngolwazi lokukhulisa umkhiqizo wami,” kusho yena.Uthe bamsiza ngokuthi indawo yakhe ayihlele ngendlela ezokwenza ukuthi akhiqize ngendlela eyiyo.Muva nje uthe usebenzisana nenye inkampani ekhiqiza ama-duvet, amashidi nezinye izinto zokulala zikanokusho.“Lezi zimpahla sizokwazi ukuzidayisa emazweni aphesheya. Amakhasimende athenga lezi zimpahla ngabantu abangenqeni ukukhipha imali futhi abangazithandi izinto ezifana nezabanye. Kubo sibala namahhotela aphambili,” kusho yena.",0
357, bheki cele sijabule noma sihlalel ovalweni ,"UKUQOKWA kukaMnuz Bheki Cele esikhundleni sokuba nguNgqongqoshe wamaPhoyisa kujabulise abaningi abebelokhu bekhale njalo uma kwenzeka ubugebengu bethi akubuyiswe uCele, ngakolunye uhlangothi kunalabo abanovalo nongabazane ngobuholi bakhe, uDELI MNCWABE uyahlaziyaSEKUNGUMLANDO ukuthi kuphelile ngoNgqongqoshe obemandla nasezinkundleni zokuxhumana, uMnuz Fikile Mbalula, kwangena oke waba nguMkhuzi wamaPhoyisa, uMnuz Bheki Cele obelokhu ekhaleleka njalo uma kuvela ukuthi izigebengu ziyazicanasela eNingizimu Afrika.Yize iningi likhombise ukujabula kodwa umlando wakhe ngesikhathi enguKhomishana wamaPhoyisa eminyakeni edlule, ubuyise uvalo nongabazane ngobuholi bakhe kwabaningi.Okhulumela inyunyana yamaphoyisa iPopcru, uMnuz Richard Mamabolo uthe bayakwemukela ukuqokwa kukaCele, wathi bayazi ukuthi uhlalelwe umqansa ongenyukwa mbongolo njengoba kufanele asebenze kanzima ukubuyisa isithunzi sezokuvikela.“Siyakwemukela ukuqokwa koNgqongqoshe abazosebenza emkhakheni wezokuphepha. Siyazi ukuthi uCele akamusha kulo mkhakha. Useke wasebenza njengokhomishana, isipiliyoni sakhe asithola ngokudlula sizomsiza ukungena athi khaxa asebenze kushunqe uthuli.“Okukuqala okufanele akwenze wukudiliza inqwaba yezikhulu kuzwelonke nasezifundazweni, aphinde aqinisekise ukuthi anele amaphoyisa eziteshini,’’ kusho uMamaboloAkumangazi ukubonakala kwezithombe zikaCele nama-video edansa abantu bejabuliswa yisinqumo sikaMengameli Cyril Ramaphosa.Eqokwe ngayizolo uCele, ufike lazwakala izwi lakhe njengoba ekade ehambele inkonzo yesikhumbuzo samaphoyisa aseNgcobo.“Akumele nife niphethe izibhamu,” waphinde watshela amaphoyisa la mazwi ake wawasho phambilini ukuthi amaphoyisa kumele ashaye enyameni kwizigilamkhuba.I-DA ikhuze umhlolo ngokubuyiswa kukaCele yathi kuyichilo eliphindiwe. UMnuz Zakhele Mbhele obhekele ezamaphoyisa uthe akasiboni isidingo sokubuyiswa kukaCele emaphoyiseni.“Kuyethusa ukuthi umuntu owake watshela amaphoyisa ukuthi awadubule enyameni ezigebengwini usebuyisiwe. Sihlala sigcizelela ukuthi umbutho wamaphoyisa udinga ukuphathwa abantu abafanele,’’ kusho uMbhele.Kunenkolelo yokuthi uCele uyaziswacisa izigebengu ngamazwi nangemiyalelo ayinika amaphoyisa.Nokho akhona amaphutha nogcobho ababonwa yilabo abangaphakathi emaphoyiseni, abakholwa wukuthi umuntu okulesi sikhundla kumele kube wumuntu osemnkantshubomvu emaphoyiseni.Kwamanye amaphutha akhonjwa kuCele, kubalwa udaba okukholakala ukuthi lwamxoshisa ekubeni wuKhomishana wamaPhoyisa, kubalwa udaba lokuthengwa kwesakhiwo samaphoyisa, nalapho owayenguMvikeli woMphakathi, * -Advocate Thuli Madonsela athi ingcabha yayikuCele ngalolu daba.Okunye okumdalele amazinyo abushelelezi yizinkulumo zakhe. Kuzona kubalwa ayenza ngesikhathi kuphenywa kabanzi icala lokubulawa kuka-Annie Dewani nokwakusolwa umyeni wakhe uShrien ngokumbulalela kuleli. Lolu daba lwagcina ukunakwa kusekhona uCele ngemuva kwalokho kwathuleka ngalo kwagcinwa kuboshwe uXoli Mngeni noMziwadoda Qwabe kwathi owayesolwa phambili uDewani waphunyula.UCele wabiza umsolwa ngenkawu esuke ezweni layo yazogila ubugebengu lapha eNingizimu Afrika. Lokhu akwehlanga kahle kwabaningi. Kwaphoqa ukuthi agcine ehlele ngezansi axolise ngenkulumo yakhe.Enye inkulumo ngeyokugqugquzela amaphoyisa ukuba adubule ashaye enyameni ezigebengwini, abuze emva kwendaba.Olunye udaba kube ngolombutho owaziwa ngeleTRT (amabherete) ake asolwa ngobuge-bengu nokungaziphathi kahle. Indlela abesebenza ngayo ibishiya imibuzo nezinsolo zokunga-hambisi kahle.Ubudle-lwano obuqinile phakathi kukaCele bubonakale ngisho esephumile esikhundle-ni sokuba ngukhomi-shana njengoba ake wakho-mbisa ukuweseka amanye awo ngesikhathi evela eNkantolo eNkulu eThekwini eyoqula icala.Lokhu kukhombise ngokusobala ukuthi nakuba kwake kwakhona umsindo wokuthi akakaze abe yiphoyisa njengoba aye ngumkhuzi wawo, kodwa ukusebenza ngokuzimisela nokuba ngumuntu okwazi ukuxhu-mana nalo mbutho, kwenze waba ngumuntu ogcina ethenjwa yiwo.Phezu kwakho konke lokhu iningi labantu lithi uCele ubenza okufanele futhi unguMesiya ozokhipha umphakathi wakuleli ebugqileni obudalwa wukudlanga kobugebengu.Ubufakazi wukuthi ngesikhathi engukhomishana wamaphoyisa wenze umphakathi waphila ngokuphepha ngenxa yokuthi ubugebengu bubonakale behla.UCele waziwa ngokuzibambela mathupha efika endaweni yesigameko azibophezele ekuxazululeni inkinga nokuhambela imiphakathi abheke ukuthi yiziphi izinkinga ebhekene nazo.Nakuba nabanye bekwenza kodwa okukaCele kuyadlulela nokungenye yezinto emenze wathandwa ngabantu.Akekho ongakhohlwa ukuthi uCele uphinde abe nendaba nendlela amaphoyisa abukeka ngayo. Lokhu kubonakale ngesikhathi egqugquzela ukuthi awajime futhi akhece imikhaba, kugqame isifuba.Phakathi kobugebengu obebudla lubi kulezi zinsuku kubalwa ukuqolwa kwezimoto ezithwala imali.Nakuba kungakapheli ngisho isonto kodwa uCele usephawulile ngalokhu wathi ngesikhathi sakhe waqeda ngalolu hlobo lobugebengu. Uthe uzibophezele ukuqeda nya ngabo nangobunye obuphilisa lubhojozi umphakathi.Ukubuya kwakhe azohlenga isizwe yinto osekunesikhathi ikhaleleka. Lokhu kubonakale ngemikhankaso ethi #BringBhekiCele ne-#BringNdosiBack ebishisa ezinkundleni zokuxhumana.Kwayena ubelibeka ngembaba elokuthi uyakhumbula futhi usawulobizela lo msebenzi. Ngamanye amazwi inkulumo ayenza emngcwabeni wowayengumsakazi uNat “Cool Kat” Gumbi, lapho athi ukhathele wukujahana namaklabishi, ufuna ukujaha izigebengu, lifezekile.",0
302,vukuzenzele,"Izikhungo zokuhlanza amanzi olwandle ukuze asetshenziswe ngabantu emakhaya nasema bhizinisini, izinhlelo zokulungi swa kwamapayipi, ukusetshenzi swa kabusha kwamanzi kanye nohlelo lokumbiwa kwamanzi emhlabathini sekuhlonzwe njengesisombululo kule nkinga,",0
2397,vukuzenzele,abangakhethi ubulili babantu abathandana nabo kanye nabanye (i-LGBTQIA+).,0
2420,vukuzenzele,"Njengoba aqokwa ngoNhlo lanja njengoNgqongqoshe wezeMfundo ePhakeme No kuqeqesha, uNaledi Pandor unikezwe umsebenzi wo kuqalisa uhlelo lwemfu ndo yamahhala kwaba mpofu kanye nalabo abazi wa njengezitshudeni ezingo ndingasithebeni.",0
2771,vukuzenzele,Umasipala uphinde ube nezinhlelo eziningi zokunye ukwesekwa kwabantu a bakhuba zekile ezibandakanya uhlelo lwephimbo elikhulumayo ku webhusayithi yakwamasipala oluguqula umbhalo uzwakale uyinkulumo ekhulunywayo .,0
188, ubhekwe ngelokhozi ozoqokwa wuramaphosa kwesokushushisa ,"UHLA LELWE wumsebenzi onzima uMengameli Cyril Ramaphosa njengoba yonke iminyakazo yakhe yokuqoka uMqondisi wezokuShushiswa koMphakathi izoqashwa ngeso lokhozi.Izazi zomthetho zisho lokhu emuva kokuthi iJaji Mbuyiseli Madlanga linqume ukuthi ukuqokwa kuka-Adv Shaun Abrahams akukho emthethweni ngoba wangena esikhundleni sika-Adv Mxolisi Oliver Nxasana owaxoshwa ngaphandle kokulandela uMthethosisekelo.IJaji Madlanga lithe u-Abrahams kufanele akhokhe izindleko zecala zabameli bakhe ababili bese uhulumeni ekhokha zonke izindleko zecala.Uyalele uNxasana ukuthi akhokhe uR10.3 million (R10 240 767.47) kuR17.3 million akhokhelwa wona ngesikhathi exoshwa. Uphinde wayalela uRamaphosa ukuthi aqoke uMqondisi wezokuShushiswa koMphakathi kungakapheli izinsuku ezingu-90.Uthe zonke izinqumo ezithathwe ngu-Abrahams zisemthethweni.USolwazi Pierre De Vos oyisazi soMthethosisekelo esifundisa ezomthetho eNyuvesi yaseCape Town, uthe Ramaphosa kufanele aqoke umuntu ozophatha ezokushushiswa okwesikhashana ngesikhathi esabheka umuntu ofanelwe yilesi sikhundla.“Wonke amehlo azothi njo kuRamaphosa njengoba kufanele aqoke umuntu onesibindi, onesimilo futhi ongahambisani nenhlangano ethile yepolitiki futhi ongahambisana nosomabhizinisi abathile.“Kufanele kube wumuntu ozobeka izidingo zezwe ngoba uma ehambisana nepolitiki uzocabangela inhlangano yakhe futhi uma ehambisana nosomabhizinisi uzocabangela bona angabheki izidingo zesizwe,” kusho uDe Vos.Uthe njengoba ijaji lithe izinqumo zika-Abrahams ngeke zishintshe kusho ukuthi abanamacala ezinkantolo bazoqhubeka nawo kuze kuba yizona ezinquma ukuthi ayabalahla noma ayabathetha.UMnuz Lawson Naidoo weCouncil for Adavancement of the South African Constitution uthe bayasijabulela isinqumo senkantolo yize sifike sekwenzeke umonakalo omkhulu.“Isinqumo senkantolo sizobuyisa uzinzo kwezomthetho eNingizimu Afrika futhi siyasamukela. Sizoqapha ngeso lokhozi ukuthi zonke iziphakamiso zenkantolo ziyenzeka,” kusho uNaidoo.Phakathi kwezinye izinhlangano ebezifake udaba luka-Abrahams enkantolo kubalwa iCorruption Watch neFreedom Under Law.UMnuz David Lewis onguMqondisi weCorruption Watch, uthe inkantolo ithathe isinqumo esifanele ngoba umthetho ubusufile eNingizimu Afrika.“Silindele ukuthi kuqokwe umuntu onesibindi, ongeke asabe ukushushisa izephulamthetho noma ngabe zikuhulumeni. Asifuni umuntu ohambisana nepolitiki noma othanda imali,” kusho uLewis.UNxasana uthe akanankinga nokukhokha uR10.3 million futhi uzolandela okushiwo yinkantolo kodwa uyajabula ukuthi akalahlwanga yicala.",0
train_isizulu_02500,AfriHate,ningababulali (heya..) ningababulali (heya) nani bulal' obaba..  ningababulali (heya..) * esho ebhaka amabhunu* ##url,0
test_isizulu_00424,AfriHate,@username kunzima ngoba sama sakabuli sithanda ukubukwa uyithenga kanjan ingulube isesakeni #kunzima emnzansi,0
2945,vukuzenzele,Impumelelo yethu ilele ekuthobeleni kwethu le mithethonqubo futhi noku qinisekisa ukuthi omunye nomunye uziphatha ngoku zinakekela nangokuzibo phezela.,0
2684,vukuzenzele,"kanzima nesibambisene nabo ebhizinisini, kwezabasebenzi kanye nomphakathi ukwenza lokhu. Sisebenza ngezindlela ezehlukene ukuthola imigo-mo, okubandakanya ukuse-benza nesikhungo somhlaba i-COVAX, uhlelo loBumbano Lwamazwe ase-Afrika kanye nangezingxoxo",0
train_isizulu_01239,AfriHate,ayiphole inkawu iku 0 sana ##url,0
756,vukuzenzele,U-SARS useqhube iqhingasu lokushintsha indlela yokusebenza ukuthi azibeke phambili ekusebenzeni kahle nokwethula izinsiza ngendlela ehamba phambili. Usehlanganise uhlelo lokugqugquzela ukuziphatha kahle nokuthobela imithetho yentela.,0
3159,vukuzenzele,"Ngenxa yalokho, silokhu siphindaphinda siboleka, nezindleko zaleso sikweletu ziyakhuphuka. Eqinisweni, izindleko zesikweletu zi yizindleko ezikhula ngesivi nini esikhulu. Sichitha imali eningi sikhokhela izikweletu kunaleyo esiyibekele ezempi lo; imfundo",0
dev_isizulu_00353,AfriHate,ingulube olundi e north kzn  izale nangu umuntu oyingulube ake kukhulunywe nozigadayo ngiyacela kunuka santungwana la!!! ##url,0
train_isizulu_00943,AfriHate,@username kunasidingo sini ukukhuluma isingisi nengane yakho ekhaya just because ifunda ku model c? siziyisela imfundo enconywana kulezikole not language.,0
train_isizulu_00032,AfriHate,kaze abantu abasemampulazini banakwa nini ngoba abelungu badlala ngabo nohulumeni akabanaki ##url,0
test_isizulu_00654,AfriHate,sengizama noma yini ngoba asikwazi okwa nonisa ingulube!,0
1334,vukuzenzele,"namaqiniso ngokuncelisa ibele Maningi amampunge akhu lunywayo ngokuncelisa ibele, umnyango ucacise ngala mampunge ngokuphendula le mibuzo elandelayo ejwa yele ukubuzwa ngomama abanegciwane le-HIV kanye nalabo abangenalo igciwane le-HIV .Umbuzo: Umakhelwane",0
train_isizulu_00778,AfriHate,"nyoni ezimaqola ngiyanethemba bosaziwayo/kazi kanye nabo bonke abalandeli bomculo wesintu, ngicela sivotele lensizwa @username uyasixhasa nathi singamaciko kamaskandi kanti lana umele izwe lethu.  asivoteni  #ipicksjava18 ##url",0
426,vukuzenzele,"nezibhedlela,” ngokulandisa kwedo-lobha esitatimendeni salo.",0
961,vukuzenzele,"Abasizi Bothisha Ezi ndaweni Zasemakhaya kulindeleke ukuba balekelele emisebenzini ehlukahlukene yohlelo lokufunda, ikakhulu kazi ukuphucula amakhono okubala, ukubhala nokufu nda. “Lokhu kuphinde kube yindlela yokuhlomisa ngama khono intsha esezindaweni",0
595,vukuzenzele,Abantu abasha bazothola ukuqeqeshelwa amakhono ezobuchwepheshe futhi amabhizinisi abantu abasha azothola uxhaso lokuwakhulisa nokuqasha.,0
test_isizulu_00491,AfriHate,@username haha..isende lendlela azoyhamba u annonymous,0
2766,vukuzenzele,"Lolu ukuphela kohlelo lwamabhasi olufinyeleleka ngokuphelele eNingizimu Afrika, kusho imenenja ye-GO GEORGE uJames Robb.",0
1613,vukuzenzele,"Ukwesekwa kuzohli nzekelwa abasebenzi Bo kuthuthukisa Ukukhuliswa Kwabantwana, ikakhulukazi abesifazane abaziqashe bona. Abalimi abancane abanga phezu kwezi-74 000 nabo bazohlomula ezibonelelweni zomkhiqizo.Njengesizwe, sidinga ubuciko nesiko ukuphakamisa",0
744, imibono asingabi amadoda ngemikhaba nezimpandla kuphela bakwethu ,"MHLELI: Ngingathokoza uma ungangipha isiqeshana kwelakho kuyinyanga yamadoda nami ngiveze umbono wami noma ulwazi ngendoda ukuthi iyini.Okokuqala indoda iyanakekela inothando. Indoda yilo muntu ozobeka umndeni wakhe phambili, yilo muntu ozothanda umkakhe noma lo athandana naye nezingane. Indoda iyahlonipheka konke ekwenzayo emphakathini akuhlambalazi. Indoda ayigqoki izicathulo ishintshe amapheya angafani ekubeni izingane ekhaya zifunda zingenazicathulo kwezinye izicathulo zitshekile izimpahla zigugile, ifunwa imali yesondlo sezingane ngenkani, cha akuyona indoda leyo wumfana nje osakhula.Asingabi ngamadoda ngemikhaba, izimpandla nezintshebe kepha emindenini siyasatshwa ngoba siphenduka izilwane. Izwe lidunguzela kanjena nje yingoba sekukhona abantu abathi bangamadoda ngoba bangolizwi aliphikiswa yingakho kunje, yingakho sesikwazi ukulala nabantwana bethu, yingakho sesikwazi ukushaya abazali bethu sibabulale, sihlukumeza esithi siyabathanda. Sisebenzisa igama lendoda kabi.Mpha Omnyama ShabalalaEMNAMBITHI",0
2106,vukuzenzele,"Njengengxenye yomkhankaso wethu wokusungula isizukulwane esisha sosozimboni abamnyama, ngonyaka owedlule uhulumeni wagunyaza izigidigidi ezi-R2.5 ukweseka kabusha osozimboni abamnyama abayi-180 ngendlela yemalimboleko yakwa-IDC kanye ne-National",0
dev_isizulu_00045,AfriHate,@username ngithe mana mlungu omnyama 😏😏😏😏,0
train_isizulu_00863,AfriHate,"@username uqinsile bafo kodwa racism ikhona emzansi wonke, angsoze ngayeka ukuya endaweni ethize ngoba ngisaba amabhunu... ekapa kuhle kakhulu bafo asingabalekiswa amaracist ezweni lethu...",0
train_isizulu_00877,AfriHate,kkkk iyho solomon isotsha lomkhonto wesizwe lalibulala amabhunu e africa 😂 😂 😂 day made ##url,0
train_isizulu_02000,AfriHate,good abaphansi abavumi kithi mazulu ##url,0
1790,vukuzenzele,"wukuthi kunzima ukusidlulisa, kungafani nezifo ezingena ngemigudu yokuphefumula, njengoba sona sisabalala ngokuthintana nomunye umuntu. Ungasithola kuphela uma uthintane ngqo nomuntu osulelekile, usho kanje.",0
2428,vukuzenzele,UNgqongqoshe Pandor uthe amakolishi agxile emikhakheni ethile yezemfundo angase abe yizikhungo ezivelele ezaziwa ngokukhiqiza amakhono aphambili emikhakheni yazo.,0
619, usulala obenyoni umndeni okwaqothwa  kuwona ,"UKUNGABOSHWA kwabasolwa ngokubulala amalungu omndeni ayisithupha, adutshulwa abulawa ebuka ithelevishini ngeledlule eMpumalanga, eHammarsdale, kufaka ingebhe kwabasinda kule sisigameko.UMnuz Ndodo Msomi, umfowabo kaMnuz Mvumo Msomi (55) owabulawa nezingane zakhe uMnuz Dumisani Msomi (25), Nksz Philisiwe Msomi (27), Andiswa Msomi (13) umshana wakhe uMnuz Dumisani Ntuli (29), nomakhelwane wakhe uMnuz Bongani Ndlovu (42), uthe abasinda ngesikhathi kudutshulwa laba bayesaba ukuthi kungenzeka ababulali babuye.“Indaba yokubulawa kukamfowethu nezingane isifakela itwetwe ngoba asazi ukuthi ababulalali babeqondeni.“Usuku nosuku oludlulayo bengaboshwa ababulali thina siyesaba ngoba asazi ukuthi ubani olandelayo ngoba nathi sisewumndeni wakhe umfowethu? Kunjalo nje asitholi ukuthi baze babulawe nje benzeni ngoba kuyacaca ukuthi umbulali wayefuna ukuqeda ngomndeni kamfowethu.Asazi noma uma eseqede wona uzoqhubeka abulale nathi ngoba nathi sisewumndeni wakhe.ASEHLALELE ovalweni amalungu omndeni kulandela ukudutshulwa kwabayisithupha behleli ngeledlule eMpumalanga, eHammarsdale. Isithombe: DOCTOR NGCOBO/ANAUnina nezingane ezasinda bethuke kakhulu, kusengcono njengoba kusekhona abantu abasaphithizela njengoba kungakangcwatshwa nje, uma sebehambile angazi ukuthi bazohlala kanjani,” kusho yena.Uqhube wathi abashona kulesi sigameko bazongcwatshwa ngeSonto.UKUNGABOSHWA kwabasolwa ngokubulala amalungu omndeni ayisithupha, adutshulwa abulawa ebuka ithelevishini ngeledlule eMpumalanga, eHammarsdale, kufaka ingebhe kwabasinda kule sisigameko. Isithombe: Doctor Ngcobo/ANA“Umlindelo uzoba sekhaya kodwa inkonzo yomngcwabo izoba sehholo. Okwamanje asikazi ukuthi iliphi ihholo, kodwa siyazi ukuthi ngeke ibe sekhaya,” kusho yena.UCol Thembeka Mbele uthe okwamanje akukaboshwa muntu ngalesi sigameko, amaphoyisa asaphenya.",0
train_isizulu_00462,AfriHate,@username uyamazi nje unobuloyi kuthi kukuhle amoshe i am now even contemplating to buy him imfene just to formalize lobuthakathi bakhe avelayigibele straight🙈🙈🙈,0
train_isizulu_01670,AfriHate,"@username mina angisoze ngashawa ibhunu kuthulakale nje , ngingafa ngilwile",0
493,vukuzenzele,"kakhulu.Ohlelweni olugcwele lwezinyathelo zosizo lwesibonelelo olwethulwa, mhlawumbe izinyathelo ezimbili ezibe nomthelela omkhulu kube yisibonelelo esikhethekile sikahulumeni se-COVID-19 kanye neSibonelelo Sesikhashana se-CO VID-19 Sokusiza Abaqashi",0
train_isizulu_02428,AfriHate,@username niythanda kabi imomozi ##url,0
890,vukuzenzele,"“Ngalowo nyaka, sathola izindlu zangasese ezingomahambanendlwana kuMnyango Wezemfundo Eyi sisekelo wesifunda.",0
dev_isizulu_00474,AfriHate,"@username yaz bengith uza kahle lombhemu. ngithi ubuza ukuth why bey’ziba ipp , useng’lahla ek’gcineni. ey liyakhothwa ididi lamakhalenyathi madoda.",0
train_isizulu_00716,AfriHate,we figured this shit out long ago.mayelahlile ngamla ngimenza njalo ngayo yonke indlela bese odarkie basbiza skoteni ##url,0
train_isizulu_02095,AfriHate,😂😂😂 bengiy’slima ngigoduka mina? angik’dabukeli yazi ##url,0
3394,vukuzenzele,"ukuqinisekisa ukuthi abantu abasha bame ngomumo futhi bayakwazi ukufinyelela kula mathuba, nokuzisungulela awabo.",0
train_isizulu_01888,AfriHate,mama dlamini zuma unyuse i voice...uzoxabana kakuhle no mlungu wam omkhulu.,0
1076,vukuzenzele,ehlukene oku thuthukiswa.Inqubo yokuguqulwa kwezakhiwo iqhubekela phambili ekwesekeni ukukhula ko mnotho nokuheha utshalo mali.Ukukhula komnotho ngeke kube yimpumelelo futhi imisebenzi ngeke isungulwe ngaphandle kokulandela izinguquko zezakhiwo okuyinto,0
2631,vukuzenzele,"Ukuba ngaphansi kohle lo lokuvikelwa kofakazi ukwenza ngokuthanda kwakho, futhi akekho namunye phakathi kwe SAPS noma i-NPA onga phoqa ufakazi ukuthi enze kanjalo.",0
928,vukuzenzele,"Abantu abaneCOVID-19 bangasi-dlulisela kanjani lesi sifo kwabanye?Ngokuka Ngqongqoshe Weze-mpilo u-Zweli Mkhize, abantu abaningi abanalokhu kugula okungabonakali bangalibhe-bhethekisa leli gciwane phakathi kwezinsuku eziyisikhombisa kuya kweziyi-12. Noma",0
721, ishe yangqongqa impahla yabadayisi ,"BAKHALA bayazithulisa abadayisi basemgwaqweni ePinetown emuva kokuthi umlilo okusolakala ukuthi uqalwe amaphara ushise impahla abayidayisayo yaba wumlotha ezintatha zayizolo.UNkk Philomena MaMthembu Hlophe ophethe indawo okugcinwa kuyo impahla yabadayisi basemgwaqweni u-Anderson phakathi kwerenke yaKwaNdengezi neyaseClermont, ePinetown uthe ushayelwe ngamaphoyisa amtshela ukuthi kuyasha ngabo-2 ezintatha zayizolo.“Ngishayelwe izicishamlilo safika kanye nazo la ePinetown. Zizamile ukucisha kodwa ngebhadi ayikho impahla esindile njengoba konke kushe kwaba wumlotha. Saqala ngabo-1980 ukudayisa ezitaladini zasePinetown kodwa siyaqala ukubhekana nesimo esinzima kanje. Kusolakala ukuthi umlilo uqalwe yilaba abahlala kujantshi wesitimela kusho ukuthi bebebasile wase umlilo ubhebhetheka ushisa impahla lapha,” kusho uNkk Hlophe.Ucele noma wubani ongaba nosizo ukuba alekelele abadayisi abashelwe yimpahla ikakhulukazi uMasipala weTheku esho nokuthi akukho lapho abadayisi bethatha khona.Abadayisa izinkukhu oNksz Magaret Hadebe (54), Nksz Borcas Phakathi (56), uNkk Thandi Mabaso (69) noMnuz Mzingelwa Gama (79) bebekhalela izinkukhu zabo ezishe ziphila zaba ngamalahle.“Awukwazi nokubona ukuthi bekuyinkukhu enjani, zife zaphela izinkukhu zethu . Sicela uMasipala weTheku usinxephezele ngoba siyarenta ukugcina impahla yethu lapha. Sikhokha uR40 ngesonto noR400 wephemithi yezinyanga eziyisithupha. Siziphilisa ngokudayisa izinkukhu asazi sizokwenzenjani ngoba silahlekelwe yimpahla kaR2 000 umuntu emunye,” kusho uNksz Hadebe.UMnuz Jackson Rooimes owenza izicathulo, azikhande aphinde adayise nezintsha, uthe ulahlekelwe yimpahla kaR80 000 ngoba ubesanda kuthenga impahla yenyanga futhi kunezicathulo zabantu ezibizayo abezozilungisa kodwa ezishile. Kuyimanje angazi ukuthi ngizothathani ngiyihlanganise nani ngoba abantu bazozifuna izicathulo zabo,” kusho uRooimes.Uthe unezingane ezine azondla ngokudayisa emgwaqweni njengoba eyokugcina ineminyaka emibili.Ucele uMasipala weTheku ukuthi ubanxephezele ngoba abanawo umshwalense wosomabhizinisi kwazise basebenzela ukuxosha ikati eziko.Uveze ukuthi ngesonto ubekhokha uR70 ukugcina impahla yakhe kule ndawo eshile bese eba nephemithi kaR139 yezinyanga ezintathu.UMnuz Craig Peters oyi-Acting Divisional Commander ePinetown Fire and Emergency Department, uthe abasebenzi ababheka amaCCTV kaMasipala weTheku babone umlilo otshanini obungakujantshi wesitimela kwathi izicishamlilo seziphuthuma khona zezwa umsindo wento eqhumayo, kwase kusha amalangabi.Uthe kushe amaveji, inyama, iziphuzo, izinkukhu, izingubo zokugqoka nokunye.Ikhansela lendawo uNkk Mel Brauteseth lithe lisola ukuthi amaphara yiwona aqale umlilo ngoba egodola kodwa ahluleka ukuwulawula njengoba ushise impahla yabahwebi basemgwaqweni.“Bekukhona izitofu zegesi eziwu-40, izinkukhu ezilinganiselwa ku-80 nempahla ehlukene. Yonke into ishe yaba amalahle, ” kusho uNkk Brauteseth.UCaptain Nqobile Gwala wamaphoyisa KwaZulu-Natal uthe ukhona umlilo oshise impahla yabadayisi basemgwaqweni, akekho olimele.UMnuz Msawakhe Mayisela okhulumela uMasipala weTheku uthe imbangela yomlilo ayaziwa kodwa kuthiwa uqale ngakujantshi wesitimela wagcina usushisa indawo egcina impahla yabadayisi basemgwaqweni.Uthe bangaphezu kuka 300 abadayisi akade bebeka impahla engabiza uR300 000 kuleya ndawo.“Kukhona ingqalasizinda yakwaMTN yentengo kaR17 million neyakwaVodacom esingakayitholi intengo yayo,umonakalo owenzekile kwingqalasizinda kamasipala ulinganisela kuR9 million,”kusho uMayisela.",0
train_isizulu_01896,AfriHate,"@username ukuthi amabhunu wonke ama racist,just that abanye are more tolerant than others...",0
2728,vukuzenzele,ngudokotela emva kokuthi ividiyo eyaqoshwa ngesikhathi eshaywa yasabalala ezinkundleni zoku xhumana. Ongcweti bezokuphepha ku-inthanethi abavela ku Mkhandlu Wezocwaningo Lwezesayensi Nezimboni (i-CSIR) bathi ububhoklolo obenziwa nge-inthanethi buyalimaza,0
dev_isizulu_00020,AfriHate,loya mlungu okhuluma isizulu uhlezi esithuka 😕,0
549,vukuzenzele,"ebhizinisi kanye nokunci ntisana kosomabhizinisi besi fazane baseNingizimu Afrika okungenani abayizi-10 000 esikhathini esiyiminyaka emine,” kusho ungqongqoshe.Cishe osomabhizinisi besifazane baseNingizimu Afrika abayizi-3 000 sebebhalisile kwiSizinda",0
1477,vukuzenzele,"no-3 futhi umsebenzi uyaqhubeka ku-Unit-5 no-6.Ngesikhathi lezi zinyathelo zibalulekile futhi zizothela izithelo ezinya ngeni ezizayo, kucacile ukuthi azanele ukuthi zixazulule le nkinga esibhekene nayo.Okwenzeke emavikini ambalwa edlule kubonise ukuthi",0
3380,vukuzenzele,kokuphela kobandlululo sagcina sizuze izwe elinoMthethosisekelo wentando yabantu lapho izisekelo zenkululeko zivikelwe.Amathuba abantu abasha abanawo manje ahlukile kakhulu futhi athuthukile kakhulu.Ukugcina umlando wange16 kuNhlangulana uphila,0
train_isizulu_00401,AfriHate,"@username wo! manje ushade isilungu,  baphana ngapha nangapha.....kahleni mazulu",0
2560,vukuzenzele,Ukwethulwa kokuhlolwa ubuqotho kubo bonke abakhe thiwe kuzosiza ukuthi siqa she abasebenzi bakahulumeni abazosebenza ngeqiniso.,0
train_isizulu_00065,AfriHate,"yabona ke lol ""@username : lol ubani ongavuma ukuthi udla i 2 ""@username bese nithi nidla ama 10 la ""@username : lol nihamba ni bhebha nje bolova",0
train_isizulu_00219,AfriHate,"inkomo ifake i-condom safa indlala akukho bisi,nyama namankonyane... #goba lugongolo ##url",0
dev_isizulu_00114,AfriHate,#isidlosasekuseni @username abantwana bezilwane imbuzi-izinyane inkomo-inkonyane imfene-isijwana ihhashi-iponi imbongolo-ithole inkukhu-itshwele luqale kahle usuku lwami ngcebzin njengoba izingane sezibuye zifundele ekhaya umuntu ubuyiselwa ngenkani eskoleni 😂😂😂,0
3220,vukuzenzele,"I-Sanral yakhipha izinkontileka ezintathu kwikota yokugcina ngowezi-2021, futhi umsebenzi wokwakha waqalwa phakathi kuka Masingana kanye noMbasa.",0
2431,vukuzenzele,“Sifuna izinto ezahlukile. Asi funi wonke amakolishi enze into eyodwa.” Kusenjalo Uhlelo loku Thuthukiswa koSomabhizini si kwezeMfundo ePhakeme lwethulwa ngonyaka odlule ukuze kugqugquzele abantu abasha ukuba baqale ama bhizinisi abo.,0
1950,vukuzenzele,"uwashe esisodwa esinye sibe sihlanzekile sikwazi ukusetshenziswa.10. Izifonyo kufanele ziwashwe nge-nsipho namanzi ashisayo, zihlanjululisiswe futhi zi-ayinisiswe.",0
dev_isizulu_00341,AfriHate,isizulu is so embarrassing: 1. setswana -go nyoba ✅  2.sesotho -go kota ✅ 3. sepedi -ngim'nyobile ✅ 4. xhosa -ndimtyile ✅ 5.isizulu -bhebha❌,0
test_isizulu_00242,AfriHate,bhebha uthule ...,0
train_isizulu_02054,AfriHate,@username lols ngoba bazowayeka naku mazulu futh amagoli,0
555,vukuzenzele,PhalatseThandolunye Khulu | Mahanyele Ramapalais published by Government Communications (GCIS)Vuk’uzenzeleAll rights reserved. Reproduction of the newspaper in whole or in part without written permission is strictly prohibited.,0
train_isizulu_01354,AfriHate,"@username ai mina isithakazelo sakathusi ""mfene"" it give me that impression nje yokuthi hlampe bayayisebenzisa for umsebenzi lowokundiza, asinginiki ukuthula 😂 😂 😂",0
3186,vukuzenzele,"Yize ukuba nomthethosivi vinywa wamaholo abasebe nzi bakahulumeni kubalule kile ukuletha uzinzo ezima lini zikahulumeni, ukwenza ngcono ukusebenza komkha kha kahulumeni kubaluleke kakhulu uma sifuna ukwakha umbuso onekhono, nose benza kahle. Sidinga",0
train_isizulu_02921,AfriHate,umngani way'ngane uqebhuqebhu intombizimfuna ebaleni  maqhikiza amyengela ophathe ugibela iminqwani ngegala kukhuze uyise phesheya komfula  umahleka ehlathini njengohlanya uhlanya olusemehlwen abantu  inkomo edla yodwa mayidla nezinye ziyayiphangela ##url,0
2408,vukuzenzele,"“Umuntu ophuza i-PrEP aku fanelanga ukuthi awuphuze impilo yakhe yonke, banga khetha ukuyiphuza njalo uma besengcupheni yokusuleleka nge-HIV . Kodwa-ke, ukuze i-PrEP izosebenza ngempumelelo, kufanele iphuzwe nsuku zonke [ngalesi sikhathi],” kugcizelela",0
train_isizulu_00481,AfriHate,@username yimi ingulube mbulazi?,0
1129,vukuzenzele,"Abantu abashiya phansi isikole emva kokuphasa iBanga lesishiyagalolunye (owawubizwa ngoStanda rd 7 phambilini), abane-minyaka engama-21 noma ngaphezulu, futhi abafisa ukuthola umatikuletsheni wabo.",0
2200,vukuzenzele,"nangezinye izindlela ezehlukene zosizo lukahu lumeni, izinkulungwane zabantwana baseNingi zimu Afrika abaphuma emakhaya antulayo zikwazile ukuba ngodo kotela, abameli, othisha, ososayensi, izingcweti kanye nosomabhizinisi. Uhulumeni weseka izakhamuzi",0
train_isizulu_00086,AfriHate,"ingulube uma ibhukuda adakeni yona ayiboni inkinga ngoba vele udaka lusegazini kuyo, udaka luyimpilo kuyo. ingulube ayihlukani nodaka soze..",0
1456,vukuzenzele,Imiphumela ethola kele kanye nezincomo ze khomishana zizoqinisa ngokungangabazisi le mizamo. Sibheke ukuthi ikhomishana ikhombe ubu thakathaka bohlelo-kuse benza okuyikho okuholele ekuqhwagweni kombuso.,0
3212,vukuzenzele,UZondi wengeze ngokuthi abesifa zane banekhono njengamadoda futhi inkampani yakhe isizenzele igama elihle. “Siyakuqonda ukubaluleka kwesikhathi nokuhlangabezana nezinhloso zethu sonke ukuqinisekisa ukuthi umsebenzi uhamba ngendlela efanele.,0
480,vukuzenzele,I-CACH ingabasiza nalabo bafundi abafake izicelo zokufunda enyuvesi noma ekolishi kusenesikhathi ngonyaka wezi-2021 kodwa abangazange basithole isikhala sokufunda kuhlelo lokufunda abebefisa ukulufundela.,0
1511,vukuzenzele,kwezivakashi kanye nokwenza lula ukuthi labo abasingathe izivakashi bathole izi mvume.,0
train_isizulu_02233,AfriHate,@username sdudla sangempela mahamba🚶🚶maqede kusale kudilika izindonga ze jerico @username #chillaz,0
dev_isizulu_00211,AfriHate,"@username bonga usane jean ye hemisphere, uyinja kakhulu umanqele",0
2757,vukuzenzele,"Uma kwenzeka izi nkampani zifuna uku faka isicelo seSaphule lo Sentela Sokuqasha, intsha kufanele kube ineminyaka yobuda la ephakathi kweyi-18 nengama-29.",0
343,vukuzenzele,"Kusukela ekusungulweni kweKhomishana Ephenya ngokuQhwagwa Kwamandla oMbuso, ukuya ekuphenyweni mayelana nezinkontileka zokuthengwa kwezimpahla ezihambisana neCOVID-19, uMongameli uRamaphosa wenza konke okusemandleni ukuvundulula aqede inkohlakalo.",0
1979,vukuzenzele,Izinkonzo bezibanjwa ngobuchwepheshe beinthanethi futhi amakholwa agqugquzelwa ukuthanda zela emakhaya abo kuno kuya ezinkonzweni. Lokhu kusize kakhulu emzamweni kazwelonke wokunqanda ukubhebhetheka kwesifo.,0
223,vukuzenzele,“Ngifuna ukubabonga ngokunge sekela kwabo kanye nokunginika ithuba lokuthi ngikhule ngapha nsi kwesandl a sabo njengo mhlengikazi.,0
train_isizulu_03080,AfriHate,umaskandi ne mfene yini kangaka kqale kwathiwa malini imfene kshuthi uzostshela inani ke u bahubhe ngoba uyaydayisa.  nomunye wadelelwa kwathiwa mawfuna imfene edayisayo wozoylanda ibiza usheleni.🤣🤣🤣🤣🤣 inkulu indaba ne mfene  🤞🤔 ##url,0
train_isizulu_03070,AfriHate,mazulu akithi steaming works bhekani umongameli usindile,0
247,vukuzenzele,"“Uma umfundi elahle kelwe umuntu amthandayo, b a n g a b a n e z i m p a w u zokubhekana nosizi ezifanayo nalezo zokukhathazeka noma ixhala.",0
3090,vukuzenzele,IHealth and Welfare Sector Education and Training Autho rity (i-HWSETA) izibophezele ekubhekaneni nokuntuleka kwamakhono okukhulu emkhakheni wezokwelashwa kwezilwane kanye nokuqinisekisa uguquko.,0
872,vukuzenzele,“Bengihleli ekhaya unya ka wonke ngingawutholi umsebenzi. Leli thuba selingisize ukuthi ngikwazi ukuzinakekela ngiphi-nde nginakekele nomndeni wami futhi. Noma ngine ziqu ze-mechanical engineer ing bengingazi kangako ngokuphathelene nokuhla nganisa imoto.,0
1484,vukuzenzele,Isikhungo Sokulawulwa Nokuvikelwa Kwezifo sicha ze i-Listeriosis njengesifo esibucayi kodwa esilaphe kayo futhi esigwemeka yo esibangwa yigciwane le-Listeria monocytogenes.,0
1171,vukuzenzele,I-CT isebenza njengomlekeleli phakathi kwezinhlangothi ezithintekayo.,0
606, inhlwathi ihlalise abantu lubhojozi ,"BATHUKA izanya abantu abahlala kolindela baseMathinini, eRigdeview, eThekwini, njengoba bekhala ngohalakasha lwenyoka abathi luyacanasa endaweni abahlala kuyona, sebesaba nokuhamba.Izindlu abahlala kuzona babekwa ngenhloso yokuthi balindele izindlu zomxhaso. Ithimba leSolezwe ngeSonto linikele khona kule ndawo emuva kwezikhalo zabantu bakhona. Yindawo esehlathini elinezihlahla ezizungeze izindlu.Kuhlalwa khona nezingane ezisencane ezizidlalela zize zifike eduze kwezihlahla okuthiwa kuhlala khona uhalakasha lwenhlwathi.Abahlala khona bathi ihlala ibonakala icanasa kuthiwa inkulu ngendlela eyesabekayo.Omunye wabahlali bakhona uMnuz Thabiso Msezane uthe, inkinga enkulu izindlu zangasese zincane futhi ziyangcola abanye baze bafune ukuyozikhulula ehlathini lapho kuhlala khona le nyoka.“Ihlala ivela nje, abaningi bayayibona ngenhlanhla ayikalimazi muntu kodwa siyesaba ngoba kukhona nezingane la esihleli khona. Kubuye kungangeneki ezindlini zangasese kodwa manje asisakwazi nokuya ehlathini ngoba iyagwinyana ihlwathi,’’ kuchaza uMsezane. Uthe omunye umndeni obuhlala nabo ugcine uthuthile wabaleka emuva kokuthi inyoka yangena yabavimbezela endlini baphuma ngesamagundane bashiya nezimpahla.Uthe bafuna noma yiluphi usizo lokuba isuswe endaweni ngoba bayesaba ukuyisukela bona ingase ibenze isilo sengubo.Enye insizwa ehlala khona uMnuz Phakamani “PK’’ Mbele, ifakaze ngokuthi izinyoka kukubo kwazo lapha ngoba kusehlathini bajwayele ukushaya izimamba nezimfezi kodwa okwenhlwathi kubahlalise lubhojozi impela.UMnuz Nick Evans weReptiles Unlimited ebhekene nokususwa kwezinyoka eThekwini, uthe uyayazi indawo okukhulunywa ngayo kodwa ubengakaze ezwe ngenyoka yakhona.“Kuyamangaza ukuthi kunenhlwathi lapho, ngike ngiye ngakhona. Ngicela ubanike inombolo yami bangithinte uma beyibona ngoba ngeke ngivele ngiyozingela inyoka engingazi ukuthi ikuphi. Uma beyibona ngiyofika ngibasize noma kanjani,’’ kuchaza * -Evans.",0
test_isizulu_00173,AfriHate,@username sibuye sithi isintu ukubona kanye yikubona kabili. abelungu bona bathi wansi bhitheni thwayisi shayi,0
train_isizulu_01750,AfriHate,@username uthola nethuba lokugibela imfene ungaphazanyiswa muntu🤣🤣🤣🤣,0
2305,vukuzenzele,Abantwana bangahehwa izigilamkhuba zocansi kwiinthanethi ngokuthi bangene kwi-inthanethi bebheka into ethile emsulwa bese bechofoza ilinki okungafanele bayichofe.,0
3165,vukuzenzele,"Imizamo eminyakeni emi bili edlule yokufukula umno tho nokuphinde kwakhiwe izikhungo isidicilelwe pha nsi ngusizi logesi, ukukhu la okucindezelekile kanye nokubeka omunye umthwalo ezimalini zikahulumeni.",0
3588,vukuzenzele,"okusemandleni ethu ukuqinisekisa ukuthi abantu abasha bayakwazi ukubamba iqhaza emnothweni wethu ngendlela enohlonze, kungakhathalekile ukuthi lokho bakwenza ngokuhlinzekwa ngamathuba omsebenzi ohlelekile noma ngokusungula amabhizinisi ukuze bazisebenze",0
train_isizulu_00343,AfriHate,"login on twitter, imomozi everywhere, ezincane, eynkulu nezishwabene  asambe spoti 🚶🏿‍♂️🐕☹️",0
283,vukuzenzele,"“Lokhu sikwenzela uku hlonipha labo ababehlala phakathi kwethu; ababehlala kuwo lo mhlaba wakithi.”Uguquko kwezomhlaba lubalulekile ekuthuthuki seni ukuba khona kokudla ezweni, ukwakha umno tho obandakanya wonke umuntu, kanye nokunikeza ikusasa elingcono",0
348,vukuzenzele,"Uhulumeni uzophinde asebenze ngokuzikhandla ukulwisana Nodlame Olubhekiswe Kwabobulili Obuthile kanye Nokubulawa Kwabesifazane (i-GBVF) kulo nyaka, ngokuqaliswa ngokusemthethweni kweQhingasu Lohlelo Lukazwelonke mayelana ne-GBVF.",0
2776,vukuzenzele,Usuku Lomhlaba Lokunqanda UkuzibulalaUsuku Lomhlaba Loku-nqanda Ukuzibulala lwabekwa ngokuse-mthethweni yiNhlangano Yomhlaba Jikelele Yoku-nqanda Ukuzibulala mhla ziyi-10 kuMandulo 2003.,0
test_isizulu_00633,AfriHate,ingulube endala ibhajwe ogibeni.,0
531,vukuzenzele,"bezinkukhu ezingavalelwa kanye nezitshalo eziphilayo. Weluleke abesifazane abafisa ukuba ngabalimi ukuthi mabaqale kancane futhi bangalindi ukusizwa nguhulumeni. “Uma usizo lukahulumeni lufika kuwena, luzobe selengeza. Uma udinga ukukhiqiza izinkukhu",0
1319,vukuzenzele,"Isi-khwama sivumela izinhla-ngano kanye nabantu nga-munye ngamunye ukunikela emzamweni kazwelonke ukweseka amabhizinisi amancane kanye nemizamo yokusiza nge-COVID-19 . Emavikini okuqala amabili kuvulwe lesi sikhwama, kwanikelwa imali engaphe-zu",0
47,vukuzenzele,"“Ngiyabonga kakhulu ukuthi isikole sihlomule umklomelo, kusho u-Seyanokeng Sejake, osebe nguthishanhloko waseThabang Primary iminyaka engama-24.",0
3309,vukuzenzele,Wena nabagibeli bakho ngaso sonke isikhathi nifase amabhande emotweni.,0
train_isizulu_00823,AfriHate,@username hheyi lingazibekile phansi ibhunu 😂😂,0
328, ummeli udele imali elungiselela umjaho ,"UDELE imali ayihola ngokuba ngummeli wasemajajini wagxila ekulungiseleleni iComrades Marathon umpetha walo nyaka wabesifazane, u-Ann Ashworth odle ubhedu izolo emjahweni obusuka eMgungundlovu uphelele eMoses Mabhida Stadium, eThekwini.U-Ashworth (34) ogijimela iMassmart ungene entanjeni ngo-6:10:04 walandelwa womunye umgijimi waseNingizimu Afrika, uGerda Steyn, ogijimela iNedbank ongene ngo-6:15:34.Umgijimi waseRussia, u-Alexandra Morozova, ungene endaweni yesithathu ngo-6:20:21. Wayekade eqede endaweni yesibili nyakenye ngemuva kukaCamille Harron wase-USA ongazange abuye ukuzovikela isicoco sakhe ngenxa yokulimala.Ekhumula nabezindaba u-Ashworth ubonge umndeni nomqeqeshi wakhe ngokumeseka. Ubengalindele ukunqoba yize bona bebekholelwa kuye.“Kungishaqile ukuthi nami ngila. Ngilandele iqhinga lo mqeqeshi. Bekuwumjaho ongajwayelekile ngoba usheshe zibekwa. Kodwa ngizitshele ukuthi ngizogijima ngendlela ebengihlele ngayo. Ngiyabonga kakhulu emndenini wami nomqeqeshi ngabangenzele kona. Bengingasebenzi izinyanga ezimbili. Uma ungasebenzi uwu-advocate awuholi. Ngiyabonga futhi angizisoli ngesinqumo sami,” kusho u-Ashworth odabuka eKapa kodwa osezinze eGauteng.USteyn ungomunye wabebebhekiwe ukuthi banqobe kwabesifazane. Ngo-Ephreli udle ubhedu kwiTwo Oceans Marathon.Emjaweni wabesifazane kuqale kuhamba phambili umpetha wango-2016, uCharne Bosman, kodwa ogcine edlulwe yilaba abebemlandela. Ugcine eqede endaweni yesihlanu ngo-6:33:08.“Umjaho wabesifazane ubusezingeni ebelilindelekile. Besingekho isikhathi sokuhlala ngemuva. Leli golide lingena ezindondweni esengizitholile kulo nyaka,” kusho uSteyn.USteyn, oneminyaka ewu-28, uthe akasoze ayeka ukugijima iComrades Marathon yize abanye bemthatha ngokuthi usemncane.UMorozova ubalise ngokungayitholi imali yakhe yanyakenye. Uthe inhlangano eyengamele ezokugijima, i-Athletics South Africa (ASA), ifuna isiqiniseko sokuthi ukufanele yini ukugijima iComrades.Yize kunjalo uthe isimo abhekene naso asizange simthene amandla okuthi abuye kulo nyaka.Umengameli we-ASA, * -Aleck Skhosana, uthe: “Izwe lakhe limisiwe yi-IAAF thina esilandela imithetho yayo. Igama lakhe alikho ohlwini olwathunyelwa yiyona lwabagijimi abavumelekile ukubamba iqhaza emiqhudelwaneni. Ngeke sikhulume ngemali. Uma ufuna ukukhuluma ngayo kumele ulandele yonke imigudu efanele.”Abaphume phambili kwabesifazane:Ann Ashworth (6:10:04)Gerda Steyn (6:15:34)Alexandra Morozova (6:20:21)Tanith Maxwell (6:20:35)Charne Bosman (6:33:08)Sophia Sundberg (6:45:24)Devon Yanko (6:47:44)Sarah Bard (6:49:05)Carla Malinaro (6:52:16)Yolande Maclean (6:52:16)",0
2706,vukuzenzele,lokuya ezinkantolo. Imithetho-nqubo yoku-valwa kwezwe yaphoselwa inselele ngeviki lokuqala ngqa lokuvalwa kwezwe yisakhamuzi saseMpumalanga esasifuna ukukhululwa ekunqatshelweni ukuhamba ukuze sikwazi ukuhamba siye emngcwabeni.Emavikini ayisikhombisa,0
train_isizulu_01561,AfriHate,lmao  rt @username : hahahaha---&gt; rt @username : ngizoku bhebha khethiwe. ngik'bhebhe ngik'bhebhe!!!,0
195, bangobani ababoshwe nomabuyakhulu ,"UKUBOSHWA kukaMnuz Mike Mabuyakhulu owayenguNgqongqoshe wezokuThuthukiswa koMnotho nezokuVakasha KwaZulu-Natal, okube undabamlonyeni kuleli sonto kushiye abaningi bekhexile bezibuza imibuzo eminingi.UMabuyakhulu ungena kuleli hlazo nje ubesanda kuqokwa esikhundleni sokuba umgqugquzeli ohlakeni lwesikhashana lobuholi be-ANC esifundazweni. Ukuboshwa kwakhe kumayelana nomkhonyovu wemali enguR28 million okuthiwa yabhubhudlwa njengamanzi.Le mali kwakufanele yenze umcimbi iNorth Sea Jazz Festival phakathi kuka-2012 no-2013. UMabuyakhulu ukhishwe ngebheyili kaR50 000. Ubhekene namacala okukhwabanisa, inkohlakalo, ukweba nokushintshisana ngemali ngokungekho emthethweni.Ukugqama kukaMabuyakhulu kuleli cala sekwenze abaningi bakhohlwa ukuthi kunenqwaba yabantu aboshwe nabo nabanye okuthiwa bangase baboshwe maduze.Empeleni bangu-16 abasavela emaphepheni asenkantolo. Umbuzo osalayo uthi bangobani laba banye abasolwa njengoba uMabuyakhulu engummangalelwa weshumi nesithupha ngokwamaphepha asenkantolo.Ummangalelwa wokuqala uMnuz Desmond Golding owayeyiNhloko yoMnyango owawuphethwe uMabuyakhulu ngesikhathi somkhonyovu. UGolding isikhundla sakhe sasimnika amandla okukhipha izizumbulu zemali njengoba wayeyinhloko yomnyango.UGolding uke waba yisikhulu esiphezulu seRegional Tourism Organisation of Southern Africa (RETOSA). Ezinye izikhundla aziphathile ngesokuba nguMqondisi weCredit Policy and Risk Governance eStandard Bank nomeluleki kaNgqongqoshe wezeMidlalo kuzwelonke. Ubephinde ahlale kwibhodi yaseSABC. UGolding useqhulwini kwabathweswe amacala.Ummangalelwa wesibili uMnuz Ceaser Walter ‘Maqhoboza’ Mkhize (39) oyisikhulu sezinkampani iSoft Skills Communication 100CC, Shaka Holdings neMaqhoboza Traders CC. UMkhize ubuye avele njengommangalelwa wesithathu, owesine nowesihlanu ngenxa yezinkampani eziningi. Ungumuntu owaziwayo ngomswenko izimoto eziphambili nemicimbi eThekwini. UZandile Nonjabulo Mbongwe uvela njengommangalelwa wesihlanu obesebenzisana noMkhize emabhizinisini akhe, bashadile.Ummangalelwa wesikhombisa ophinde avele njengowesi-9 uNothando ‘Mamgo’ Zungu oke waba umsakazi weGagasi FM. Lo msolwa wazakhela igama ethula uhlelo iKiss and Make Up olwalusiza izithandani nemindeni exabene ukuba bathelelane amanzi. Waphinda wayingxenye yohlelo i-Alex and The Crew noqweqwe lomsakazi u-Alex Mthiyane. Uphinde abe ngumethuli wezinkulumo ezakhayo nomphathi wohlelo emicimbini esezingeni eliphezulu.UMamgo yena ungene obishini ngenkampani yakhe iShashalazi Productions CC okuthiwa yawathola amantshontsho anonile ngesikhathi kuhlinzwa.Ummangalelwa wesishiyagalolunye uMnuz Mabheleni Ntuli ongusomabhizinisi odumile eThekwini, ubengomunye kwabavele enkantolo. UNtuli waduma kakhulu eminyakeni edlule ngokuba yimpunyela eba netende emcimbini iVodacom Durban July eba minyaka yonke eGreyville Race Course. Kulo mcimbi kuthiwa uNtuli wayeshiya abaningi bekhexile ngenxa yengqephu ayeyidla nangenxa yemali ayeyichitha ezintweni ezahlukene. UNtuli useke wanukwa yizangoma ehlazweni lokudliwa kwezimali ngomngcwabo kaDkt Nelson Mandela esifundazweni eMpumalanga. Kuthiwa uNtuli wathola uR18 million ngendlela engaqondakali kahle. Kuthiwa usondelene kakhulu noMengameli uJacob Zuma futhi ubenikela esikhwameni iJacob Zuma Foundation.Laba basolwa balindeleke ukuba babuye enkantolo yaseThekwini ngo-Ephreli 8.",0
3323,vukuzenzele,"Uma uhamba uya kumaholide, qikelela ukuthi wonke amafasitela nezicabha zendlu yakho kuvaliwe.",0
1739,vukuzenzele,abayi-12 kanye nabaphathi bamaphrojekthi nezinkontileka abathathu.,0
528,vukuzenzele,"zasendaweni.”Wongeze ngokuthi izi nkukhu zakhe yizinkukhu eziphilayo futhi azivalelwa, azifakwa zikhulisimzimba. Usebenzisa umanyolo wezinkukhu ukukhulisa izitshalo ezifana nesipinashi, ubhrokholi, iklabishi kanye nophepha.Ngaphezu kwezitolo ezi nkulu,",0
26,vukuzenzele,ukwesekwa ngokwengeziwe kuyadingeka kulaba bafundi futhi sizoqhubeka sikuhlinzeke lokho. Zincane kakhulu izi-nyanga ezisele manje ngapha-mbi kokuba kuphele lo nyaka futhi i-Woza Matrics izonika abafundi ukwesekwa abakudi-ngayo ukuze balungiselele,0
1487,vukuzenzele,"isifo sikashukela, umdlavuza, isifo sezinso noma esesibindi esingumahla lakhona.",0
496,vukuzenzele,"Somshwalense Wabalahlekelwe Ngumsebenzi (i-UIF).Noma bebukhona ubuxakaxaka kanye nezinye izi nkinga, kodwa iningi lazo lixazululwe ngokushesha. Lawa ma-ejensi kahulumeni enze umsebenzi oncomekayo ekubhaliseni izigidi zabantu abasha abazohlomula futhi",0
2462,vukuzenzele,"Emva kwezinyanga ezimbili, waqala wathengise la omakhelwane amaqanda.",0
2570,vukuzenzele,"bakahulumeni abambalwa: esikudingayo ngempela abasebenzi baka hulumeni abafanelekile ngumsebenzi abanamakhono afanelekile, ukuziphatha ngo mthetho kanye nokuzinikela ekusebenzeleni abantu.",0
2679,vukuzenzele,"ibekwe. Futhi okubaluleke ukudlula ukuthobela imithethonqubo, abantu abaningi baseNingi-zimu Afrika bazibophezela bona kanye nabanye, ngo-kulandela iseluleko odabeni olufana nokuqhelelana, ukugqoka isifonyo kanye nokuhlanza izandla.Futhi lapho esingenzanga",0
train_isizulu_02469,AfriHate,"hebanna, if you couldn't wait why did you do it?. you seem happy phela ukuthi uzobhebheka. ##url",0
3112,vukuzenzele,"iphinde ibe nemimo eyahlukene fu thi ithwala imithwalo eya hlukene, okuchaza ukuthi kufanele iphathwe nge ndlela ehlukile,” kusho u Mdletshe, okuthokozelayo ukusebenza namathimba anabantu abahlukahlukene, nabavela emazweni ahlu kene.",0
3545,vukuzenzele,Ngubani othenga umgomo?Uhulumeni nguye kuphela othenga imigomo futhi uzoy-ithumela kohulumeni bezi-fundazwe kanye nemikhakha ezimele.Bonke labo asebegonyiwe bazofakwa kwirejista ka-zwelonke futhi bahlinzekwe ngamakhadi okugoma.,0
train_isizulu_01563,AfriHate,bakhuluma nge beef bengakwaz nokhlab' inkomo ##url,0
312, abasebuhleni baxwayisa izitabane ,"BANGASE babhekane nezimbila zithutha abasolwa ngobutabane abazohambela umhlangano wamaNazaretha, aseBuhleni kaJulayi njengoba sekusabalele amahlebezi okuthi bazothelwa isibhaxu uma beke bafika.Amalungu aleli bandla okuthiwa adinwe ayaveva ngezitabane okuthiwa uma zisemhlanganweni noma entabeni zisuke zize emfuleni wokweshela, noma ziye ocansini nezithandana nabo, ahlanganise uhla lwamalungu lwabasolwa ngokuba yizitabane athi kumele bathelwe induku uma befikile. Abanye kulaba abakulo luhla kuthiwa bathatha amantombazane nabafana babathembise ukuthi bazokwelashwa njengoba kuzobe kuzokhulekwa, uma sebefike babajikele babanukubeze.Kulolu hla kukhona amagama abesilisa nabesifazane, nemininingwane yokuthi baphuma kweziphi izindawo.Lolu hla lubhalwe ukuthi ‘Sikhipha isitabane eBuhleni, ingqikithi kaJulayi” bese kulandela amagama alabo abasolwa ngobutabane.Lolu luhla Isolezwe elinalo lusatshalaliswa emalungeni ebandla ngema-SMS noma ngoWhatsapp kodwa okhulumela leli bandla, uMnuz Thokozani Mncwabe, uthe ubengakezwa ngalo.NgoJanuwari abasolwa ngokuthi bayizitababane bathola isibhaxu, entabeni, iKhenani.Umthombo waleli phephandaba ongaphakathi uthe abasunguli balolu hla badinwe ukuthi cishe wonke amasonto kubikwa izigigaba okuthiwa zenziwe ngabasolwa ngobutabane emathempeleni, abazigqajayo ngokuthi baningi futhi bona banemali.“Abanye abantu abasolwa ngobutabane abakhokheli, abafundisi nabanye abantu abanezikhundla ebandleni. Basolwa ngokuthi basebenzisa izikhundla zabo ukubiza abagilwa,” usho kanje.UMncwabe uthe ibandla labo alibandlululi futhi abababuzi abantu abangalungu abo ngesikhathi bebhabhadiswa ukuthi baphila yiphi impilo.“Uma eyinhlalisuthi simthatha njengomuntu wesilisa kanjalo nowesifazane uma egqoka isiketi simthatha njengowesifazane. Siyazi ukuthi phakathi ebandleni bakhona abaya ocansini nabanobulili obufana nobabo kodwa lokhu akuvunyelwe ukuthi kwenziwe esontweni ngoba nabashadikazi abavunyelwe ukuya ocansini ngesikhathi somhlangano ngoba le ndawo ngeyokuthandaza,” kusho yena.UMnuz Willington Myeni womkhandlu ovikela ukuhlukunyezwa kwamaNazaretha, iNazareth Judiciary Council, uvumile ukuthi lolu hla uke walubona wathi kodwa bayaphenya.“Ukushaywa kwabantu esontweni akuvumelekile, abayitabane kumele bazi ukuthi njengoba besebandleni lamaNazaretha kumele balandele imigomo ebekiwe,” usho kanje.",0
train_isizulu_02844,AfriHate,@username makunjalo abangphuce amasende phela ngoba sekungawabo,0
dev_isizulu_00093,AfriHate,ikhekhe or inkomo kamama (private part of a woman)  induku or umphambili (private part of a man)  ucansi ukulalana (deeds in the bedroom)   umzimba (body)  ikhanda (head)  amahlombe (shoulders)  inwele (hair)  sacred   connected to sacred chakra and root chakra. ancestors stay,0
train_isizulu_01058,AfriHate,"good morning mazulu amahle, vukani niba lapise futhi",0
316,vukuzenzele,"abazowadinga ukuze baphumelele empilweni kungumsebenzi okumele sonke siwuthwale emahlombe ethu ngokubambisana. Kumele siqhubeke senze konke okusemandleni, njengohulumeni, umkhakha ozimele kanye nezinhlangano ezithuthukisayo, ukweseka ukuthuthukiswa kwaba",0
409, imeya ecaleni lokushaya owe da ,"IVULELWE icala lokushaya imeya kaMasipala Umfolozi uMnuz Smangaliso Mgenge okuthiwa ishaye ikhansela leDA bebanga ihholo lomphakathi iHlanganani eJ1 eSikhaleni ngeSonto.Ngokusho kukaMnuz Sphesihle Magubane oyikhansela le-DA, ingxabano eholele ekushayweni kwakhe iqale ngombango wehholo okuthiwa belizosetshenziselwa umhlangano weqembu. Uthi bahlangabezane nembibizane ngesikhathi bethola ukuthi ne-ANC iyalisebenzisa ihholo. ""Ngangena ehholo esasilicelile kumasipala kanti sekukhona uMgenge namanye amalungu e-ANC. Ngazama ukuchaza, bavele balwa nami bangethuka, uMgenge wangiphushela odongeni wangishaya wangidonsela phandle.""UMgenge uyakuchitha konke lokhu uthi, empeleni yena ubelamula ngesikhathi kukhona ukuhilizisana phakathi kwamalungu e-DA nawe-ANC. ""Ukube ngamshaya, ngabe usaphila kodwa? Ngabe akahambi ekhuluma kanje ukube washawa lo muntu. Bangena ngendlovuyangena emhlanganweni wethu wokulungeselela ingqungquthela yesifunda iMusa Dladla. Amanye amalungu ethu ayefuna ukumqondisa, ngangena ngamshwelezela.""Uthe umangele uma sekuthiwa uvulelwe icala lokushaya ekubeni kuyena owayelamula.LIFUNA ubulungiswa ikhansela le-DA uMnuz Siphesihle Magubane omangalele iMeya uSimangaliso Mgenge ngokumshaya Izithombe : ZITHUNYELWEUMagubane uthe luselude ukhalo olusazohanjwa ngoba usazoludlulisela kwezinye izinhlaka lolu daba.""Umuntu osesikhundleni sikaMgenge kufanele abe umgqugquzeli woxolo, hhayi abe uphakimpi,"" kuqhuba uMagubane othe lokhu akwenzayo kuyingozi ngoba isifundazwe sihlaselwe udlame lwezepolitiki, okungaziwa ukuthi kuzoze kuthandazwe muphi umthandazo ukuze luphele.UMgenge ukhale ngokuthi leli khansela alihloniphi likhombise ukuba luhlaza ngesikhathi likhuluma nabo libafica emhlanganweni.Okhulumela amaphoyisa KwaZulu-Natal, uCaptain Nqobile Gwala, ukuqinisekisile ukuthi icala livuliwe wathi kodwa akekho umuntu osaboshiwe kusaqhubeka uphenyo.",0
413, ushicilele incwadi esejele owabulala intombi yakhe ,"UBHALE incwadi esejele exwayisa abantu ngokushintsha indlela abacabanga ngayo, umbhali waKwaMashu owaboshelwa ukubulala intombi yakhe.ULungelo Shandu (31) oseneminyaka emibili ephume ngoshwele ejele, ubhale incwadi ethi Success and Wealth Through The Bible. Le ncwadi wayibhala ejele yaphuma ngo-2015 esaboshiwe njengoba ehlale iminyaka emine ngaphakathi.“Ngaboshelwa ukubulala ngoba umzala wami ngamfica elele nentombi yami. Ngabashaya bobabili ngezandla ngingaphethe sikhali, umzala waphunyuka wabaleka. Intombi yashona, ngaboshwa ngagwetshwa iminyaka engu-10 kwalengiswa emibili. Ngalivuma icala enkantolo, ngabhalela nomndeni wentombi ngixolisa ngesenzo sami,” echaza.Uthe ngaphambi kwalesi sigameko wake wayikhuza intombi yakhe ngezenzo zayo ezimbi, wathembisa nokuthi ngelinye ilanga uyoyishaya ayibulale.Lokhu kwamfundisa ukuthi izenzo zomuntu zisukela emicabangweni yakhe njengoba nakuyena kwenzeke kanjalo.UShandu uthe ngaphambi kokuboshwa wayephuza kakhulu utshwala edla nezidakamizwa.Waqhubeka nalokhu engaphakathi ejele, washintsha eminyakeni emibili yokugcina ayihlale khona.“Ukuba sejele kwanginikeza isikhathi esiningi sokufunda. Ngaphuma sengifunde izincwadi ezingu-100, ngafunda ngisho iBhayibheli. Yize ngizisola ngesenzo sami kodwa ukuhlala ejele akuyimoshanga impilo, kunalokho kwayilungisa. Ngesikathi ngingaphakathi ngafunda ukuhweba, ngafunda nolimi iSpanish nomdlalo iHigh Jump.”Uthe walucela uxolo emdenini kamufi, wacela osonhlalakahle bamhlanganise nawo ngesikhathi esejele. Kule ncwadi ufundisa abantu ngokunaka imicabango yabo ukuze bathathe izinqumo eziphusile. Uthe incwadi yakhe isishintshe abaningi abafakazayo ukuthi isibasizile ukubhekana nezinselelo zempilo. Incwadi ifundisa nokuthi abantu baphola kanjani ebuhlungwini benhliziyo nokuthi baphile impilo enokuthula.Iyatholakala ezitolo zakwa-Adams and Griggs nakwi-internet. Ngaphandle kwencwadi uShandu uhambela imiphakathi nezikole enikeza izinkulumo ezakhayo.Lokhu wakuqala engaphakathi ejele, ephumela emiphakathini ukuyoqwashisa nangezidakamizwa.Uke wasebenza neMeya yaseMgungundlovu uMnuz Themba Njilo emikhankasweni yokuthuthukisa umphakathi.Uke waba nohlelo lwezinkulumo ezakhayo kwiMbokodo FM wabuye wahamba noMnyango wezokuBuciko, amaSiko nezeMidlalo KwaZulu-Natal.",0
train_isizulu_03049,AfriHate,manje abasho ukuth mlungu or darkie loyo basitshele nokuth izingane zakhe zifundaph usebenzaph to avoid all those people ##url,0
train_isizulu_00093,AfriHate,@username 😂ngzotshela imfene yami ibize imfene yakho khona uzoza uzoylanda,0
dev_isizulu_00526,AfriHate,@username lol uvele ubone ukth imfene nenkawu kufanele kuzwane🤣🤣🤣,0
test_isizulu_00298,AfriHate,akusiwo u twitter kanyoko lo.....coz kukhona abenza ngathi sisebenzisa i data yabo nx! 😡😡,0
1187,vukuzenzele,Ababhebhezeli benza noma ngabe yini uku lahlekisa umkhondo.,0
49,vukuzenzele,"Namuhla, iqinisekisa ukuthi abafundi bayo abayi-1 065 bathola isidlo sasekuseni esinempilo nsuku zonke kusomabhizinisi wendawo.",0
train_isizulu_00841,AfriHate,"@username wenja, angiyena owakwa buthelezi mina😂😂😂😂😂",0
1778,vukuzenzele,Isifo se-Monkeypox sivame ukuba yisifo esingebucayi esibonakala ngamabhamuza noma izilonda esikhunjeni.,0
88,vukuzenzele,"Njengamanje kunabantu abangaphezu kwezi-7 000 abahlinzekwa ngosizo lokufihla ikhanda ezifu ndeni ezine ezikhahla mezeke kakhulu KwaZulu Natali. Umsebenzi sewuqalile wokwakha izindawo zokuhlala zesikhashana zemindeni ethintekile, emhlabeni kahulumeni",0
308, ushe nesoka washona obeligoyise kubo ,"AKUVUMI ngisho ayibuke indlu okushe kwangqongqa kuyo indodakazi yakhe eneminyaka ewu-19, eshone igoyise isoka KwaDukuza kuleli sonto.UNksz Gugu Dludla (35), obengekho ngesikhathi kwenzeka lokhu, uthi uvuswe wucingo ngeSonto ekuseni obemshayela emazisa ukuthi indodakazi yakhe uLuwiza Dludla (19) yaseZimpempeni nesoka lakhe bokheleke ngomlilo ezintatha ngeSonto.ULuwiza ushone endleleni ebheke esibhedlela, isoka lona lisesimweni esibucayi esibhedlela.“Angazi kahle ukuthi kwenzekeni ngoba bebelele ekamereni lami kodwa akushanga lutho kulo. Into eshile yizintambo zikagesi naphezu kwefriji.“Kuyisono ukuba nemidlinzo kodwa kukhona izinto ezingashile okufanele engabe zishile nazo. UNkulunkulu kuphela owaziyo, sesibonga nokuthi kukhona osindile phakathi kwabo,” kusho uNksz Dludla.ULUWIZA Dludla oshe nendlu kubo ngempelasonto edluleUthe lesi yisilonda esisekude ukuphola ngoba uLuwiza bekuyindodakazi yakhe yokuqala yokugcina njengoba enganazo ezinye izingane. “Angazi ngizophinde ngingene kanjani kule ndlu. Angazi noma kusazohlaleka yini lapha ekhaya emuva kwaleli bhadi. Ngihlukumezekile. Kuningi ebengisakubheke kuye ngoba ubenza izifundo zeTourism yize ebesaphazanyiswe wukugula,” kubalisa uNksz Dludla.Ilungu lomndeni wesoka elicele ukungadalulwa amagama, lithi lishaqekile ngoba kwehla lesi sigameko nje bebazi ukuthi basendlini yesoka (31).Udadewabo omncane wesoka, ohlala nalo kubo, uthi bebezwana futhi akukho akubona kuyinkinga ngelanga abagcine ngalo.“Ngaqala ngayobheka endlini yakhe kuqala ngesikhathi ngivuswa kuthiwa sebetholwe besha nendlu. Angazi bahamba nini ngoba ngabagcina bekhona.“Ngisadidekile ngoba nomuntu oshile unengane futhi uyena osebenzayo la ekhaya.Kodwa sesilinde yena ukuthi asichazele kahle ngokwenzeka uma esephapheme,” kusho udadewabo wesoka.Ukushona kukaLuwiza kushiye namalungu omphakathi ekhala. ULuwiza ubengomunye wabalandeli bomculi kamaskandi uStezie Mhlanzi weMabayeni Amahle. UStezie uthe bagqemeke ingozi engeqiwantwala ngokudlula emhlabeni kukaLuwiza.Amaphoyisa aKwaZulu-Natal asiqinisekisile isigameko.Okhulumela amaphoyisa uCaptain Nqobile Gwala uthe kusaphenywa.“Imbangela yokusha ayikakaziwa okwamanje kodwa uphenyo luyaqhubeka,” kusho uCaptain Gwala.IMeya yaKwaDukuza uMnuz Ricardo Mthembu ithe umasipala uthole ngomzuzu wokugcina ngalesi sigameko ngenxa yemigudu elandelwayo bekungaselula ukuthi kufakwe isandla okwenze wakhipha ephaketheni lakhe.",0
3275,vukuzenzele,futhi uqashe abasebenzi abaningi.”Umkhakha ozimele uqashe ingxenye yokuthathu kokune kubasebenzi baseNingizimu Afrika futhi ubhekene notshalomali olungaphezulu kwezingxenye ezimbili kwezintathu kanye nezindleko zocwaningo nentuthuko.,0
train_isizulu_00361,AfriHate,mazulu bo woza uzo flip ngala dadewethu... ##url,0
1294,vukuzenzele,kubantu abaphila nokukhubazeka ngokwengqondo kumele aqoshwe kuRejista Kazwelonke Yabahlukumezi Bocansi (i-NRSO).,0
train_isizulu_02316,AfriHate,"inquthu ekasihayo bhuti eyasemaqubengeni, wabekwa umagwegwana kampande laphana before impi yasesandlwane, kahle hle kwakuwumhlaba wabathwa inquthu before idliwa uzulu, umolefe wabekwa amabhunu kwelakithi angithi abesotho balwa esay’dini lawo empini yasencome, umehlokazulu. . . ##url",0
708,vukuzenzele,"se-100 segciwane lecorona – sesinezi-gameko eziqinisekisiwe eziyizi-6 783. Izwe lase-Italy, elinenani labantu elifanayo nelethu, libe nezigameko ezingaphezu kwe-zi-140 000 kanye neMelika ibe nezigameko eziqinisekisiwe ezilinganiselwa ezi-700 000",0
train_isizulu_01085,AfriHate,am gonna shine in the dark like the stars ebusuku sing all day njenge nyoni zezulu ngoba ng'bonga bonke labantu base kasi 🔥🔥🔥😍😍😍❤❤❤,0
3524,vukuzenzele,“Kwangimangaza ukuthi imbewu encane ingashintshaikhiqize ophepha abaluhlaza abakhulu. Ukubona ukuthi izitshalo zinakekelwa kanja ni ngomanyolo ukulwisana nezimbungulu kwangenza ngaba nothando lwezolimo kakhudlwana. Kusukela ngale so sikhathi kwangicacela,0
3363,vukuzenzele,"phefumula. Ophampu be-CPAP bampompa umoya-mpilo ngo-kuqhubekayo. Linga-nyuswa noma lehliswe inani lomoya-mpilo umuntu awuphefumu-layo,” kusho Isikhulu Esingumphathi Omkhulu e-CSIR Future Production: Manufacturing, u-Martin Sanne. Iziguli ezisebenzisa",0
train_isizulu_02191,AfriHate,#ngekeuphiwekonke ubuso bungaba mpofu kodwa inqguza izoba mnyama.,0
train_isizulu_02984,AfriHate,igenge mase ifunana la ku tl iyahluleka ukufihla... bhebha uthule.,0
train_isizulu_01130,AfriHate,inkomo ithi yes kodwa wena uthi no. usathane udlala ngawe,0
train_isizulu_01879,AfriHate,@username isinkwa ne nyoni 🐦 yithi sodla i swallows. asipheki singa makhosi ✌🏽✌🏽 ##url,0
1259,vukuzenzele,Izingane zidinga ukwazi ukuthi yini eyemukelekile kanye nengemukelekile Qinisekisa ukuthi ziyazi ukuthi kungani kudingeka imithetho nokuthi uzojeziswa uma uyephula. Ungaguquki kulokho okwenzayo bese usebenzisa lokhu kujezisa.,0
1416,vukuzenzele,"Buyekeza imishwalense yakho – Hlolisisa impilo yakho, ezempilo, ukukhubazeka kanye nemishwalense yesikhashana ukuqinisekisa ukuthi imali iya-hambisana nezidingo zakho. Khuluma ukhululeke nalowo ozwana naye mayelana nemali Kunomkhuba omubi ovamile kubantu",0
536, uzibulale ngesibhamu sephoyisa ,"LIPHUCE iphoyisa isibhamu lazingqokloza ngaso emtholampilo lashona ibhungu (20) laseGamalakhe okuthiwa litakulwe amaphoyisa lishaywa umphakathi emuva kokuba sengozini yemoto eshiye abantu belimele.Kuthiwa uMnuz Vuyo “Boy Boy” Abdolo waseMagogogweni, eGamalakhe, uzidubulele emtholampilo iGamalakhe Community Health Centre ekhanda emuva kokuthi elanyulelwe amaphoyisa eshaywa umphakathi ngeSonto ekuseni.Okhulumela amaphoyisa, uCaptain Nqobile Gwala, uthe amaphoyisa aphenya icala lokushayela budedengu avula nedokodo mayelana nokushona kwalo mlisa emuva kwalesi sigameko.UCaptain Gwala uthe kusolakala ukuthi lo mlisa uhluleke ukulawula imoto washayisa itekisi ebeyilayisha abantu esitobhini sebhasi iMasengeni. Kuthiwa ibe seyishayisa abantu abathathu balimala baphuthunyiswa esibhedlela.“Abagibeli nomshayeli kuthiwa bazamile ukumumisa ngesikhathi ezama ukubaleka endaweni yesigameko. Kusolakala ukuthi umufi ushaywe amalungu omphakathi ngoba ezama ukubaleka endaweni yesigameko emuva kwengozi. Kusolakala nokuthi ngesikhathi engaphandle komtholampilo endaweni yokupaka umsolwa uhlule iphoyisa ngamandla wathatha isibhamu salo wazidubula ekhanda ngesikhathi elinye lingaphakathi emtholampilo,” kusho uCaptain Gwala.UNgqongqoshe wezeMpilo KwaZulu-Natal, uDkt Sibongiseni Dhlomo, udlulise amazwi enduduzo emndenini ka-Abdolo athe kuthiwa ubentshontshe imoto yakubo ngesikhathi ebandakanyeka engozini.Uthe batholile ukuthi usizwe amaphoyisa amyisa emtholampilo waseGamalakhe nokuyilapho obekulindeleke ukuthi ahlolwe igazi ukuze kuvele ukuthi ubengaphuzile yini amanzi amponjwana. UDhlomo uchaze lesi sigameko njengesishaqisayo.“Sidabuke kakhulu ngalesi sigameko sokulahlekelwa umphefumulo wumuntu osemusha ngokungenasidingo. Akucabangeki ukuthi abazali bakhe babhekene nobuhlungu obungakanani kulesi sikhathi. Akulula ukubhekana nesimo sokushonelwa yingane ngenxa yento eqale iwukuganga yagcina seyiyinhlekelele enjena,” kusho uDhlomo.Uthe bayazi nokuthi bakhahlamezeke kangakanani abantu abebekhona ngesikhathi kwenzeka lesi sigameko emtholampilo waseGamalakhe njengoba ethe babafisela ukuthi bathole amandla kuNkulunkulu ukuthi abasize babhekane nalesi simo. Uthe bazobasiza nalabo abadinga ukululekwa ngokomqondo. Unxuse namalungu omphakathi ukuthi akugweme ukuzijezisela abantu.Izolo, umalume ka-Abdolo, uMnuz Phumlani Mdlozini, uthe umndeni usesimeni esingesihle emuva kokwenzekile.Uthe akulula ukuthi bangakhuluma kakhulu ngakho ngoba kuphenywa wuphiko oluphenya amacala enziwa amaphoyisa Independent Police Investigative Directorate.Ngokusho kwakhe, umshana wakhe ube sengozini yemoto wase ehlaselwa amalungu omphakathi nokuyilapho okufike khona amaphoyisa amthatha amuyisa emtholampilo okuyilapho okwenzeke khona lesi sigameko.UMdlozini uthe umshana wakhe ubethathe imoto yakubo eyoyilungisa ngesikhathi kwenzeka ingozi.",0
train_isizulu_00204,AfriHate,usudakiwe ke🤣😂🤣😂🤣 yekutshwala wenja 😂🤣🤣😂😂 ##url,0
1221,vukuzenzele,"IKhabhinethi izoqedela iqoqo lamaqhingasu azosetshenziswa ukubhekana nomthelela woku-valwa kwezwe ezimpilweni zabantu bakithi. Lokhu kwa-ndulelwe imihlangano ehlukahlukene nalabo abathinteka-yo kubandakanya amabhizini-si, abasebenzi, izinhlangano",0
222,vukuzenzele,UGanuganu uyababonga kakhu lu abaphathi bakhe kanye nalabo asebenza nabo.,0
2484,vukuzenzele,"Abakhiqizi bezinkukhu ba zinikele ekutheni batshale kabusha imali elinganiselwa esigidigidini esiyi-1.5 sama randi ezikhungweni zabo zokukhiqiza ingakapheli iminyaka emine ezayo, lokhu okuzokwengeza ukusunguleka kwamathuba emisebenzi alinga niselwa",0
2057,vukuzenzele,Umphakathi waseDouble Drift ngaseGrahamstown uhlangani sa abantu abayi-1 500 abaqha muka emindenini engama-264.,0
162, uramaite uzobamba kwesika abrahams ,"UMENGAMELI Cyril Ramaphosa uqoke uDkt Silas Ramaite ukuthi abambe esikhundleni sokuba nguMqondisi wezokuShushiswa koMphakathi emuva kokuthi iNkantolo yoMthethosisekelo inqume ukuthi ukuqokwa kuka-Advocate Shaun Abrahams kwakungekho emthethweni.UNkk Khusela Diko okhulumela ihhovisi likaRamaphosa uthe uMengameli uqoke uRamaite ukuthi abambe ngesikhathi esafunda ngokugcwele isinqumo senkantolo ebheka nomuntu ozongena esikhaleni sika-Abrahams.“UMengameli uzocubungula isinqumo senkantolo futhi uzolandela umgomo wokuthi aqoke uMqondisi wezokuShushiswa koMphakathi kungakapheli izinsuku eziwu-90. Okwamanje uDkt Ramaite nguye ozobheka ezokushushiswa komphakathi,” kusho uNkk Diko esitatimendeni.Uthe uRamaite uyiPhini loMqondisi wezokuShushiswa koMphakathi, okuwumsebenzi asehlale kuwo iminyaka ewu-15.Ubegxile ophikweni lokuvikelwa kofakazi bombuso.URamaite uneziqu zeB.Proc azithola eNyuvesi yaseFort Hare, ezeLL.B; ezeLL.M, ezigxile kwiCriminal Law, Constitutional Law, Administrative Law nePublic International Law.Uphinde abe neziqu zeLL.D, ezigxile kwiConstitutional Law azithola eNyuvesi yaseSouth Africa.Uqokwe ukuba abe ngummeli wasemaJajini (Supreme Court) ngo-1988 wathola isitifiketi sokuba ngummeli omkhulu (Senior Counsel (SC) ngo-2001.URamaphosa ufisele uRamaite okuhle emsebenzini azowenza okwesikhashana wathi uyamthemba ukuthi uzophatha kahle abuyise nokuthenjwa kophiko lwezokushushisa.Khonamanjalo, uNgqongqoshe wezoBulungiswa nezokuHlunyeleliswa kwezimilo, uMnuz Michael Masutha, uthe akazange abambe iqhaza ezingxoxweni zokukhokhela owayenguMqondisi wezokuShushiswa koMphakathi * -Adv Mxolisi Nxasana uR17 million.Igama likaMasutha belifakwa kwawabantu abasiza uNxasana ukuba athole uR17 million.",0
142, akucaci ngobabes kokatira ,"IMIZAMO yokuthi kube khona uBabes Wodumo emcimbini wokuqala, iGqom in Concert ozoba senxanxatheleni yezitolo iPavillion, eThekwini, ngo-Ephreli 21, seyifana nokuthela amanzi emhlane wedada.Ngemuva kokukhishwa kwesikhangiso somcimbi, abantu abaningi bakhala ekhasini likaDJ Tira ongumhleli womcimbi befuna afake uBabes Wodumo njengoba engomunye wabagqamisa kakhulu lolu hlobo lomculo. UTira usamile ekutheni lo mculi ubiza imali abangeke bakwazi ukuyikhokha njengabahleli.Ekhuluma neSolezwe uTira izolo uthe, kuze kube yimanje beyingakalungi indaba yokuthi uBabes abe semcimbini.“Uma kuphela leli sonto ingalungile kusho ukuthi ngeke isalunga. Okwamanje inkulumo ayihlangani,” kusho uTira.Okhulumela uBabes, uHlengiwe Mbambo, uthe bebethanda ukuthi uBabes aye emcimbini.“UBabes nethimba lakhe ngebhadi bazobe bematasa ngaleyo mpelasonto. Saqinisekisa kwabanye abahleli bemicimbi ngesikhathi besiqasha ukuthi sizoba khona emcimbini yabo, abukho ubutha,” kusho uHlengiwe.Uthe ithimba laseWest Ink lifisela uTira impumelelo futhi liyathemba ukuthi bazoba khona emcimbini wangonyaka ozayo. UTira akazange ayiphathe eyokuthi akazange amthole ngoba uqashwe kwenye indawo uBabes. UHlengiwe uthe ugxile kwezokuxhumana kuphela kwiWest Ink. Ebuzwa ukuthi uBabes ubiza malini uma umqasha, uthe kuncika ohlotsheni lomcimbi omqashela lona. “Ayifani ngokwamazinga, kukhona emikhulu nemincane, nenani lakhe lihambisana nalokho,” kuchaza uHlengiwe.Kulo mcimbi kuzobe kunandisa iDistruction Boyz, Busiswa, Kwesta, Tipcee, DJ Sox, Okmalumkoolkat, Dladla Mshunqisi, Black Motion nabanye.Amathikithi omcimbi atholakala eComputicket ngoR200 kanti iVIP nguR450.“Siyakholwa wukuthi ithimba esinalo lizowenza umsebenzi futhi yingakho siqhubekile sawethula umcimbi (ngaphandle kukaBabes). Umcimbi futhi uzoshisa,” kusho uTira.Khonamanjalo, ngoLwesithathu nangoLwesine ngesonto elizayo kuzoba nengqungquthela yokucobelelana ngolwazi kwezomculo, iGqom Music Conference. Ingqungquthela ihlelwe yiDurban’s Finest, uTira noDJ Sox.Ingqungquthela izobe iseMoses Mabhida Stadium ngo-8 ekuseni kuze kube wu-4 ntambama. Kungenwa mahhala.Esitatimendeni kuvele ukuthi kuzobe kukhulunywa ngokudidiyela, ukusabalalisa umculo, ukunandisa nokunye.Izikhulumi zihlanganisa iDurban’s Finest, Rude Boyz, Distruction Boyz, DJ Lag, Zakes Bantwini nabanye.",0
127,vukuzenzele,wethu kumele ube yinto enkulu ukudlula amagama nje ase phepheni; kumele ube iqi niso ezimpilweni zabantu bakithi.,0
test_isizulu_00575,AfriHate,thina mazulu sazi isummer newinter lokhu kwamaquantum no sprinter okwabelungu👏...😁,0
test_isizulu_00275,AfriHate,uyaba bhebha bhudda? ##url,0
1887,vukuzenzele,"Sibuye sibe nohlelo-kusebenza oluqopha imiyalezo kulabo abafisa ukushayela ucingo kwinombolo yethu ephuthu mayo ngemuva kwamahora okusebenza,” kusho u-Seloane.",0
test_isizulu_00237,AfriHate,trafficlanguage  uma beyenza lento 1.bayibiza ngomdlalo..2.igama layo kuthiwa isitabane..3.kufa ingane 4.trauma ku driver.5 umphathi ushise amabhasi....asiwukhuze lomkhuba siwumphakathi.,0
1205,vukuzenzele,Inhlosonqangi yethu ngukwakha izikhungo ezinamandla neziqinile ezingaqeda inkohlakalo futhi zimelane nanoma yimiphi imizamo yoku thumba amandla ombuso esikhathini esizayo.,0
3283,vukuzenzele,"zimo futhi ngaphandle kokugula okutheni.U-Mohammed usuleleke nge-COVID-19 eyithola kumkhwenyana wakhe, ose-benza elebhu yesibhedlela i-Groote Schuur. Indodana ka-Mohammed eneminyaka eyisikhombisa ubudala nayo ihlonzwe njengenegciwane.Emva kokuhlonzwa",0
433, umfana ona  kwelokudlwengula abafana ,"UTHUKE kwaphela nasozwaneni unina womfana (15) waseManenberg ezwa ngomdlalo omusha obizwa nge- Treintjie (isitimela), lapho abafana abancane bebukiswa khona izithombe zocansi ngaphambi kokudlwengulwa ngabafana abadala.Lo wesifazane oneminyaka engu-32 uthe uthole iqiniso ngalo mdlalo ngemuva kokuba indodana yakhe eneminyaka eyisikhombisa imtshele ukuthi inukubezwe ngokocansi ngabafana emgwaqweni ezinyangeni ezimbalwa ezedlule.Uthe kwakuwu-Okthoba 4, indodana yakhe nabangani bayo bedlala ekhaya ngesikhathi edalula le mfihlo.“Umfana wami wathi abafana abathathu bamthatha emgwaqweni bamyisa kubo komfana omdala lapho bamgingqela khona embhedeni bamkhombisa izithombe zabantu abenza imikhuba etafuleni,” kusho umama.“Wafaka i-lipstick kuye futhi wanikezwa amakhekhe netiye kanye nabanye abafana ababili, base bedlwengula indodana yami, kunomunye umfana wesine owayebukela. Wakhala futhi ebatshela ukuthi kubuhlungu. Kunesinye isigameko lapho umfana ongubhongoza edlwengula indodana yami eyedwa.”Umama uthe wabe esethatha indodana yakhe, wayiyisa esiteshini samaphoyisa eManenberg wavula icala futhi indodana yakhe yelulekwa ngengqondo. Ukuhlolwa odokotela kuveze ukuthi umfana wadlwengulwa futhi wakhombisa unina abafana abamnukubezile.Okhulumela amaphoyisa, uSergeant Noloyiso Rwexana, uthe amaphoyisa asaphenya amacala okudlwengula.“Leli hhovisi lingakuqinisekisa ukuthi lezi zehlakalo zenzeka kaningi phakathi kwabafana abambalwa abadala nabancane abaneminyaka eko-6 ubudala.“Oneminyaka engu-15 usebiziwe wazophenywa ngalesi sigameko futhi usayohlolwa umqondo. Abaphenyi basathungatha abagilwa abangakawabikeli amaphoyisa ngokubehlele,” kusho uRwexana. -ANA",0
train_isizulu_01050,AfriHate,@username zamnandi izingoma ngizbhekise kumndeni wakwa thusi o mfene o gcwabaza,0
1802,vukuzenzele,"Uphiko olusha seluwuqale ngobuqotho umsebenzi walo, ngokusiza ukuthola abasebenzi bakahulumeni ababandakanyeka emaca leni ahlobene nokuthengwa kwezinsiza zeCOVID-19 , isibonelelo esikhethekile se-COVID-19 kanye noku khwabaniswa kweSikhwama Somshwalense",0
train_isizulu_03066,AfriHate,ngiyi slima phela angithi? 😑,0
train_isizulu_01921,AfriHate,"#freedomday2021 27 years of democracy namanje umhlaba owathathwa kokhokho ukuze kumbiwe igolide kufukulwe umnotho wabamhlophe awukabuyi, amabhunu asabulala abantu namanje emapulazini inkululeko yomnotho sisayizwa ngendaba basincisha ngisho imali yomahlalela r350 ##url",0
230,vukuzenzele,"Umeluleki ngokwengqondo uBoitumelo Tlhapane, osebenzela uPhiko Lwezemfundo Ebandakanyayo i-I nclusive Education Unit kuMnyango Wezemfundo eFreyistata, uthi ukuzizwa unexhala noma ukhathazekile ngalezi zikha thi ezinzima kuyaqondakala.",0
test_isizulu_00057,AfriHate,"@username ngazalwa ngiyi anc ngiyokufa ngiyiyo. kwahluleka amabutho kabuthelezi engishaya nabanye ongoye ngo 1983. kwahluleka amabhunu engivalela ejele, engishaya ku fisher street ethekwini. lutho ukushintsha, naweke khohlwa.",0
1724,vukuzenzele,okukhulu; hhayi nje ukukhulisa amabhizinisi abo kodwa ukwenza ngcono ingcebo okwabelwana ngayo kanye nokuchuma emiphakathini abalima kuyona.Kumele bapholise ama nxeba obandlululo lwesikhathi sethu esedlule. Kumele bayichithe inkolelo ethi abalimi,0
2615,vukuzenzele,"Sibonga ukuhlangana komphakathi okwenze sa kwazi ukuqhubeka nokwakha ukuthi uhulumeni, osoma bhizinisi kanye nabasebenzi bakwazi ukusebenzisana ukuze baqinise abasebenzi nama bhizinisi kwimithelela ebuhlungu yezomnotho yalolu bhubhane.",0
train_isizulu_01491,AfriHate,@username tonight sidla ingoma 8pm-10pm @username heshe mabhungu @username #fortheloveofafropop #incwengayomculo  #isigqisaseafrika  #ulozololomculo ##url,0
39,vukuzenzele,"Lolu hlelo luhlose ukuthuthukisa ikhono labantwana lokufunda, ngokunciphisa ukungondleki kahle nendlala kanye nokwenza ngcono ukuya kwabo esikoleni, ikakhulukazi ezikoleni ezincishwe amathuba.",0
2879,vukuzenzele,Okwakulokhu kuphawu leka kwababebambe iqhaza kwinkulumo-mpikiswano muva-nje kwakungukuthi abafuni ukuthembela ekuphi weni noma imiphakathi yabo ihlale ibheke usizo lwezimali kuhulumeni.,0
3033,vukuzenzele,"emzimbeni zibandakanya ukukhwehlela, ikhala eligxazayo, imfiva kanye nokuvaleka ukuphefumula. Uma ngabe uhlaselwa ngezinye zalezi zimpawu, thola usizo lokwelashwa ngokuphazima kweso.",0
2584,vukuzenzele,"ukuthi igama lomsebenzi liyavela kurejista, umqashi kumele asuse loyo msebenzi amnike esinye isikhundla esingeke simsondeze kumntwana noma kumuntu okhubazeke ngokwengqondo,” kusho uMatjila.",0
train_isizulu_02058,AfriHate,@username musani ukudlala ngabantu abanywama. baphi abelungu? nidlala ngabantu ngoba bangasebenzi maan ##url,0
1030,vukuzenzele,"ngegciwane ososayensi ababesixwayise ngako esikhathini sezinyanga ezingaphezu kwezi-3 ezidlule sekusificile. Kwaqala eNtshonalanga Kapa kanti kuyaqhubeka eMpumalanga Kapa nase-Gauteng.Yize noma, izibalo zabantu abatheleleke ngegciwane zikhula ngamandla,",0
3392,vukuzenzele,"zabo.Bangabantu abasha abaphemba indlela yabo futhi baletha nemindeni yabo.Sethulela isigqoko abantu abasha abaqhubeka nokuse-benzela ukuphucula izimpilo zabo. Abantu abasha badlala indima yabo; badinga uhulu-meni, kanjalo nomphakathi wonke, ukudlala",0
3049,vukuzenzele,eNingizimu Afrika kanye nenkampani yakhe i-NantWorks basanda kumemezela umzamo omuhle wokwakha ikhono lokunakekelwa kwezempilo okuthuthukile e-Afrika.,0
146,vukuzenzele,"ubudala ebehlala naye nezingane zakhe futhi ubefuna ukubavikela. “Ngaphatheka kahle kakhulu. Ukudla kwabe kwehla esiphundu – ku-mnandi ukwedlula ngishookwasekhaya. Ngabona ukuthi kumele ngihlale ethembeni. Ngangihlala ngokukhathazeka, kepha ngathandaza",0
687,vukuzenzele,ngohlelo lwemishanguzo eﬁ nye-lela kubantu abayizigidi abaphila nalesi sifo.,0
999,vukuzenzele,Kumele sizibonge kakhulu izintatheli ezisebenza kanzi ma nangokuzimelela zase Ningizimu Afrika. Bezilokhu zinikeza abantu bakithi ulwa zi ngokusabalalisa imiyalezo yezempilo yokuqhelelana kubantu kanye nenhlanzeko.,0
1362,vukuzenzele,"Ngokusizwa inhlangano yezokugcina ukuthula eyasungulwa uPhiko Lwa maphoyisa eNingizimu Afrika ngokusebenzisana nabaholi basemphakathini, imiphakathi ihlangene ukweseka labo abakhahlanyezwe uthuthuva kanye nokuvula imigudu yokuxoxi sana ngalokhu.",0
2445,vukuzenzele,"nobumbano kumele kube izimpawu zomphumela wo-mphakathi omusha, nokuthi bazimisele ukuba ngamaqhawe alo mhlaba omusha, ongcono.Ezingxoxweni engibe nazo nabantu abasha ngithe akumele sibukele phansi ama-ndla ombono, ngoba imibono ingashintsha futhi",0
504, ubonang ushaywe ngoswazi oluncane kwelentela ,"USHAYWE ngoswazi oluncane usaziwayo uBonang Matheba ecaleni abebhekene nalo lokungakhokhi intela.Inkantolo yamacala emali eGoli ihlawulise uBonang uR30 000 ngoLwesibili ngokuhluleka ukukho intela ngesikhathi. Lokhu kwenzeke ngemuva kokuthi elivumile icala abethweswe lona lokungakhokhi intela eqondene naye uqobo kusukela ngo-2008 kuya ku-2017 neyebhizinisi lakhe iBonang Matheba Entertainment (Pty) Ltd kusukela ngo-2014 kuya ku-2017.Kulo R30 000 uR22 000 ubumaqondana noBonang kuthi uR8 000 kube ngowebhizinisi lakhe.Umshushisi obebambe leli cala wazise ijaji ukuthi uBonang uyikhokhile imali eyinhlawulo. Umshushisi uphinde wenza isincomo sokuthi inkantolo ilisonge udaba.Imenenja kaBonang, uDavin Phillips uthe uBonang ujabule ngesinqumo esithathiwe.Uthe njengoba selusombululiwe lolu daba usozogxila ezinhlelweni zakhe.",0
157, akuhlanganiswe abomkhonto namasosha ,"USIHLALO weMKMVA KwaZulu-Natal, uMnuz Themba Mavundla, unxuse uhulumeni aqinisekise ukuthi onke amasosha oMkhonto Wesizwe ahlanganiswe namasosha akuleli ukuze ahole nemindeni yawo idle.UMavundla uphakamise lokhu emcimbini wokubuyiswa kwamathambo abanye ozakwabo ababengamalungu oMkhonto Wesizwe ngezikhathi zobandlululo obuseCity Hall, eThekwini, ngoMgqibelo. Uthe kade kwasa bezicelela ukuba uhulumeni asukumele usizi lwamasosha okuthiwa awanakiwe kodwa ayelwela inkululeko yezwe. Uthe kufanele amasosha anakwe ngoba izwe lilapho likhona ngenxa yeqhaza alibamba emzabalazweni.“Bonke kufanele bathole izinombolo zasembuthweni bafakwe ohlwini lwamasosha kube khona abakutholayo nemindeni yabo. Ngake ngakucela lokhu, ngiyaphinda futhi ngiyakucela nanamuhla ngiyethemba kuzwakele. Nginalo ithemba lokuthi kuzofika nasesigungwini esiphezulu sikaKhongolose, kusho uMavundla. Ubonge kakhulu kuDkt Zweli Mkhize onguNgqongqoshe wezokuBusa ngokuBambisana neziNdaba zomdabu kuzwelonke ngeqhaza lakhe ekutheni kusukunyelwe indaba yamasosha aduka ngezikhathi zempi.Uvumelane noNgqongqoshe wezeMpilo KwaZulu-Natal, uDkt Sibongiseni Dhlomo, othe maningi amasosha akhalayo anganelisekile. Ubekhuluma kanjena nje sekunomkhuba odlangile KwaZulu-Natal wokuthi amasosha oMkhonto Wesizwe aphazamise ukusebenza komasipala ekhala ngokuthi avalelwa ngaphandle abulawa yindlala. UDhlomo uwanxusele amasosha wathi akufanele alahlwe.“Amanye amasosha engike ngixoxe nawo asuke ekhala izinyembezi ngempela. Kufanele kube khona okwenziwayo naye uSihlalo uMavundla ngimphathisa umphako wokuthi ahlanganise amasosha abumbane esifundazweni kungabibikho amaqembuqembu amasosha,’’ kusho uDhlomo.Uthe ukubuyiswa kwamathambo kudala isidingo sokuthi kuqhutshekwe kuthungathwe nabanye abaningi abaduka ngezikhathi zomzabalazo babuyiselwe emindenini yabo.Okhulumela iMeya yeTheku, uMnuz Mthunzi Gumede, utshele abezindaba ukuthi uMasipala weTheku uvele uphezu kwezinhlelo zokuthi kwakhiwe indawo ezogcina amagugu omlando wamasosha.“Le ndawo izoba njengendawo yokuvakasha lapho sizobe sibhale khona amagama azo zonke izishoshovu ukuze kugcineke umlando.’’",0
2960,vukuzenzele,"I – Ichashaza elimhlo phe esweni, ukuqalwa ingxemu, ukuvaleka amehlo noma ihlo eli phumela ngaphandle.",0
train_isizulu_02114,AfriHate,ungincomani uhamba nge bmw4 mina ngihamba nge polo r asiyeke ukubhuqana rather say ngisebenzile not ukuthi iyashisa imoto yami wenja,0
train_isizulu_01753,AfriHate,@username inkomo ayithwale ijoka eyafunda ngalo ukulima🤳,0
3345,vukuzenzele,"u-Egbe uthi ukubhema ugwayi kukhiqiza amakhemikhali angaphe-zulu kwezi-7 000; kanti angama-250 ala makhe-mikhali aseqinisekiswe njenganobungozi emzimbeni womuntu. Kusenjalo nje, kula makhemikhali angama-250, angama-69 awo aziwa njengesisusa somdlavuza.",0
1327,vukuzenzele,Lwesi-khwama Lwezikweletu oluqondiswe emabhizinisini amancane kodwa kufanele babhalise nomnyangongendlela efanayo nalawa amanye amabhizinisi amancane.,0
2295,vukuzenzele,Kumele usho ukuthi ku fanele kwenzekeni efeni lomzuzi oseyingane.,0
train_isizulu_00419,AfriHate,@username uyinja mahlobo 🙌🏾,0
2266,vukuzenzele,"Emavikini ambalwa edlule, iNkantolo Ekhethekile isibuyekeze futhi yabekela eceleni izinko ntileka ezingalandelanga umthetho zenani elinga phezu kwezigidi eziyi-R100 eziphume ekuthengweni kwempahla yeCOVID-19.",0
621,vukuzenzele,"Phakathi kukaNtulikazi noMandulo kowezi-2021, abantu abayizi-9 556, iningi labo kwakungabesifazane, badlwengulwa. Lesi sibalo singaphezulu ngama-7% esikhathini sombiko owedlule.",0
train_isizulu_02180,AfriHate,since 1996 kuze kube manje loku ngakuthanda kuzelwe loku mazulu wam bakithi😍😩❤️ sengikhulisile ##url,0
237,vukuzenzele,O t h i s h a b a n g e s e k a futhi bafundise bengekho phambi kwabafundi ngo kusebenzisa i-inthanethi nokusungula amaqembu okufunda; ngokuzikhumbuza ukugqugquzela abafundi ukuthi bafunde besekhaya; nokubagqugquzela ukuthi bakhulume ngokwesaba kwabo,0
train_isizulu_00276,AfriHate,@username y ephatha i mofaya uwe lo mlungu @username usadlal ngathi even 2018,0
train_isizulu_01769,AfriHate,@username 🤣 🤣 mxm ungathola imfene uzoloya wena😩💔🤣🤣,0
2152,vukuzenzele,Ngakube umgomo uphephile kubantu abadala?Impendulo: Umgomo uphephile futhi usebenza kahle ekunqandeni isifo seCOVID-19 kanye nokufa.,0
train_isizulu_02905,AfriHate,@username nyana sakhona so you an expert in grammartical errors manje? i wonder ubuphasa isingisi slima,0
train_isizulu_02112,AfriHate,@username niphek'abelungu ngebiza yesintu. smh,0
491, kuwe insika kudlula emhlabeni umsimang ,"KUCHAZWE njengokuwa kwensika ukudlula emhlabeni kwesishoshovu se-ANC, uMnuz Mendi Msimang, odlule emhlabeni izolo ngemuva kokugula isikhathi eside.UMsimang, owayeyiHigh Commissioner yase-United Kingdom (UK), uchazwe njengengqalabutho eyalwela amalungelo abantu. Ungumyeni kaDkt Manto Tshabalala-Msimang, owayenguNgqongqoshe wezeMpilo owadlula emhlabeni ngo-2009.UMengameli Cyril Ramaphosa udlulise amazwi endunduzo emndenini, kubangani, izihlobo nakubantu bakuleli ngokudlula emhlabeni kwalesi sishoshovu esamela i-ANC eLondon ngo-1960.Uthe uMsimang wabuya ekumeleni le nhlangano wabe esejutshwa e-UK ngowayengumengameli wezwe uDkt Nelson Mandela.“Sigobisa amakhanda sikhumbula ubaba Mendi Msimang ngoba izwe lilahlekelwe kakhulu ngaleli qhawe. Ukudlula kwakhe kumele kugqugquzele wonke umuntu ukuthi azigqaje ngomlando siphinde sihloniphe nezingqalabutho esezadlula.”URamaphosa uthe imininingwane yomngcwabo izokhishwa uma uhulumeni esebonisene nomndeni kanjalo ne-ANC.UMsimang ubeyilungu lekomiti elibhekela ukuziphatha kwi-ANC futhi esekomitini eliluleka ngokuthi obani okumele bahlonishwe ngumengameli kanti uke waba ngumgcinimafa wale nhlangano.Okhulumela i-ANC, uMnuz Pule Mabe, uthe kuwe insika ngokudlula emhlabeni kukaMsimang.Uthe ubeyilungu lale nhlangano iminyaka eminingi kanti wake waba nayilungu lophiko lwentsha.“Sishaqekile ngokudlula emhlabeni kwalesi sishoshovu ebesaziwa ngomalume Mendi. Wasebenza nezingqalabutho ezingoWalter Sisulu nezinye kwi-ANCYL.”Uthe wasebenza eqeqeshelwa umsebenzi enkampanini yabameli kaNelson Mandela no-Oliver Tambo.Waya ekudingisweni ngo-1961 ngesikhathi i-ANC ivalwa umlomo. Wabuya ezweni waqokelwa esigungwini esiphezulu se-ANC ngo-1991. Waba yilungu lePhalamende ngo-1994 waphinde waba nguSihlalo wekhokhasi ye-ANC ePhalamende.Waqokelwa kwesikamgcinimafa we-ANC ngo-1997 engqungqutheleni yaseMafikeng lapho owayengumengameli wezwe uMnuz Thabo Mbeki aqokelwa kwesikamengameli we-ANC. Waba ngumgcinimafa kwaze kwaba ngu-2007.Ngo-1999 uMsimang wahlonishwa ngendondo yesiliva nguMandela nezinye izishoshovu zomzabalazo.“Siyamhlonipha ngemisebenzi yakhe nokuzinikela ezweni. Sizoqhubeka sigubhe ubuholi namava akhe sigcine negama lakhe emlandweni ukuze izizukulwane zifunde ngaye,” kusho uMabe.Ne-UDM ngomlomo kaMengameli wayo uGeneral Bantu Holomisa ibhonge emswanini yadlulisa amazwi enduduzo emndenini kaMsimang.“Kumele simhloniphe ngokuthi sithuthukise impilo yabantu. Kumele siqede imijondolo sithuthukise ezempilo ukuze simhloniphe ngendlela ngoba ubengumuntu osezingeni elifanayo noMandela,” kusho uHolomisa.UNobhala jikelele weSaftu, uMnuz Zwelinzima Vavi, naye udlulise amazi enduduzo wathi ubemhlonipha kakhulu uMsimang.",0
2886,vukuzenzele,"Ngesikhathi senkulumompikiswano eNdlini Ye sizwe Yabaholi Bendabuko kwaphakamiswa ukuthi okuzokwenza ukuthi uhlelo lweInvestRural luphumelele ukuthi izinhlaka zendabuko ziqeqeshwe, zinikwe ama ndla futhi zicijwe ngama khono.",0
train_isizulu_00850,AfriHate,imfene zokuthakatha 😂😂😂 ##url,0
train_isizulu_00168,AfriHate,imvamisa yalabo cc abangayigezi imomozi ave alithanda igqomu,0
train_isizulu_02514,AfriHate,"nansi imfene or umkhovu wakamabaso uhujwa izinja la phandle,kodwa y bethakatha nokudla kubiza kangaka?",0
3115,vukuzenzele,"Ngokubelesela nokuzimise la, ungazinqoba lezi zithiyo,” kusho yena.",0
train_isizulu_01144,AfriHate,"@username #indumiso sawbona bhuti sbu, bengicela ukugwaba nomndeni wam osentapha ehlokozi ka mkhobolo naka gudlucingo ka mchunu kubo sdudla ngibathanda kakhulu.",0
3306,vukuzenzele,"umphakathi wakho ungekhombise ukunakekela futhi nobuhlungu obenziwa ezinkundleni zoku U-Insaaf Mohammed, ophethwe isifuba somoya, ukwazile ukunqoba iCOVID-19 .",0
train_isizulu_02792,AfriHate,@username uzok'bhebha kamnandi *hides*,0
train_isizulu_00730,AfriHate,@username location phela khhona uzobhebheka ##url,0
3233,vukuzenzele,"ezimpahleni ezithunyelwa kwamanye amazwe, ukwehla kwenani lezivakashi kanye nomthelela omkhulu ekukhiqizeni, ekusebenzeni kwamabhizinisi kanye nokusungulwa nokugcinwa kwemisebenzi. IKhabhinethi isizophothula izindlela eziphelele zokungenelela ukwehlisa",0
dev_isizulu_00213,AfriHate,akekho umuntu oshaya isende njengale nceku abathi wudumi mkokstad🔥... uyalivithiza ikhekhe &amp; dribble.,0
446, uramaphosa umise abashushisi emsebenzini ngamacala athinta imali ,"UMENGAMELI Cyril Ramaphosa umise emsebenzini iPhini loMqondisi wezokuShushiswa koMphakathi u-Adv Nomgcobo Jiba no-Adv Lawrence Mrwebi onguMqondisi wezokuShushiswa koMphakathi ngamacala athinta imali, ukuze kuphenywe ukuthi bakufanele yini ukuba kulezi zikhundla zabo.URamaphosa umemezele lezi zindaba izolo ntambama esho nokuthi uphenyo lokuthi o-Adv Jiba noMrwebi bakufanele yini ukuba sezikhundleni zabo luzophathwa yiJaji leNkantolo yoMthethosisekelo eselathatha umhlalaphansi uNkk Yvonne Mokgoro.“Emuva kokubona ukuthi kunezinsolo zokuthi anikufanele ukuba sehhovisi ngithathe isinqumo sokunimisa emsebenzini ukuze ngiqinisekise ukuthi ezobulungiswa zisebenza ngendlela, ikakhulukazi uma kuthintwa amacala enkohlakalo nokusetshenziswa kwemali yezwe. Niphethe izikhundla eziphezulu kwezokushushisa yingakho kufanele nime emsebenzini kuze kuphothulwe uphenyo ngokuthi nifanelekile yini ukuba kulezi zikhundla,” kusho uRamaphosa.Kuzokhumbuleka ukuthi o-Adv Jiba noMrebi bake bamiswa emsebenzini emuva kokuthi inkantolo inqume ukuthi bakhishwe ohlwini lwabameli ngo-2016. Lesi sinqumo siye sachithwa yinkantolo yokudluliswa kwamacala ngoJulayi walo nyaka.U-Adv Glynnis Breytenbach okhulumela iDA kwezobulungiswa uthe bayasamukela isinqumo sikaRamaphosa sokuphenya ukuthi u-Adv Jiba noMrwebi bakufanele yini ukuphatha izikhundla zabo ngoba abakufanele ukuphatha lezi zikhundla.Uthe iNingizimu Afrika ifanelwe wukuba nabashushisi abahlonipha umthetho hhayi laba abasebenzisa umbuso ukufeza izinhloso zabo.",0
1305,vukuzenzele,"Umthetho manje usuvikela ngokusobala abantu abadala kuzo zonke izinhlobo zodlame lwasekhaya, futhi uvumela abamangali ukuthi bafake izicelo zokuvikelwa ngobuchwepheshe be-inthanethi, ubongele isikhathi kanye nezindleko zokuhamba.",0
2467,vukuzenzele,"yobuchwepheshe yokwenza ucwaningo i-Google eyamelekelela ukwenza ucwaningo lwezolimo. Ukuqala ka ncane kancane kwaba nomvuzo futhi namhlanje, usengumnikazi oziqhe nyayo wePulazi i-Zapa, ibhizinisi eliphumele le elihweba ngezolimo.",0
572,vukuzenzele,"Selokhu uMnyango Wezemfundo Eyisisekelo wavulela ukufakwa kwezi celo zesigaba esilandelayo sakamuva sokuqashwa kwabasizi basezikoleni, bangaphezu kwezi-940 000 abantu abasha abafake izi celo enkundleni yokufaka izicelo zomsebenzi ese tshenziswa mahhala",0
745, lidala itulo lokuthi ngisuswe zuma ,"OWAYENGUMENGAMELI wakuleli uMnuz Jacob Zuma uthi ugqigqa izinkantolo nje futhi usevela kwikhomishini kaZondo yingenxa yetulo elidala lokuthi asuswe ebuholini kuhulumeni.UZuma udalule lokhu ngoMsombuluko ngesikhathi eqala ukufakaza kwikhomishi ephenya ngokulawulwa kombuso yidlanzana. Ngesikhathi eqala ukufakaza uZuma, ummeli wakhe u-Adv Muzi Sikhakhane uqale wacacisa ngokubhalela kwakhe ikhomishini eyicela ukuthi imthumelele imibuzo ngaphambi kokuthi avele. USikhakhane uveze ukuthi akukho kuhle ukuthi kule khomishini kunabantu asebebukwa njengamaqhawe abanye babukwa njengabasolwa ekubeni yasungulelwa ukuthi ithole iqiniso ngokulawulwa kombuso yidlanzana.Eseqala ukufakaza uZuma uqale ngokundlalela umlando ngokuhlaselwa kwakhe athi kwaqala ngonyaka ka-1990 lapho athola khona umbiko wokuthi kunabahlela ukuthi lidicilelwe phansi igama lakhe ngaphambi kwengqungquthela ye-ANC. Uthe ngemuva kokwenza uphenyo lwakhe wathola ukuthi ababefuna ukumhlasela babehlongoza ukwenza lokhu ngoba ‘wayazi lukhulu’ uZuma ngohulumeni wobandlululo. Uthe lokhu kwakuhlelwa izinhlangano ezizimele, eyodwa yakuleli nenye yaphesheya.UZuma uthe lezi zinhlangano zabona ukuthi uyathandwa kwi-ANC, yabe sezihlela ukubhekana naye ngenye indlela. Uthi ngemuva kwenkomfa ye-ANC wasuswa njengenhloko yezobunhloli. Uthi ngenxa yendlela izinto ezenzeka ngayo esuswa kwenza babona ukuthi kunezimpimpi kwi-ANC.UZuma uthe nalabo abahlongoza ukuthi kube khona le khomishini basaqhubeka nemizamo yokulwa nesithunzi sakhe. UZuma uthe ngo-2005 wasuswa njengephini likaMengameli we-ANC ngoba wayesolwa ecaleni lokuthengwa kwezikhali (arms deal). Uthe bonke abanye amagama abo ayevela abakaze baphenywe futhi abakaze basuswe ezikhundleni zabo kwi-ANC. Ngaleso sikhathi uZuma wayephenywa ama-Scorpions.UZuma uthi ngesikhathi eqala ukwaziswa ngalolu daba watshelwa ukuthi alikho icala abekwa lona, uSchabir Schaik nje owafaka igama lakhe kwisitatimende sakhe kodwa kuphelela lapho. Ngemuva kwesonto uZuma uthi waziswa ukuthi empeleni akhona amacala azobekwa wona kodwa anganyamalala uma angase ahoxe esikhundleni sokuba yiPhini likaMengameli.UZuma uthi wathenjiswa uR20 million, kwathiwa akahambe eyohlala eNkandla uzonakekelwa futhi anyamalale namacala ayesolwa ngawo. Uthi kwamuxaka lokhu ngoba wayekade aziswe ukuthi alikho icala azobekwa lona ngokuthengwa kwezikhali.Ngo-2005 uZuma wasuswa njengePhini likaMengali Thabo Mbheki. Uthe uZuma wakwamukela lokhu.Ngemuva kwenkomfa yango-2007, uZuma wabekwa njengomholi omusha we-ANC athi kwenzeka ngaphezu kwetulo lokuthi aboshwe. UZuma uthe ngemuva kwalokho kwabekwa uSchabir Shaik icala eyedwa ukuze uma etholwa enecala, kubekwe yena icala kwazise babesolwa bobabili ngenkohlakalo odabeni lokuthengwa kwezikhali. Ngemuva kwesinqumo sejaji esathola uSchabir Shaik enecala, kwaba nemibiko yokuthi iJaji lathi kunomkhonyovu ohlanganisa uShaik noZuma. UZuma uthe indlela lokhu okwakushiwo ngayo osopolitiki nabamaphephandaba, kwaze kwenza iJaji laphumela obala lasho ukuthi alikaze likusho lokho.UZuma uthi konke lokhu kubeka ngokusobala ukuthi kunezihlangano ezicashile ezilwa nesithunzi sakhe emphakathini futhi ezimufuna engekho ebuholini kuhulumeni ngoba zisabela ukuthi angase aphumele obala ngezimfihlo azaziyo.“Nizokhumbula ukuthi ngesikhathi ngakha umuzi wami eNkandla, kwaba nomsindo ngenkohlakalo. Nizokhumbula ukuthi ngesikhathi kubikwa abezindaba babesho isamba semali eyasetshenziswa kwakhiwa umuzi wami. Kwaphenya iminyango emibili kahulumeni emzini wami, yangathola lutho. Kweza ngisho owayenguMvikeli Womphakathi, wangathola lutho,” kusho uZuma.UZuma uphinde walwa nokubizwa kwale khomishini ngekhomishini ephenya ngokulawulwa kombuso yidlanzana. Uthe leli temu liyihaba ngoba akuzona zonke izinhlaka zombuso ezibhekene nenkohlakalo.",0
test_isizulu_00268,AfriHate,"mazulu,lento ayihlangene nebhola and if you must know,i'm an arsonist.legit.  ##url",0
train_isizulu_00777,AfriHate,@username khona ibhunu elihamba ngayo la spann yooooo iyangigulisa,0
2102,vukuzenzele,"kwamanye amazwe olwenziwa Abezokuthuthukiswa Kwezimboni i-Industrial Development Corporation (i-IDC) kubantu besifazane abamnyama kanye namabhizinisi aphethwe yintsha, kanye nokukhulisa isabelomali sengqalasizinda kwezokuThuthukiswa Kwezomnotho eTshwane.",0
2425,vukuzenzele,"Isikimu somfundaze sini kezwa izitshudeni eziqalayo enyuvesi kanye nasemako lishi oKufundela Umsebenzi Wezobuchwepheshe Bezandla Nokuqeqeshwa (ama-TVET), kuwona wonke amazinga e minyaka yemfundo.",0
train_isizulu_02648,AfriHate,well done ngamla bengikukhumbulela lokho nje#generations,0
1172,vukuzenzele,"“I-CT igqugquzela ukulamula ukuze isindise imisebenzi, ikakhulukazi ngalesi sikhathi seCOVID-19, futhi abantu kufanele baqale ukuyisebenzisa kakhulu,” kusho u-Chicktay.",0
test_isizulu_00244,AfriHate,"@username haha bazonishaya njalo o"" model c""",0
2880,vukuzenzele,"Bafuna ukuhlinzekwa ngokwesekwa okufanele, ukuqeqeshwa kanye nesi mondawo esivumela imipha kathi yasemakhaya ukuthi izimele.",0
712,vukuzenzele,igxambukela futhi ibeka imikhawulo ku-malungelo abo. Inhlosongqangi yethu ngukugcina impilo.Ukuqhelelana nabantu noku-hlanzeka kuseyizona zikhali zethu ezihamba phambi-li kulo mzabalazo. Ilokhu okulawula imithethonqubo esiyibekile esigabeni sesine,0
3152,vukuzenzele,"Uma, emva kwezinsuku ezingama-30, izinkinga zakho zilokhu zingaxazululwa, ungathumela isikhalazo kuMlamuli,” kuchaza uRama bulana.",0
train_isizulu_01754,AfriHate,isende lelo abang’shadise bona phela.. ##url,0
train_isizulu_01318,AfriHate,ngithi nathi mazulu asibancinyane🙌🏽 #gcwalisaimabhida,0
260, itholwe ishonile indoda eyabaleka inqunu entombini ihlaselwa ,"ITHOLAKALE ishonile indoda (52) yaseMbongolwane obesekuphele isonto inyamalele emuva kokuthi iphume ngesudi yesele endlini yentombi ibalekela abalisa okuthiwa babeyifuna ngezibhamu.Amaphoyisa akuqinisekisile ukuthi isidumbu sikaMnuz Kwazikwakhe Mfanothi Lushozi onyamalale ekupheleni kwenyanga edlule sitholakele sinamanxeba okungakaqinisekiswa ukuthi ngawani. ULushozi unyamalale ngoJuni 30 eKopokopo lapho okuhlala khona intombi yakhe emuva kokuthi kufike amadoda angaziwa emfuna ngezibhamu. Kuthiwa waphuma endlini enqunu ebalekela la madoda okuthiwa aphinde atshela intombi yakhe ukuthi afuna isibhamu sakhe.Okhulumela amaphoyisa KwaZulu-Natal, uLt Col Thulani Zwane, ukuqinisekisile ukuthi amaphoyisa asevule icala lokubulala mayelana nesigameko sokutholakala kukaLushozi eshonile.“Isidumbu sakhe sitholakele eKopokopo endaweni engakude nala ayebhekwa khona. Isidumbu sakhe bese sonakele futhi sinamanxeba okulimala. Imiphumela yokuhlolwa kwesidumbu yiyona ezocacisa ngokufa kwakhe,” kusho uZwane.Izolo umndeni kaLushozi awuzange utholakale ukuqinisekisa ukuthi sewuzwile ngokutholakala kwesidumbu sakhe ntambama ngeSonto.Ngesikhathi ebikela leli phephandaba ngokuduka komyeni wakhe, uNkk Lungile Thabisile Lushozi, uzwakalise ukukhathazeka ngesigameko sokunyamalala kwakhe kodwa washo ukuthi batholile ukuthi ubesentombini yakhe.FUNDA: Unyamalele ohlaselwe ehlezi neshendeUthe umyeni wakhe wayevakashele izihlobo zakhe eHammarsdale ngesonto ezobuya ngoLwesihlanu olwandulela usuku anyamalale ngalo.UNkk Lushozi uthe wayethole ucingo olwalumexwayisa ukuthi angalali ekhaya ngoba kunabantu abafuna umyeni wakhe abangamenzakalisa.Uthe wambikela umyeni wakhe ngalokhu wathi uyabuya ngoLwesihlanu olwalandulela usuku okuthiwa wanyamalala ngalo.Ngokusho kwakhe bathi uma bezama ukumshayela ucingo bangamthola ocingweni kwathi eseshayelwa ntambama ucingo lwabanjwa yintombi yakhe yababikela ukuthi kufike abantu ekuseni ngehora lesine befuna umyeni wakhe kodwa wakwazi ukuphunyuka wabaleka enqunu.Umkakhe uthe bathi uma beya emaphoyiseni bathola ukuthi intombi yomyeni wakhe ayisibikanga isigameko sokuhlaselwa nokunyamalala kwakhe. Uthe saze sabikwa nguye.",0
1917,vukuzenzele,UMnyango Wezo kuhlaliswa Kwabantu usuvele uqalile ukuhlola umonakalo ezindlini kusosonke isifundazwe.,0
241,vukuzenzele,"Qinisekisa ukuthi kunenqubo eqondile yokufunda, ukulala kanye nokuchitha isikhathi nabanye abantu.",0
1994,vukuzenzele,"kuka-Michael Komape kanye no-Lumka Mkethwa, kanti laba bashona bobabili emva kokushona",0
1260,vukuzenzele,"Ngesikhathi izingane zikhu -la, zigqugquzele ukuthi zidi ngide le mithetho futhi zisize ukuthi zihlonze imiphumela.",0
train_isizulu_01918,AfriHate,@username lapho throughout the year sesihlabe close to 7 goats akekho usegoli... anede ahlabe inkomo eyodwa nje ngo december ezacile useyosiphatha ke sizwe ngaye yonke into. weee bhatata!!!,0
1055,vukuzenzele,"esingawudala ezimpilweni zethu. Njengesizwe sihlangane ndawonye ukuze selekelelane, siduduze labo aba-gulayo futhi sikhuthaze ukwamukelwa kwabantu abaphila naleli gciwane.Manje kakhulu kunakuqala, kusezandleni zethu ukusindisa izimpilo zalabo esiphila",0
train_isizulu_00831,AfriHate,@username 😂😂bhebha ninga bhebhi ingane yabantu,0
train_isizulu_01234,AfriHate,kwaaaaaaaaaaaa ngamla bakusaba ngisho ususembeden ugula,0
795,vukuzenzele,"kho-ke kusemqoka ukuba abasebenzi abangonjiniyela babe sesizindeni okwakhiwa kusona ukuze baphendule yonke le mibuzo,” kusho u-Sumay.",0
train_isizulu_01409,AfriHate,ngaze ngayikhumbula imomozi 🍑👧🏻 yami,0
1729,vukuzenzele,I-MISA iwuhlaka lukahu lumeni kazwelonke olu ngaphansi koMnyango Wo kwengamela Ngokubambi sana. Yasungulwa kuNhlaba 2012.,0
496, inkakha yekaizer chiefs kwelezidakamizwa ,"UNGENE ehlazweni owayengumgadli weKaizer Chiefs amaphoyisa ethola ukuthi umuzi wakhe usetshenziswa njengesidleke sokukhiqizia izidakamizwa eHillside, eGoli.NgokweSowetan, amaphoyisa agasele ekhaya lale nkakha ngoLwesithathu ekuseni batholwa ukuthi kunegumbi obekukhiqizelwa kulo imandrax.Okhulumela amaphoyisa kuzwelonke, uColonel Brenda Muridili uziqinisekisile izindaba zokuboshwa kowayengumgadli weKaizer Chiefs. Uthe kuboshwe nabanye abathathu ababanjwe kuwo lo muzi.Abasolwa amagama abo awakadalulwa njengoba bengakaveli enkantolo.Esitatimendeni, obambe izintambo kwesokuba nguKhomishana wamaPhoyisa kuleli, uLietenant General Stefan Schutte ushaye amaphoyisa ihlombe ngokubambisana emzamweni yokwehlisa isihlava sokusatshalaliswa kwezidakamizwa kuleli.Abasolwa kulindeke ukuthi bavele enkantolo namhlanje.",0
2517,vukuzenzele,Konke lokhu kwakuyindle la yokubhekana ngqo ne simo esiphuthumayo futhi kwakungokwesikhashana.,0
3020,vukuzenzele,"Izindawo zokuhlala phansi udle, izindawo ezithengisa nezokuphuzela utshwala, ngapha ndle uma kuhanjiswa noma kulandwe ukudla. Izindawo zokuhlala kanye nezindawo zokuhamba ngezindiza zalapha ekhaya, ngaphandle uma uhamba ngomsebenzi, okuzo vunyelwa",0
test_isizulu_00219,AfriHate,wayenza indaba @username ngendaba yenkukhu eyafunda kuma model c yakwa woolworths 🤣,0
2287,vukuzenzele,"Okokugcina, uma umufi engashiyanga ngisho isi -hlobo, uMbuso yiwo oqhu beka udle ifa.",0
2403,vukuzenzele,"“Ihlose futhi ukunciphisa ukusulelana nge-HIV/AIDS, yandise ukufinyelela ekunakekeleleni nokwenza ngcono imiphumela yezempilo kubesifazane nabesilisa abasuleleke nabathintwe yi-HIV/AIDS,” enezela.",0
906,vukuzenzele,"“Imali yokufunda ibiza ngokwedlulele. Ngokomkha kha engiwukhethile, bengi ngeke ngikwazi ukukhokhela ngisho imali yokufunda izi nyanga eziyisithupha, ngi ngasakubali okonyaka owo dwa-ke nje lowo,” kuchaza yena. UMashego uphothule umatikuletsheni wakhe",0
3495,vukuzenzele,"Lezi zinhlelo zokuzimisela zizodinga ukubanjwa kakhu lu kweqhaza wumkhakha ozimele kanye notshaloma li. ITransnet , kubandakanya Ichweba laseThekwini, kunge nye yengcebo kazwelonke ebaluleke kakhulu yabantu baseNingizimu Afrika.",0
2157,vukuzenzele,Ngolwazi oluthe xaxa ngena ku-https://sacoro navirus.co.za,0
train_isizulu_02939,AfriHate,bayayidelela injengele abelungu ##url,0
2600,vukuzenzele,"Njengengxenye yalolu hlelo, sethula Uhlelo lukaMongameli Lokusungula Imisebenzi ukuze kuhlinzekwe ngemalingeniso nokweseka indlela yokuziphilisa yezigidi zabantu abafanelekile.",0
2576,vukuzenzele,I-NRSO ingaphansi ko-Mnyango Wezobulungi-swa Nokuthuthukiswa Komthethosisekelo futhi abaqashi kumele beze khona ukuzobheka ukuthi ngabe labo abafuna ukubaqasha abekho yini ohlwini. Ukuba ngumqashi futhi kubandakanya umzali ofuna ukuqasha umsizi wase,0
test_isizulu_00591,AfriHate,isqophamithi igama lale nyoni.. nifunde kakhulu dean ##url,0
3442,vukuzenzele,"Baye bahanjiswe kudokote la wokunyakaza kwamalungu omzimba, phecelezi ioccupa -tional therapist , ukuze iqinise kise ukuthi umzimba wabo uya kwazi ukunyakaza ngendlela engabenza bakwazi ukushaye la izimoto ezenzelwe abantu abakhubazekile ngaphandle",0
723, esinye isikhalo ngengqungquthela ye ifp ,"SEKUPHINDE kwangena esinye isikhalo ngengqungquthela ye-IFP Youth Brigade okuwuphiko lwentsha yeNkatha ebihleli oLundi ngempelasonto. Iziko Imbabazane elibuye lizibize ngoMtshezi, kuthiwa seliphumele obala lithi kuningi okungahambanga kahle ngengqungquthela ekhethe uMnuz Mthokozisi Nxumalo kwesikaSihalo wophiko.UNobhala walo uNksz Nobuhle Ngubane unqabile ukuphawula ngencwadi okuthiwa ithunyelwe esigungwini esiphezulu seqembu . Akafunanga ngisho ukukhuluma ngesikhalo okuthiwa basifakile uvele wavala ucingo.Umthombo opotshozele leli phephandaba, uthe abaningi bayesaba ukuphumela obala ngoba kuba sengathi bavukela iqembu.Umthombo uthi isigungu esiphezulu siyitholile incwadi evela kuleli ziko.“Awu kuyaziwa nje ukuthi izinto zihamba kanjani eqenjini abantu bakhalaza emakhoneni ngoba abaningi bayesaba. Uvele uthathwe njengomuntu ongahloniphi odicilela phansi iqembu uma uveza izikhalo,” kusho umthombo.Elinye ilungu elingathandanga ukuveza igama lalo lithi kufanele kukhethwe kabusha kulungiswe wonke amaphutha enzeka engqungqutheleni.“Kwakungena noma wubani lapha engqungqutheleni nezigqebhezana zokungena zakhwabaniswa. Wake wayibonaphi ingqungquthela eyenzelwa etendeni ngoba akhona amahholo oLundi. Baningi kakhulu abantu abangagculisekile ngendlela okuqhutshwa ngayo izingqungquthela ze-IFP,” kuchaza ilungu elikhathazekile.Lesi sikhalazo selama eduze esinye esavela ngosuku lokusongwa kwengqungquthela lapho indoda eyazethula ngoNgcobo isibongo, yasukuma yaphikisa imiphumela. Le ndoda ize yazibophezela ngokuthi izolulandela lolu daba kuze kube sekugcineni. Akuqali ukuthi kube nomsindo njengoba kuke kwabangwa imiphumela yokhetho lobuholi besifundazwe KwaZulu-Natal. Owayehola umkhankaso wezikhalo uMnuz Simphiwe Zungu wamiswa eqenjini emuva kwezinsukwana nje ephumele obala ngokungenami kwakhe.Okhulumela iqembu uMnuz Mkhuleko Hlengwa ukuqinisekisile ukuthi incwadi ifikile futhi iyacutshungulwa indaba yayo kodwa wathi ngeke iphindwe ingqungquthela.“Sikholwa wukuthi kwahamba kahle konke engqungqutheleni yeqembu. Siyafuna futhi ukuxwayisa amalungu ethu agijima aye kwabezindaba ukuthi lokhu akufuneki. Wudaba lwangaphakathi lolu kufanele iqembu linikwe ithuba lilulungise,” kusho uHlengwa.",0
3092,vukuzenzele,Imemezele imifundaze engama-60 yokubhekana nokuntuleka okubucayi kodokotela bezilwane ezindaweni zasemakhaya eNingizimu Afrika.,0
1394,vukuzenzele,"“Iziguli zohlanga zisengcu pheni enkulu ngenxa yabantu abancane ababhalisile aba nikela ngamangqamuzana egazi kwabamnyama, ama khaladi kanye namaNdiya,” kusho uMokomele.",0
1730,vukuzenzele,"Emuva kokuqeda umatikuletsheni ngowezi-2008, kwaba nesidingo sokuthi ngithathe ikhefu lonyaka ukuze ngithole indlela yokukhokha izindleko zasenyuvesi, ku sho uMukhodiwa.",0
586, ubathabile dlamini ujabulela ukubuyela kuhulumeni ,"OWAYENGUNGQONGQOSHE wezokuThuthukiswa koMphakathi, uNksz Bathabile Dlamini uthi akanandaba nabamgxekayo bemenza idimoni kodwa ujabulela ukuphinda athole ithuba lokusebenzela abantu ngoba yilokho akwazi kangcono.UNksz Dlamini onguMengameli we-ANCWL, ubephawula emuva kokuqokelwa esikhundleni sokuba nguSihlalo weBhodi elingaphansi koMnyango wezokuHlaliswa kwabantu, elibizwa ngeSocial Housing Regulatory Authority (SHRA). Uqokwe nguNgqongqoshe woMnyango uNkk Lindiwe Sisulu ukuba ahole lolu phiko olungaphansi komnyango wakhe.UNksz Dlamini uqokelwe kulesi sikhundla emuva kokuhlala ekhaya isikhashana engabuyiselwanga kwiKhabhinethi.Uke waba sematheni ngezindaba eziningi kukhalwa kakhulu ngendlela asebenza ngayo.Wesula nasesikhundleni sokuba yilungu lePhalamende emuva kokushawa ngesithende ngesikhathi uMnuz Cyril Ramaphosa ebophela isikimu esisha.“Ngibonga usisi Lindiwe Sisulu ngokwethembela kimi. Kwakunomkhankaso wokungcolisa igama lami kube ngathi ngiyidimoni. Ngizimisele ngokubeka abantu phambili ngaso sonke isikhathi ngoba ngiyathanda ukusebenzela abahlwempu,’’ kuchaza uNksz Dlamini.Echaza ngezivuvaba ake abhekana nazo esengungqongqoshe, uthe yisimo esamhlukumeza kakhulu yena nomndeni wakhe nabazali bakhe asebebadala kakhulu.""Angithi abazali bami basekhona futhi baneminyaka engu-84, manje bebehlukumezeka kakhulu uma ngihlunyezwa nami. Izingane zami zathwala kanzima ngaleso sikhathi. Kungcono manje sengizihlalele ekhaya ngiyakwazi nokunakekela izingane. Lo msebenzi enginikwe wona manje akuwona owansuku zonke,’’Ebuzwa ngeKhabhinethi, uthe impilo yakhe kayincikile ekungeneni kwiKhabhinethi kodwa incike ekusebenzeleni abantu ngezindlela ezehlukene noma engekho kwiKhabhinethi.Kulindeleke ukuthi aqale maduze emsebenzini omusha njengoba eveze ukuthi useke wavela ehhovisi, kwalungiswa konke okuyimicikilisho watshelwa kabanzi nangomsebenzi wakhe.",0
test_isizulu_00551,AfriHate,ababulali benyathi balala ucwayimba/ucwayimbana.  sichaza ukuthini lesisisho mazulu akithi? @username ,0
3342,vukuzenzele,"WaseNingizimu Afrika Wocwaningo Kwezokwe-lashwa kophuzo oludakayo, ugwayi kanye nezinye izidakamizwa.U-Dkt. u-Egbe uthi ukubhema kwaziwa njengenye yezinto ezidala izifo eziyimbelesela kanti ezinye zazo zithintana ngqo nezimpawu ze-COVID-19. Okubandakanya:",0
868,vukuzenzele,“Ukutshalwa kwezimali kuhle ngokuphathelene nokuzethemba kwezama bhizinisi. Kuyaqhubeka nokukhombisa ukuthi lapha KwaZulu-Natali siyindawo ekahle kwaba tshala izimali. Kuthu mela nomlayezo kulabo abalokhu bengabaza ukuthi i-Durban iyindawo ekahle,0
train_isizulu_02395,AfriHate,"@username inkinga yakho yini wena anc? noma amazulu? anc iphethe izifundazwe ezi 8, zonke zicwilile, inhlekelele yodwa, nalapho ithina mazulu njalo. hhayibo 😱 ake nisiyeke, niphume kithi. nani yibani amazulu uma nithanda, kanti soneni, sadlani kabani, wakuphi nabantu?🤔",0
987,vukuzenzele,"semibuso yomibili sisamile njengendlela eyiyo yabantu bakwa-Israeli kanye ne-Palestine futhi kumele kuqhutshekwe nokuthi sesekwe. Ngesikhathi amasosha ezokuphepha akwa-Israeli ehlasela amakhohlwa e Al Aqsa Mosque, nathi eNingizimu Afrika besilu-ngiselela",0
dev_isizulu_00165,AfriHate,heshe mfowethu 👏🏾🔥 ##url,0
train_isizulu_01202,AfriHate,"isibalekile ""@username : @username bhebha yona rt""",0
1330,vukuzenzele,Ucwaningo lubonise ukuthi umntwana unamathuba ayingcosana kakhulu oku thola i-HIV obisini lwebele uma umama emuncelisa ibele kuphela.,0
train_isizulu_02212,AfriHate,"@username kuyosala ama model c odwa, kuyovalwa ngehlahla",0
train_isizulu_00744,AfriHate,😂😂😂 usapholisa imomozi yakhe @username ##url,0
1906,vukuzenzele,"“UNgqongqoshe Wezezi mali uthe isigidigidi esi-R1 sesivele sikhona, kusho yena.",0
train_isizulu_00977,AfriHate,@username ungakhulumi ubulima sdomu ianc izowana ngamalengiso uthanda ungathandi,0
3344,vukuzenzele,"bevame ukuba nezifo ezigcina zenza ukuthi umuntu osesuleleke ngaleli gciwane ashone,” kusho yena.Ukwengeza kulokhu, ukubhema ugwayi kubulala inqwaba yezitho zomzimba wakho futhi ngokuvamile uma sezifile umzimba awubi namandla anele ukulwa nezifo. U-Dkt.",0
train_isizulu_02067,AfriHate,“ubaba usengaythokozela inkomo?”,0
1324,vukuzenzele,"imali edingekayo ukuze bayothenga isitoko abazosithengisa. “Lokhu kuzolandelwa ukuthola indawo enikezela ngesikweletu ezokwenza ukuthi abanikazi beziphaza bakwazi ukuqhubeka bathenge, noma sekudlule ukuqubuka kweCOVID-19 .”Umnyango uzophinde ubacebise",0
train_isizulu_02827,AfriHate,"ngenye imini indoda ithenga umahosha,umahosha wangena esitolo wathenga ucheppies,sekufikwa endlini,benza sex iyafenda indoda,umahosha uzidlela ucheppies,mnxa mnxa uyamnxafuza,ithi indoda kanti ngeke ungisize ngokufenda cc,aphendule umahosha:ngicela umuntu adle into ayithengile.🤣",0
1072,vukuzenzele,"somkhawulo wokukhishwa kwemvume yezikhungo eziphehla ugesi futhi wagqugquzela utshalomali kwimiklamo emikhulu, neyokuphehla ugesi ukuze kuzokwengezwa ngokushesha umthamo wogesi omusha kwisizinda sogesi sikazwelonke. Lokhu kuyingqophamlando emi zamweni",0
1086,vukuzenzele,Sibone abanye abaholi bezepolitiki benza inkulumo engaqinisekisiwe ngabokufika bexhaphaza izikhalo zabantu ukuze bezozuza okuthile kupolitiki. Sibone imibhikisho ebiya emakhaya abantu nasezindaweni abahlala kuzona kuyofunwa ubufakazi bobugebengu. Sibone,0
605, inhlangano iqwashisa ngesifo sengqondo ,"INHLANGANO ebhekela abanesifo sokuhanjelwa wumqondo esibizwa nge-dementia, ifuna uhulumeni asifake ngaphansi kwezifo zokukhubazeka ukuze kusizakale abanaso.I-Bessie Makatini Foundation (BMF), iveze lokhu izolo esithangamini sokuqwashisa ngalesi sifo eThekwini. UMnuz Stan Chidavanzi ongomunye wabagqugquzeli bale nhlangano ozinze e-England, uthe kusenzima ukusiza abanalesi sifo ngoba nohulumeni akabaxhasi. Uthe ngisho izinhlangano ezisiza abaneDementia azilutholi uxhaso. Uveze ukuthi lesi sifo sesibulala abesifazane ukwedlula ezinye izifo e-England.“Silwela ukuthi uhulumeni asithathe njengokukhubazeka lesi sifo ngoba sibucayi kakhulu. Inkinga esibhekene nayo wukuthi abantu abayazi i-dementia, abayiqondi futhi abafundisekile kahle ngayo. Kusanezinkolelo zokuthi onalesi sifo uyathakatha noma uthakathiwe.”Enaba ngalesi sifo uthe kusuke kufe ama-brain cells.Uveze ukuthi onaso akawuboni umehluko phakathi kobusuku nemini, yingakho abanye bebanjwa bentwayiza emgwaqweni ngisho ebusuku. Ukhale ngokuthi lesi sifo aselapheki kodwa kunemishanguzo edambisa kuphela ukukhohlwa okwesikhashana. Yize lesi sifo kuthiwa sihlasela kakhulu izalukazi, uChidavanzi uthe siyenzeka nakulabo abasebasha. Uthe izidakamizwa nazo zinomthelela kulokhu.UNkk Madanda Mabizela ongumnakekeli wabanalesi sifo, uthe unina ongasekho wayenaso. Uthe uma unalesi sifo udinga ukugadwa ubusuku nemini. Ulinganise ngonina athe wake wazama ukuphuza upharafini.“Kumele bahlale benakiwe, bangasitholi isikhathi eside sokuba bodwa. Kumele kungapheli amahora amabili onalesi sifo engakaze anyakaze. Kufanele bazivocavoce, ngisho elele umuntu ujwayele ukumelula umzimba.”Uthe ukulala isikhathi eside kudala izilonda, ezingakubulala uma zinganakiwe.UNksz Shanice Moodley oyiSpeech Therapist, uthe abanalesi sifo kumele bakhunjuzwe njalo izikhathi osukwini. Uthe lokhu kubalekelela ekutheni kubuye umqondo ngoba bayakhohlwa. Ulinganise ngokuthi bakhonjiswe ikhalenda, bakhunjuzwe ngezinsuku ezibalulekile. Uthe kuyasiza nokuthi ubakhombise izinto kunokubatshela ngomlomo ngoba bayakhohlwa. Kuvele ukuthi uma umuntu esesitejini sokugcina seDementia, akube kusasebenza lutho emzimbeni.Ababethamele lesi sithangami bakhale ngokuthi kudingeke bayeke ngisho umsebenzi ukuze bagade abanalesi sifo emakhaya. Kuvele ukuthi uma sebehanjelwe wumqondo bakhohlwa ngisho amagama abo. I-BMF yasungulwa nguNksz Bessie Makatini waseLamontville osezinze eLondon ngokusebenza. Naye washonelwa ngunina ngenxa yalesi sifo.",0
647, kusolwa ukhwantalala kozikhungile ,"KUSOLWA ukuthi uzikhunge ngenxa yokhwantalala oludalwe ukubanjwa inkunzi nokuthunjwa owesilisa waseZimbabwe otholakale elenga emgwaqweni omkhulu eVerulam ngeSonto.UMnuz Michael Chikura (24) kuthiwa bekusaphele isonto esinde esehlakalweni sokuthunjwa, waphucwa noR600 ngamadoda angaziwa. Isitatimende esithunyelwe yinkampani yabezimo eziphuthumayo, iReaction Unit South Africa (RUSA), siveza ukuthi uChikura obehlala eWaterloo, watholakala elenga esihlahleni emgwaqweni uR102 eduze kwebhuloho eVerulam.Ngokusho kukamfowabo, uChikura ubeseneminyaka emithathu ehlala kuleli. Uthe ngoNcibijane umufi wathathwa ngamadoda angaziwa amshaya, amfaka ebhuthini yemoto aze ayombeka eNorth Beach. Kuthiwa washaywa amahora ayisihlanu, abahlaseli bamshiya becabanga ukuthi useshonile. Kuvela ukuthi waphucwa iPassport nemali.“Watholwa amaphoyisa wayiswa esibhedlela kwavulwa necala lokuthunjwa nokuzama ukubulala. Kusukela kwenzeke lesi sehlakalo akazange aphinde abe sesimeni esikahle ngoba ubesaba ukuthi abahlaseli bangabuya bazomqedela. Kungenzeka ukuthi yikona lokhu okudale ukuthi azilengise,” kusho isitatimende.Umndeni ucela noma ubani onolwazi ngokuthunjwa kukamufi ukuthi axhumane namaphoyisa noma iRUSA ku-086 1234 333. Imizamo yokuthola umndeni wakhe yephunzile njengoba kuthiwe usuyolungiselela umngcwabo eZimbabwe.Isidumbu siChikura sabonwa amalungu omphakathi ayedlula emgwaqweni ngezithuba zabo-6 ekuseni. Okhulumela amaphoyisa esifundazweni uColonel Thembeka Mbele uthe kuvulwe idokodo lokufa komuntu eliphenywa amaphoyisa aseVerulam. Uthe amaphoyisa ayaphenya.",0
train_isizulu_02592,AfriHate,@username kodwa ngiyabuza mlungu 😂🤷🏽‍♂️,0
3571,vukuzenzele,Ihubo Lesizwe Ihubo lethu Lesizwe lihlukile futhi liculwa ngezilimi ezine.,0
3459,vukuzenzele,"Manje ngiyakwazi ukunakeke la umndeni wami ngikhokhele nezingane zami esikoleni,” ngokusho kukaMokoena.”Uvumile khona ukuthi ukuba isicishamlilo ngokujwayelekile umsebenzi wabantu besilisa futhi usefunde ukuba isikhondlakhondla kulo msebenzi njengoba",0
1075,vukuzenzele,"Selokhu sakhuphula isi linganiso semvume saya kumamegawathi ayi-100 ngoNhlangulana wezi-2021, ingaphezu kwama-500 MW imiklamo ezimele yoku phehlwa kogesi ovuselelekayo esibhalisiwe, njengamanje ingaphezu kwezi-6 000 MW imiklamo esetshenzwayo emazingeni",0
510, baphinde baboshwa abadle umhlaba ,"KUNGAKAPHOLI maseko inkantolo ihoxise icala lokungena emhlabeni ngaphandle kwemvume ebelibhekene namalungu omphakathi angu-17 aseTete, KwaDukuza, amalunga alo mphakathi asephinde aboshwa ngecala elifanayo.Ngenyanga edlule amalungu awu-17 omphakathi wakule ndawo, aphuma ejabula enkantolo yeMantshi yaKwaDukuza, ngemuva kokuhoxiswa kwecala lawo, izolo abayisithupha babo babuye baboshwa ngemuva kokuthi bephinde bakha imijondolo kule ndawo.UMnuz Khulekani Mkhize osekomitini labakhe kule ndawo, uthe le ndawo bayicela enkosini yaKwaMagwaza yikho bebuyele kuyo bayokwakha ngemuva kokuhoxiswa kwecala kodwa okhulumela uMasipala waKwaDukuza, uMnuz Sipho Mkhize uthe banalo uhla lwabantu abavumelekile ukuhlala kule ndawo, ababoshiwe abekho kulo.“Njengomasipala sinemigomo elawula izakhiwo ezakhiwe ngokungemthetho. Izolo ithimba likamasipala lifice kunemijondolo eseyakhiwe ngaphandle kwemvume yabanikazi bomhlaba, eminye yawo beyingenalutho ngaphakathi. Ebingenalutho idiliziwe, ebinezimpahla sibophe zona izimpahla ukuze abanikazi bezofika bazochaza ukuthi ubani obanike imvume yokwakha.”Uthe abantu ababafica kule mijondolo akekho othi wanikezwa imvume yinkosi futhi kunzima ukukuqinisekisa lokho ngoba inkosi isanda kukhothama.“Okunye okwenza ukuthi kube nzima ukuthi akekho umuntu ophuma emkhandlwini wobukhosi bakwaMagwaza esamnikwa umndeni ohlala emkhandlwini, asazi ukuthi ngobani laba abathi bayazi ukuthi inkosi yasikela abathile iziza ngaphambi kokuthi ishone. Asikwazi ukudedela abantu bakhe bengenayo imvume yabanikazi bomhlaba,” kusho yena.Okhulumela amaphoyisa kulesi sifundazwe, uLt Col Thulani Zwane, uthe kuboshwe abantu abayisithupha ngecala lokungena emhlabeni ngaphandle kwemvume. Uthe umasipala uyidilizile imijondolo ebeyakhiwe ngokungemthetho kulo mhlaba.Ababoshiwe uthe kulindeleke ukuthi bavele eNkantolo yeMantshi eMhlali namhlanje.",0
1229,vukuzenzele,Ukuqeda indlala akusona isenzo sokupha. Kubalulekile kunoma umuphi umphakathi ophila ngokuhlonipha amalu-ngelo abantu.,0
train_isizulu_01009,AfriHate,ayikhale mazulu!! akukho zinyane lemvubu eladliwa zingwenya kwacweba iziziba #ziyanyakaza,0
894,vukuzenzele,"Kuyo yonke le minyaka, uGilman waqhubeka nokugqugquzela ukuthi isikole sithuthukiswe futhi ekugcineni, kwatholwa amagumbi okufundela amahlanu evela eHhovisi likaNdunankulu wase Mpumalanga Kapa.",0
461, indlala isadla lubi ebantwini abaningi ,"SIYAKHULA isibalo sabantu abaququdwa yindlala. Izibalo zango-2016 zeStatistics SA, ezicubungula ngemindeni, iGeneral Household Survey, zikhombisa ukuthi abantu abangu-7.4 million babulawa yindlala kanti manje kulinganiselwa ukuthi lesi sibalo sesicishe siphindaphindeke kabili.Yize izibalo zikhomba lokhu kuyavela ukuthi iNingizimu Afrika isemazweni ayishumi okuthiwa ayakwazi ukukhiqiza ukudla okwanele kodwa lokho kudla akufinyeleli kubo bonke abantu ngoba abanye abanayo imali eyenele yokukuthenga. Lezi zibalo ziholela ekutheni uhulumeni asungule izinhlelo eziningi ezizosiza ekutheni abantu abangakwazi ukuzikhiqizela ukudla abazokudla bathole izinsiza ukuze bakukhiqizele imindeni.Uphiko olubhekele ukudla enhlanganweni yezizwe, i-UN Food and Agriculture Organisation (FAO), luveze okushaqisayo ocwaningweni lwalo luka-2018. Kulolu cwaningo kuvela ukuthi ngesikhathi abanye abantu bebulawa yindlala, okwenza ukuthi imizimba yabo ingakwazi ukwenza okumele ikwenze, abanye bakhuluphele ngokweqile nakho okubeka impilo yabo engcupheni. IFAO ithe lesi simo sidinga ukusukunyelwa ngokushesha kuqhanyukwe namasu okusiza abantu ukuthi badle ukudla okunezakhamzimba ezidingekayo.Imindeni entulayo kuthiwa kuba nzima ukuthi ithole ukudla okunempilo igcine idla ukudla okungenamsoco ngoba yikhona ekwazi ukukuthenga.UNgqongqoshe wezoLimo KwaZulu-Natal, uMnuz Themba Mthembu, uthe kubantu ababulawa yindlala kuleli abesifazane nezingane yibona abaningi.Uthe lokhu kuholele ekutheni izinhlelo zabo zibabhekelele kakhulu abesifazane ukuze kwehle isibalo.UMthembu ubesho lokhu ngesikhathi kugujwa usuku lokudla iWorld Food Day, KwaMachi, ngoLwesibili. Uthe ngokombiko we-UN bangu-43% abesifazane abasemkhakheni wezolimo emhlabeni kodwa uma sekubhekwa ngasohlangothini lobunini bomhlaba kuvela ukuthi balima emhlabeni ongewona owabo.“Abesifazane kulo mkhakha yibona abahlakula amasimu, batshale imbewu baphinde bavune kodwa umsebenzi wabo awuqhakambiswa. Yingakho lolu suku sibuye silusebenzisele ukuqhakambisa nokubonga abesifazane ngegalelo labo. Siqwashisa ngesimo sendlala esikhona, sisize umphakathi ngezinsiza, siphinde sinxuse amazwe omhlaba ukuthi nawo aphonse esivivaneni ukuze kusizwe abangenako ukudla okwanele,” kusho uMthembu.",0
558,vukuzenzele,"Ekhuluma ngesikhathi kwe thulwa lolu hlelo-kusebenza emahhovisi abasunguli balo e-Midrand, u-MEC wezoku Thutha e-Gauteng u-Ismail Vadi uthe umnyango uyasibona isidingo sezobuchwepheshe no hlelo oluphusile kwezokuthutha oluzobamba iqhaza ekuthuthu kisweni",0
train_isizulu_02556,AfriHate,🙆🏽‍♂️ lo mlungu bawo! ngowoth'wani? @username ##url,0
train_isizulu_00197,AfriHate,@username likhipha umahosha e fletini,0
train_isizulu_00713,AfriHate,sadlala amabhunu sadlala amandiya. nisho ukuthi akunasixazululo kulento ngaphandle kokuxoxisana ngoba vele kuyahluleka?,0
2998,vukuzenzele,"Echaza enkulumweni yakhe yakamuva mayelana nenqu bekelaphambili emaswini ange nabungozi ahleliwe okubhe kana nobhubhane lwe-corona (i-COVID-19), uMongameli uthe izwe selizoba nendlela ehlukile yokubhekana ngqo nalezo zindawo ezinamazinga aphezulu",0
1453,vukuzenzele,"ngokusungula inhlangano ebizwa nge-Fusion Centre, ehlanganisa ndawonye ama-ejensi ahlukahlukene okuqinisekisa ukuthotshelwa komthetho ukuze abelane ngolwazi futhi basebenzi sane ekuphenyweni kanye nasekushushisweni kwama cala obugebengu.",0
test_isizulu_00111,AfriHate,and 2think besigezela endishin encane njani! mina owe kiss madolo couldn't get both legs inside. bekmele zilindane izinyawo.kogcine imomozi. ##url,0
train_isizulu_00808,AfriHate,@username nyoko wakho nawe angithi. ##url,0
train_isizulu_01697,AfriHate,akaqambi ngani amanga ke kodwa naye?? sdomu lesi ##url ##url,0
3098,vukuzenzele,"“Ukuze ifundele iziqu zeBachelor of Veterinary Nursing , kumele ibe noMphumela wamaPhuzu Okwamukelwa angekho ngaphansi kwama28 kanye ne-NSC eneSingisi Ulimi Lwasekhaya noma IsiNgisi Ulimi Lokwengezela Lokuqala, izibalo, kanye nephysical science noma ilife",0
29,vukuzenzele,UMphathi Oyinhloko kwa-SABC uMadoda Mxakwe uthi umsakazo uyaziqhenya ngokuba yingxenye yalolu hlelo. “Ku-yasithokozisa ukuba yingxenye yababambiqhaza ababalulekile ekuvikeleni ukulahleka konyaka kaMatikuletsheni wonyaka wezi-2020. Njengomsakazo osiza,0
train_isizulu_01468,AfriHate,@username ngamane ngiyogeza ingulube 🙄🙄 ##url,0
train_isizulu_00048,AfriHate,kunzima kithi mazulu  sihlaselwa yinkemba esingakhoni ukuyivika esingayazi nokuthi ifohle kuphi😥😥 las week indlunkulu ibifihla undlunkulu manje sekuyindlovukazi @username #ukhozifmvabs @username #ukhozifmvabs,0
train_isizulu_01538,AfriHate,@username ubaba ugodi uma engaphatha angaqhubeka aphasise ukubhenywa kwenzangu? ngoba ibhenywa zingane zethu bona abayibhemi amabhunu ayesicabangela engayivumi insango kithi ndlemnyama,0
1548,vukuzenzele,"kumnotho ohlukahlukene.Noma kuyisibopho sikahulumeni ukuhlinzeka abesifazane ngamathuba omnotho futhi akhe uhlaka oluvumela ukuphucula ukulingana ngokobulili, wonke umuntu emphakathini kudingeka ukuthi adlale indima yakhe.Amabhizinisi kumele asekele",0
755,vukuzenzele,"Eminyakeni emine eyalandela, u-SARS useqalise cishe zonke izincomo eziyi16 kanye nezinye izincomo ezingama-27 ukugcina uzinzo kulo mnyango.",0
1617,vukuzenzele,"olubi lwe gciwane le-corona, asingabazi neze ngomsebenzi omkhulu osasimele phambi kwethu.Kumele sizuze ukuvusele lwa komnotho okusheshayo futhi okubandakanya wo nke umuntu. Kumele senze ukuthi abantu bakithi abaningi baqalise ukusebenza futhi. Kumele futhi",0
357,vukuzenzele,"kuzwelonke ngowezi-2017 (1028), uma kuqhathaniswa nowezi-2016 (1054).",0
1417,vukuzenzele,"abashadile wokufi-hlelana izindaba zezimali. Ku-mele nihlangane nyangazonke nikhulume ngebhajethi, izifiso zenu zezimali kanye nalokho enikufisayo nobabili ngekusasa lenu. Zinikeni isikhathi ukuba nabelane ngombono wekusasa wokuthi ikusasa nindawonye",0
1569,vukuzenzele,lula futhi kusize abavoti ukuthi bafake imininingwane yabo yakamuva yokubhalisa noma ukuthi ba bhalise.,0
3073,vukuzenzele,Izikhungo zeKhomishana yoKhetho zizovulwa nga phambi kwempelasonto yokubhalisela ukuvota kuzwelonke futhi zizosebenza kuze kuqedwe ukubhalisela ukuvota ukusiza izakhamuzi ukuba zibhalise futhi zivote.,0
1442,vukuzenzele,komphakathi entandweni yethu yeningi labantu ngendlela ekhuthaza ukuvuleleka kanye nokwenza izinto ngendlela esobala.,0
test_isizulu_00008,AfriHate,@username lmao hawu lomuntu lol uzobhebheka yazi,0
740, kabahambisani nesinqumo ngemeya yetheku ,"ABALANDELI beMeya yoMkhandlu weTheku, uNkk Zandile Gumede, bathi kabahambisani nokuthi umholi wabo aqhubeke nokuhlala ekhaya ibe ikhefu abenikwe lona lenyanga yi-ANC seliphelile.UNobhala we-ANC KwaZulu-Natal, uMnuz Mdumiseni Ntuli, izolo utshele abezindaba ukuthi uNkk Gumede, iMeya yaseNewcastle, uDkt Ntuthuko Mahlaba, nekhansela laseThekwini, uMnuz Mondli Mthembu, bazoqhubeka nokuhlala ekhaya kuze kube bathatha isinqumo ngabo okulindeleke ukuthi basikhiphe esontweni lokuqala ku-Agasti.“Ubuholi besifundazwe bathatha isinqumo sokuthi iMeya yaseThekwini, eyaseNewcastle nekhansela uMthembu ukuba baye ekhefini lenyanga. Lesi sinqumo sisamile ngoba isinqumo ngekusasa labo besingakasithathi. Silindele ukuthi sisikhiphe esontweni lokuqala ku-Agasti emuva kokuthola umbiko esizobe siwunikwe yisigungu esibhekelele ukusebenza kwesifundazwe,” kusho uNtuli.Uthe balindele ukuthi amaqabane ahloniphe isinqumo esathathwa wubuholi besifundazwe ngokuthi angabuyeli emsebenzini.UNtuli uthe bakhathazekile ngokungabi khona kozinzo eMkhandlwini weTheku osekuholele ekutheni babe nemihlangano namagatsha enhlangano nemibutho yeqembu, okubalwa kuyo nowabesifazane.Okhulumela abalandeli baNkk Gumede, uMnuz Mzo Dube, uthe bona abakaze bahambisane nesinqumo sokuthi imeya inikwe ikhefu.“Esikushoyo manje wukuthi njengoba isikhathi sekhefu sesiphelile silindele ukuthi imeya ibuyele emsebenzini iqhubeke nomsebenzi wayo ngoba kwasekuqaleni kwaba yiphutha ukuba kuthathwe isinqumo sokuthi inikwe ikhefu ngoba awukwazi ukuthatha isinqumo ngohlelo ongazi ukuthi luzophetha kanjani,” kusho uDube.Uthe isinqumo sekhefu lenyanga kwaba yisinqumo sepolitiki.“Isicelo sokuhlaba ikhefu sifakwa emsebenzini. Umasipala wuhlaka oluzimele ngakho kasiluqondi uhlelo lwakhona ukuthi luhamba kanjani uma kuphoqeka ukuthi uqhubeke nekhefu,” kusho uDube.Amanye amakhansela asondelene noNkk Gumede kodwa angagunyaziwe ukuthi akhulume nabezindaba acele ukuthi angadalulwa athe amagatsha awaneme ngokuthi imeya kusamele iqhubeke nokuhlala ekhaya.“Adiniwe amaqabane, asazi ngempela ukuthi kuzokwenzekani,” kusho ikhansela.Abalandeli bakaNkk Gumede siye koshicilela izolo kulindeleke ukuthi babe nomkhuleko wokuzila.UDube uthe bazoqhubeka nomkhuleko wabo njengoba behlelile.Elinye ikhansela le-ANC lithe bekuhlelwe ukuthi kuphume amabhasi amabili kwi-zone ngayinye kuma-zone awu-17, eThekwini.Abalandeli bakaNkk Gumede bathe abakwamukeli ukuthi aqhubeka nokuhlala ekhaya.UNkk Gumede ungaphandle ngebheyili kaR50 000, emuva kokuboshwa mayelana namacala enkohlakalo nokukhwabanisa athinta ithenda yezigidi yokuqoqwa kukadoti eThekwini.",0
3062,vukuzenzele,"Ngesikhathi izinga lo tshalomali lehlile ngenxa yemiphumela yalolu bhu bhane, futhi imiklamo eminingana ibambezelekile, umkhankaso wotshalomali usuqala ukuthola amandla futhi.",0
train_isizulu_01276,AfriHate,"siya coba futhi, ngeke uthole iyi ngamla zi khuluma isizulu, manje thina sithanda izinto ai  ##url",0
train_isizulu_00935,AfriHate,#ukhozifm59 ukhozi luneziyalo ezinhle luyakha imiqondo yethu lukhuza udlame emahostela lasihlala khona ngegalelo lakho nyoni endizela phezulu @username ##url,0
test_isizulu_00382,AfriHate,@username smart mampara #turnupyangempela @username ,0
dev_isizulu_00284,AfriHate,isende litheni ? ##url,0
train_isizulu_00274,AfriHate,@username veza elakho nawe ididi ukhohlwe okunye lol ##url,0
2749,vukuzenzele,"Ekwethulweni kohlelo lweYES uMongameli Ramapho sa waboniswa abantu abasha bokuqala abayi-100 abazoqa shwa ngalolu hlelo ngaba kwa-ABSA, Investec, Netcare, Sasol nabakwa-Unilever.",0
train_isizulu_00635,AfriHate,@username lol gada bafo lensizwa ngiyivumile ilusa imfene ngemoto emini,0
56, basola amaphoyisa kufa usomatekisi ,"UMNDENI kasomatekisi waseMbulwana, eGreytown, usola amaphoyisa ngokushona kwelungu lawo, okuthiwa lipitshizwe imoto yamaphoyisa lashona, liyokhomba lapho lifihle khona isibhamu.Umndeni kaMnuz Mdumiseni Mkhize (32) onamatekisi asuka eMbulwane aye eGreytown, usola ukuthi umufi ushone efakwe ishubhu, amaphoyisa afihla ukuthi useshonile amathatha ngeveni athi ubulawe yingozi yemoto.UMnuz Zwelihle Mkhize umfowabo kamufi, uthe amaphoyisa angena kubo phakathi nobusuku ngoLwesihlanu efuna yena, umufi nomunye umfowabo. Uthe umufi wavula kuqala. Uthe ngokuzwa kwakhe amaphoyisa ayezobaphenya ngezinsolo zokuthinteka ekubulaweni kwabashayeli bamatekisi abangu-12, abadutshulwa eColenso, bephuma emngcwabeni owawukule ndawo, emasontweni edlule.“Alinganiselwa ku-30 amaphoyisa abezungeze umuzi wakithi. Mina bengizwa umfowethu elokhu ekhala ngaphakathi endlini ebivaliwe, ngaphakathi kukhona amaphoyisa naye kuphela, unkosikazi nezingane kuthiwe abaphume ngoba amaphoyisa afuna ukukhuluma naye kuphela. Sithe sizwa kwabe kuthuleka. Asazi bekwenzekani ngaphakathi,” echazaNgemuva kwalokho uthe kuphume amaphoyisa ayolanda imoto abeyifihlile ngoba abefike ehamba ngezinyawo. Uthe ingene ihlehla yaze yama eduze komnyango wendlu ebinomufi.“Amalunga omndeni athe ayobheka ukuthi sekwenzenjani, amaphoyisa awaxosha athi awahambe ayolala kwezinye izindlu, amthatha amfaka emotweni. Asimbonanga ukuthi ubekusiphi isimo kodwa endlini abeshaywa ekuyo sifice kumanzi umbhede, izingubo naphansi, kusho ukuthi abecabanga ukuthi uqulekile ezama ukumphaphamisa,” kusho umfowabo.Uthe amaphoyisa aseKranskop athi umshayeli wale moto imphunyukile yaphaphalaza yashayisa izinsimbi ezisemgwaqweni, kwavuleka isicabha, umufi wawa, yamphitshiza, washona.“Okusixakayo ukuthi kulesi siteshi sikhonjiswa imoto encane okuthiwa ubekuyo. Kuthiwa bekunamaphoyisa amabili kuyo kodwa asizwa ukuthi wona alimele yini. Siwumndeni wakwaMkhize sihleli kabi endaweni ngoba kuthiwa siyasoleka ekushoneni kwabamatekisi abadutshulwa. Angazi ukuthi thina singena kanjani odabeni lwamatekisi asebenza eGoli. Umfowethi unamatekisi ahambela eGreytown, akanatekisi eGoli,” kusho uMkhize.UCol Thembeka Mbele okhulumela amaphoyisa esifundazweni uthe amaphoyisa abehamba nomsolwa obeyokhomba ukuthi usifihle kuphi isibhamu esingekho ethethweni.“Umshayeli uphunyukwe imoto besemgwaqweni uSambana, yagingqika, amaphoyisa abesemotweni alimele kanzima, umsolwa ushone esendaweni yesehlakalo. Kuvulwe icala lokubulala ngokungenhloso esiteshini samaphoyisa eKranskop,” kusho uCol Mbele.UMnuz Moses Dlamini wophiko oluphenya amacala athinta amaphoyisa, i-Ipid, uthe leli cala lidluliselwe kubo.",0
2674,vukuzenzele,"Ngesikhathi imikhakha ye-zomnotho eminingi ikwazile ukusebenza futhi izinyanga eziningana, kuzothatha isikhathi ukuthi umnotho uphinde usimame nokubuyiselwa kwemisebenzi elahlekile. Njengoba unyaka omusha uqala, imindeni eminingi isakhahlamezekile ngenxa",0
train_isizulu_00912,AfriHate,bafethu manishaya umgqakazo ku tl please ninga raise ama hopes abantu  aba vulnerable who really needs help.. hlampe wa bhebha ubafo ngokuthi uzosiza intwana iye ehilton college🥺💔.. ngibuhlungu ngalowa mfana namanje.,0
79,vukuzenzele,"ezinezindawo ezihlinzeka ngemisebenzi eziqhelelene (KwaZulu-Na- tali, eGauteng, eMpumala- nga naseNyakatho Kapa).",0
train_isizulu_02427,AfriHate,"ngizoku bhebha weza la ""@username : nam ngcela ukuya epta☹..",0
1893,vukuzenzele,bamacala bazobe sebehlola ukuthi yonke imininingwane edingekayo ihlinzekiwe yini.,0
test_isizulu_00290,AfriHate,"@username haybo wenja, why kmele ungkhumbuze????! ##url",0
3016,vukuzenzele,"bamakhompyutha, abe zokuxhumana, imisebenzi kahulumeni kanye nabezindaba, baqalile ukuse benza ngokusemthethweni mhla luluNye kuNhlangu lana. Amalungiselelo okuqala kahle ukusebenza ngokwezigaba kanye nokufakwa kwezinhlelo kuzokwenziwa kuzo zonke izindawo",0
3264,vukuzenzele,"Ngokuvumelana neqhaza elihlongoziwe emqulwini i-'Ready to Govern’, umbuso ulawula kokubili ukukhula kanye noguquko ngokusebenzisa imigudu efana nenqubomgomo yokuncintisana, ukufukulwa kwabamnyama kwezomnotho kanye nemithetho yokulingana kwezemisebenzi,",0
2643,vukuzenzele,"NgokoKhulumela u-SASSA u-Paseka Letsatsi, isibonelelo somntwana sikhokhelwa loyo oyinakekelayo, kodwa siqonde ukunakekela umntwana. Okwamanje isibonelelo singama-R480 ngenyanga umntwana ngamunye.",0
2058,vukuzenzele,"Basuswa emhlabeni wabo uhu lumeni waseCiskei ngowe-1991, ukuze kwakhiwe isiqiwi esasi nabanikazi abamhlophe. Umphakathi usanda kuthola amatayitela omhlaba, owabu yiselwa kuwona ngokupha thelene nohlelo lokubuyiselwa komhlaba.",0
train_isizulu_00945,AfriHate,yaze yangnonela ingulube ##url,0
596,vukuzenzele,"Kuyinkinga enkulu ukungabibikho kwemisebenzi ezweni lethu. Angeke sikwazi ukuba nokunye ukubambezeleka oku-ngapheli kokubhekana nale nkinga ngenxa yezithiyo zeminyango kahulumeni, izinqubo zokuqasha esezaphelelwa isikhathi, ukungabibikho kwabasebenzi",0
1635,vukuzenzele,"kusebenza. La mandla ama khulu kumele aboshelwe, namakhono nolwazi lwethu oluhlangene sikusebenzise ukwakha kabusha izwe lethu emva kwegciwane le-corona.Umzamo KaMongameli Wokusungula Imisebenzi wethula umthwalo emindenini ebibekezelele ubusika obude",0
365, usazokwazi ukubuyela ekugijimeni osinde esahwa imilenze ,"USAZOKWAZI ukubuyela kwezemidlalo umgijimi waseThekwini osinde emadodeni abezama ukumshumpula imilenze ngesaha lokusika izihlahla, ukuhlinzwa kwakhe okube yimpumelelo ngoLwesithathu.Odokotela abahlinze uMhlengi Gwala (27) amahora ayisihlanu esibhedlela esizimele, batshele umndeni ukuthi usazobuyela ekugijimeni yize kuzothatha isikhathi. Umngani wakhe uSandile Shange naye ongumgijimi, uthe bazijabule ngezindaba ezimnandi ngoba uGwala ubekhathazeke ngokuthi ngeke esakwazi ukugijima.“Odokotela bathe konke kuhambe kahle kodwa kusazothatha isikhathi ukuthi imilenze iphole ngoba kuthinteke nemisipha. Okuhle wukuthi usazokwazi ukugijima nokushova ibhayisikili. Into yokuqala ayibuza odokotela esanda kungena esibhedlela wukuthi usazokwazi yini ukugijima. Ngisho kungathatha isikhathi ukuphola kwakhe siyajabula ukuthi uzobuyela ekugijimeni,” kuchaza uShange.Uthe bazilolonga njalo entathakusa nomngani wakhe, olimale eyolanda yena. Uthe bebezilolongela iSA Champs ezoba ngoMashi 18 eBloemfonteni neHalf Iron Man engoJuni. Uthe umncintiswano wangoJuni ubuzokwenza ukuthi uGwala akwazi ukuncintisana ezingeni lomhlaba futhi ubesethubeni elihle.UNksz Fundi Magwaza ongunina kaGwala uthe ugcine ukubonana naye ngoLwesithathu ebusuku esibhedlela.“Simfice engakwazi nokukhuluma, wangakwazi nokusibona. Odokotela bathe ubesadakwe wumjovo namaphilisi emuva kokuhlinzwa. Siyathemba sizombona esengcono namuhla (izolo).”Kushaye isikhathi sokuloba usaqhubeka umkhankaso wokunikelela uGwala izindleko zokumelapha, umnikelo obusifinyelele kuR400 000. Umkhankaso wokunikelela uGwala uvulwe ekhasini iBackaBuddy lapho kunikele khona ngisho abakwamanye amazwe. UMnuz Patrick Schofield oyisikhulu seBackaBuddy, uthe imali izokhokhela izindleko zokwelapha uGwala, athengelwe nebhayisikili elisha. Uveze ukuthi bangaphezu kuka-898 abakuleli nakwamanje amazwe asebenikelile abanye basathembisile.Okhulumela amaphoyisa esifundazweni uCaptain Nqobile Gwala uthe kuphenywa icala lokuzama ukubulala emuva kokuba abasolwa abathathu behlasele lo mgijimi.",0
train_isizulu_01535,AfriHate,@username ey abelungu sebasijwayela kabi kanje wasiyala ramaphosa 🙆‍♂️,0
test_isizulu_00280,AfriHate,inkomo asihambeli isdakwa 🤣🤣🤣😭😭😭🤣🤣🤣🤣 ##url,0
1765,vukuzenzele,"Lesi yisihlalo seNdlovuka zi sokuqala nokuwukuphela kwaso ezweni nasezwenika zi lonkana,” kusho uMonga meli Ramaphosa.",0
train_isizulu_02421,AfriHate,"@username hhawu lafa elihle kakhulu, abathakathi sebegibela imfene emini.",0
636, kutholwe itekisi yeda ebintshontshiwe ,"ITHOLAKALE izolo isicekelwe phansi itekisi yeDA, ebintshontshwe eMorningside eThekwini ngoMgqibelo. Itekisi esetshenziselwa ukukhankasela ukhetho inemibala yeqembu nobuso bukaMnuz Zwakele Mncwango okufoloswe ngaye ukuba nguNdunankulu KwaZulu-Natal.UMncwango, obhale nakuFacebook ngokwebiwa kwetekisi, utshele Isolezwe ukuthi ibigcine ukubonakala ngezithuba zabo 12 ebusuku. Uthe yebiwe lapho kuhlala khona umshayeli wayo eMorningside.“Siyacabangela ukuthi yebiwe entathakusa ngoba umshayeli ubeyibonile isegcekeni ngabo 12 ebusuku. Sisizwe ukufaka udaba kuFacebook ukuze isheshe itholakale,” kuchaza yena.Uthe bathintwe ngowesilisa izolo obatshele ukuthi imoto uyibone ipake emagcekeni amanye amafulethi eNewlands.“Sithinte amaphoyisa siwatshela ukuthi imoto ibonakele eNewlands kodwa asichitha athi kungenzeka ukuthi siyaluthwa. Kudingeke siziyele mathupha sahlangana egaraji nowesifazane osikhombise lapho eyibone khona. Siyithole isicekelwe phansi bakhipha i-tracker,” kusho uMncwango.Uthe ngeke asho ukuthi kukhona abakusolayo ngokwebiwa kwale moto kodwa kungenzeka ukuthi ubugebengu obujwayelekile.Okhulumela amaphoyisa esifundazweni, uColonel Thembeka Mbele, ukuqinisekisile ukuthi livuliwe icala lokwebiwa kwemoto kodwa yatholakala izolo.",0
981,vukuzenzele,okwethu.Izenzo zabantu bakwa-Israeli zingukuphula umthetho womhlaba ji kelele. Batshengise ukunga-yishayi ndiva impumelelo yezinqubo zoMkhandlu Wezokuphepha zoMhlabu-hlangene ezazicela ukuthi kumiswe nsi ukusetshe-nziswa komhlaba wase-Palestine futhi,0
train_isizulu_00269,AfriHate,@username sengingaze nikhalele ibhunu kodwa🤔🤔,0
test_isizulu_00078,AfriHate,😂😂 uyinja shame mfethu ##url,0
1779,vukuzenzele,Sivame ukungabi bucayi futhi izinga lokushona kwabantu ngenxa yaso liyiphesenti elilodwa.,0
473, uzuma kwabajutshwe ephalamende ngo  ,"IGAMA lobenguMengameli wezwe uMnuz Jacob Zuma selivele ohlwini lwamagama abantu abaphakanyiselwe ukuthi bajutshwe ePhalamende emuva kokhetho luka zwelonke oluzoba ngonyaka ozayo.Igama lakhe kuvele ukuthi lingunombolo 74 emagameni angu-833 aphakanyiselwe ukuya ePhalamende. Lokhu kuchaza ukuthi uZuma uma evuma ukuthunywa ePhalamende kuyohoxiswa yonke imihlomulo yakhe yokuthi wayengumengameli bese ehola imali yokuba yilungu lePhalamende. Uyokwephucwa abaqaphi nemali ayiholayo njengoba esehleli ekhaya.Okhulumela i-ANC okwesikhashana uMnuz Dakota Legoete uthe abanayo inkinga ngokuvela kwegama likaZuma ohlwini lwabantu abacatshangelwa izihlalo ephalamende.""Indaba yamagama ayikaqedwa ngoba isazobukwa kahle uma sesihlangene. Umuntu nomuntu uzobhekwa ukuthi unakho konke yini okufunekayo ukuthi ayomela inhlangano ephalamende njengoba sifuna kube abaholi abaqotho.’’",0
956,vukuzenzele,Umnyango uyethemba ukuthi lokhu kuzolekelela ekuphuculeni izinga lokufu nda nokufundisa ohlelweni lwemfundo eyisisekelo ezi ndaweni zasemakhaya.,0
1254,vukuzenzele,Vama ukuya kudokotela uye kohlola amehlo nesikhumba.,0
train_isizulu_02129,AfriHate,unawo yin umthondo wokus'bhebha ? ##url,0
2673,vukuzenzele,noma okwebiwe kwi-SAFPS kanye nakwi-SAPS kuqini sekisa ukuthi sifake imini ningwane yakho kwezo kugcinwa kwemininingwa ne yethu ngobuchwepheshe futhi sazise amalungu ethu ngalokho. Lokhu kwenza ukuthi baqaphelisise lapho beqinisekisa ngobunikazi,0
395,vukuzenzele,Izindlela ezingakhethwa zoxhaso kanye nosizo lwezezimali.,0
720, kuboshwe obanjwe nemali engaphezulu   ewumkokotelo ,"KUBOSHWE owesilisa oneminyaka engu-49 obanjwe nemali okusolwa ukuthi ngeyomkokotelo elinganiselwa ku-R107 300 ngoLwesithathu eBotshabelo, eFree State.Okhulumela amaphoyisa kulesi sifundazwe uSergeant Martin Xuma uthe le ndoda iboshwe abeSelossha Tactical Response Team ngemuva kokutholwa kwale mali ifakwe ezicathulweni lapho kuhlala khona izingubo zokugqoka emzini wayo.Lo mlisa uyiswe esiteshini lapho ahlonywe khona ngemibuzo, amaphoyisa athola enye imali yomkokotelo amaphaketheni akhe.""Ngemuva kokwenza uphenyo ngaphakathi nangaphandle komuzi wakhe, amaphoyisa athole enye imali ewumkokotelo engalinganiselwa ku-R105 900 ifakwe kuplastiki omnyama ifihlwe endlini yangasese,"" kusho uXuma.Uthe isiyonke imali eshaqwe amaphoyisa ihlanganise u-R107 300.Uthe le ndoda ibhekene necala lokuphatha imali engekho emthethweni kanti kulindeleke ukuthi ivele enkantolo yemantshi yaseBotshabelo maduze.UKhomishana wamaphoyisa eFree State uLieutenant General Moeketsi Sempe unxuse abanikazi bamabhizinisi ukuqinisekisa ukuthi imali amakhasimende athenga ngayo isemthethweni.",0
train_isizulu_02757,AfriHate,mazulu akithi uma kudikiza ngaphansi kwesifuba saka right kusuke kuzovelani?,0
2623,vukuzenzele,"UPhiko Lwamaphoyisa aseNingizimu Afrika (i-SAPS) kanye namaqembu ezo kuvikela azimele abophe abasolwa abayisikhombisa muva nje kufanele banconywe ngomsebenzi wabo. Idokodo labo seledluliselwe kuPhiko loKlebe, kanti futhi uphenyo luzoveza eminye",0
470, ukugwazana kwabafundi kudonse iso lemeya ,"IZIGAMEKO zokugwazana kwabafundi esikoleni samabanga aphezulu KwaMakhutha zenze ukuthi uvalwe khona umkhankaso wokulwa nokuhlukunyezwa kwabesifazane nezingane izolo.Umcimbi wokuvala imigubho yalo mkhankaso wenziwe yiMeya yeTheku, uNkk Zandile Gumede, okhale ngezigameko ezimbi ezenzeke kule ndawo. Yize singashiwongo ngegama isikole kodwa yiseMasakhane High lapho kuke kwagwazana abafundi ababili bashona ngo-Agasti. Imeya iveze izibalo zezigameko ezahlukene ezibikwe esiteshini samaphoyisa KwaMakhutha kusukela ngoSepthemba, ezinye zazo ezinyukile. Ithe ikhethe ukuvala umkhankaso KwaMakhutha ukukhuza umhlola wezigameko ezingezinhle. UNkk Gumede uqale waveza izibalo zokudlwengulwa ezibikwe esiteshini samaphoyisa, athe ngoSeptemba bayisihlanu abadlwenguliwe, ngo-Okthoba bayisishiyagalombili kwathi ngoNovemba balishumi.“Okubi ngalezi zibalo ziyenyuka kunokuba zehle. Lapha sikhuluma ngezibalo zezigameko ezibikiwe kuphela. Kungenzeka ukuthi baningi abanye abadlwenguliwe kodwa bangabika,” echaza.UNkk Gumede uveze nezibalo zokugqekezwa kwemizi ngoSepthemba ezibe u-39, zaba wu-35 ngo-Okthoba zaba u-44 ngoNovemba. Emacaleni okushaya ngoSeptemba abe ngu-34, ngo-Okthoba aba u-28 kwathi ngoNovemba awu-35. Imeya igxeke ukwanda kwamathaveni angekho emthethweni, ethe anomthelela ekubhebhethekiseni ubugebengu. Ezibalweni zamathaveni atholakele engenawo amalayisensi agcine engu-28 ngoNovemba, eqale engu-19 ngoSepthemba. Kwababulewe izibalo zikhomba ukuthi babe yisikhombisa ngoSepthemba bagcina beyisishiyagalolunye ngoNovemba. Kulo mcimbi imeya ibuye yapha ngamaphasela okudla imindeni edonsa kanzima. Ithembise ukuthi nezaguga zizothola izipho ungakashayi uKhisimusi.OnguSihlalo wekomiti leCommunity Service kuMasipala weTheku, uNkk Zama Sokhabase ugcizelele ukuthi kuvalwa kuphela imigubho ehambisana nomkhankaso kodwa abesifazane nezingane kumele bavikelwe unyaka wonke. Naye ukhale ngesigameko sokugwazana kwabafundi esikoleni, athe yikho okwenze ukuthi bawuvale KwaMakhutha umkhankaso. Umkhankaso wavulwa yimeya eSankotshe nakhona okuthiwa bekwande izigameko zokuhlukunyezwa kwabadala. Emcimbini wayizolo kunandise umculi wowokholo uDumi Mkokstad obehambisana noBetusile. Umkhankaso wokulwa nokuhlukunyezwa kwabesifazane nezingane uba minyaka yonke ngoNovemba 25 kuya kuDisemba 10.",0
train_isizulu_01665,AfriHate,"ungabuzi okuningi. bhebha nje “@username : boghel, ngicela ukubuza. yini le enenza nilahle kangaka on nye??? hahahahha”",0
2494,vukuzenzele,"Umbiko wabeka uhleloxhumano lwamakhompyutha olungahlale lusebenza njengalo kho kulindelekile, uhlelo lokwe nziwa komsebenzi olungasebenzi ngendlela efanele kanye nezindlela zokuxhumana ezingahlanga nisiwe ngendlela efanele eziholela kwizakhamuzi",0
1116,vukuzenzele,"“UMasingana inyanga enzi ma kubantu abaningi, abanye basebenzisa amakhadi ezi kweleti noma baboleke ima li. Kubalulekile ukuqaphela ukuthi imali yakho uyisebenzi sa kanjani. Okugcono enza uhlu lwezinto ofuna ukuyi sebenzisa kuzo imali yakho ukuze ugweme",0
dev_isizulu_00445,AfriHate,kade bekhuzwa ngalento yokukhotha imomozi lamajongo awezwa ##url,0
2783,vukuzenzele,l Ukuba nesifiso esinamandla sokufa noma ukuzindla ngokufa.,0
3445,vukuzenzele,"Umuntu owalisebenzisa ngempumelelo leli thuba labakwa-QASA ngu-Carol Khoza, owabandakanyeka engozini yemoto eminyakeni emibi li edlule. Wasala ekhubazeke kwesingezansi.",0
3395,vukuzenzele,"Umqondisi wezomthetho weKhomishana Yezokuli ngana Ngokobulili uMari ssa van Niekerk, uchaza imi shado yesintu kanye nama phuzu abalulekile okumele abantu bawakhumbule.",0
2629,vukuzenzele,"ENingizimu Afrika kunoku vikelwa okubanzi komthetho wezingede, kubandakanya Umthetho Wokuvikela Okudaluliwe, Umthetho Wobudlelwano Emsebe nzini , Umthetho Wezinkampani, Umthetho Wokuvikela Ukuhlukunyezwa, kanye noMthethosisekelo uqobo.",0
train_isizulu_01490,AfriHate,ubunja nje lobu. bhebha uzalise eyakho ingane. phuma enganeni yenye indoda. ubu weak nje lobu. uyilobola kanjani ingane ekungeyona eyakho. sies maan. ##url,0
3162,vukuzenzele,"Ziningi izizathu ezisibeke kule simo esikuso njenga manje. Umnotho wethu awukhulanga kangako emi nyakeni eyishumi edlule, ikakhulu ngenxa yosizi lwa ngonyaka wezi-2008 lwezima li emhlabeni kanye nokwehla kokufunwa kwezimbiwa esizithumela kwamanye amazwe.",0
778,vukuzenzele,"izinhlelo zethu zokuhlelela ibhizinisi. Ngibonga kakhulu ngaleli thuba, ngoba sengizo- kwazi ukuthuthukisa ibhizini- si lami,” kuchaza uFuma.",0
1255,vukuzenzele,"U-Childline South Africa, inhlangano engenzi nzuzo evikela izingane kuzo zonke izinhlobo zodlame futhi ekhuthaza ukuhlonishwa kwamalungelo ezingane eNi ngizimu Afrika, uthi abazali kumele baxoxisane ngokwa khayo nezingane. Ningazithethisi; khuluma ni nazo",0
1745,vukuzenzele,ukhetho lwesigungu esilawulwa uku phathwa kwesikole (i-SGB) lubanjwa kuNdasa futhi abazali banxuswa ukuthi bazibandakanye ukuze ba bambe iqhaza elibonakalayo emfundweni yezingane zabo.,0
dev_isizulu_00481,AfriHate,#umjolo #batlagohurdaboiboi  @username uyinja boi🔥🔥 ##url,0
3004,vukuzenzele,"she kuleso naleso sizinda,” kusho uMongameli.Le liqembu lizobandakanya odokotela bokwelashwa kwezifo, odokotela bezo kwelashwa komndeni, abahle ngikazi, onompilo, ongoti bezokuphathwa kwezimpilo zomphakathi kanye nabophiko lokwelashwa okuphuthu-mayo,",0
1834,vukuzenzele,"Ngokwesekwa yiSikhwama Sobunye Nobumbano noxhaso oluvela kwizakhamuzi zase-Ningizimu Afrika ezingabantu ngabodwana, amabhizinisi, izinhlangano kanye nabanye ohulumeni, sikwazile ukuthenga izinsizakusebenza zokuzivikela zalaba basebenzi abangamaqhawe",0
3239,vukuzenzele,"esiwathatha njengayingozi kakhulu; ukuhlolwa okuyimpoqo; ukuzihlukanisa noma ukuhlaliswa bodwana kwabantu baseNingizimu Afrika ababuya kula mazwe; nokuqinisa ukugada, nokuhlola emachwebeni angenela kuleli zwe. Ukuziqhelelanisa kubantu emphakathini",0
train_isizulu_02084,AfriHate,ayi ingulube zyadla ke kodwa😭😭😭...  ngath ngondla 4 families ..,0
1799,vukuzenzele,Lolu phiko luzodluli sela amacala enkohlakalo kwiThimba Likahulumeni Elilwisana Nenkohlakalo bese lilandelela neminyango ukuqinisekisa ukuthi amacala obugebengu abandakanya abasebenzi bakahulumeni agcina ekuqondisweni kwezigwegwe. Ngokusebe nzisana,0
2105,vukuzenzele,ezemikhiqizo yokunakekela isikhumba kanye neminye imikhakha yomnotho.,0
291, kuboshwe isihlobo ngosana obelwebiwe ,"KUBOSHWE isihlobo ngokuthunjwa kosana olunezinyanga ezintathu lwaseHibberdene, olwanyamalala ngenyanga edlule.Ubusulahle ithemba umndeni kaLuyanda Simamane, obumthungatha nasezibhedlela, watholwa ngoLwesine eLamontville, eThekwini. Unina kaLuyanda uNksz Vuyisile Simamane (21), uthe kuboshwe umzala wakhe. Kusolwa ukuthi ingane yebiwa ngowesifazane othandana nalo wesilisa oboshiwe. UNksz Simamane uthe lo wesifazane wayeqala ngisho ukumbona kodwa wayazi ukuthi uthandana nomzala wakhe.“Besingazani kahle nale ntombazane ebithandana nomzala wami futhi angiqondi ukuthi ngabe bebeyintshontshelani ingane. Sithole ukuthi ngoLwesine le ntombazane yafika kubo yashiya khona ingane, yabaleka. Unina washayela amaphoyisa ewabikela ngoba wayesola ukuthi yile ngane eyebiwe eHibberdene,” echaza.FUNDA:Kusolwa isihlobo ngengane eyebiweUNksz Simamane obekhuluma nephephandaba esesibhedlela izolo, uthe ingane yangeniswa ngoLwesine ukuze ihlolwe isimo sempilo. Uveze ukuthi ulinde umbiko kadokotela namuhla mayelana nesimo sengane.Uthe namanje usamangele ukuthi bekuyini inhloso yokwebiwa kwengane yakhe. UNksz Simamane uthe bekunzima kuyena njengoba ingane ibingaziwa kodwa ujabulela ukuthi itholakale iphila. Uchaze umzala wakhe njengomuntu ophuzayo, osolwa nangobugebengu. Uthe bebengahlali ndawonye kodwa ubevakasha kubo. UNksz Simamane uthe bese bebheke ngisho ezibhedlela bethungatha ingane. Uveze nokuthi ingane yakhe ithunjwa nje ibisancela ibele.Okhulumela amaphoyisa KwaZulu-Natal Lieutenant-Colonel Thulani Zwane uthe ingane itholakale emzini thizeni eLamontville, ingekho esimeni esihle. Uthe kuboshwe owesilisa oneminyaka engu-21 esigcemeni sakwaV eMlaza.Uveze ukuthi umsolwa uvele eNkantolo yeMantshi eMzumbe ngoLwesihlanu, amaphoyisa asafuna umsolwa wesibili. Imininingwane yasenkantolo ibingakatholakali. Usana lwanyamalala ngoJuni lulele nonina, owavuka lungasekho. Bekuvele kusolwa owesifazane obethandana nomzala wakhe ngaleli cala.",0
551,vukuzenzele,"amabhizinisi.“Ukuzibandakanya ko mnyango kanye no-SEDA kwiSizinda se-SheTradesZA kubonisa ukuzinikela kwethu ekuthuthukiseni nasekuqinisekiseni ukuhlomiswa kwabesifazane ngokomnotho eNingizimu Afrika,” kusho uNgqongqoshe uNdabeni-Abrahams.",0
train_isizulu_02237,AfriHate,kumnandi mawuyi one endlini yaz. uyahlala nje uzilengisele amasende ngaphandle. bese kuba no sathane nje akufonele nge video call,0
2352,vukuzenzele,"“Ukusha kuba mandla ka khulu ngesikhathi sasebusika futhi abazali nabanakekeli kudingeka ukuthi bacophelisise ukuqinisekisa ukuphepha kwabo nokwezingane zabo,” kusho uDokotela u-Gary Dos Passos.UnguMphathi weNgxenye Yabashile esibhedlela i-Red Cross War",0
train_isizulu_01450,AfriHate,emzansi siphila amasende wempilo vele angisoli nex ##url,0
train_isizulu_01816,AfriHate,logic amasende akho 🙄 ##url,0
test_isizulu_00019,AfriHate,uzulu angeke aphele! simi ingunaphakade. izimo ezinje zizophindaphinda amandla kazulu. phephisani mazulu iwekabi yawa ngophondo nina bendlovu 😭@username #ukhozifmvabs @username 😭😭😭,0
991,vukuzenzele,"kwabantu abangavumelani nezenzo zangaleso sikhathi.Njengoba sibheka inkinga yase-Middle East futhi ikakhulukazi ngokuhlu pheka kwabantu base-Palestine, kungakuhle sikhumbule amazwi ka-Selby Msimang, ilungu elasungula i-African National Congress.Ngemuva",0
test_isizulu_00225,AfriHate,"@username ayanuka amasende, cabangela abanye",0
1316,vukuzenzele,lokufaka isicelo ungalithola kuwebhusaythi yoMnyango Wezokuthuthukiswa Kwamabhizinisi Ama-ncane. 3. Uma unayo yonke imininingwane edingekayo futhi ufanelekile (njengokuthi ibhizinisi lakho liyayilandela imigomo yentela futhi liphethwe ngabantu,0
train_isizulu_01565,AfriHate,baze bathula bo abantu abaholile  nenzani? its mampara weekend for some of us,0
1851,vukuzenzele,"Sihlonipha bonke abasebenzi basemkhakheni wezempilo abadlule emhlabeni ngenxa yokunakekela abagulayo. Njengoba sibakhumbula, masizigcine thina uqobo kanye nezinye izakhamuzi zakithi ziphephile ngokudlala eyethu indima.",0
3065,vukuzenzele,“Lokhu kwenzelwa uku vumela abaqala ukubhalisa ukuba babhalise kuthi labo aseke babhalisa bavuselele futhi babheke imininingwane yabo yokubhalisa.” UMashinini uthe esikhathini samanje balinganiselwa kwizigidi ezingama-26.1 abantu ababhalisele ukuvota,0
622,vukuzenzele,"Emacaleni okuhlasela alinganiselwa kwizi-73 000 abikwe ngalesi sikhathi, angaphezu kwezi-13 000 bekungamacala ahlobene nodlame lwasekhaya. Izinga lokubulawa kwezingane lenyuke ngokulinganiselwa kokuthathu uma kuqhathaniswa nesikhathi sombiko owedlule.",0
1539,vukuzenzele,"ezingamaphesenti angama-40 nezinsiza ezithengwa nguhulumeni zithengwa emabhi-zinisini aphethwe ngabesifazane.Okwesibili, sizokhuphulaukwesekwa kwama-SMME aphethwe ngabesifazane kanye nabesifazane abasebenza imisebenzi engahlelekile noma aba-ngasebenzi.",0
train_isizulu_01360,AfriHate,ufuna imomozi ukhethiwe... #generations ##url,0
3413,vukuzenzele,"I-NHI yindlela yokuxhasa ngezimali ezoqinisekisa uku thi zonke izakhamuzi zase Ningizimu Afrika zihlinze kwa ngezinsizakalo zempilo ezibalulekile, kungakhatha liseki isimo sabo sokusebe nza kanye nokuthi bazokwazi na ukuba nabakufakayo ngqo esikhwameni.",0
1235,vukuzenzele,Umnyango usukhiphe isi gidigidi esi-R1.2 samavawu sha kubalimi abawadingayo.,0
2612,vukuzenzele,"Ngonyaka owedlule, besilokhu sisebenza ngoku ngaguquguquki ukuvikela abasebenzi ababuthakathaka abanemisebenzi esengcu pheni, ikakhulukazi emikha kheni eshayeke kanzima efana neyezokuthengisa, imboni yokudla neziphuzo kanye nensimbi. Ngokusebenzisa",0
dev_isizulu_00412,AfriHate,hlonipha uyihlo no nyoko ukuze izinsukuzakho zokuphila zande ezweni.,0
train_isizulu_01544,AfriHate,yazi amabhunu ayeyisa guys. abazixaki ngama mask and they’re unapologetic about it,0
1010,vukuzenzele,"ngomakhale khukhwini nangobunye ubuchwepheshe. Lezi zingqi namba zemali zihlasele yonke indawo, kusuka kuzindaba zaku-inthanethi kuya kulwa zi olubhalwe ephepheni kuya kubasakazi.",0
2586,vukuzenzele,"Amagama aphelele nesibongo sesaphula-mthetho, isiteketiso kanye nomsebenzi waso; Ikheli lendawo lesaphulamthetho, nemininingwane yokuxhumana, kubandakanya ikheli leposi; Inombolo kamazisi yesaphulamthetho noma inombolo yephasiphothi; Uhlobo lwecala",0
train_isizulu_01995,AfriHate,iyalishaya isende le ndoda.. ##url,0
258, zikwangqingetshe ezamaholo kwa eskom ,"ZIFINYELELE kwangqingetshe izingxoxo zamaholo kwa-Eskom njengoba izinyunyana zicele ukuthi kungenelele uNgqongqoshe wezeziMali uMnuz Nhlanhla Nene nebhodi lakwa-Eskom ezingxoxweni zamaholo.Izolo iNational Union of Mineworkers (NUM), iNational Union of Metalworkers of South Africa (Numsa) neSolidarity ithe ngeke ikwazi ukuphawula kabanzi ngesiphakamiso sakamuva se-Eskom ngoba izingxoxo zisesigabeni esibucayi.UMnuz Livhuwani Mammburu, okhulumela iNUM kuzwelonke, uthe: “Izingxoxo zamaholo zisesigabeni esibucayi. Kuyiqiniso ukuthi izinyunyana zicele umhlangano noNgqongqoshe wezeziMali kodwa besingakaziswa ukuthi uzoba nini. Asikwazi ukukhuluma nabezindaba okwamanje.”Uthe bazoxoxisana namalungu abo ngesikhathi besalinde umhlangano noNene ngoba yiwona amalungu okufanele asho ukuthi ayasamukela isiphakamiso noma afuna uchatha. “Izinyunyana zithemba ukuthi umhlangano noNene uzozisiza ukuthi zifinyelele esivumelwaneni ne-Eskom. Okwamanje zizoxoxisana nabasebenzi ukuzwa uvo lwabo,” kusho uMammburu.Isolezwe lithole ukuthi i-Eskom ibibeke phansi u-7% ngoLwesibili kanti izinyunyana sezifuna u-8%.Ekuqaleni kwesiteleka izinyunyana bezifuna abasebenzi banyuselwe amaholo ngo-15%, kube nesibonelelo sezindlu sika-R2 000, kumiswe ama-labour brokers nokuthi kuqashwe ngokuphelele onogada.Bebefuna nokuthi bakhokhelwe izinyanga eziyisithupha uma bethatha ikhefu lokubeletha nabesilisa bathathe inyanga eyodwa ezokhokhelwa uma abalingani babo besanda kubeletha.",0
train_isizulu_01119,AfriHate,imfene pho? ukuthakatha kodwa manje #ourperfectwedding,0
test_isizulu_00192,AfriHate,sekuphethe nina la mazulu ngyabona ##url,0
929,vukuzenzele,"kunjalo, abantu abagula kakhulu bangaba nobungozi obukhulu futhi bange sulela abanye ngaleli gciwane isikhathi eside.",0
test_isizulu_00263,AfriHate,@username imomozi injani yona. . .isavuka nje?,0
598,vukuzenzele,"Impumelelo yoHlelo Loxhaso Lwezemisebenzi LukaMongameli luveze ukuthi uma sisebenzi sana, sishesha, sicabanga ngobuciko futhi sila wula izinsiza zethu ngo kufanele, singakwazi ukuba nomthelela o mkhulu.",0
1880,vukuzenzele,Ukunqanda inkohla kalo emisebenzini kahulumeni kusa lokhu kuseqhulwini ku hulumeni futhi neNombolo Ephuthumayo Kazwelonke Yokulwisana Nenkohlakalo ikwenza kube lula kumalungu omphakathi ukuthi abike nge zinsolo zezenzo zenkohlakalo.,0
2308,vukuzenzele,Uphinde wexwayisa ngokwabelana ngamavidiyo noma izithombe zocansi kubantwana ku-inthanethi.,0
2558,vukuzenzele,"Siphakamisa izinguquko ezifinyelela kude ezimbalwa, ezifana nokwelula isikhathi saBaphathi Beminyango ngokubheka ukufaneleka kanye nokusebenza kahle, ngokwenza ukuhlolwa oku hambisana nomsebenzi no kubandakanya iKhomishana Yemisebenzi Kahulumeni",0
1702,vukuzenzele,"ebhizinisi kanye nokunci ntisana kosomabhizinisi besi fazane baseNingizimu Afrika okungenani abayizi-10 000 esikhathini esiyiminyaka emine,” kusho ungqongqoshe.Cishe osomabhizinisi besifazane baseNingizimu Afrika abayizi-3 000 sebebhalisile kwiSizinda",0
451,vukuzenzele,Izakhamuzi ziyacelwa ukuba zilungise ompompi abaconsayo. Umpompi oconsa ngesilinganiso seconsi elilodwa umzuzwana umosha amanzi alinganiselwa kumalitha ayizi-10 220 ngonyaka.,0
1711,vukuzenzele,"abadla imbuya ngothi emakhaya. Ngezizathu eziningi, ukuguqulwa ko mhlaba kulo mkhakha ku hamba ngonyawo lonwabu futhi akugculisi. Ukuguqula ukuphathwa kobunikazi bomhlaba wokulima kubaluleke kakhulu hhayi nje ukuze kubhekanwe no mlando ongenabulungiswa,",0
2138,vukuzenzele,Imigomo inconyiwe ukuthi ingasetshenziswa ngomama abancelisayo.,0
604,vukuzenzele,Uthe izikole ezingabanda- kanywanga ohlelweni ku- mele ziqonde emahhovisi esifunda uma zifuna ukuba yingxenye yohlelo.,0
train_isizulu_00824,AfriHate,abelungu abakusabi ukufa ##url,0
train_isizulu_02578,AfriHate,"bazo meter ""@username : aba complaini. ""@username : bazoni bhebha ke namuhla.""""",0
train_isizulu_01580,AfriHate,"kushoni? ""@username : @username kodwa akusho ubutabane umfana meyobuka urkelly""",0
1888,vukuzenzele,"Wengeza ngokuthi selokhu kwaqala ukuxegiswa kwezigaba zokuvalwa kwezwe, sekube nokwanda okuqhubekayo ekubikweni kokukhwaba nisa okuhlobene nezibonelelo zenhlalo, ikakhulukazi izibo nelelo Zenhlalo Zokusiza labo Abakhahlamezekile.",0
1922,vukuzenzele,"“Balinganiselwa ngaphezu kwezi-270 000 abafundi abakhahlamezekile kanye nezikole ezingaphezu kwama-600 zibe nomonakalo, eziyi-16 kulezi zikole akufinyeleleki kuzona ngenxa yomonakalo ekuxhumaneni kwemigwaqo namabhuloho.",0
601, usizi isidumbu siduve phesheya ,"SIDUVE emakhazeni phesheya kwezilwandle eGreece isidumbu sikaNksz Sarah Masango, waKwaNdebele, eMpumalanga, oshonele esibhedlela ngoNovemba 14 nonyaka, enesifo sofuba. Umndeni wakhe kumele ukhokhe R71 000, ukuze isidumbu sakhe sibuyiswe kuleli.UMnyango wezangaPhandle uthe ngeke ukwazi ukukhokhela izindleko zamakhaza nokumbuyisa kuleli umufi ngoba ubengeyena umsebenzi kahulumeni.Izindleko zamakhaza ziyenyuka njengoba isidumbu sakhe sisemakhazeni.Umfowabo kamufi uMnuz Gilbert Masango, uthe: “Udadewethu wayehlala eSunnyside, ePitoli, ngaphambi kokuya eGreece nesoka lakhe ngo-2014.”Uthe bashaqekile bewumndeni bethola ngokushona kukadadewabo.“Sithole ulwazi ehhovisi lenxusa lakuleli eGreece ngokushona kwakhe. Asikholwanga. Okwenza isimo saba muncu kakhulu wukuthi kumele sizikhokhele thina izindleko zokubuyisa isidumbu sakhe kuleli,” kusho uMasango.Ihhovisi lenxusa lazisa umndeni ukuthi umufi walaliswa esibhedlela ngo-Okthoba 28, wagcina ngokushona.UMasango uthe akukho lapho engayanga khona ecela usizo, ngisho neminyango eyahlukene kahulumeni.Izindleko zokubuyisa isidumbu kuleli zibalwa ngama-euro, kulezo zindleko kubalwa ukusithutha isidumbu, amakhaza izimpahla zokusigqokisa, i-container yokusithwala nokunye.Umndeni uthe bebengajwayele ukushayelana izingcingo bebethumelana imiqhafazo.Incwadi ebhalwe yisikhulu somnyango eya emndenini kamufi iveza uzwelo ngokubehlele bese ithi bangaxhumana nomnyango uma bedinga usizo.Okhulumela lo mnyango uMnuz Lunga Ngqengelele, uthe, “Ngeshwa kuwumthetho ukuthi asiyisizi ngemali imindeni esuke ishonelwe ngamalungu ayo ngaphandle kwakuleli,” kusho uNgqengelele.Unxuse imindeni ivakashele iwebsite yabo ukuze ibona ukuthi yini okumele yenziwe uma ilungu layo lishonele ngaphandle kwakuleli.",0
train_isizulu_00542,AfriHate,@username nijima nabo ngamla vele😩👊🏾,0
train_isizulu_01830,AfriHate,hhawu newcastle siduma ngezinto ezimbi🙈 omahosha abangaka😳 ##url,0
3240,vukuzenzele,kubalulekile uma sifuna ukunqanda ukusabalala kwe-COVID-19. Imibuthano yabantu abangaphezu kwe-100 ayivumelekile kanye nemigubho yezinkumbi zabantu yezinsuku zikazwelonke isimisiwe. Ukuvakasha kuwo wonke amajele kumisiwe izinsuku ezingama-30 kusuka manje.,0
3271,vukuzenzele,"Okugxilwe kakhulu kukho kulo nyaka ngamabhizinisi amancane, amaphakathi nendawo kanye namancanyana, akwimifelandawonye yamabhizinisi kanye nomkhakha ongahlelekile.",0
3278,vukuzenzele,"Lo mqulu othi ‘Ready to Govern’ uthi indima yombuso “kufanele ihambelane nezidingo zomnotho kazwelonke ngendlela evumelana nezimo”, kungakhathaleki ukuthi ikhulisa umkhakha womphakathi ezindaweni ezibucayi noma inciphisa kwezinye.",0
train_isizulu_01249,AfriHate,"hawu laqojama ulimi ""@username : @username we pinky ngibonile imomozi yakho ipipi alikangeni ubani lona owayekubhebha""",0
281, udutshulwe wafa kubhiyozwa ,"UKHUNGATHEKILE umndeni wakwaMathonsi kwa-H eNtuzuma okufe indodana yawo edutshulwe kubhiyozwa emuva komngcwabo wendoda ebisolwa ngobugebengu.UThandolwethu Mathonsi (19), okuthiwa ubeyisikhokho ekushayeni isidudla, kuthiwa ufike kubhiyozwa ezokwenza adume ngazo ehamba ngemoto kayise iToyota RunX ebisetshenziswa nguye isikhathi esiningi. Ngesikhathi ethi uyapaka kuqhamuke umuntu wamdubula kabili.Isolezwe linayo i-video ekhombisa uThandolwethu efika embhiyozweni ngemoto yakhe, wathi esapaka kwaqhuma isibhamu.Ikhona indoda ebonakala sengathi iyabaleka ngemuva kokuqhuma kwesibhamu.Okhulumela umndeni wakwaMathonsi, uMnuz Nhlanhla Mathonsi, uthe indodana yomfowabo ibingesona isigebengu kodwa ibize emngcwabeni wesigebengu ngoba kade ibizwe ngabangani bayo abebefuna izoqhudelana nezigebengu ngokushaya izidudla.“Umfana womfowethu ubengesona isigebengu kodwa ufonelwe ngabangani bakhe eseSabatheni njengoba singamaNazaretha lapha ekhaya bathi akeze emngcwabeni wesigebengu sendawo esisale enkundleni ngesikhathi sona nabangani baso bedubulana namaphoyisa eVerulam ngeledlule,” kusho uMathonsi.Ugxeke amaphoyisa ngobudedengu obuholele ekushoneni kwendodana yomfowabo.“Siwumndeni siyakhala ngempela ngamaphoyisa sikholwa wukuthi amaphoyisa ngaphambi kokuthi ahambe emngcwabeni bekumele ahlakaze isixuku. Okunye esikutholile wukuthi asheshe ahamba futhi,” kusho uMathonsi.UMathonsi uthe bafe olwembiza ngokufa kukaThandolwethu ngoba ubeyingane ekhuthele futhi ekhaliphile.Uthe inkonzo yesikhumbuza sikamufi izoba ngoLwesine khona eNtuzuma kuthi inkonzo yomngcwabo ibe khona eNtuzuma kodwa yena uzofihlelwa amathuneni asekhaya eJozini.Okhulumela amaphoyisaKwaZulu-Natal, uLt Colonel Thulani Zwane, uthe bayakuqinisekisa okwenzeke ngoMgqibelo kwa-E eNtuzuma lapho owesilisa oneminyaka engu-19 edutshulwe ekhanda.“Uphuthunyiswe esibhedlela kodwa washonela endleleni ngenxa yokulimala. Imbangela yokudutshulwa kwakhe ibingakaziwa. Amaphoyisa aseNtuzuma aphenya icala lokubulala kodwa okwamanje bekungakaboshwa muntu,” kusho uZwane.Mayelana nokugxekwa kwamaphoyisa ngobudedengu, uZwane uthe bona bagada umngcwabo hhayi imibhiyozo eyenzeka uma usuphelile. “ Amaphoyisa ayahamba uma ebona ukuthi kuthule,’ kusho uZwane.",0
1093,vukuzenzele,"Ngempelasonto eyodwa nje, abantu abayisikho mbisa babulawa, okwaholela emibhikishweni.",0
680,vukuzenzele,"Sekungaphezu kweminyaka engamashumi amathathu, izwe lethu lazibandakanya emzuku-zukwini oqhubekayo wokulwa ne-HIV kanye ne-AIDS, oseku-dlule nemiphefumulo yabantu abaningi futhi kwadala ubunzi-ma ezimpilweni zabantu kanye nokuhlupheka.Selokhu kwabheduka",0
1941,vukuzenzele,Ukugcina isifonyo sobuso sihlanzekile Izifonyo zobuso ezenziwe ngendwangu ziyanconywa njengengxenye yomkhuba noma inqubo yenhlanze-ko kwezokuphefumula ehlanganisa ukukhwe-hlelela nokuthimulela endololwaneni efinyeziwe noma ephepheni lokufinya. Isifonyo,0
train_isizulu_00148,AfriHate,"uyngigangela ke manje habe!!: ""@username : @username umuntu ongayidli ingulube usuke ethakatha""",0
train_isizulu_01542,AfriHate,igenge mase ifunana la ku tl iyahluleka ukufihla... bhebha uthule.,0
1356,vukuzenzele,O k u n i n g i o k u s h i w o y o ngalezi zigameko e-Phoenix zibuswa imizamo yokuvu kelana kwezinhlanga. Ziqalwe ngabantu abangaziwa ezinkundleni zokuxhumana nasekuthumeleni imiyalezo kumaqembu ehlukene benza izinsongo futhi befuna noku ziphindiselela.,0
train_isizulu_02529,AfriHate,@username abekho ocheese boy kwazulu wepalesa.,0
train_isizulu_00543,AfriHate,lapho kusho umuntu ongathola imfene ne nyoka fast ko makhelewane avuke ese rich💔 ##url,0
109,vukuzenzele,"Kumyalezo owasakazwa kumabonakude, uNduna nkulu u-HF Verwoerd wa thi: “Sihlose ukuthuthuka kancane kancane kwawo wonke amaqembu akithi sibheke endaweni ethile. Lapha isisombululo sizotho lakala ngokuthi siqhubeke nokuholwa isandla somuntu",0
train_isizulu_02517,AfriHate,imfene idlala ngeskhwebu 😂 ##url,0
2344,vukuzenzele,"I-AU ibilokhu izibandakanye ezingxoxweni ezithinta idamu i-Grand Ethiopian Renaissance Dam, ukuqeda udlame e-Libya nokugqugquzela ukuthula e-South Sudan.Okunye ebesigxile kukho ngesikhathi sethu kube ukuthuthukiswa kwabesifazane kwezomnotho, esizoqhu-beka",0
2441,vukuzenzele,"mhla ziyi-16 Nhlangulana 2020, sithulela isigqoko intsha yaseNingizimu Afrika yanga-semva kobandlululo, izindla-lifa ezifanelwe yileli lifa elihle kangaka. Umsebenzi wesizukulwane sangowe-1976 kwakunguku-shabalalisa imfundo yobandlu-lulo; okumele intsha",0
1603,vukuzenzele,"lizwe futhi ofisa ukuthi liphumelele ukuthi abezindaba bakithi baya sekelwa, futhi bangaphaza nyiswa emsebenzini wabo. Njengomphakathi, masiqhubeke nokusebenza ngokubambisana ukuze sivikele ngokungafuni lutho ngenkululeko yabezindaba bezwe lethu. Sayizuza",0
1500,vukuzenzele,"“Uma ufika eKapa, kungenzeka ungatholi ukuthi kahle kahle iNingizimu Afrika iyizwe elinjani, ngakho-ke ngathatha isinqumo sokuthi ngibe yimina ngokudla kwesintu ukuze ngizo-bonisa izivakashi ukuthi sidla ini. Njalo ekuseni ngizitshela ukuthi ngilandisa",0
2332,vukuzenzele,"asebedlule emhlabeni.Kube usizi lwezempilo, lokusiza, lwenhlalo kanye nomnotho emazweni ase-Afrika, amaningi awo angenazo izinsiza zokulawula izimo eziphuthumayo zempilo ezinkulu ngalolu hlobo.Futhi nokho, njengento engakaze ibonwe njengemvelaphi",0
1764,vukuzenzele,“Le yinqubekelapha mbili eyingqophamlando wangempela uMama Wi nnie Madikizela-Mandela obengaziqhenya ngawo.,0
dev_isizulu_00403,AfriHate,dudlu madolo kanyoko angithuki wena ngithuka uthando @username ... ##url,0
77,vukuzenzele,Sekukonke kwakha inani lwezibonelelo eziyizigidi ezingama- 576 zamarandi ngonyaka ezisiza amalungu omphakathi.,0
2465,vukuzenzele,"amahektha ama bili omhlaba e-Benoni, e-Gauteng, ngenhloso yokwakha izindlu zokuqashisa. Noma kunjalo, akakwazanga ukuqhube ka nohlelo lwakhe ngoba indawo yayinqunyelwe ukusetshenziselwa ezolimo. Wabe esenquma uku nweba ibhizinisi lakhe elincane lezolimo.",0
train_isizulu_01081,AfriHate,@username 😂😂😂 gada she is married  azokudubula amabhunu asecolenso emaplazini,0
2274,vukuzenzele,"Lobu budlelwano benkohlakalo sebuqede ikhono lombuso lokufeza igunya lalo. Babuyisele emuva imizamo yombuso yokuhli nzeka ngezokunakekelwa kwezempilo okusemga ngathweni, ukuhambisa amanzi ahlanzekile, kanye nokuqinisekisa ukuthunyelwa okungaguquki kogesi",0
test_isizulu_00217,AfriHate,"""@username : kakhulu. sikulomhlaba nje sizengalo ""@username : ladies,...niyalithanda isende?"""" lmaoo amandla !!!!!",0
train_isizulu_01309,AfriHate,siyaziphuzela shwele thina. ithuba nje elincane siyaphuza. akudlali ukulandela amabhunu!,0
train_isizulu_02569,AfriHate,uyinja yezwa 😂 ##url,0
train_isizulu_01640,AfriHate,@username ngaghostwa kwaphela ukusa 🤣 never again. next time ngithumela imfene,0
95,vukuzenzele,"Kube nenqubekela phambili enkulu ekulungiseni ingqalasizinda esemqoka eyesekela iChweba lase Thekwini. Ngenxa yokubaluleka kwechweba emnothweni wezwe kanye nasezwenikazi, ukungena nokuphuma kwezithuthi echwebeni sekuvuselelwe, imisebenzi yasechwebeni",0
2788,vukuzenzele,Izinkinga zokwakheka kwale mikhakha kudala zabekwa njengezinye zezithiyo ekukhuleni komnotho waseNingizimu Afrika. Ukungabikho kwamakhono kanye nezindleko eziphezulu zezinsizakalo zenethiwekhi kuyisithiyo ekuqhubeni ibhizinisi kuleli lizwe.,0
train_isizulu_03074,AfriHate,iphelile mfethu rt @username iphelile ingulube?,0
3552,vukuzenzele,"sakhe sikagesi, sith-ikanyezwe kakhulu wukushisa kwesimo sezulu. “Ezinsukwini ezishisa kakhu-lu, isiteshi sokuphehla ugesi si-yehluleka ukuphehla amandla ngendlela okufanele siphehle ngayo,” kusho yena. Isiteshi sokuphehla ugesi esaziwa ngeMatimba Power",0
2067,vukuzenzele,"Ngokufakwa kocingo olu ngamakhilomitha ayi-10 kanye nesango, kudalwe amathuba omsebenzi angama-61 emphakathini,” kusho Ungqongqoshe Wezemvelo u-Edna Molewa ngesikhathi sokudlulisela isiqiwi ngokusemthethweni.",0
test_isizulu_00429,AfriHate,"@username ngokwesilungu, ukushela umuntu wesifazane ukumhlukumeza, bathi yi women's harassment, woooo, lafa elihle kakhulu, lobu model c obugcwel izwe......thixho😭😭",0
1360,vukuzenzele,yaqhubeka nokuzinikela ekubeni nomphakathi obumbene nonentando yabantu.,0
train_isizulu_01827,AfriHate,@username haibo wenja! washo ngathi umfazi uya downloadwa nje😂😂😂,0
3174,vukuzenzele,"Ngenxa yalokhu, silindele ukuncipha kwengenisomali ebanjelwe ngezigidigidi ezi ngama-R156 ekusetshenzi sweni kwemali okungena nzalo esikhathini esiphakathi.",0
1287,vukuzenzele,"UMthetho Ochitshiyelwe omusha woBugebengu kanye Namacala Ahlobene Nawo uvikela ababuthakathaka ekuhlukunyezweni kwesibili ngokuvumela izinkantolo ukuthi ziqoke abalamuli abazoba khona lapho ingane encane, umuntu ophila nokukhubazeka noma umuntu osekhulile",0
3195,vukuzenzele,"Sonke sikulento ngokuba mbisana, sinesibophezelo sethu sonke sokuthatha izi gwedlo, sigwedle ndawonye sidlulise izwe lethu kula ma nzi avunguzayo.",0
963,vukuzenzele,"Uthe Abasizi Bothisha Ezi ndaweni Zasemakhaya kulindeleke ukuba behlise umthwalo kothisha ezikoleni zasemakhaya ngokubalekele la emisebenzini ephathelene nohlelo lokufunda efana nokuhlela nokuhlangani sa amaqembu omsebenzi wesikole owenzelwa ekhaya,",0
dev_isizulu_00633,AfriHate,nyoni yezwe! 😂😂😂😂 ngiyakuthemba manje  ##url,0
dev_isizulu_00624,AfriHate,@username ngabe ngiphez'kwalo ididi kumanje🤣💁 ##url,0
dev_isizulu_00089,AfriHate,@username ncese bafo wena bhebha kuphela indaba zama love and commitment uzobuye ukubone bafo wena just force on bhebharing 🤣🤣🤣🤣🤣 ##url,0
2646,vukuzenzele,"Uphinde wathi kubaluleke kakhulu ukuthi umnakekeli womntwana, okunguyena ngempela onakekela umntwana nsuku zonke, kube nguyena obhaliswe ukuthola le mali ngokusemthethweni.",0
train_isizulu_03015,AfriHate,ilife is'bhebha skoen yazi. ##url,0
2257,vukuzenzele,Ihlulela amacala alethwa i-SIU ukuze ezoqulwa emuva kokuthi isiphothule uphenyo lwayo. INkantolo Ekhethekile yasungulelwa ukuhambisa ngesivinini ukuqulwa kwamacala. Le ndlela seyenze kwenzeka ukuthi izimali zikahulumeni kanye nempahla yombuso eyalahleka,0
train_isizulu_01152,AfriHate,@username kodwa buyephi ubuntu esizweni sakithi masebephunduke ilwane kanje @username phansi imimoya mazulu akithi @username ,0
2376,vukuzenzele,"wethu wokuthwala iziqu. Bewuzo-sho lukhulu ngenxa yokuthi bengizoba ngowokuqala ngqa othwala iziqu emndenini wami. Ngisenethemba lokuthi sizoba nomcimbi wokuthwala iziqu, kodwa lokhu kungenzeka kungenzeki ngenxa yobhu bhane lwegciwane lecorona ,” ubeke",0
2690,vukuzenzele,"izingxenye zomphakathi. Lokhu sikubona ngezindlela eziningi ezibonakalayo. Isibonelo, besisebenza ngo-kusondelana nabaxhasimali abazimele kanye nezikhungo zokuthuthukisa ezahlukahlukene ukulungiselela imisebenzi yezingqala-sizinda ezindaweni ezifana",0
2471,vukuzenzele,"“Noma kunjalo, kuno kweswelakala njengoba ukudingeka kwamaqanda sekwedlulele ngaphezu lu komthamo wethu futhi, ngenxa yalokho, siye sala nda amaqanda kwabanye abakhiqizi basendaweni.",0
2605,vukuzenzele,"Ukunyuka ngesivinini ko kwesuleleka okubhebhethe kiswa ngumxhantela omusha wegciwane i-Delta kwenze kwaba nesidingo sokubekwa kwemikhawulo eqinile eku hambeni kwabantu, ekuse benzeni kwamabhizinisi athize nasemibuthanweni yomphakathi, phakathi",0
932,vukuzenzele,"abakabi nazimpawu okungenani izinsuku ezintathu.Ngokuvamile, abasebenzi banga buyela emsebenzini ngaphandle kokuhlola futhi uma:",0
train_isizulu_01495,AfriHate,ngyawavuma amabhunu nge agriculture yerrr,0
879,vukuzenzele,"Lesi sikole sakhiwe saqedwa njengengxenye yoHlelo Olusheshisiwe Lokulethwa Kwengqalasizinda Yezikole (i-ASIDI), olwaqaliswa ngokusemthethweni nguMnyango Wezemfundo Eyisisekelo ngowezi-2011.",0
1192,vukuzenzele,"lokugwema ubugebengu kanye nezinhlaka zezoku vikeleka nalezo Zikhungo Zobunhloli Bezezimali, ezisungula ubunhloli bama-ejensi ezomthetho obuzosetshenziswa ophe nyweni lwabo.",0
train_isizulu_00610,AfriHate,"wenja 😂 ""@username : usezovula igoldmine phela😆 ##url",0
dev_isizulu_00641,AfriHate,awusyeke wena uhlulwe abelungu. ##url,0
train_isizulu_00546,AfriHate,"@username lol sizokwenza le yasezilalini, sikudle inkomo",0
379,vukuzenzele,Abazi kancane ngalokho abafuna ukukufunda kodwa abangenasiqiniseko ukuthi ingabe lo mkhakha ubalungele na.,0
dev_isizulu_00452,AfriHate,"at these auditions, do they say ""bhebha lomuntu sibone ufenda kanjani""?",0
1136,vukuzenzele,"asebebadala abangeke besakwazi ukunikela isikhathi sabo sonke ezifundweni zabo. Ngenhlanhla enkulu, bangazikhethe la ukuthi bafuna ukwenza izifundo ezingaki ngonyaka ngoba abaphoqelekile ukuthi baqede umatikuletsheni wabo ngesikhathi esinqunyiwe.” Uma",0
test_isizulu_00325,AfriHate,@username kukhulunya nge tattoo esekhekheni wena not kwi body sdomu,0
629, intsha izwa imanqikanqika ukuvota ,"IMANQIKANQIKA ukuvota intsha ezobe ivota okokuqala okhethweni lukazwelonke kulo nyaka ngenxa yokunganeliseki ngokufakwa kakhulu kwasebekhulile ezinhlakeni zobuholi.Intsha okukhulunywe nayo ithe ifuna ukubona ushintsho ebuholini bezepolitiki, kufakwe abaholi abazoqonda izidingo zayo. Njengoba ngempelasonto ezayo kulindeleke kubhaliselwe ukuvota okokugcina ngaphambi kokhetho oluzoba ngoMeyi, enye intsha ayikaqinisekisi ukuthi izobhalisa.UMsawenkosi Dlamini (23), ofunda e-University of KwaZulu-Natal, uthe yayisimvumela iminyaka yokuthi avote okhethweni loHulumeni baseKhaya ngo-2016 kodwa wangavota.“Ngathola sekuzovotwa ukuthi kwakufanele ngibhalisele ukuvota eThekwini lapho sengihlala khona uma ngifunda. Nokho angizisolanga ngokungavoti ngoba akukho obekungigqugquzela. Namanje akukho okungenza ngilangazelele ukuvota ngoba akekho nosigqugquzelayo emanyuvesi,” echaza.Uthe uzoya kobhalisela ukuvota ngesonto elizayo kodwa usazibuza ukuthi yiliphi iqembu elifanelwe yivoti lakhe. Ukhala ngokuthi amaqembu akhona awagculisi futhi alikho iqiniso.“Ngibona sengathi uma ngivota ngizobe ngifaka imali ephaketheni lomuntu. Sishoda ngabaholi abakhathalele abantu ngokweqiniso. Abanye bayathembisa kodwa bangazifezi izidingo zomphakathi. Neqembu elibonakala linentsha eningi lihlushwa wukuthi abaholi balo abavuthiwe ngokomqondo,” kusho uDlamini.Ukhale nangokuthi akayiboni intsha ebuholini bamaqembu ngisho ePhalamende kugcwele kakhulu abadala okwenza intsha ibone singekho isidingo sokubavotela.UZanele Khambule (19) waKwaMashu uthe wakubhalisela ngonyaka odlule ukuvota futhi uzimisele ukuvota.“Ngibona kungifanele ukuvota ngoba ivoti lami lizoletha ushintsho. Ikusasa lezwe lincike evotini lami,” kusho uZanele.Yize ethe ngeke adalule ukuthi uzovotela liphi iqembu, uthe alikhethile ulibona likhathalele imfundo yabamnyama.UZama Khumalo (19), oyokwenza unyaka wokuqala eDurban University of Technology, uthe akanawo umfutho wokuvota futhi akakabhalisi. Uthe ubengazi nokuthi kuyabhaliswa ngesonto elizayo.Uveze ukuthi abazali bakhe abamkhuthaza ukuthi avote ngoba bamtshela ngesimo abaphuma kuso ngezikhathi zobandlululo.“Kunzima kithina esingazazi lezo zikhathi ngoba esikubona manje yinkohlakalo kuphela. Baningi abantu esibabona besahlupheka nezingane zifunda kanzima kodwa sitshelwa ukuthi sikhululekile. Ngicabanga ukuthi amaqembu ezepolitiki kusamele aqinise ekushintsheni imiqondo yethu ukuthi yiluphi ushintsho esizolubona uma sivota. Kungasiza nokubona intsha inikwa amathuba ebuholini.”Umbiko wocwaningo lwe-Institute for Security Studies, waveza ukuthi intsha isemanqika ukuvota. Ngo-2014 yayingu-33% intsha eneminyaka ewu-18 no-19 eyavota okhethweni luka­zwelonke. Egqugquzela iqembu lakhe ukuthi livote eThekwini, uMntwana wakwaPhindangene, uMangosuthu Buthelezi, ukuphawulile lokhu kungabi nkamunkamu kwentsha ekuvoteni. I-IEC imemezele ukuthi ngoMgqibelo nangeSonto elizayo kuzobhaliselwa ukuvota kuzo zonke izikhungo.",0
test_isizulu_00600,AfriHate,@username sisonke sdudla sangempela,0
train_isizulu_01913,AfriHate,"👩🏽‍🦰: “gogo, ngisaya e-clinic.” 👵🏽: “liphi i-polo? alisakulandi?”  uvel’ubone ukuthi no maan, amabhunu ayengabasukeli ebashaya.",0
910,vukuzenzele,"“Nginxenxa yonke intsha yakithi ukuthi ifake izicelo zoxhasomali luka-NSFAS ngokuba ukulandela ama phupho akho akusiyo into ongayenza mahhala nje, kudi nga uxhasomali, kanti futhi u-NSFAS ungakuvalela igebe lezezimali,” kusho yena.",0
1535,vukuzenzele,"kubulili obuthile nokubulawa kwabesifazane lwaqalwa sekube nenqubekelaphambili ekusabalaliseni ukweseka nokunakekela labo abasindile, inqubekelaphambili iyabonakala kwezomthetho ukubanika ukuvikeleka okuthe xaxa.Ngenyanga kaNcwaba, siqalisa ukusebenza",0
1990,vukuzenzele,"Uma senza njalo, siyobe si fezekisa imiyalezo yomhlaba yethemba, insindiso, inkulu leko kanye nobunye ezobe ikhulunywa emasontweni, kumasinagoge, emamosque kanye nasemakhaya asendaweni yakithi ezinsukwini nasemavikini azayo.",0
train_isizulu_01381,AfriHate,"another hit after ""mshove"" manje sithi ""mkhuze uzobhebheka"" 🔥🔥🔥🕺🕺🕺 ##url",0
1109,vukuzenzele,Siyintando yeningi labantu esekelwe phezu komthetho.,0
1975,vukuzenzele,"Abaholi bezenkolo bayaqonda futhi bayayibona ingozi yangempela yehlandla elisha lokusuleleka ngeCOVID-19 . Selokhu kwaqubuka ubhubhane, izinhlangano zokholo zithathe izinyathelo ezinhle kakhulu zokunciphi sa ukubhebhetheka kwesifo phakathi kwabakhonzayo.",0
train_isizulu_00775,AfriHate,bathi ntshebe iyalimala kant iyadla intshebe ithanga lesdudla isephula mbhede nazoke ezam lezo bongo   ezam lezo heshe mbemu!!!,0
2754,vukuzenzele,"Umhuhiso owengeziwe kwabamabhizinisi asemanca ne, labo abaqasha abantu abasha abaneminyaka yobu dala ephakathi kweyi-18 kuya kwengama-29, bazofaneleka Izaphulelo Zentela Zokuqa sha ezilingana ne-R1 000 nge nyanga.",0
739,vukuzenzele,Ukulandelwa: Kwenzeka uma umhlukumezi ehlala ekulandela noma ephoqa ukukhuluma nawe ungafuni.,0
290, kubuya olokunqanyulwa kukagesi ,"INKAMPANI ephehla ugesi eNingizimu Afrika, i-Eskom, ithi luzoqala phansi uhlelo lokunqanyulwa kukagesi emuva kokuthi abanye abasebenzi bayo belaxaze umsebenzi bavala amasango aya eziteshini zikagesi ngoba befuna ukukhokhelwa amabhonasi.Esitatimendeni, i-Eskom itshele amakhasimende ayo ukuthi mawabe nezinhlelo zokulungiselela ukunqanyulwa kukagesi futhi abheke nama-website omasipala bawo.I-Eskom ithe ukunqanyulwa kukagesi kuzodalwa wukuthi kunabasebenzi abavimbela abanye ukuthi benze umsebenzi wabo.“Kungenzeka unqanyulwe ugesi ngenxa yesiteleka. Sesibize amaphoyisa ngoba kufanele sizivikele iziteshi zethu,” kusho i-Eskom esitatimendeni.Iphinde yathi izoxoxa nezinyunyana ezifuna kunyuswe amaholo ngo-12% nabasebenzi banikwe amabhonasi.Bekulindeleke ukuthi izinyunyana zihlangane nezikhulu zakwa-Eskom ngoLwesihlanu emuva kokuthi izinyunyana zithe ziwafuna ngenkani amabhonasi.“Sikhathazekile ukuthi abasebenzi bakhethe ukuteleka yize sisazoxoxa nezinyunyana ngoLwesihlanu. Ukuteleka akusho ukuthi akuvinjwe abanye abasebenzi ukuthi benze umsebenzi wabo. Isiteleka sizodala umonakalo emnothweni nakubantu baseNingizimu Afrika,” kusho i-Eskom.",0
1234,vukuzenzele,"Umnikazi we4 U and 4 Me Primary Cooperative esigo-dini sase-Mooiplaas uthole ukuxhaswa esikhwameni soMnyango Wezolimo, Ukuguqulwa komhlaba noku Thuthukiswa Kwezindawo Zasemakhaya segciwane leCorona (i-COVID-19) ngepulazi lakhe lamaqanda, imfuyo kanye",0
1119,vukuzenzele,futhi bagweme nokuthenga izinto ezibizayo ngemizuzu yokugcina. Le indlela u-Potgieter aluleka ngayo abathengi ukuze bagcine imali yabo isesimweni esihle.,0
train_isizulu_01746,AfriHate,inkomo yakho iyadingeka,0
2562,vukuzenzele,"Njengoba saphawula ohla keni lomthetho osadingidwa, “isakhiwo esizigabagaba ku mele siqhubeke nokusebenza ngokuthembeka nangoku khuthala ngalokhu oku gunyazwe ngabavoti kanye neqembu, kodwa bayeke ukuthi balingise osopolitiki ngokwabo.” Siphakamisa",0
1180,vukuzenzele,neNka ntolo Ekhethekile ukuvu mela uPhiko Oluphenya Amacala Akhethekile (i-SIU) ukuthi ikwazi ukubuyisa izimali ezebiwe kalula. Siphinde seseka futhi sanikezela ngezi nsiza kwezinye izikhungo ezilwa nobugebengu obu bucayi ezifana noPhiko Lokushaqwa,0
train_isizulu_01045,AfriHate,@username cha uma isadlala ngamashangane khohlwa njenge sdomu esikoleni!!!!,0
665, umokonyane akathi vu ngezinsolo zenkohlakalo ,"IHHOVISI likaNgqongqoshe wezeMvelo uNkk Nomvula Mokonyane lithi lo ngqongqoshe akakazophawula okwamanje ngezinsolo abekwa zona kwikhomishini ephenya ngokulawulwa kombuso yidlanzana eholwa yiJaji uRaymond Zondo.Izolo owayeyisikhulu saseBosasa, uMnuz Angelo Agrizzi, uveze ukuthi babegwazela uNkk Mokonyane ngoR50 000 njalo ngenyanga baphinde bamthengele inyama, utshwala obuphambili baphinde bamngcwabele nezihlobo.UMnuz Mlimandlela Ndamase, okhulumela uNkk Mokonyane, uthe ngeke aphawule ungqongqoshe ngezinsolo zeKhomishini kaZondo.Ukhuluma kanjena nje uNdamase izolo ntambama i-eNCA ibike ukuthi abameli bakhe babhalele iKhomishini kaZondo bekhala ngokungahlonishwa kwamalungelo akhe nokuputshuzwa kwemibiko engakaveli kwikhomishini emaphephandabeni angeSonto.U-Agrizzi uthe uNkk Mokonyane waze wacela ukuthi kuqashelwe indodakazi yakhe imoto izinyanga ezintathu ngesikhathi ibuya eChina.“UNkk Mokonyane wayenobudlelwano nesikhulu esiphezulu saseBosasa futhi wayenguMqondisi enamasheya kwiDyambu okwakuyigama leBosasa ngama-2000’s. Kusukela esenguNgqongqoshe wezokuPhepha eGauteng sasimkhokhela imali. Sasithenga nokudla okuzodliwa kuma-rally eSiyanqoba, sifonelwa nasebusuku ukuthi silekelele abalandeli be-ANC,” kusho u-Agrizzi.Uthe bacelwa ukuthi benze ucwaningo lwezokuphepha ezibhedlela zaseGauteng okwakuzodla uR2 million kodwa umbiko walolu cwaningo wanikezwa uMnuz Reggie Nkabinde onguMgcinimafa we-ANC Youth League ukuze athole ithenda.Uphinde waveza ukuthi ngesikhathi uNkk Mokonyane enguNgqongqoshe wezaManzi wacela iBosasa ukuthi yenze ucwaningo ngokuphepha kwamadamu olwadla uR1.3 million.“UNkk Mokonyane kwakufanele akhulume nowayenguMengameli wezwe uMnuz Jacob Zuma ukuthi aqinisekise ukuthi asishushiswa ngamacala enkohlakalo. Sasihlala simnika imali njalo ngoba wayenamandla,” kusho u-Agrizzi.Uthe babegwazela noMnuz Vincent Smith owayenguSihlalo wekomidi lezokuHlunyeleliswa kweziMilo ukuze azibe imibuzo yalabo abafuna ukwazi ngezinkontileka zeBosasa nohulumeni.Ngaleso sikhathi u-Agrizzi uthe iBosasa yayinenkontileka noMnyango wezoBulungiswa, ukuThuthukiswa koMthethosisekeko nezokuHlunyeleliswa kweziMilo njengoba yayibhekelele ezokuphepha yenza namabhande alawula ukuhamba kweziboshwa.“Kwathathwa isinqumo ukuthi uSmith, uVincent Magagula noWinnie Ngwenya bazokhokhelwa njalo ngenyanga ukuze banyathele imibuzo ngezinkontileka zeBosasa eyayivela kwabezindaba. USmith wayekhokhelwa uR45 000, uVincent ethola uR30 000 bese uWinnie athole uR20 000,” kusho u-Agrizzi.UMnuz Zizi Kodwa uthe i-ANC iyaziqhelelanisa nemibiko yokuthi ababegwazelwa eBosasa babesebenzisa leyo mali ukuhlomulisa i-ANC esho nokuthi akuyona i-ANC eyayibathumile kodwa babezenzela lokho siqu sabo.",0
test_isizulu_00601,AfriHate,ayikhohlwe njenge sdomu eskoleni iman u rt @username ,0
3317,vukuzenzele,"Emotweni, qikelela ukuthi abantwana abancane bafase amabhande.",0
train_isizulu_02026,AfriHate,"on some ""uzobhebheka wena uyezwa"" 😂😂😂😂😂 kodwa yini kim wabantu 🤣🤣🤣",0
2367,vukuzenzele,"ukuphinde kuhlukumezeke kabili kwa labo abasindile kanye noku ngabi nazwelo uma ku -phoswa imibuzo,” kuchaza u-Teleki.",0
3243,vukuzenzele,kumele zithathe izinqumo ngalokhu ngokubhekela impilo yamalungu amabandla abo kanye nezwe lilonke. Inhlanzeko kumele iqinisekiswe kuyo yonke imikhakha. Zonke izakhamuzi kumele zibeke ukuphepha kwazo ezandleni zazo ngokulandela izindlela ezifana nokuhlale,0
test_isizulu_00274,AfriHate,@username iphumule ngokuthula ingulube encane ubaba unzimande,0
train_isizulu_00798,AfriHate,-aibo ngyaqala ukbona imfene echesterville 😭 kungabe ingoba uthandaza umuntu wami na?!,0
train_isizulu_02369,AfriHate,"inhliziyo yami ibuhlungu, angazi nokuthi ngithini silahlekelwe. ulale ngikuthula brangubs, ngamla, ngwenya, mazwi, cijimpi 😞🥺🕊🕊🕊 @ johannesburg ##url",0
dev_isizulu_00288,AfriHate,"le ngamla izifakele iskibha esincane 😂😂, if it was friday ngabe ufake iskhindi.",0
1231,vukuzenzele,Njengohulumeni sizonikeze-la ngolwazi ngokungenelela okuqonde ngqo esikwenzayo ukuvikela izakhamuzi ezi-buthaka kakhulu osizini lwe-ndlala.,0
1044,vukuzenzele,"inselele yethu enku-lu isasimele ngaphambili. Kuzo zonke izifundazwe, sisebenzela ukwandisa isibalo samagumbi ezimo ezijwayelekile kanye ne-mibhede yeziguli ze-COVID-19 ezisesimweni esibucayi. Umthamo omumathwa yigumbi lasesibhedlela uyandiswa ezibhedlela",0
558, kumiswe umsakazi onconywe abesifazane ,"KUMISWE umsakazi wesiteshi somphakathi sasoLundi, iNguna 89.0 FM, kulandela ukuthengela ozakwabo besifazane ikhekhe ngo-Agasti 9. U-Agreement Zulu, owenza uhlelo lwasekuseni iSesifikile Breakfast Show nolukamaskandi ngoMgqibelo, kuthiwa wahlanganisa abasakazi besifazane wabathengela ikhekhe.Umthombo uthe okwadina abaphathi wukuthi abasakazi babemncoma emoyeni. Ebuzwa i-Agreement uphikile ukuthi umisiwe.“Ngizobuyela noma yinini emoyeni uma sengithanda.”Uthi usazogeqa amagula ngalolu daba. Umphathisiteshi uMfu Hebert Mncube uthe umisiwe uZulu kodwa wacela kuthintwe umphathi wezinhlelo kulesi siteshi, uMandla ‘Big Show’ Dumakude.UDumakude uphikile ukuthi uZulu umiselwe ukuthengela abasakazi ikhekhe. Uthe nalokho kuyingxenye yamaphutha.Uthe bese kungokwesibili uZulu ephambana nemigomo yesiteshi.“Saqala samkhuza ehlela i-gala dinner ngaphandle kokwazisa abaphathi. Waphinda wenza umcimbi wabesifazane, basebenzisa nomoya bengagunyaziwe. Sezwa sekunomsindo emoyeni, kukhuluma noma wubani.Waya eThekwini, wathi uhambisa ingane akazobakhona, ngathi uma ngibuza ukuthi uhlelile yini nomuntu ozombambela, wavele wavala ucingo.”Uthe wathi ebona kungafiki muntu ozombambela wafaka umuntu ozombambela ngaphambi kokuthatha isinqumo sokummisa uZulu.“Sathi sisammisile sashayelwa ucingo inyanga yaseHluhluwe okuthiwa uDlamini, ikhala ngokuthi yathenga isikhathi ohlelweni lukamaskandi kodwa iyathuka engasazwakali emoyeni uZulu. UDlamini wathi wakhokha uR2 000 kuZulu ukuze akhangise ngemithi yakhe. Ngabuza umphathisiteshi nowezikhangiso ukuthi kukhona yini isivumelwano abasaziyo esenziwa noDlamini.”UDumakude uthe uyakhumbula ezwa uDlamini ekhuluma emoyeni kodwa wazitshela ukuthi umculi kamaskandi kanti akunjalo.“Ngathi uma ngimtshela ngalokhu uZulu, wangigibela ngenhlamba, wangibiza ngenkabi engumantindane kaMncube. Wathi kukhona azongenza khona.”UDumakude uthe uxhumene namaphoyisa ngezinsongo zikaZulu kodwa uZulu uyaphika. Kunabalaleli azwakalise ukungenami ngokumiswa kukaZulu.",0
train_isizulu_02563,AfriHate,amabhunu asihlekisa nabantu #cwc19,0
295, isililo ngokubulawa kobeyi anc ngozingqokloze phambi kwabantu ,"KUKHALWA nxazonke ngowesifazane waseCato Ridge okusolwa ukuthi udutshulwe wabulawa umakhi bebanga imali abeyikweleta.UNksz Cacisile Gumede (34), obengumabhalane eMsunduzi Clinic, eCato Ridge ophinde abe yilungu lesigungu esiphezulu egatsheni le-ANC kuwadi 1 kule ndawo, kusolwa ukuthi udutshulwe nguMnuz Sdu Sitole, odabuka eMozambique obemakhela indlu, ngoMgqibelo, ebusuku.USitole umangaze umphakathi ngesikhathi ezingqokloza ngesibhamu kubuka umphakathi emarobhothini kwaV, eMlaza, ngesonto ekuseni.Kuthiwa kutholakale imali, egcwele igazi isaphazeke emzini kaNksz Gumede. UNksz Gumede ochazwa ngozakwabo emtholampilo njengomuntu obewuthanda umsebenzi wakhe, ezithobile obekulula ukusebenza naye kodwa obengenqeni ukukukhalima uma ebona ukuthi usuphume endleleni.UNgqongqoshe wezeMpilo kulesi sifundazwe uDkt Sibongiseni Dhlomo uthe: “Lesi sigameko senzeka ngesikhathi uNdunankulu wesifundazwe sethu, uMnuz Willies Mchunu eseqale umkhankaso wokuthi kube nemikhuleko, yokukhulekela isihlava semikhuba emibi eyenzeka esifundazweni sethu. Njengoba kuyinyanga yamadoda kunesidingo esikhulu sokuthi kube nezinhlelo zokufundisa nokunqanda izenzo zokuhlukumeza ezenziwa ngamadoda kwabesifazane. Sizwelana kakhulu nomndeni ngalesi sigameko,”UMnuz Sihle Zikalala ilungu lobuholi besikhashana be-ANC KwaZulu-Natal, uthe uNksz Gumede ubewuthanda umsebenzi wakhe we-ANC futhi ubekuqonda ukuthi kusho ukuthini ukusebenzela ukwenza ngcono impilo yabantu.“Besisalindele lukhulu kuNksz Gumede, sisebenza kanzima ekwenzeni isiqiniseko sokuthi sakha abaholi bakusasa, okulindeleke ukuthi ababambe iqhaza elikhulu ekwakheni isizwe sethu. Siyakholwa ukuthi amaphoyisa azokwenza umsebenzi wawo. Sinxusa nomphakathi ukuthi ubambe iqhaza emkhankasweni wokunqandwa kwezigameko zokubulawa kwabesifazane kulesi sifundazwe,” kusho yena.FUNDA: Kusolwa isikweletu ngozingqokloze eMlazaUDkt Dhlomo kulindeleke ukuthi ayohlanganisa amehlo nomndeni kaNksz Gumede namhlanje.Okhulumela amaphoyisa kulesi sifundazwe uLt Col Thulani Zwane uthe amaphoyisa asesiteshini samaphoyisa eMsunduzi aphenya icala lokubulawa kowesifazane oneminyaka ewu-34 odutshulwe wabulawa, ekhaya lakhe ,kaMhali, ngakolunye uhlangothi awaseMlaza avule idokodo lophenyo ngokuzibulala kukaSitole.“Kusolwa ukuthi owesilisa ozidubule emarobhothini kwaV, eMlaza uyathinteka kulesi gameko,” kusho uZwane.",0
3006,vukuzenzele,"bahlangana nalowo ogulayo.“Uma ngabe kunesidingo kungenzeka ukuthi, noma yiyiphi ingxenye yezwe ibuyele esigabeni sokuqapha sesine noma sesihlanu uma ngabe ukubhebhetheka kwegciwane kungathibeki ngisho sekunge nelelwa futhi kunobungozi bokukhungatheka",0
train_isizulu_01880,AfriHate,awuligabhi... bhebha mawu free nje ##url,0
874,vukuzenzele,ISikhulu Sezemisebenzi Emhlabeni sakwa-Mahi ndra u-Arvind Matthew sithe inkampani iphokophe le ekutholeni ama-40% ezi nsiza zokwakha imoto zeveni ye-Pik Up kwabahli nzeka ngezinsiza kuleli.,0
1578,vukuzenzele,"Lapho kwakunesidingo khona, abavoti abatholakale bebhaliswe ezifundeni zokuvota ezingafanele basuswa, njengalokho kuhlinze-kwe kuSigaba 12 (1)(d) Somthetho Wokhetho.",0
677, ubafuna ngobuningi babo kowe anc ,"UMENGAMELI we-ANC uMnuz Cyril Ramaphosa ugqugquzele abantu basePort Shepstone nezindawo ezakhele leli dolobha ukuthi bagcwalise iMoses Mabhida Stadium lapho ezothula khona umyalezo wakhe weJanuary 8 ngoMgqibelo aphinde athule nomhlahlandela weqembu wokuheha abavoti njengoba kuyiwa okhethweni.URamaphosa ehambisana nabanye abaholi be-ANC esifundazweni uhambele kule ndawo izolo enxenxa abantu ukuthi batheleke ngobuningi kulo mgubho weqembu. Uphinde wathembisa ukuthi uzothula uhlelo lwakhe lokuthuthukisa izwe.“Kulo nyaka sizokwakha amathuba omsebenzi ngoba sifuna ukukhulisa umnotho wezwe, sithuthukise imfundo yezingane zethu, silethe nezidingo ezizothuthukisa abantu bakithi,” kusho uRamaphosa.Uthe namhlanje uzosika ikhekhe lokugubha iminyaka ewu-107 ye-ANC Ohlange ekhaya likaMengameli wokuqala we-ANC.“Abantu bayayibona imisebenzi ye-ANC futhi lesi sifunda senze okuningi uma kukhuluywa ngokwakhela abantu izindlu size sazuza nezindondo. Kwakhiwe izindlu eziwu-129 futhi kuzokwakhiwa ezinye eziwu-800Uthe i-ANC yenze isiqiniseko sokuthi isifundazwe sisebenza kahle ngisho emiphumeleni ka-matric.“Ngiyaziqhenya ngomsebenzi omuhle owenziwa wothisha, abazali nezingane KwaZulu-Natal wokuzibophezela ekuthuthukiseni imiphumela ka-matric. Ilokhu ithuthukile njengoba nezinga lokuphasa linyukile. Uma kubhekwa imiphumela ka-matric isifundazwe silale isibili, KwaZulu-Natal nenze kahle kakhulu,” kusho uRamaphosa.",0
420,vukuzenzele,"Umlomo owomile noma onamfukayo. Izinyembezi ezincane noma zingabibikho uma zikhala. Ukuchama kancane noma amanabukeni amanzi amancane kunokujwayelekile. Isikhumba esomile, esibandayo. Ukucasuka. Ukuhlala wozela noma isiyezi.",0
2177,vukuzenzele,"Abantwana kumele bakhuliswe njengezingane, hhayi abafana kanye namantombazane; obaba kumele bazibandakanye ezimpi lweni zezingane.",0
train_isizulu_01458,AfriHate,@username -uyinja wena! utru usekvumile gcwala ngami!,0
1664,vukuzenzele,"Ukudla okusemqoka kakhulu kubiza ukudlula unyaka owedlule, nokudla okubalulekile okufana namafutha okukhuphuke kakhulu ngamanani.",0
1819,vukuzenzele,"Lolu hlelo, okuwuhlelo olufundisa intsha yaseNingizimu Afrika amakhono ewadingayo ukuze isebenze emkhakheni wokongiwa kwemvelo, izilwane zasendle nezitshalo, lolu hlelo lusize uNyawo ukuba anakekele umndeni wakhe.",0
2501,vukuzenzele,Kukhona amahhovisi Omnya ngo Wezasekhaya angama-184 kuphela akwazi ukuthwebula noma ukuthatha izithombe kanye nezikhungo ezihlinzeka ngezinye izinsiza ezingama-411 ezweni lonkana.,0
test_isizulu_00366,AfriHate,ngoba ninochuku mazulu ##url,0
685, imibono umthetho usebenza kanjani kowetheku ,"MHLELI: Ngithi angicele isikhala ngiphawule ngomyalezo wemenenja yoMkhandlu weTheku kwiSolezwe langoFebhuwari 14 mayelana nokwakhiwa kwemijondolo emhlabeni kaMasipala weTheku.UMnuz Nzuza ngiyavumelana naye uma ethi kusuka ngo-1994 umkhandlu sewakhe izindlu eziningi eThekwini noma ke ngingeqinise ngesibalo asishoyo sezindlu asebezakhile kodwa kukhona lapho engidideka khona. Angiqondi kahle uma ethi kunezinhlangano zomphakathi nezepolitiki ezibhebhezela abantu ukuthi badle umhlaba kamasipala.Empeleni imenenja ithi kunomthetho i-Occupation of Land Act 19 ka1998 ovimba ukudliwa komhlaba kamasipala ngokungemthetho. Nginenkinga yokuthi lo mthetho usebenza nini, kobani futhi kanjani?Lapha nje eLamontville sibone ngaphesheya komfula uMlazi kuvumbuka imijondolo yaqanjwa negama kwathiwa yiMegavillage. Ilapha ku-Ward 74. Sithe sisabheke labo nogada bakhe ukuthi bazofika badilize njengoba esho sabona wona belu umkhandlu usubafakela amanzi nogesi. Saxakeka sikhumbula lo mthetho akhuluma ngawo. Baba uNzuza ngabe bona babebhebhezelwa wubani?Yebo umthetho niyawuqinisa akuphikiwe. Kodwa umbuzo uthi la madoda eqembu elibusayo adla izindlu esezakhiwe zomxhaso niwabopha nini njengoba usipha izibalo zesenibabophele ukudla umhlaba kamasipala? Ungasisiza usiphe leso sibalo senibabophile noma ke asebevele besezikhindini njengoba kade la madoda awuqala lo mkhuba? Ngabe isandla somkhandlu wakho siqine nganxanye, kukhona abavunyelwa ukuphula umthetho?Okunye futhi kunabantu abaningi abahlala emijondolo engemuva kwezindlu zasemakubo emalokishini umkhandlu wakho ongenandaba nabo noma bekhala kangakanani. Bona bakhelwa nini izindlu?ELamontville",0
145,https://www.isolezwe.co.za/tvbox/umunyu kuklonyeliswa abashonelwa ngabazali ,"KUVUKE umunyu kwamanzi amaduku yizinyembezi kubazali ngesikhathi kwethulwa ubufakazi babafundi abakhuliswe abazali abangabazali, izolo abebeklonyeliswa wuMnyango wezokuThuthukiswa koMphakathi KwaZulu-Natal.Laba bafundi abebefunda * -matric nyakenye, bangaphansi kohlelo lomnyango lokufunela izingane eziyizintandane abazozikhulisa, zihole nemali yesibonelelo sikahulumeni. Abafundi abathathu abethule ubufakazi bagcizelele ukuthi basizwe wukuhlonipha bonke abantu abadala ngisho bazi ukuthi abanabazali.Laba bafundi baklonyeliswe ngama-laptop nezikhwama.USakhile Njoko (18) waseSandlwana eNquthu obefunda eSiyanda High wathola o-A abayisikhombisa uthe wakhuliswa umzala wakhe, yena nabafowabo abathathu nodadewabo oyedwa. Washonelwa abazali esamncane. Uyise washona eneminyaka emithathu unina washona enemihlanu.Umzala kaSakhile umkhulisile wamfundisa waze waqeda isikole benodadewabo osenguthisha nabafowabo abesezigabeni ezahlukene zokufundela izifundo zobudokotela enyuvesi, omunye wabo useCuba. USakhile uthe: “Into engikholelwa kuyo yinhlonipho. Iyona ebalulekile kakhulu kangangokuthi noma ngabe kuthiwa ushonelwe abazali, lokho akusho ukuthi ungahloniphi emphakathini. Wonke umuntu okhona mthathe njengomzali wakho.”USakhile owenza unyaka wokuqala ezifundweni ze-Acturial Science enyuvesi yaseWits, eGoli, uthe ayikho imfihlo etheni eyenze waphumelela. Uthe uma ufuna ukuphumelela kumele uzilungiselele, nokuzibekela izinto ofisa ukuphumelela kuzo.Omunye wabafundi ophumelele kahle uNoxolo Manyoni (18) waseMbazwana obefunda esikoleni iNkosi Moses Zikhali High owathola o-A abayisithupha uthe washonelwa yibo bobabili abazali bakhe esemncane. Uthe wakhuliswa uninalume benodadewabo nezinye izingane eziningi eziyizihlobo. UNoxolo uthe: “Bengifuna ukuba yinto enkulu, ngikwazi nokuzimela”. Echaza ngendawo aphuma kuyo uthe amantombazane angangaye ajwayele ukuqeda * -matric bese eyakipita kodwa yena ufuna ukuhluka. Ukhethe ukwenza izifundo zeChemical Engineering ngoba ebona isimo sesomiso izwe elibhekene naso, ufisa ukuba ngomunye wabantu abazosixazulula.UNgqongqoshe wezokuThuthukiswa koMphakathi KwaZulu-Natal, uNkk Weziwe Thusi, uthe bajwayela ukuba nalo mcimbi kodwa bekungokokuqala ukuthi ube kuleli zinga. Ubonge abazali abakhulise laba bafundi abebeklonyeliswa ngokwenza okufanele ngoba abanye abazali bayayidla imali ekhishwa wumnyango wakhe ukuthi bafundise ngayo izingane.Uthe uNkk Winnie Madikizela-Mandela ubezozigqaja ngalaba bafundi ikakhulukazi abesifazane ngoba bekuyisifiso sakhe ukuthi izingane zamantombazane zifunde.",0
8,vukuzenzele,"Ukuze inqotshwe, kufanele siyiqede ngokuqinisekisa ukuthi kugoma abantu abaningi futhi siqhubeke nokuthola imijovo yokuvuselela, kusho umnyango.",0
train_isizulu_02553,AfriHate,uswidi wodwa lo uswidi wodwa lo bo voetsek!! uzobhebheka wena!! uswidi wodwa lo hayi wena x 2💃🏼💃🏼 voetsek uzobhebheka wena!!💃🏼,0
2159,vukuzenzele,"Ngemva kokudlwengula, le ndoda yatshela uTshepo noda dewabo ukuthi bagijime futhi bangabheki emuva. Ngesikhathi bethatha uhambo olubuhlungu lokulibangisa ekhaya, udadewa bo wamenza wathembisa ukuthi ngeke atshele muntu mayelana nokudlwengulwa. UTshepo",0
402,vukuzenzele,"Kunamathuba ahlukahlukene atholakalayo Isihambeli okuxhaswa ngemali ukuze ufunde esikhungweni semfundo ephakeme, ahlinzekwa: uHlelo loMfundaze i-Funza Lushaka , uHlelo Lokusiza Abafundi Ngemali Yokufunda (i-NSFAS)e, uHlelo Lokuthola Imfundo Lwabantu",0
2773,vukuzenzele,"“Angeke sikwazi – futhi akumele – sikushaye indiva ukuzibulala,” kusho u Dkt Tedros Adhanom Ghe breyesus, onguMqondisiJikelele we-WHO.",0
1085,vukuzenzele,abayizakhamuzi bephoqwa ukuba bakhiphe omazisi abaqinisekisa isimo samo sokuba kuleli lizwe.,0
836,vukuzenzele,"“Lolu phenyo lubonisa ukuzimisela ukusiphula isihlava senkohlakalo kanye nokubhekana nababhebhezeli bayo,” kusho uMongameli u-Ramaphosa.",0
train_isizulu_02858,AfriHate,just imagine having a father like ngamla -___-,0
891,vukuzenzele,Ngabe sengibheka futhi ngafaka isicelo sendawo lapho sizogcina sesakhe khona isikole sethu.,0
628,vukuzenzele,zamaphoyisa kulo lonke izwe futhi iyaqhubeka nokuvula amanye.,0
train_isizulu_02769,AfriHate,akwaziwa okwanonisa ingulube 😂😂😂 ##url,0
train_isizulu_00253,AfriHate,"let me run around the complex, i'm becoming a real sdudla 😩😭. bengith ngizoyogijima ngaphandle wathi @username uzongiceba 😂",0
609,vukuzenzele,"kanye nokuya esikoleni kwabafundi kuthuthukile ngenxa yohlelo lokuhlinze- kwa kwezingane ngokudla. Kamuva nje, iKhabhinethi igunyaze ukushicilelwa koMbiko Wokuhlola i-NSNP odidiyewe uMnyango We- zokuhlela, Ukuqapha kanye Nokuhlola (i-DPME). Lo mbiko",0
431,vukuzenzele,Lengeze ngokuthi izakhamuzi kufanele zithole imvume ku-DWS uma zifuna ukudayisa noma ukuthenga amanzi asemapitsini/nasemithonjeni yamanzi.,0
train_isizulu_00941,AfriHate,"when you read your old fb posts and uzibuzo ngazi wawungenwe yini doti, wawusuthini ke manje sdomu😂😂😂",0
172, bashaqekile ngoqothe umndeni ,"USHAQEKILE umphakathi waseThornwood eMariannhill, eduze kwasePinetown emuva kokutholwa kwamalungu amane omndeni ebulewe.Izolo umphakathi ubumi izixongololo ngesikhathi amaphoyisa ephenya kwaDube eThornwood lapho kusolakala ukuthi indodana yakhona uMnuz Khulekani Dube (21) inqume unina, yagwaza unina wezingane zayo ezimbili, yagwaza indodana enezinyanga ezintathu, kwasinda ingane yentombazane eneminyaka emibili nayo yazigwaza yase izikhunga.UMnuz Themba Joseph Makhathini ongumfowabo kaNkk Thembi Dube, uthe bashaqekile ngoba abazi ukuthi dimoni lini elingene umshana wakhe.“Ezinyangeni ezedlule udadewethu wathi indodana yakhe iyamsabisa uma iphuzile ithi izombulala. Ngamcela ukuthi abikele amaphoyisa kodwa wanganaka ngoba umshana ubesho uma ephuzile. Ubephuza ugologo omhlophe ebhema nosikilidi. Angikaze ngizwe ukuthi ubhema izidakamizwa. Kungiphethe kabi ukuthi ubulale udadewethu ngesihluku emnqumisa okwembuzi, isithusile le nto,” kusho uMakhathini.Uthe bathole izolo ekuseni ukuthi udadewabo akasekho emuva kokuthi umfundisi obeyolanda umndeni ukuba uye esontweni ekhale ngokuthi akukho muntu ophendulayo uma engqongqoza futhi kunuka iphunga elibi.“Sithumele uMfanafuthi (omunye umshana) ukuthi ayobheka ngoba sihlala ngaphesheya. Uze wathatha i-crowbar ukuze avule ngayo ngoba akekho obephendula. Uthole izidumbu esisola ukuthi bese zihlale isonto zidindilizile zonakele futhi zinamanxeba okugwazwa,” kusho uMakhathini.UNksz Zodwa Makhathini obiza uNkk Dube ngonina omncane uthe: “Asazi sizothi bekwenzenjani, asimazi ebhema izidakamizwa, siphatheke kabi”.Ukhungathekile umphakathi waseThornwood lapho umfana ehlahlele unina izingane zakhe ezimbili wase ezikhunga.Video: Mcebo Mpungosepic.twitter.com/io1vgSQkfC— Isolezwe Newspaper (@IsolezweNews)August 19, 2018Ikhansela lendawo, uMnuz Bheki Mfeka, lithe liyaqala ukubona into enjena ngoba abakaze bezwe kuthiwa ilungu lomndeni liwuqothe wonke.“Uma kuthiwa umndeni ubulewe usuke ubulawe yizigebengu, siyakuqala ukuthi kube yilungu lawo eliwuqothayo. Sizowulekelela ngalo lonke usizo eliwudingayo umndeni wakwaDube ngoba sishiye yonke into sazobona lo monakalo osuwenzekile,” kusho uMfeka.UCaptain Nqobile Gwala, wamaphoyisa KwaZulu-Natal, uthe amaphoyisa aseMariannhill aphenya amacala amathathu okubulala kwavulwa nedokodo (ngecala lozibulele).“Kutholwe izidumbu ezintathu emzini oseThornwood zinamanxeba okugwazwa. Kutholwe nesendoda eneminyaka elinganiselwa ku-20 silenga, zonke izidumbu bese zonakele. Kutholwe nentombazanyana eneminyaka emibili ebiphila ihleli nalezi zidumbu. Iphuthunyiswe esibhedlela ukuze iyothola usizo,” kusho uCaptain Gwala.Uthe isaphenywa imbangela yokubulawa kwabantu.",0
dev_isizulu_00329,AfriHate,ibuhlungu lendaba yase dumbe ibhunu lingaphandle kodwa kunofakazi kube umuntu omnyama ngabe usegwetshiwe kodwa hulumeni uyadlala ngendlu emnyama @username ,0
1561,vukuzenzele,KuNhlolanja uhulumeni wamemezela ukuthi uzo nyusa i-VAT isuke ku-14% iye ku-15%. Uhulumeni uya zi ukuthi imindeni eswe le izosindwa kakhulu kwezezimali.,0
1036,vukuzenzele,sendwangu esimboza ikhala nomlomo njalo lapho siphuma emakhaya ethu. Kufanele siqhubeke nokugeza izandla zethu njalonjalo ngensipho namanzi noma ngesibulali-magciwane. Kufanele siqhubeke nokuhlanza zonke izindawo ezisobala ezindaweni ezisetshenziswa abantu,0
2881,vukuzenzele,Bafuna ukuvala ukwahluka na kwedolobha – namakhaya ekufinyeleleni kwezinsiza zikahulumeni kanye nezinsi za zomkhakha ozimele.,0
2208,vukuzenzele,"Sidinga ukudlala indima yethu ngamunye ngokusebenzisa ama lungelo ethu ayisisekelo akuMthethosisekelo ukwakha iNingizimu Afrika engenabo ububha kanye nendlala, ukunga thuthuki, ubugebengu kanye nodlame. Njengoba u-Steve Biko anxusa, masiyeni phambili",0
train_isizulu_00509,AfriHate,"co""@username : 😍😍😍😍 uzobhebheka!!!""@username : ##url",0
test_isizulu_00313,AfriHate,@username bangiphendula imfene. imfene phela efaka izinto ekhapheni ijike ingaziboni zikephi,0
450, ezempilo abamnyama abazihluphi ngobungozi bomdlavuza ,"KUTHIWA abamnyama basenomqondo wokuthi umdlavuza ngowabelungu, okwenza bangazihluphi ngokuwuhlolela.Lokhu kuvele izolo emcimbini wokuqwashisa ngomdlavuza webele, iBreakfast for Boobies obuhlelwe inhlangano elwa nalesi sifo, iPink Drive eThekwini. UNkk Janice Benecke olawula igatsha lePink Drive esifundazweni, uthe kusewumqansa ukuthi abantu bawuqonde kahle umdlavuza. Uthe ezindaweni zasemakhaya banenkinga yokuthi abantu abakholwa ukuthi nabo bangangenwa umdlavuza.“Kuningi okuyizinkolelo eziyize njengokuthi abanye bacabanga ukuthi uma uhlolela umdlavuza ngo-Okthoba usemathubeni amaningi okuwuthola ngoba yinyanga yokuqwashisa ngawo. Abantu kumele bazi ukuthi umdlavuza awukhethi ngisho iminyaka. Sike saba nengane eneminyaka emibili etholakale inomdlavuza webele,” kuchaza uNkk Benecke.Uthe bayazama ukuqwashisa ngisho ezindaweni ezisemakhaya nasezikoleni. Ukhale ngokuthi abasebenzisa izibhedlela zikahulumeni bathatha isikhathi ukwelashwa ngenxa yokugcwala, yingakho behamba zonke izindawo ukuyohlolela umdlavuza.UNkk Dany Ribbink (42) ongomunye wabaphila nomdlavuza webele uxoxe ngobunzima abhekane nabo eqala ukuthola ngawo. Uthe waqala ukuhlinzwa ngoMashi enesigaxa ebeleni. Uveze ukuthi unina naye wathola ukuthi unomdlavuza eneminyaka engu-39.“Ngangisaba kakhulu emuva kwesonto ngihlinziwe ngoba kwaba noshintsho nasempilweni yami. Ingono yami yaphenduka yaba mnyama nesikhumba sashintsha. Ngilindele ukuyohlizwa futhi ngesonto elizayo kodwa sengamukele, nomyeni wami uyangeseka kakhulu,” kusho yena.Ukhuthaze abesifazane ukuthi bathole umbono wesibili kadokotela ukuqinisekisa isimo sempilo yabo. Uthe lokhu kusiza nangokuthi uzinike isikhathi sokwamukela, uthole nodokotela ozokwelapha ngendlela efanele.UNkk Sarah Walters oyiGenetic Counsellor, ukhulume ngokubaluleka kokuhlola emndenini wonke uma kukhona onomdlavuza. Uveze nokuthi kumele ngisho engekho onomdlavuza abantu bazijwayeze ukuhlolelwa ama-genes ukuze babone uma kukhona osengcupheni yokuwuthola.Kulo mcimbi kuvele ukuthi imali isayinkinga kakhulu kwabanomdlavuza ngoba ukwelashwa kumba eqolo. Lokhu kufakazelwe nanguNkk Ribbink othe akuwona unyaka omuhle emndenini wakhe ngenxa yezindleko zokwelashwa.Abesifazane bahlolelwe umdlavuza bafundiswa nendlela yokuzihlola amabele emakhaya. Uhlelo beluphethwe * -Olwethu Leshabane owaziwa emnncintiswaneni kaMrs South Africa nasohlelweni lwethelevishini iReal Housewives.",0
dev_isizulu_00442,AfriHate,"uyaphika uma ubona abantu..  k'lungile ""@username : hahahaha ayibo! rt @username : u @username ""@username : kazi uyo bhebha bani ke",0
955,vukuzenzele,complaintsnodalpoint@saps.gov.za Inombolo Yosizo oluphuthumayo Ngodlame Lwasekhaya: 0800 150 150 Inombolo Yosizo Ngengculazi (iAIDS): 0800 012 322,0
238, kabaphumuli abesikole esenze kahle ,"UKUNGENA ngo-6 ekuseni kuphunywe ngo-10 ebusuku nsuku zonke, ukubhalwa kwezivivinyo ngezimpelasonto ngezinye zezinto ezenza iBizimali High, eNhloshane eNkandla sikhiqize imiphumela emihle kwa-matric.Lesi sikole esigcwele ngokweqile njengoba sinabafundi abevile ku-2 000, amagumbi okufundela angu-21 nothisha ababalelwa ku-60 sesizakhele igama ngokwenza kahle minyaka yonke nakuba sisuke semukele abafundi abasuke sebehlule kwezinye izikole abalethwa kusona ukuze baphume beqondile.Nakuba minyaka yonke senza kahle kodwa sibhekene nengwadla yokushoda kwamanzi nogesi.Ukuze kusetshenziswe izinto ezidinga ugesi kunama-generator amathathu asebenzisa uphethroli obalelwa ku-R6 000 nyanga zonke.Abafundi kudingeka bagwedle ipitsi baziphathele amanzi ngoba kule ndawo okwakhiwe kuyona isikole iyashisa.Ayisithupha amakilasi ka-matric kanti nyakenye bangu-461 abafundi ababhale leli banga, kwaphasa abangu-406 izinga lokuphasa kwaba ngu-88.7%.Uthishanhloko oseneminyaka eyevile ku-20 ebambe izintambo, uMnuz Ntandoyakhe Ntuli (50), uthe ukuzikhandla kothisha nokubamba iqhaza komphakathi esikoleni kubenza benze kahle minyaka yonke.Uthe abanumzane bendawo abalali bahlala kuze kuphume isikole ngo-10 begade abafundi abasuke begoduka.“Iningi lothisha akubona abendawo bahlala emqashweni kubalwa nami. Nginomuzi eThekwini kodwa cishe ngiya kane ngonyaka, isikhathi esiningi sisichitha esikoleni. Siyisikole esithatha abafundi abasuke sebehlule, sibacije baphase ngamalengiso. Uma ubheka ezinye izikole ezenza kahle zihlunga abafundi ezibathathayo ukuze zilokhu zenza kahle,” kusho uNtuli.Uthe abafundi bahlala ngabathathu edeskini cishe kuwona wonke amakilasi ngoba kugcwele.“Besinabafundi abangu-2065, ngokomthetho kumele ngabe sime la ko-1 400 kodwa-ke asikwazi ukunqaba abafundi. Asikwazi nokukhala kakhulu ngoba umnyango uthi yithinta esamukela kakhulu kunokumele sikuthathe. Ngihleli nje nesitifiketi sezempilo esithi kunobungozi bezempilo kodwa ayikho into engingayenza ngoba abazali bayaziletha izingane zabo.”Uthe sekuyisiko nje ukuthi abafundi bakwa-matric baphuma ngo-10 ebusuku, uMgqibelo namaSonto kuyafana.“Kukhona abancintisanayo abaze baphume ngabo-2 ekuseni ngoba bethanda ukufunda. Kuyafundwa akudlalwa, ayikho imfihlo esinayo ngaphandle kwaleyo. Ngezimpelasonto sibhalisa izivivinyo ngakho akukho ukulova kwabafundi ngoba kusuke kubhalwa. Siyashesha ukuphothula isilabhasi bese sibuyekeza.”Uthe lesi sikole sakhiwe ngo-1983 asikaze sibe nogesi uma ama-generator efile basebenzisa amakhandlela.Uthi wafika kulesi sikole singenawo u-matric, sigcina kwaGrade 10 wathi no-100% bake bawuthola ngo-1999 kuya ku-2001.“Sinobudlelwano neWestvile Boys yaseThekwini lapho ngiyisa khona othisha bayothekela ulwazi bafunde nokusetha amaphepha. Ziningi nezinye izikole ezifikayo zizofunda kithina,” kusho uNtuli.Uthe ingxenye enkulu yemali abayithola emnyangweni bathenga ngayo uphethroli wathi ugesi ukhona kwezinye izingxenye kodwa awukho kubona ngoba isikole siphakathi nendawo.“Sibonga umphakathi ukuthi sisebenze kahle nawo. Akugcwelezwa izingane njengoba iningi lazo, nothisha behlala emqashweni. Uma siphuma ebusuku sikhanyisela abafundi amalambu ezimoto ukuze babone indlela uma sebegoduka,” kusho uNtuli.",0
3272,vukuzenzele,"Ngokuklanywa kabusha kohlelo lwesiqinisekiso semali-mboleko esethulwe ezinyangeni zokuqala zobhubhane lweCOVID-19, senza imali ‘iphinde ibuye’ ukuthi ifinyelele kalula emabhizinisini amancane.",0
1225,vukuzenzele,"Labo abanenhlanhla yokuba nemiholo engathikamezeki bazokwazi ukubuyela emise-benzini yabo; kodwa izigidi za-banye abantu bazolahlekelwa inyanga lapho bebengabe be-thole umsebenzi wesikhashana, ngabe bazenzele amabhizinisi ngokuthengisa emgwaqeni noma",0
train_isizulu_02436,AfriHate,ngeskhath kubulawe ibhunu edannhauser ubheki cele no sihle zikalala bagijima bazephula beyoqevuza....   “niwasabani amabhunu ndosi?” ##url,0
334,vukuzenzele,Abangaphezu kwezi-600 000 babo sebefakiwe emathubeni omsebenzi.,0
train_isizulu_00766,AfriHate,when he says “we will see” vele ukhohlwe njenge sdomu eskoleni. ##url,0
train_isizulu_00553,AfriHate,kumnandi mawuyi one endlini yaz. uyahlala nje uzilengisele amasende ngaphandle. bese kuba no sathane nje akufonele nge video call,0
train_isizulu_01927,AfriHate,nize ningavumi ukuthengwa ngo zibandlela malungu ka khongolose. wakwenza e nasrec ningavumi manje.,0
train_isizulu_01011,AfriHate,"zulu nikkas 😂 ""@username : ngendlela ekushisa ngayo, kubila ngisho amasende""",0
3543,vukuzenzele,"abadala abanezifo ezingamahlalakhona bazobekwa eqhulwini kulolu hlelo lokugoma.Esigabeni Sesithathu, cishe abantu ababalelwa kwizigidi ezingama-22.5 zalabo bantu abadala ezisele bazogonywa. Inani labantu okubhekeke ukuba ligonywe ngaphambi kokuba unyaka",0
train_isizulu_00399,AfriHate,"@username ""aw'dlal' igqomu lapho, ungangenzi 'sdomu"" ##url",0
train_isizulu_02650,AfriHate,"#ngibonise umuzi onotshwala lol #welele #mnandi ""@username : smart mampara....nami ng'khona la""",0
2296,vukuzenzele,"Uma kunguwena kuphe la umbheki wengane e ncane, isho ukuthi ngubani okufanele aqokwe njengo mbheki wengane.",0
168, kuphenywa ukhuzani ngomkamuntu ,"KUPHENYWA isihlabani somculi kamaskandi, uKhuzani Mpungose, ngokunyamalala kwenkosikazi yomuntu, uNkk Lungi MaBiyela Hadebe nezingane zakhe ezimbili, okungeyentombazane neyomfana. Lesi sigameko senzeke endaweni yaseNkonise, eNkandla, ngaphansi kwenkosi uMbhele ngoLwesine olwedlule.Isolezwe lithole ukuthi uNkk Hadebe, obeyilungu leqembu lesigekle, unyamalale nezimpahla zokugqoka, isamba semali elinganiselwa kuR70 000. UKhuzani uvumile ukuthi usethintwe kaningi ngabaseshi, bemphenya ngalolu daba.“Wudaba oseludumile impela lapha eNkandla,” kusho uKhuzani. Yize uKhuzani ephika elala ngomhlane ukuthi uyazana nalo mkhonyovu kodwa uthe kunomuntu wakwaHadebe okugcizelelayo ukuthi nguye oqole umndeni. “Sebebaningi abantu asebeqolwe ngegama lami. Angisazi ukuthi ngenzenjani,” kusho lo mculi.Isolezwe lithole emithonjeni emithathu ukuthi uNkk Hadebe unyamalala nje wayexhumane ku-facebook nalo muntu ozibiza ngoKhuzani ngemuva kokuba ethole ukuthi kunomcimbi ozokuba kubo kalo maskanda.Kuthiwa lo “Khuzani” wathi uzobasiza labo mama uma bezoshintsha isigqi sibe esikamaskandi futhi wabe esebafuna imali, okuyinto eyabathusa abanye omama kodwa uMaBiyela noHadebe baqhubeka nokuxhumana no“Khuzani’ futhi babaxosha abanye omama ababefuna ukumbona ngamehlo lo “Khuzani.” UHadebe wagcina esekhokhela labantu uR7 000 futhi wabanikeza neveni eyiLong Base, athi lo “Khuzani” izofakwa isithombe nombhalo kaMaBiyela. Kuthiwa “uKhuzani” wenzela uMaBiyela iCD engumbombayi ngoba yayinesithombe sakhe kodwa kucula abanye abaculi besilisa ngaphambi kokuthi athi abalethe le veni. Ngemuva kwalokho, lo “Khuzani” wabe esethumela abantu ababelethe kwakhe uR70 000 maqede bathi akeze eGoli ezolanda ikhumbi enguSiyaya. UHadebe uthe eseya eGoli ngoLwesithathu olwedlule, lo “Khuzani” wangabe esazibamba izingcingo zakhe kanti uzothi ebuyela kwakhe, wafika uMaBiyela nezingane zabo ezimbili bengasekho.Ethintwa uHadebe uthe amaphoyisa amdonse ngendlebe ukuthi angaphawuli ngalolu daba ngoba selusemaphoyiseni.Okhulumela amaphoyisa aKwaZulu-Natal uColonel Thembeka Mbhele ukuqinisekisile ukuthi amaphoyisa aseNkandla aphenya icala ngokunyamalala kwabantu abathathu.",0
1016,vukuzenzele,"Sidinga omakadebona bezintatheli bakithi, aba zoletha isipiliyoni kanye nezikhumbuzo zabezindaba, futhi abazokwazi ukuletha imibiko ebucayi nenolwazi.",0
train_isizulu_02718,AfriHate,@username uyinja mngani 😂😂😂,0
train_isizulu_00937,AfriHate,yangena ingulube encane🎶 susani amatafula 🎶🎶 nansi ingulube encane🎵🎶🎵🎶🎵 #ripbhodloza #ripwelcomebhodlozanzimande  #ukhozifm,0
3047,vukuzenzele,sezikhungo ezinkulu emhlabeni wo nke esikhiqiza izidambi sinhlungu futhi esesikhi qize imithamo yomgomo weCOVID-19 i-Johnson & Johnson engaphezulu kwezigidi eziyi-100.,0
2948,vukuzenzele,"Uma umdlavuza uhlo nzwe kusenesikhathi futhi welashwa, maningi amathuba okwelulama ngokugcwele.",0
train_isizulu_01501,AfriHate,uma ungenamali uyinja!,0
2664,vukuzenzele,"UMabitsela, odabuka endaweni yase-Modimolle e-Limpopo, wafaka isicelo semali-mboleko ebhange ngoLwezi kowezi-2020, kodwa watshelwa ukuthi ungene shi ezikweletini ngokwedlulele futhi aka fanelekile yimali-mboleko. “Ngangiyofuna imali-mboleko yesikhashana",0
test_isizulu_00286,AfriHate,"""@username : intshontshelwe umahosha le macbook""o sele wena, lol!!",0
2095,vukuzenzele,"Ekupheleni kobandlululo, ubunikazi babantu abamnyama ezinkampanini ezisohlwini lwe-JSE babungaphansi kwephesenti elilodwa. Leli nani alikabi ngcono kangako eminyakeni engama-28 eyedlule.",0
2715,vukuzenzele,"nentu-kuthelo noma kuthuliswe.Ngakoluhle uhlangothi, ukugxeka, ngokwakhayo, ku-siza thina ukuthi sivumelane futhi siqhubeke masinyane futhi kalula ekubhekaneni no-kushintsha izimeko nezimo. Kucebisa inkulumo-mpikiswano yomphakathi futhi kusinikeza ukuqonda",0
2606,vukuzenzele,"kokunye.Lezi azange kwaba yizinqumo ezilula ukuzithatha, uma ubheka umthelela wazo ezimpilweni zabantu.",0
train_isizulu_02086,AfriHate,musa ukuba ibhunu leplazi wonke umuntu ofuna inkomo uthintana nawe.,0
dev_isizulu_00522,AfriHate,uthini lo mlungu 😂😂😂😂😂 ##url,0
train_isizulu_01709,AfriHate,ayikho intenghlula njengok bhebha nge condom eybo😪😪😪,0
dev_isizulu_00524,AfriHate,"nxa eziweyi ""@username : nilwela isende, amaningi kangaka?!""",0
376,vukuzenzele,le-11 ukuze babhalise kodwa bathole ukuthi imiphumela yabo yeBanga le-12 iyahlangabezana nalokho okudingekayo ukuze babhalise.,0
test_isizulu_00140,AfriHate,wamuhle mazulu kababa💕 ndodakazi kababa🌹 ndlovukazi enhle💞 @ south africa ##url,0
