id,source,text,mgt
train_isizulu_01981,llama3.1,Ngiyabonga ukuthi u-LED i-oledi lingifaka enganeni😮liy'biza ngomakoti walay'khaya nokuy'slima kuya-blush-a phela 😂 kuzodleka umakubhayiza.,1
train_isizulu_02287,llama3.1,"""Ngiyabonga ukuthi ngiyaphila, sisi Celia! ""uyawathanda amasende akho?"" iningi yonke into ephakade!"" #isiZulu #TVQuote #Celia",1
1094,llama3.1,"Lokhu kulahleka kwempilo kuyadabukisa, njengoba kungukubulawa komuntu wase-Afrika ophuma eZimbabwe ezandleni zezingqapheli ezizibeke zona. Ubugebengu buyinkinga enkulu kuleli lizwe.",1
2735,llama3.1,"""kwimiphumela emibi,"" kusho yena. Ukubhekana nobubhoklolo obenziwa nge-inthanethi, ithimba le-CSIR lisebenza ngohlelo olukwaziyo ukubona ububhoklolo ezinkundleni zokuxhumana. Lolu hlelo luzovele luzi bonele ububhoklolo obenziwa nge-inthanethi ezinkundleni zokuxhumana, kwenye inthanethi.",1
329,llama3.1,"BUCHITHEKE bugayiwe kubhuntsha umngcwabo eMpophomeni, ngaseHowick, ngempelasonto umndeni ungena ushaqa ibhokisi likamufi ngesikhathi kunenkonzo yomlindelo. Umndeni kaMnuz Bhekisisa Msane (62) waseShowe obehlala ekhweni kankosikazi omncane eMpophomeni ufike washaqa ibhokisi nesidumbu ngoMgqibelo ebusuku kulandela ukungaboni ngaso linye nomndeni kaNksz Sandile Ndlovu abehlala naye. UMsane bekumele afihlwe ngeSonto kodwa kugcine kungenzekanga abakubo sebelande isidumbu ekhweni. Umunye obekhona kwenzeka lokhu kodwa ongathandanga ukudalulwa uveze ukuthi uMsane unamakhosikazi amabili aziwa umndeni bese kuba khona noNksz Ndlovu owabhala ngasese naye umndeni ungazi. “Ubehlala ekhweni, kuthe esegula bamphindisela emakhosikazini akhe. Bekuthi uma esesindile bamlande ngoba kudliwa imali yakhe yempesheni nekhadi lokuhola belihlala kumkhwekazi wakhe. Intombi kuyaziwa ngisho endaweni ukuthi bese ikipitile namanje ushone uMsane ingekho izwe ngoba isishayelwa ucingo,” kusho umthombo. NgoMgqibelo ebusuku ngesikhathi kunomlindelo kuthiwa umndeni kamufi awuzange ukhulume lutho ungene waqonda ebhokisini kugcwele amakholwa ecula. “Ngibone sekushaywana, abebepheka baphuma nokudla kwathelwana ngakho. Amakholwa asale ecula, bathatha ibhokisi bahamba nalo kodwa nakhona bebelandelwa amatshe ngemuva. Abanye bahambe belimele nami ngithole imihuzuko,” kusho umthombo. UNkk Ntombi Msane oyilungu lomndeni kamufi uthe baphoqwe yisimo ngoba bebebona ukuthi uMsane uzongcwatshwa ezintabeni. “Ukuba ubenomuzi besizovuma amngcwabe. Sinqaba ngoba unamakhosikazi amabili asemthethweni futhi nekhaya elikhulu likhona lapho engangcwatshwa khona. Siqale emaphoyiseni eMpophomeni, sadlulela enduneni nasekhanseleni sayobika. Silufakile enkantolo udaba sayobika naseMnyangweni wezaseKhaya kwathiwa awukho emthethweni umshado wabo kodwa kuzothatha izinyanga ezimbili ukuthi usulwe. Sibone kukude kakhulu sayolanda isidumbu yize bebesithuka besishaya,” kusho uNkk Msane. Ethintwa uNksz Ndlovu uthe uMsane wamshada engasathandani namakhosikazi akhe. “Wagula wangena esibhedlela abantu bakubo bengamsizi waze wacela ukuthi sithuthe siyohlala ekhaya alungise nempesheni. Kuyiphutha ukuthi bengikipitile, ngiyasebenza ePinetown. Sebenzela ukudicilela igama lami phansi. Kuyimanje umzimba ubuhlungu ngitubekile ngoba kwase kuliwa. Noma bengimthanda umyeni wami kodwa sesithathe isinqumo sokubayeka nesidumbu. Sengigqoke inzilo yize ngingamngcwabanga umyeni wami,” kusho uNksz Ndlovu ekhihla isililo.",1
1263,llama3.1,"Ukubukeza ukuzethembaKubalulekile ukuthi usize ukwakha ukuzethemba kwe ngane yakho. Ungasiza izi ngane zakho ngokuzincoma ngokuzama ukusiza kanye nangokusebenzisa lokho ezikucabangayo, ubuhlakani kanye nokudlala kwazo; zigqugquzele ukuthi zikhu lume; zenze ukuzithemba kwazo.",1
865,llama3.1,Abantu 25 abasha eKwaZulu-Natali bazoshwa ukuthola izinto zabo ngokuvulwa kwemboni entsha yama-Mahindra.,1
3024,llama3.1,"Nokungavunyelwa kulesi sigaba sokuqapha sesithathu, ngenxa yobu ngozi bempilo yabantu obuhambisana nokubhema. ""Yonke imibuthano yomphakathi ayivunyelwe, ngaphandle kwemingcwabo enabantu abangadluli kuma-50 noma imihlangano ezindaweni zokusebenza ngezinhloso.""",1
dev_isizulu_00413,llama3.1,Namhlanje kwizwelenala FM ngizophawula ngodaba olubhalwe ngami kwisolezwe langesonto oluthinta ubutabana. 20:00-22:00 @username #KingsOmNala #url,1
2946,llama3.1,"Ngaso sonke isikhathi uma sicabanga nanoma isiphi isenzo esingabalulekile, kumele sibuze ukuthi: ibu phi ubungozi bokusuleleka kuthina nakwabanye? Lapho kukhona khona ubungozi, noma ngabe buncane kanga kanani, kungcono ninga kwenzi.",1
2598,llama3.1,"Ngalezi zingenelelo sikwa zile ukunciphisa umthelela omubi kakhulu walolu bhubhane, ukunqanda ukuvalwa kwamabhizinisi amaningi kanye nokulahleka kweminye imisebenzi. Zihlinzeke ngesisekelo esiqinile oHlelweni Lokwakha Kabusha kanye Nokuvuselelwa Komnotho",1
940,llama3.1,"Ngiyakubona ukukhanya, isiZulu se-GBV sibukelela kwi-NPA ukusiza sizokwazi ukusebenzisa isicelo sokwenza. Umphathi wenkantolo uzoqoka isikhulu senkantolo ukuthola ukusebenzisa. Lo msebenzi awuthembisi imiphumela ethile, siyakwazi ukusiza ukusebenzisa.",1
233,llama3.1,"Ubhekana kanjani nalesi siyo uchaze wathi ixhala ngukwe saba noma ukukhathazeka ngento okungaziwa umphu mela wayo. Ukusiza abafundi ukuthi babhekane nalesi simo, unikeze iseluleko esilande layo: Kuqonde ukuthi kujwayelekile ukuzizwa uxhala noma wesaba.",1
train_isizulu_01070,llama3.1,"@username ukuthi umuntu wacishe waduba izinkomo zayo kwa njalo, kwabeka kwenye njama, yena ngoba angeshikilia! 😩😩😂😂",1
train_isizulu_00707,llama3.1,Ngiya mathanda amaseketshe - ngamla #Generations,1
391,llama3.1,"Ngiyathandaza ukubona i-CACH, ngoba inawukunwa ukuthi usisukele isikhala.",1
2823,llama3.1,"Naye. Qaphela uma usebenzisa izinkundla zokuxhumana, ikakhulukazi uma umuntu ongamazi efuna ukukunika usizo, ukukunika imali, indawo yokuhlala noma ithuba lomsebenzi ephe ndula kulokho wena ozobe ukubhalile enkundleni yokuxhumana. Uma uyohlangana nomuntu ongamazi, usebenzise izinkundla zokuxhumana kushukela kuwe nayo.",1
train_isizulu_01228,llama3.1,"@username mamkhize kuyacaca ukuthi lento yamapulazi uhulumeni akayithathi ngikujulile uma kuhlukumezeka abantu bakithi uqala ukusukuma uma kuhlukumezeka abelungu, noma ngoba kuhulumela ukuthi umuntu ungakwazi ukuyenza izinto zomthetho wakho.",1
712,llama3.1,"MHLELI: Ngicela Isolezwe ke lilandelele liphenye kabanzi ngenkampani endala kunazo zonke la kwelakithi likaMthaniya, ephisa utshwala besizulu namahewu, okuthiwa idilize inqwaba yabasebenzi ngenxa yokwehla kwezinga lokuthengwa komkhiqizo wayo, iJuba.Isimo sibi futhi simazonzo kuleya nkampani kangangokuthi sekuze kwavalwa nendawo yayo endala ekhiqiza lona iJuba namahewu aziwa ngokuthi uKhozi.Le nkampani izinze eKhangela, ingumakhelwane nesibhedlela esikhulu eThekwini iKing Edward. Kuyangidabukisa mina njengomuntu owake wasebenza khona esikhathini esiphambili ukubona le nkampani iwa sibhekile ngenxa nje yobudedengu beziphathimandla eziyiphethe.Ngiyethemba ukuthi Isolezwe lizokwazi ukulululandela lolu daba lwale nkampani, likwazi nokuthola umnyombo wokuthi kahlehle kwenzakani kuleya nkampani, ukuze amaqiniso ahlale obala.Ngicela ukuligodla igama lami Mhleli, ngenxa yokusaba ngokuphepha kwami.Okhathazekile.",1
3231,llama3.1,"lokubhekana nenhlekelele oluhambisana nobukhulu betwetwe kubantu bakithi, umphakathi wakithi kanye nasemnothweni wethu. Lokhu kuzokwenza ukuba sibe nendlela ehlanganisiwe yokulawula inhlekelele nokubeka endaweni izinhlelo eziphuthumayo, ezisheshayo, esibonakaliso sokukhuluma kwa njalo",1
2016,llama3.1,"SaseNin-gizimu Afrika sizikhombisa indlela. Ngokuhle ekubeni isibonelo, basikhumbuza uku-thi kuchazani ukuzibophezela kuthina kanye nakwabanye. Leli zwe selaziwa ngezinto ezimbi zodwa. Baningi abantu abaphangalele, kusenjalo ziningi nezingane",1
1242,llama3.1,"Izinkomo zikaSuduka zinga mahektha ayisithupha lezi-tshalo likhiqiza ummbila, amazambane, uphizi nobhontshisi. Ummbila utshalwe kumahektha amane, amazambane kwelilodwa bese uphizi nobhontshisi utshalwe kwi hektha lokugcina. Isuduka usefunde lukhulu",1
1048,llama3.1,"GCIWANE, Sidinga ukucophelela kakhulu ekulandeleni izinyathelo zoku-phepha futhi siqinise izinyathelo ezikhona ukuze sehlisa izinga lokuthelelana ngegciwane. Izimiso ezibekiwe mayelana nokufakwa kwezimfonyo zizo-qiniswa. Abaqashi, abaninizitolo nabaphathi, siqinise ukuthola izinyathelo zokuphepha ngokubona kwazo kuqinisa ukuze sehlisa izinga lokuthelelana ngegciwane.",1
2641,llama3.1,"Njengabantu baseNingizimu Afrika, sifuna ukuthumela umyalezo oqinile wokuthi ngeke neze sisatshiswe. Labo abayimbangela yokubulawa kofakazi kanye nezingede bazoboshwa futhi babhekane nengalo yomthetho, njenga bo bonke labo abazotholwa benecala.",1
870,llama3.1,"Njalo, amathuba asebenza kuqhashwa kule nkampani, awabona isibalo sabantu abanamakhono esifundazweni, kwakunikezwa ne-sandla ekwandiseni.",1
test_isizulu_00028,llama3.1,@username ukhuluma ngamla Sibusiso Ndlomoni,1
1118,llama3.1,"UPotgieter ululeke aba thengi ukuba baqale uku thenga izinto zikaKhisimusi kusenesikhathi futhi baqikelele ukuthi bathenga ukudla okwanele, kuhlanganisa izinhlobo zokudla ezizohlala isikhathi eside, ukuze banga sebenzisi imali ngendlela engafanele",1
1236,llama3.1,"USuduka uthi amavawusha akhe azomsiza ukukhulisa umkhiqizo wakhe wamaqa-nda ebhizinisini lakhe. “Ngithole amavawusha amathathu ayisamba esiyizi-R19 000. Ivawusha yezi-R12 000 yokuthenga izinkukhu zamaqanda eziyi-100, ivawusha yezi-R6 500 yokudla.",1
259,llama3.1,"Izindlela zemali ezisemaleni zizibiza isamba semali esingaphezulu kwenye zigidi ezingama-25.5 zama randi, ukubonwa kwazo kukhuluphika kulaba balimi mahhala.",1
dev_isizulu_00095,llama3.1,"Ngiyabonga, ngiyathandana ukuthola ukuhlanganisa kwenkonzo kwethu, ngoba ngizokwazi ukukwazi ukuthi inkawu izokwehlaphi sivimbe ngezansi khani ngoke ngibone.",1
train_isizulu_00946,llama3.1,"Ngigcwele ngale sikhulu esingasazi igama, @username.",1
2732,llama3.1,"Abangama-25% bona bayazilimaza. ""Le miphumela ibonisa ukuthi ububhoklolo obenziwa nge-inthanethi bu yinkinga enkulu kakhulu. Ukubandakanya wonke umuntu – intsha, abazali, othisha, abomthetho kanye nezinkampani zezinkundla zokuxhumana – iyona ndlela yenkosazana ukuthola ukwazi kwabantu abaphilayo.",1
574,llama3.1,"Ukusetshenziswa kobuchwepheshe obusha ekuhlinzekeni ngamathuba omsebenzi kwenze uhlelo lokuqasha abasebenzi lwaba lula, lwashesha futhi lwabakubona ngoluvuleleke kakhulu.",1
train_isizulu_01482,llama3.1,HHP feat Zombo -Sdudla 🔥. Madoda asasisha ngayo i-get down back then ingudube sizikhume emqaleni.,1
3289,llama3.1,"Ukubukeka kuqhubezela ngenxa ye-COVID-19. ""Ngihlangabezane nokuhla-la ngikhathele, ukukhwehlela kanye nokucinana kwesifuba, nokuye kwaxazululwa yisi-futho sami sesifuba somoya. Izimpawu zokugula kwami bezingebucayi""",1
1832,llama3.1,"Siyazihlonipha futhi sizihlo ma uphaphe legwalagwala njengamadoda nabantu besifazane ababonakalisa ukuthi bazimisele ukubeka impilo yabo engcupheni ukuze thina sikwazi ukuphila, ngokungcolileyo kwethu.",1
2143,llama3.1,"Uguliswa wokwethuka lwaseCOVID-19, kuba buthakathaka futhi kunamandla amancane uma kuqhathaniswa namandla omgomo okulwa nezifo.",1
dev_isizulu_00457,llama3.1,"@username, ngiyakuthanda ukhuluma naye kuhle njalo",1
3376,llama3.1,"Nosuku lwe-16 kuNhlangulana luyancipha entsheni yaseNingizimu Afrika. Lokhu kudlange entsheni eyaziwa ngokuthi i-Generation Z, noma abantu abasha abazalwe phakathi kowe-1997 kuya kowezi-2015.",1
test_isizulu_00489,llama3.1,@username uyingcwele ukuthi ungiyathembelela isendelo lakho,1
1137,llama3.1,"Sebebhalisile, i-Diploma in Business Administration (DBA) izo-siza abafundi asebebadala ukuthi bakhethe izifundo abafuna ukuzenza futhi iba-chazele ukuthi yiziphi oku-yimpoqo ukuthi bazenze. Mayelana nokufaneleka yilolu hlelo, abantu abayeke isikole emva konyaka wezi-2008 bathola Isitifiketi ya Diploma in Business Administration (DBA).",1
287,llama3.1,"MHLELI: Ngibhala le ncwadi ngisuswa udaba oluke lwaba sematheni olwakhulunywa uMnuz Julius Malema. Impela bonke laba bantu abamkhuzayo kuyacaca ukuthi abakaze basebenze nabomdabu baseNdiya noma babasebenzele. Mina ngisebenzela owomdabu waseNdiya. Ayikho inhlobo yosizi engingaluthwele. Uyangithuka zonke izinsuku zikaThixo aze angibeke isandla ngezinye izinsuku. Ungihlukumeza sengathi angiyena umuntu ophilayo onemizwa nenhliziyo. Yingakho ngimangala nje uma kunabantu abalwa nenkulumo kaMalema kuthiwa ubhedile, abanye baze bathi kumele axolise ebe ekhuluma iqiniso lodwa futhi uqinisile uma ethi lo mkhuba udlange kakhulu le eThekwini. Kungakhulunywa nje ngeminyaka eminingi sathola inkululeko, mina nje ngingomunye wabangayazi inkululeko ngenxa yomqashi wami. Ngiyacela futhi uma kukhona ongangichushisa angisize ngale nkinga engibhekene nayo angithinte noma engabe abaKhomishini yamaLungelo aBantu.",1
1614,llama3.1,"Umoya wethu futhi umzamo wokusungula imisebenzi uhlinzeka ngoxhasomali olusha oluzosiza ukuthi umkhakha ubuyele uzimele, kubandakanya ukweseka ukusungulwa kolwazi ngedijithali kanye nokwandisa izinkundla zokuthengiselana nge-inthanethi.",1
2937,llama3.1,"Kuzoba njalo uma ku vakashelwa izihlobo, ikakhu lukazi abantu asebekhulile kanye nalabo abanezifo ezi ngamahlalakhona ezibenza babe buthakathaka ekwe sulelekeni. Uma kuthanyelwa izinkonzo noma imicimbi yamasiko, ukukhu lukazi uqiniso.",1
21,llama3.1,"ezifundweni eziyisithupha nokuyizo eziyisisekelo zosakazwa emoyeni nsuku zonke isikhathi esingangamaviki ayi-12 ez inkundleni zokusakaza i-SABC, i-DSTV kanye nakuOpenview (kwiShaneli 122), kusuka ngehora lesi-8 kuya kwihora lesi-10 ekuseni",1
393,llama3.1,I-CACH inayoza kiasi cha wakati wa kuwasiliana na wasiwasi wa wanafunzi ambao hawajapata fursa ya kusoma au waliochukuliwa kutoka kwa shule ili kupata ujuzi uliosalia ili kujifunza Ohlelweni i-PSET.,1
test_isizulu_00064,llama3.1,"@username, uhamuke kwenye ehlekisayo ngalo mlungu, ukuthi uyakholelwa elizini ##url",1
dev_isizulu_00215,llama3.1,@username inkomo ibunyeni uThansi #url,1
2314,llama3.1,Digify Africa inyanga yomhala yamagama ase-Kitso WhatsApp ilungiselela abantwana ukuthuthukisa amakhono abo ezobuchwepheshe be-inthanethi. Vakashela kuhttps://digifyafrica.com/learnersresponsible-citizens.,1
train_isizulu_01869,llama3.1,@username nini ufuna? Ngiyabonga ukuthula! 🙏,1
3125,llama3.1,Nokubheka izitolo nokufaka ama-oda amathu eziyazi ukusiza.,1
train_isizulu_01405,llama3.1,Thina mazulu sikhule sazi ukuthi umuntu anayebheda anakuza anayebekeza anashaya 🤷‍♂️ #JHBcBD #JHBrIOTS,1
test_isizulu_00124,llama3.1,"Udlala ngenkotha @username, ungathola model e.",1
2246,llama3.1,"Ingabacasula abanye abantu. Lezi zingane zingazithola zingasathandeki, zingene ezinkingeni futhi zi vame ukuba sengozini. ""Isimo sengane ngayinye sehlukile futhi siyathuthuka, ngaphandle kubalulekile ukuba lezi ngane zihlolwe ngokwempilo ngokugcwele.""",1
train_isizulu_02670,llama3.1,"Ikhokho, ibhunu, inqobezi @username: uBab'omf @username: usela, isibumbu, imomozi, isibushebushe, inkahlankahla #pussynames",1
3393,llama3.1,"Eyethu.Izwe lethu libhekene nezikhathi ezinzima, kodwa sisebenza zinsuku zonke ukwenyusa amathemba.Siyakubona ukulokhoza kwethemba lokukhula emnothweni wethu, futhi siyathemba ukuthi lokhu kuzo-holela emathubeni angcono kithi sonke. Umsebenzi wethu uhlala ngempela.",1
152,llama3.1,"UBHOBOKA ngezinkinga zomrepha uZakwe, uphrojusa ophinde abe nguDJ we-hip hop, uNgane Sikobi othi ucasulwa wukuthi uZakwe akalikhulumi iqiniso ngoba efuna ukudatshukelwa ngenxa yokwehla kwezinga lakhe emculweni. Lokhu kuqhamuka ngemuva kokuba Isolezwe ngeSonto libhale ngoZakwe ophumele obala ngokuthi utshwala bucishe baqeda ikusasa lakhe emculweni ngenxa yezinkinga abebhekene nazo ngenxa yokuboshwa yinkampani abekuyona. Ungane uthe kungamanga aluhlaza ukuthi uZakwe uke waba nezinkinga emculweni waze wazinikela otshwaleni abebuthola ngokuphuziswa abangani. Inkinga kaZakwe ukuthi usegxekwa ngabantu abathi izinga lakhe lomculo selehlile njengoba ashiya iNative Rhythms ayefakwe yimina kuyona ngoba ngazana nomphathi wayo uSipho Sithole. Ngenxa yalokhu kugxekwa usefuna ukudatshukelwa kube sengathi ubehlukumezekile enkampanini kaSithole kube kungenjalo. Lezinto azishoyo ukuthi inkampani yambopha yindlela yokuzama ukungcolisa igama lami nelikaSithole okuyithina esimakhile emculweni. Ngisho ekhuluma kwabezindaba akawabali amagama ethu njengabantu abamsizile emculweni ngoba ulwa nathi, kusho uNgane. Uthe nokuthi ubesephila ngokuphuza utshwala abebuthengelwa ngabantu kungamanga aluhlaza. Kubangani bakhe uZakwe akekho obenemali ngaphandle kwakhe. Uyena obethengela abantu utshwala. Kukhona abanye engike ngixoxe nabo abangitshela ukuthi wabafaka nasezidakamizweni ngoba kunguyena obethenga yonke into uma enabo, kuqhuba uNgane. Ethintwa uZakwe ushaye ungqimphothwe ngokuthi ubenenkinga yokuboshwa yinkampani abekuyona. Engangizama ukukuchaza ukuthi ngibe nengcindezi sengiphumile enkampanini ngingazi ukuthi ikusasa lingiphatheleni emculweni. Okokuthi yimina obethengela abantu utshwala ngicabanga ukuthi naye uNgane akanalo iqiniso lalokho ngoba ubejwayele ukungifica nginezinsizwa ebesihlala nazo siphuza. Okusho ukuthi yena ubezitshela ukuthi yimina othenge utshwala, kusho uZakwe. Uthe kungenzeka ukuthi uNgane usenesilonda sokuthi washiya enkampanini usafisa abuye. Ngezinsolo zezidakamizwa, uthe ubengazi ukuthi isimo sesibi kangaka phakathi kwakhe noNgane ukuthi angaze athi ubethengela abantu izidakamizwa, athi akulona iqiniso. Odabeni olwedlule uZakwe uveze ukuthi izinkinga enkampanini iNative Rhythms zenze waze washiya nenkampani ayisungula noNgane, iSphethu Entertainment. Ungane uthe uZakwe wayengasayinile njengomculi kwiSphethu kodwa wayengumphathi. Uthe ngesikhathi ehamba wabhala incwadi esho ukuthi uyayiyeka inkampani ngoba uyabambezeleka emculweni okuyinto engahlangene nezinkinga athi ubenazo. Isolezwe ngeSonto linayo ikhophi yale ncwadi uNgane athi yabhalwa wuZakwe. UZakwe uvumile ukuthi washiya kungekho nkinga kwiSphethu Entertainment. Manje usengaphansi kweMabala Noise engaphansi kwe-Universal Music njengoba esanda kukhipha iCebisa ngaphansi kwayo.",1
477,llama3.1,"I-CACH inayoongoza mchakato wa kuwasilisha wanafunzi wanaohitaji kupata zile zinazohitajika kwenye shule, ikijumuisha taasisi za elimu na taasisi za uwanja wa afya.",1
train_isizulu_00425,llama3.1,@username uya kancinci ngoba ngiphakathaza ibhunu elilodwa ukuthi angisabi leyo la emsebenzini 😂👀,1
train_isizulu_00882,llama3.1,"Sister... Ungaphenduki ibhunu lephansi, wonke umuntu ofuna inkomo ephakeme nawe.",1
1483,llama3.1,"uMnyango weze Mpilo wasekho fakele amehlo lokhu kubheduka kwesifo se-Listeriosis, njengoba se kubikwe ukuthi bayi-119 abantu abatheleleke yilesi sifo kusukela ngomhla ka-5 kuZibandlela. Isibalo esiphelele esiqiniseki swe elabhorethri sabantu abahlaselwe",1
543,llama3.1,Uhlelo lokweseka ama bhizinisi akhanda izimo to kanye nomakhenikha (kanjalo nezitolo ezincane ezizimele ezithengisa okokukhanda izimoto kanye nosomabhizinisi abangahlelekile bezimoto),1
2391,llama3.1,"Ithimba lihlukaniswe ngokwamaqembu omsebenzi, futhi lisebenza ngokushintshana nabasebenzi basesibhedlela, kuya ngokuhambisana nesidingo kuleso sikhungo. Leli qembu okwamanje lihlinzeka ngomsebenzi wokunakekela emagunjini eziguli ayisithupha.",1
2848,llama3.1,Yakhe yamqhubela ebhizi-nisini. Useqashe nabantu besifazane ababili bendawo abasebenza epulazini lakhe. “Okwamanje ngitshala imifino yami emhlabeni ongamahekthare amabili kodwa angisebenzisi umanyolo wami. Abantu bafuna imifino yami ngoba anginamnyama ukusiza.,1
2081,llama3.1,"Kithina, ukufinyelela olwa zini ngokushesha kusho ukuthi imiphakathi ayihlezi ithukuthele futhi ingenalwazi ngenqubo yesabelomali, kusho yena, engeza ukuthi abantu banomuzwa ongcono mayela na nendlela okuphuthuma ngayo ukulethwa kwemibono malungana.",1
1437,llama3.1,"Izinto zezulu zizobekwa ngaphandle kwabanye, ukuthola umlando wabantu abanemfumo wokwakha izigigaba ezacekela phansi umbuso emlandweni wentando yethu yeningi labantu.",1
1212,llama3.1,"Abaswele abahluphekile, noma bakuhambisa kubangani nase-mindenini yabo.Uma kuke kwatholakala ukuthi lezi zinsolo ziliqiniso sizobhekana nalabo bantu ngesikhulu isihluku.",1
2745,llama3.1,"“Kwakulukhuni kakhulu ukufuna umsebenzi ngapha ndle kwesipiliyoni. Nge nhlanhla ngenkathi ngi hlangana nabakwa-Lulaway Recruitment Agency abase-benzisana nohlelo lwe-YES, banginikeza ithuba lokuthola isipiliyoni emsebenzini. Uhlelo lwe-YES uluhlelo lwemfundo lwabantu.”",1
2433,llama3.1,"emanyuvesi. UNgqongqoshe Pandor uthe kusekuningi okudingeka kwenziwe ukuze kungagcinwa nje ngokusiza abantu abasha balungele ukusebenza, kodwa nokuba babe ngabasunguli bemisebenzi eseqophelweni.",1
2884,llama3.1,"Ngokwesekela izinhlelo zendawo ezigxile kwizidingo, amandla kanye namathuba ezindaweni zezithile, abaholi bendabuko beqalise indlela yabo yokubhekana nokuthuthuka komnotho wasekhaya.",1
2984,llama3.1,"Ukubheka imiphakathi ukuba isebenzisane nabomthetho ukuqinisekisa ukuthi amathaveni, izindawo zokucima ukoma, izindawo zokuzijabulisa kanye nezindawo zokudayisa eziphula umthetho zibhekana nengalo yomthetho.",1
816,llama3.1,Izinhlelo zombiko zidweba zithombe isithombe esikhathazayo kakhulu sokuthi izikhungo ezisemqoka zentando yeningi labantu zafakwa engcupheni futhi zabukelwa phansi ngenhloso yokwenza ubugebengu.,1
train_isizulu_02920,llama3.1,"@username ukhuluma ngokwazi, abantu bazulu baphilayo kakhulu, bangena njalo kwabesifazane.",1
3215,llama3.1,"Ukushintshwa kwe zinye izanhlukanamgwaqo ezinkulu ukwenza ngcono ukuhamba kwezi moto. Ingxenye ethintekayo ku-N3 eminyakeni eyedlule ibibhekene nesi minyaminya sezimoto, ikakhulukazi ngezikhathi zamahora amatasatasa ngenxa yokuthi iningi lamaloli athwala, ukushintshwa kwazo kwenzi zonke izanhlukanamgwaqo ezinkulu.",1
1243,llama3.1,"Ngenxa ya CO-VID-19, amathuluzi anamela phambili yizandla zabo kanye nokusebenza kanjani.",1
1057,llama3.1,"Lokhu kube nzima kakhulu ngenxa yobhubhane, imizamo yokuvukela umbuso ngoNtu likazi ngowezi-2021, kanye nezikhukhula ezingxenyeni zaKwaZulu-Natali, eMpu malanga Kapa naseNyakatho Ntshonalanga.",1
476,llama3.1,"Ejwayelekile. Phatha lowo muntu noma ziphathe ngobumnene, ngesineke futhi nangokuqondisa, ngokuthi ukubeke emqondweni ukuthi lokhu obhekene nakho kuzogcina ngokwedlula,"" kusho u-Ludziya.",1
train_isizulu_01187,llama3.1,#Isitabane awumuhle eze lomkhuba akwena eze umdlalo wona #url,1
1725,llama3.1,"Abamhlophe abaphumelelayo ekuthengiseni eNingizimu Afrika, nokuthi abalimi aba nsundu bahlale 'befufusa.' Ekusebenzeni lo mhlaba; ukuwusebenzisela ukukhiqiza, nakanjani bazophendula izinkemba zibe ngamageja. Bazoba yizibonelo zokubu yisana kwezwe, ukuthola ukubona ukufa kwabo.",1
2573,llama3.1,"Ukuvuma kwakhe ukulungisa imisebenzi yakhe, kuyona eyeqembu elilodwa, futhi akumele kuqashwe iqembu elithile. Akumele ibe umthetho yona uqobo.",1
test_isizulu_00607,llama3.1,Ibhunu emyama...! Ibhunu emyama.,1
917,llama3.1,"U-NSFAS uxhase amaphe senti angama-40 abafundi abasemanyuvesi kanye nama phesenti angama-70 abafundisi abasemakolishi (amaTVET). Usifaka kanjani isicelo? Abafaki-zicelo kumele bavakashele ku: www.nsfas.org.za, bese becindezela ku-myNSFAS. Kumele bavule ukuthi u-NSFAS uxhase amaphe senti angama-40 abafundi abasemanyuvesi kanye nama phesenti angama-70 abafundisi abasemakolishi (amaTVET).",1
3493,llama3.1,"Uma sekuhlangene, lokhu kunwetshwa kwengqalasizi nda yechweba kuzodinga izigidigidi eziyi-100 zamara ndi kutshalomali olusha lwemi nyaka eyishumi ezayo noma ngaphezulu. Lokhu kuzoletha inguquko ephelele kwichwe ba, okuzonweba umthamo wokugcina iziqukathi",1
3505,llama3.1,Futhi sihamba ngesivinini silibangise lapho siphokophelele khona .,1
train_isizulu_03037,llama3.1,"@username, aibo tshela loyo onuka amasende ungasekho sonke",1
2872,llama3.1,"Ngaso leso sikhathi, bebe ndima ebalulekile eku thuthukisweni kwezindawo ezisemakhaya, futhi bezini kele ekuqhubeni izinhlelo zo kuphakamisa izimo zempilo yabantu babo.",1
train_isizulu_00865,llama3.1,Ayinamandla nje inkawu yasekhaya. #inkawu,1
train_isizulu_02566,llama3.1,@username 1. indoda ekuthandayo ayifiki ngobumnyama 🌚 phela angifihliwe 🤷🏽‍♂️ 2. ngeke ngifike ngilengise izandla &amp; just amasende indoda yangempela iphatha umngenandlini 🛍🎁 (ngoba yini kufika kwabesha) 3. ngikhuluma ukuthi sengizithela kwinto ezongphula i💔,1
1140,llama3.1,"Ukunikwa amathuba esibiliI-DBE isingatha imikhankaso yasemgwaqeni kuzwelonke ukuze ikhuthaze abantu ukuthi babhalisele uhlelo Lwethuba Lesibili. Izikhungo Zemfundo Ephakeme kanye nama-SETA ziyamenywa ukuthi zihlinzeke ngolwazi olwanele kubantu, noma ngokulungiswa kwabo.",1
train_isizulu_00881,llama3.1,Hehe 😂 ukhuluma ngokuthola umuntu omuhle emhlabeni ##url,1
2577,llama3.1,"Ndlini, ukhuluma kwenye isikole noma isibhedlela.",1
101,llama3.1,"Bebesebenzisana nabo bonke ababambiqhaza kuzo zonke lezi zindawo ukuqinisekisa ukuthi sibambisana ngempumelelo ezinhlelweni zokuvuselela, nokuhlanganisa futhi sakhe kabusha ngendlela ekwazi ukumelana nezigameko ezinzima.",1
3517,llama3.1,"UMahlatse waqala ukuvo lontiya epulazini lasendaweni elikhiqiza ophepha abaluhlaza njalo ngezimpelasonto, futhi ezama ukusiza umama wakhe owayengase benzi ukuthi abe nokuya ngasethunjini.",1
3007,llama3.1,"""Kwezi khungo zethu zezempilo,"" kusho yena.Uhlu lwezindawo eziyizizi nda zegciwane luzobuyekezwa njalo emva kwamaviki amabili ngokuzoya ngokubhebhetheka kwegciwane, ukuthola izinto ezinayoqhubeka.",1
33,llama3.1,"Kuqokwe uMatikuletsheni kuphela? UMatikuletsheni ungaphansi kwengcindezi yokuhlelela impilo yawo emva kokuqeda isikole. UMatikuletsheni uye wabhekana nokuphazamiseka kakhulu ekufundeni kwawo ukusuka ngoNdasa kowezi-2020, ngokuthi uhlelo lwabo lwenza ukwaziwe njalo.",1
1826,llama3.1,"Lolu hlelo selube ingqayizive le lwasiza ngokubamba, uku phenya nokuboshwa kwalabo abazingela babulale obhejane; 50% ukubulawa kwezilwane zasendle; 76% ukuzingelwa kwezilwane.",1
dev_isizulu_00058,llama3.1,@username ukhona ngubani? 😂,1
182,llama3.1,Lokhu kubandakanya ukusungulwa kwesikhungo se-BRICS sokucwaninga nokuthuthukiswa komgo mo sobuchwepheshe kanye neNhlanganisela yoHlelo kusebenza oluzokhipha izi xwayiso lwe-BRICS okuyilona oluzoqagula ukubheduka kwezifo ezithelelanayo zaku sasa.,1
test_isizulu_00541,llama3.1,@username ngoba ukuthola kwenziwe,1
train_isizulu_02201,llama3.1,@username sthokoza uzimu ngiloshana mampara week ukugijima imibaji kphela,1
2965,llama3.1,"""Intsha, ematasa ngeze midlalo kanye nokunye ukuzivocavoca, ijwayele ukungaziqapheli izimpawu zokuqala zomdlavuza,"" sibona uSeegers.",1
2510,llama3.1,Izindlela zokwenza lokhu kwenzeka emavikini okumenyezelwa kweSimo Senhlekelele Kazwelonke.,1
3492,llama3.1,Nokuthuthukiswa kwesite shi siziqukatha zokugcina impahla esisha ePoint Precinct .,1
1403,llama3.1,"“Ngonyaka zinganingi ngesikhathi sengineminyaka emitha thu manje, ngafakelwa ka busha izicubu futhi ngiphila impilo engangingacabangi ingaphileka. Ngiyabonga kulowo waseJalimani owa tshengisa isenzo sobuntu kanye nomusa ngokungini kelela.” Yiba yithemba lo munye, U-Naledi Senamela",1
train_isizulu_00141,llama3.1,Bekumele esalebese bhebha.,1
2951,llama3.1,"Ngokusho kweNhlangano Yomdlavuza eNingizimu Afrika (i-CANSA), abantwana abaphakathi kwama-800 kuya kwa bayi-1 000 eNingizimu Afrika bahlonzwa ngo mdlavuza unyaka no nyaka.",1
1859,llama3.1,"Lezi zikhungo zitholakala eMpumalanga Kapa (46), eFreyistata (16), eGauteng (25), KwaZulu-Natali (56), eLimpopo (54), eMpumalanga (27), eNyakatho Kapa (6), eNyakatho Ntshonalanga (26) neNtshonalanga Kapa (90).",1
train_isizulu_01758,llama3.1,"Ngiyabonga, ngikhohlwa njengomso wokwenza iskola.",1
3190,llama3.1,"Siqhubela phambili ngezi nguquko ezifinyelela kude ezindaweni ezifana nokuhli nzekwa ngogesi, amachweba kanye nojantshi nakwezoku xhumana ukunciphisa izindle ko zokwenza ibhizinisi.",1
2958,llama3.1,"""Ukunakekelwa uma ushona kanye nokwesekwa uma ushonelwe,"" sivumelene ngo See Gers.",1
1159,llama3.1,Ibhizinisi lento lelulwazi lwelezi lusinda-lwazi sewebhusayithi kulula ukuyisebenzisa futhi inikeza ulwazi lwesinyathelo nesinyathelo solwazi lokubhalisa.,1
test_isizulu_00149,llama3.1,"Ngiyakuthanda ukwazi ukufa kwenye nyoni, lakini lokho. 😭😭 #nyoninyongo",1
test_isizulu_00174,llama3.1,"Ngikhalela izwe lwethu, ngokuthiwa ukuthatha amabhunu.",1
1553,llama3.1,"Ukucwasana ngokobulili nokunikeza amandla abesilisa. Ukucabanga edala kwabesifazane kunazo zonke izinto. Sonke abesilisa nabesifazane, sizothola ukuthi ubugugu, isikhundla kanye nombono womuntu wesifazane awukho",1
1246,llama3.1,"Uthe wakhula emndenini ukhulume ukuthi usho ukhule kancinci, ukhuluma ukuthi usho ukhule kancinci, ukhuluma ukuthi usho ukhule kancinci, ukhuluma ukuthi usho ukhule kancinci.",1
1514,llama3.1,"Olwelwesini lwesibeletho olubizwa phecelezi ngoku-thi yiendometrial lining bese kwakheka ingane. “Ekukhulelweni okunge-kho esibelethweni, iqanda elivundile lizinamatheli-sa kwezinye izingxenye zomzimba. Ezehlakalweni ezingamaphesenti angama-98, lokhu kwakunikeza ukuthi ingane yinikwa ngokwaziwa ngeendometrial lining.",1
1587,llama3.1,"Izingoma lapho kungabeka ishicilele iNkomba Yenkululeko Yabezindaba Yomhlaba yangowezi-2021, okuyinkombandlela yesimo senkululeko yabezindaba emhlabeni jikelele.",1
2538,llama3.1,"Uzinhlangano lwezilwisana ne-GBVF, ulithola uxhasomali. Ngesamba sezigidi eziyi-R128 esaqoqwa ngeminikelo yomkhakha ozimele, uxhaso lwemikhakha eyahluka hlukene, iSikhwama se-GBVF sizosiza futhi seseke ukuqaliswa koHlelo Lweqhingakusebenza Lukazwelonke.",1
3548,llama3.1,"Kungenzeke ime ugesi uvaliwe.Isiteshi sokuphehla ugesi esaziwa nge-Matimba Power Station sitholakala endaweni yaseLephalale, eLimpopo.U-Mabotja uchaze wathi ukucishwa kukagesi ngenhloso yokuwonga kwenzeka inkampani i-Eskom yehluleka ukuphehla ugesi.",1
208,llama3.1,"Uthe osomabhizinisi abasebancane kumele bazi ukuthi akukaze kwaba lula ukuqala ibhizinisi kodwa akumele badikibale ngoba bazothokozela inzuzo yalokho ekuhambeni kwesikhathi, noma ukubona ukwazeka kwenye isizwe.",1
train_isizulu_02158,llama3.1,"@username, ngikhuluma nami kuhle, ngiyazi ukuthi ulo mulungu.",1
229,llama3.1,"Ukufika kweselula kwathuthukisa indlela yokuphila, ushintsho lwangempela lubonakale lapho kufika lawa abizwa ngama-smart phone okwasho ukuthi amaselula asene-internet. Lokhu kwasho ukuthi sesikwazi ukuthola nokuthumela imiqulu (documents), imali, izithombe, umculo nokunye okuningi. Ngisho abantu abangenawo ama-akhawunti asebhange namhlanje bayakwazi ukuthola imali besebenzisa wona belu amaselula ane-internet. Kuningi okushintshile nasezimbonini ngenxa yobuchwepheshe be-internet namakhompyutha. Eqinisweni luningi ushintsho oluzayo njengoba kudlondlobala i-artificial intelligence efundisa amarobhothi ubuhlakani obusezingeni labantu nagaphezulu. Kasisho amarobhothi asemgaqweni lapha, kepha sisho la marobhothi asebenza ezimbonini enza imisebenzi efana nokupenda izimoto, ukuthutha izimpahla nokunye. Okujabhisayo wukuthi lobu buchwepheshe buzonciphisa imisebenzi. Yingakho kufanele sicabange ngamathuba amabhizinisi eza nabo. Kuyimanje baningi abantu abacabanga ukwakha amabhulokisi okwakha ngesikhathi sekwenzeka ukuthi wakhe udonga lwendlu ngosuku olulodwa usebenzisa i-3D printer.",1
dev_isizulu_00560,llama3.1,@susername sdomu ukubona ukuthatha lutho ngoba njalo 😂. Typical Manchester United fan.,1
train_isizulu_01813,llama3.1,Ngidinga ukubhebha kodwa ke... ukuba kwamakhaya ingakho ngikwaziyo inkomo🐮😢.,1
622,llama3.1,"KUVALWE izitolo ezingekho emthethweni eMatikwe, eNanda, izolo ngenhloso yokunciphisa amacala okuhlukunyezwa kwabesifazane enzeka kakhulu kule ndawo. Ungqongqoshe woMnyango wezokuThuthukiswa koMnotho, ezokuVakasha noKongiwa kweMvelo KwaZulu-Natal, uNkk Nomusa Dube-Ncube, obehambisana nethimba lamaphoyisa nophiko olulawula ukukhishwa kwezimvume zokudayisa utshwala. Bebehlola ukuthi izindawo ezidayisa utshwala ziyayilandela yini imigomo ebekiwe yokudayisa utshwala efana nokuthi kumele umdayisi abe nemvume, indawo yakhe iphinde ibe sesimeni esihle. Ziyishagalolunye izindawo ezivaliwe izolo okutholakala ukuthi azinazo izimvume zokudayisa utshwala. Ungqongqoshe uNkk Dube-Ncube uthe ukuvalwa kwalezi zindawo kuyingxenye yohlelo lwalo mnyango lokuzama ukwehlisa isibalo samacala odlame olubhekiswe kwabesifazane. ""Kuyavela ukuthi amacala amaningi odlame olubhekiswe kwabesifazane kakhulukazi awokudlwengulwa enzeka emuva kokuthi kuphuzwe utshwala."" Ezinye zalezi zindawo ezivaliwe kutholakale ukuthi zidayisa ukudla, utshwala kuphinde kulalwe kuzo. Ungqongqoshe uNkk Dube-Ncube uthe umnyango wakhe ubeke eceleni imali enguR13 million ezosetshenziselwa izinhlelo zokulwa nokuhlukunyezwa kwabesifazane kule ndawo.",1
242,llama3.1,"Lokhu kuzosiza abafundi bafeze amaphupho abo kanye nokugcina izikhathi zomnqamulajuqu, futhi kuzobasiza ukuzizwa bekwazi ukuzilawulela izifundo zabo.",1
train_isizulu_01108,llama3.1,"Ngisho ePrimary ngisathenga isherbetsi, akaze ngiyathole ring, ngangihleli ngithola imfeneko 🐒 #Tsokombela",1
464,llama3.1,"BUBUYISELWE ngo-elethu ezikhundleni ubuholi be-ANCYL esifundeni iTheku ngemuva kokukhethwa ngaphandle kokuphonselwa inselelo engqungqutheleni ebisenkundleni yezemidlalo iMoses Mabhida. Bekuvele kulindelekile ukuthi uMnuz Thembo Ntuli ophinde wakhethwa waba uSihlalo noMnuz Thinta Cibane naye ophinde wakhethwa waba uNobhala ukuba babuye. Amalungu alolu phiko eThekwini kade ehlale elibeke ngembaba elokuthi bawubuholi obubuyayo. Ingqungquthela yaseThekwini ngenye yezindlela yokulungisela ingqungquthela kazwelonke yalolu phiko okuhlelwe ukuthi ibe ngesonto elizayo eNasrec, eGoli. Abukeka emancane amathuba okuthi ingqungquthela kazwelonke ingaba khona ngesonto elizayo njengoba kumanje bamatasatasa ngezingqungquthela zezifunda. Ukubuyiswa kobuholi bukaNtuli noCibane kuqinisa umkhankaso kaNobhala we-ANCYL KwaZulu-Natal, uMnuz Thanduxolo Sabelo, ogaqele isikhundla sokuba ngumengameli we-ANCYL. ITheku yisona sifunda sokuqala esaphumela obala sathi sifuna ukuthuma uSabelo esikhundleni sikamengameli wentsha. Ethula inkulumo yakhe ngesikhathi sekuvalwa ingqungquthela uNtuli uthe into yaseThekwini icacile bona bafuna uSabelo ukuba abe ngumengameli wabantu abasha. ""Sizoya eNasrec siyokhetha uThanduxolo (Sabelo) abe wumengameli omusha wabantu abasha ngesikhathi sengqungquthela kazwelonke. Sizonxusa nezinye izifunda zesifundazwe nezinye izifundazwe ukuba nazo zimvotele,"" kusho uNtuli. Uthe umkhankaso wabo kade waqala manje sebelinde ingqungquthela. UMnuz Jem Sithole waseMoses Mabhida, eMgungundlovu, uthe nabo balungiselela ingqungquthela yesifunda sabo ezoba khona maduze. ""Isifunda sethu siseka uThanduxolo kwesobumengameli wentsha,"" kusho uSithole. USabelo, osekwa kakhulu yiKZN neMpumalanga, ubanga isikhundla nabantu abaningi okubalwa kubo uMnuz Reggie Nkabinde onguMgcinimafa-jikelele we-ANCYL, Mnuz Mcebo Dlamini wodumo lwe-#FeesMustFall noMnuz Sifiso Mtsweni, uSihlalo wesikhwama esibhekelele ukusiza intsha, iNational Youth Development Fund.",1
train_isizulu_01510,llama3.1,"Ngiyabhebha, isikhungu esisweni ##url",1
1104,llama3.1,"Ngaphansi kweSahluko sama-41 soMthetho Woku fuduka, iphoyisa kuphela noma isikhulu esisebenza ngabokufika esingakwazi ukucela umuntu ukuthi akhiphe umazisi njenge sakhamuzi, njengowokuhlala lapha noma njengowokufika.",1
train_isizulu_00384,llama3.1,Uy'nyoni... bathathe mk #isiZuluSabi,1
421,llama3.1,"MHLELI: Sidinga ukushayelwa ihlombe isimemezelo sikaNgqongqoshe woMnyango wokuThuthukiswa koMphakathi KwaZulu- Natal uNkk Weziwe Thusi. Ngokombiko weSolezwe ngoOkthoba 8, 2018 ungqongqoshe ugqugquzele abantu ukuthi bahlele imindeni enkulumeni okuthiwa ayethule ngeWorld Population Day.Empeleni kufanele ngabe bonke abaholi yivangeli abalishumayela ngokukhulu ukukhuthala leli lokukhuthaza abantu ukuhlela umndeni.Ivangeli lokuhlelwa komndeni yinto esiyidinga cishe ukudlula zonke izinto esizolokhu sicefezelwa ngazo njengoba kuza imikhankaso yokhetho maduzane nje. Kuliqiniso elaziwayo ukuthi ububha okuhlasele abantu abamnyama kubuye kubangelwe nayikho ukuzalwa kwezingane kungaziwa nokuthi zizokondleka kanjani.Akusavamisile ukuzwa abantu bekhuluma inkulumo ebaluleke njengalena eyethulwe nguNkk Thusi.Eminyakeni edlule ihhovisi likaNdunankulu wesifundazwe saKwaZulu Natal lamemezela ukuthi linemali eyizigidi elizoyisebenzisa ukulwa nama-blesser. Kuyadabukisa ukusho ukuthi leyo mali kwagcina kungacacanga kahle ukuthi yabe izosetshenziswa kanjani ukuze ihlenge eyabe iphume egameni labo.Mhlawumbe bekungakuhle leyo mali uma kungukuthi isakhona iphinde isetshenziswe ukuphusha imikhankaso yokuqwashisa mayelana nokuhlela umndeni.Yize indaba yokuhlela umndeni ithinta wonke umuntu kodwa kungaba ngumqondo omuhle ukuthi imikhankaso enjalo igxiliswe kakhulu entsheni ikakhulu ezindaweni zasemakhaya nasemijondolo.Ucwaningo lwami lukhomba ukuthi abesilisa nabesifazane abasebasha bathola izingane besafunda isikole. Baqeda isikole noma bashiye phakathi bayosebenza emadolobheni amakhulu bafike bahlale ezindaweni eziyimijondolo nasemahostela baqhubeke nokuthola izingane ngaphandle kokuqondisisa kahle isimo sabo sezomnotho. Nezingane ezisuke zizalelwe ezindaweni ezingahlelekile nazo ziyakhula ziqhubeke nokuzalela khona lapho zikhulele khona.Izingane abazithola edolobheni bazihambisa emakhaya lapho bevela khona. Nakhona emakhaya kusuke kunezingane abazishiye khona abazithola besafunda isikole. Abanye bazigcina khona emadolobheni zikhulele emijondolo ngezizathu ezahlukene.Yize izingane ezizalwe zakhulela emalokishini zizalisana kodwa kuvamise ukuthi emva kokuthola ingane eyodwa zingabe zisaqhubeka nokuzala kuze kube yisikhathi esifanele. Kungalezi zizathu ngithi ukugqugquzelwa kokuhlela umndeni kufanele kuhanjiswe nakakhulu ezindaweni engizibalule ngenhla. Mhlawumbe namabandla amahlelo ahlukene kungakuhle abambisane nezinhlaka zikahulumeni ukuphusha lo mkhankaso.Ngokombiko we-United Nations eminyakeni engu 50 ezayo isibalo sabantu emhlabeni kulindeleke senyukele ku-9 billion. Ngokwe-United Nations kumele kuqhanyukwe nezindlela ezintsha zokukhiqiza ukudla ukuze abantu bezoba nokudla okwanele emhlabeni jikelele.Umbiko we-United Nations usitshela ukuthi ukwanda kwabantu kumele kuhambisane nokubakhona kokudla. Impela kuzofanele siyisukumele sonke le ndaba ngoba iKZN ihlala ihamba phambili uma kukhulunywa ngezinto ezinomthelela omubi kwinhlalakahle yomphakathi.Eugene Biyela",1
1741,llama3.1,"Isikhulu Esiphezulu (i-CEO) Esiyibamba se-MISA uNta ndazo Vimba uthe ihhovisi lakhe liyaqonda ukuthi iNi ngizimu Afrika idinga kakhu lu abantu abanamakhono obunjiniyela nezokwakha. “Asifuni abantu abasha abaneziqu kule mikhakha kuphela, kodwa kumele sihlale phambili ngothando lomoya.”",1
1486,llama3.1,"Yize noma ngubani ongatheleleka yi-Listeriosis, labo abasengcupheni enkulu yokungenwa yalesi sifo babandakanya izinsana ezisanda kuzalwa, abantu asebeluphele, abesifazane abakhulelwe, naba ntu abanamasosha omzi mba antekenteke njenga-bane-HIV.",1
594,llama3.1,Abaningi bazoshwa kuMisebenzi Yentsha eZweni Lelizwe lephakeme.,1
train_isizulu_01052,llama3.1,#imbewu 🤕 amanzi,1
train_isizulu_00876,llama3.1,Uphindile futhi ngamla!!! #url,1
215,llama3.1,"“Ingxenye ehamba phambili yengakuthola kwaba yisipiliyoni ngesikhathi ngisebenza ngezi guli, ingxenye yobuhlu ngu kwakuyikho nje ukusho na kwabantu okwakwenzeka ewodini leziguli. Ngokwemizwa, lokho kwakungelula neze uku kwamukela.”",1
train_isizulu_02031,llama3.1,Ngiyabonga ukuthi u-LED i-oledi lingifaka enganeni😮liy'biza ngomakoti walay'khaya nokuy'slima kuya-blush-a phela 😂 kuzodleka umakubhayiza.,1
1666,llama3.1,"Uhlu olushicilelwe kamuva lweNkundla Yezomnotho Womhlaba lubonisa ukuthi cishe ikota yabantu emhlabeni jikelele, kubandakanya labo abasemazweni anomnotho othuthukile, bathwele kanzima ngokwezezimali ngenxa yokwenyuka kwamanani ezinto.",1
train_isizulu_01990,llama3.1,"Ngiyabonga ukuthola ufuna njalo, nguye nguye.",1
23,llama3.1,"lokubuza imibuzo kothisha. Sizophinde sihlinzeke ngamasu azosiza abafundi. IWoza Matrics iye yakubona ukuthi ngesikhathi bonke abafundi belahlekelwe isikhathi sokufunda, Ibanga lesi-12 lona likhahlamezeke ngokudlulele, njengoba amamaki abo ebaluleke",1
1311,llama3.1,"Ngokusebenza ngokubambisana njengomphakathi, sisebenzise izwi lethu, ama-ejensi ethu ezomthetho kanye nesibindi sethu esisele naso ukuqeda unomphela udlame olwenziwa amadoda kwabesifazane kanye nezingane.",1
3518,llama3.1,"Umhlaba ujikeleza eGa-Moisimane eBuchum, ePolokwane eLimpopo.",1
2725,llama3.1,Empumelelweni yomzabalazo wezwe wethu sonke ukusiza kuthola ngcono kwabaphali basekushayelela le-Corona.,1
1748,llama3.1,Ukhetho lwesiSGB lunegale lo ekutheni umphakathi uzi zwele ingumnikazi wendawo yawo. Imiphumela yesikole ivame ukuba ngcono lapho abazali bezibandakanya ngokugcwele futhi benentshi sekelo ezindabeni zesikole. Ama-SGB anendima enku lu okumele ayidlale ekuhlukunyezwa kwenkonzo kwabo.,1
test_isizulu_00645,llama3.1,Ngiyabhebha ukusiza kwenzeka kwenye ##url,1
2154,llama3.1,"Umbuzo: Kungani abanye abantu besuleleka ngeCOVID-19 ngemuva kwama viki amabili begomile?Impendulo: Ugoma ngo kugcwele emuva kwe zinsuku ezingama-30 uthole umgomo iJohnson & Johnson, noma emuva kwamaviki amabili, emuva kokuthola umjovo wesibili womgomo.",1
train_isizulu_00369,llama3.1,@username ngiyazi ukuthi wena udiyisela ukhohlwe okunye lol ##url,1
train_isizulu_01099,llama3.1,@username ngiyakuthanda ukuba lento yobandlululo iyasoze yaphela abantu basebenzi,1
train_isizulu_03047,llama3.1,"""Ngiyazi ngcono ukuthi ushaya kancinci.""",1
2459,llama3.1,"Ngesikhathi u-Bev erly Mhla bane ethatha uhambo oluya esito lo eyothenga amaqanda, wayengazi ukuthi uma ebuyela ekhaya usengaba nombono wokuhlanganisa ibhi zinisi lakhe eliphumelele. “Ngelinye ilanga ngaya esi tolo ngiyothenga amaqanda futhi ngathola uhambo oluya esito lo eyothenga amaqanda, ngoba ngithola nombono wokuhlanganisa ibhi zinisi lakhe eliphumelele.",1
867,llama3.1,"Ukulinga ukwakhiwa kwezimoto kwesikhungo kuyaqhubeka futhi kuli ndeleke ukuthi kukhiqizwe izimoto eziyizi-2 000 ngonyaka, bese ngokuhamba kwesikhathi kube yizimoto eziyizi-4 000 ngonyaka.",1
3414,llama3.1,"UMotsoaledi uthe uhulume -ni wazi kahle kamhlophe uku thi abanye abantu bakholelwa ukuthi ngaphambi kokukhu luma nge-NHI, kunesidi ngo sokulungisa izinsizakalo zempilo ezikhungweni zokwe lapha zikahulumeni ezidonsa kanzima kuqala.",1
train_isizulu_02550,llama3.1,@username ukhuluma nje leli,1
328,llama3.1,Izingqi zezimboni zizimele zikwazi ukhulisa ku-80% abantu abaqhasha abasebenza ngezimboni.,1
833,llama3.1,"Uphenyo lwezinkontileka eziyizini-4 549 seluphothuliwe, eziyizi-2 803 zazo zatholakala ukuthi azihanjiswanga ngendlela. Lokhu kwenza ama-62% ophenyo oseluphothuliwe.",1
train_isizulu_02542,llama3.1,"""Siphokazi amasende aseluhlaza cweee."" #Isibaya",1
test_isizulu_00190,llama3.1,@username ngiyabulela ukuthi abanye benu sebeyayibona lento yalo muntu 😂,1
1592,llama3.1,"Izibandakanya ezokuvike lwa kombuso. Umbiko uphinde ubonise ukunyuka kokusatshiswa kwezintatheli ngonyaka wezi-2020, ikakhulukazi izintatheli zabesifazane e zinkundleni zokuxhumana. Lokhu kusatshiswa kwakwamukelekile neze, kodwa kuyalimaza uma kuqondiswe",1
dev_isizulu_00477,llama3.1,ukuthola ukubhala isinyane ngo'nyoni phakathi.,1
train_isizulu_02477,llama3.1,"Hahaha, bathi ""ungaphenduke ibhunu lephansi wonke umuntu ofuna inkomo uxhumana nawe""",1
train_isizulu_01587,llama3.1,Uyinja wena 😂😂😂 #URL,1
3005,llama3.1,"Elizosekwa ngongoti base-Cuba. ""Sizoxhumanisa isizinda segciwane ngasinye nezinsizakalo zokuhlolela leli gciwane, izindawo zokuhlala wedwana, izindawo zokugonqa zalabo asebehaqekile, ukwelashwa, imibhede yasesibhedlela kanye nokuthungatha labo abake.""",1
1418,llama3.1,"Nifuna libe njani? Yehlisa ibhajethi ehlelelwe ukuzijabula lisaThola indlela yokuzijabula-lisa ngaphandle kokukhokha imali, njengamapaki, imitapo yolwazi kanye nezinto onga-zenza endaweni yangakini. Ziningi kakhulu izindlela zokuzijabulisa ngaphandle",1
1077,llama3.1,Enzyma kodwa inayofanya kazi bora zaidi kuunda usimamizi mzuri wa fedha za biashara. Hili ni kazi ya serikali.,1
3149,llama3.1,"Ukwehluleka kwabase benzi bakahulumeni ukwenza umsebenzi wabo ngokomthetho kanye nemithethomgomo ye siKhwama; ukwephulwa kwesibo phezelo ngaphandle kwe sizathu esizwakalayo, noma Nolwazi okungesilona oludukisayo oluhlinzekwe ngabasebenzi be-GEPF.",1
3156,llama3.1,"Ugqugquzele abesifazane ababhekene nobunzima bokungakwazi ukuzithiba otshwaleni, ukuthi bazishele imitho lampilo eseduze nabo ukuze bezothola usizo.",1
1852,llama3.1,Sizolinqoba leli gciwane bese silakha kabusha izwe lithu. Sibuya ebumnyameni obudlula lokhu futhi esabunqoba ngempumelelo.,1
train_isizulu_02804,llama3.1,@username ngenziwe ngokwami ukuthi aselamont' ##url,1
489,llama3.1,"SESICELA ku-300 isibalo sababoshelwe amacala ehlukene eThekwini selokhu kuqale amaholidi kaKhisimusi.Lokhu kushiwo uSenior Superintendent Parboo Sewpersard okhulumela amaphoyisa kuMasipala weTheku, othe bayaqhubeka nezivimbamgwaqo nsuku zonke. Uthe kuyabakhathaza ukuthi abantu babonakala bengawuhloniphi umthetho njengoba beqhubeka nokwenza amacala phezu kokuba amaphoyisa etshalwe nxazonke. Kwababoshwe ngempelasonto uSewpersad uthe kubalwa nowesilisa ogwaze abesifazane ababili ngasebhishi eBlue Lagoon.“Owesilisa utholakale nobhushu nommese waboshwa. Unecala lokuphatha izikhali eziyingozi nelokushaya ngenhloso yokulimaza,” kusho yena.Uthe bangaphezu kuka-65 ababoshelwe ukushayela bephuzile ngempelasonto, abangu-13 baboshelwa izidakamizwa eWentworth nasePhoenix batholakala nezinhlobo ezehlukene zezidakamizwa. Ubuye wathi amaphoyisa azoqhubeka nokubonakala emabhishi, ezinxanxatheleni zezitolo nasezindaweni zomphakathi ukuqinisa ezokuphepha. Kwesinye isigameko esenzeke eGreytown ngoMgqibelo kuboshwe owesilisa obeshayela iMitsubishi emhlope okuthiwa ubephuze ngokweqile. Kuthiwa isikalo sotshwala egazini besiphindwe ka-11 kunesamukelekile. Uphinde wabekwa icala lokuba nelayisensi yemoto esiphelelwe yisikhathi.Okhulumela abeRoad Traffic Inspectorate esifundazweni, uNksz Zinhle Mngomezulu ukuqinisekisile ukuboshwa kwakhe.",1
2338,llama3.1,"Sazisiza thina – ngokusungula nokwenza imali yeSikhwama Sokubhekana ne-COVID-19 sezwekazi.Kubo bonke ubudlelwano obenziwe kanzima nama-zwe anezinsiza ezingcono kakhulu, sisungule Inkundla Yokusabalalisa",1
2809,llama3.1,"Emkhakheni wamanzi, umkhankaso iOperation Vulindlela ubulokhu uhlinzeka ngosizo lobuchwepheshe kuMnyango Wamanzi Nokuthuthwa Kwendle ukuqalisa uhlelo lokulungisa isimo sokukhishwa kwezimvume zokusebenzisa amanzi, ngenhloso yokucubungula izicelo, ukusiza ukwakha uhlelo lwenkulu lwamagoli 2.",1
2241,llama3.1,"Ukubhizinisiwe KwaKomphakathi, iMnyango YezoLungelo Lwabantu na iMnyango Yemfundo.",1
1710,llama3.1,"isalokhu inathi namuhla. Ukuqhubeka nokubusa wedwa emikhiqizweni eba lulekile njengomhlaba akusiso nje isithikamezo ekwenzeni ngcono umphakathi oli nganayo; kuzodala inxu shunxushu emphakathini. Ukulambela umhlaba wokulima kuyakhula, ikakhulukazi kulabo abaphilile ukubusa kwamagama.",1
train_isizulu_02610,llama3.1,"Sicela ukuthatha isthombe ngamla, njalo nje.",1
train_isizulu_02018,llama3.1,@username inkomo isuke isiphelile ngoba iva iphela yini pho 😔😭 #inkomo,1
dev_isizulu_00159,llama3.1,Uyinjwa kakhulu ukusasa. #production,1
479,llama3.1,"LIZODLULELA eNkantolo eNkulu icala lamadoda amabili asolwa ngokubulala umqaphi wowayenguNdunankulu KwaZulu-Natal uMnuz Senzo Mchunu, njengoba icala labo lihlehlele unyaka ozayo.UMnuz Dumisani Cebekhulu (26) noNtuthuko Mkhwanazi (24) bebevele eNkantolo yeMantshi eMpangeni kuleli ngecala lokudubula babulale uMnuz Xolani Nkosi owayegada uMnuz Senzo Mchunu. Igama leNkantolo eNkulu bazolazi uma sebezotshelwa ngosuku lwabo lwasenkantolo.Isidumbu sikaNkosi satholakala simbobombobo yizinhlamvu kubo sisemotweni yomsebenzi eDumisani Makhaye Village eMpangeni ngoJulayi 2015. Imantshi itshele laba balisa ukuthi babuyele enkantolo ngoJanuwari 19 sebezozwa usuku lokuya enkantolo enkulu futhi kusekhona amaphepha abasalinde ukuthi alethwe enkantolo. Njengoba kusalindwe usuku lwabo lwasenkantolo enkulu, bona bazobe begqunywe esitokisini kuze kushaye usuku lwabo lokubuyela enkantolo. UNkosi wabulawa ngesikhathi uMchunu esahleli esihlalweni sokuba undunankulu ngaphambi kokuthi akhonjwe indlela ngoMeyi 2016. Njengamanje uMchunu usesebenza ekomkhulu le-ANC eLuthuli House eGoli njengoba esekomitini labagqugquzeli. UMchunu wakugxeka kakhulu ukubulawa kukaNkosi, wanxusa amaphoyisa ukuthi asebenze ngokuzikhandla abophe abasolwa.",1
215,llama3.1,"BAKHATHAZEKILE abazali babafundi baseMlazi Com Tech High eMlaza, okuthiwa sebephuthwa ukufunda ngenxa yenkinga yokucishwa kukagesi. Isolezwe lithole ukuthi sekuphele isonto ugesi ungekho kulesi sikole esinabafundi abahlala ngaphakathi. Phezu kokucishwa kukagesi, kuphinde kwaphela namanzi, okwenza ukuthi izingane ezihlala emakubo zisheshe zigodukiswe. Kuthiwa isikole sikweleta uMasipala weTheku imali elinganiselwa kuR4 million. Okukhathaza abazali ukuthi abakaze batshelwe ngale nkinga yesikweletu.Umzali wengane efunda uGrade 9 kodwa engahlali ngaphakathi esikoleni, uthe isimo simanzonzo. Uthe bezwe ngesonto eledlule ukuthi ugesi uphelile. “Sithole ukuthi izingane ezihlala ngaphakathi sezikhanyisa amakhandlela ebusuku, zilale ngesinkwa ngoba akuphekwa. Bazamile abanye abazali ukuyohlola isimo, bavinjwa onogada esangweni.” Umzali onengane ehlala ngaphakathi esikoleni uthe okumphatha kabi kakhulu ukuthi abazi ngokwenzeka ezinganeni zabo. Uthe njengoba izingane zihlala ngaphakathi azivunyelwe ukuphatha amaselula futhi sikaliwe nesikhathi sokuzivakashela. “Ngiphathwa kabi ukuthi zidlani izingane zethu njengoba ugesi ungekho. Sizwe ukuthi ezinye azisayi emakilasini ngoba namanzi okugeza awekho. Kuqale unyaka sibhalisile sangatshelwa lutho ngenkinga. Inkinga ebesiyazi eyokuphuka kwezicabha okwenzeka ngesikhathi kuhlasele umoya ngonyaka odlule,” kusho umzali. Kuthiwa abazali bathunyelelwe uthishanhloko amaSMS ngoLwesithathu ebabikela ngenkinga kagesi, ebatshela nokuthi bayazama ukuyilungisa. Uxolise nangokungasheshi abatshele abazali ngale nkinga. Okhulumela uMnyango wezeMfundo KwaZulu-Natal uMnuz Sihle Mlotshwa, uthe asibaphethe kahle isimo saseComTech. Uthe kukhona abakuhlelayo ukuxazulula le nkinga. UMnuz Mthunzi Gumede, okhulumela ihhovisi leMeya yeTheku, uNkk Zandile Gumede, uthe sekubizwe umhlangano ophuthumayo namuhla ukuxoxa ngalolu daba. Lo mhlangano uphakathi kwemeya nobuholi bomnyango wezemfundo nothishanhloko abathintekayo. Uthe akuyona inhloso yabo ukuthi izikole zicishelwe ugesi futhi bazokwenza konke okusemandleni ukuthi izingane zingaphazamiseki. “Zingu-500 izikole ezikweleta umasipala imali elinganiselwa kuR80 million. Imeya isiyalele ukuthi izikole zingacishelwa ugesi singakatholakali isixaxululo sokukhokha isikweletu ngoba iyikhathalele imfundo. Sinxusa ukuthi izikole esezithikamezekile ukuthi zithintane nomasipala ngokushesha,” kusho uGumede.",1
993,llama3.1,"Mbongo.Njengabathandi benkululeko nobulungiswa, simi nabantu base-Palestine emzamweni wabo wokuzi busa, kepha futhi ekume laneni kwabo nokuphucwa amalungelo abo kanye nokuphucwa isithunzi sabo. Njengezakhamuzi zezwe elikwazile ukufulathela inzondo, ukubheka izinto ezinokwenza ukuthola njalo",1
197,llama3.1,"IBRIS iyingxenye yeqhi ngasu ebaluleke kakhulu ezweni lethu, futhi iqhuqhu beka ibe njalo isikhathi eside esizayo.",1
1454,llama3.1,"Sishintshe ubuholi kumabhizinisi amaningi ahlukahlukene aphethwe uhulumeni, futhi sesiqale inqubo yokuwabuyisela esimweni sezimali nokusebenza kahle. Sisebenza siya endleleni entsha yama-SOE egqugquzela ukusebenzela obala ngempumelelo, ukuphendula kanye nokusondela izinsizakalo zokusebenza.",1
1735,llama3.1,"Umfundaze uhlalile ukuthola uhlelo lwemfundo lwezidingo zonke, okubandakanya imali yezifundo, izincwadi, indawo yokuhlala kanye nokudla.",1
dev_isizulu_00133,llama3.1,"""Ngi celebrette ukuthi angena amapere asebenza ngemla""",1
dev_isizulu_00252,llama3.1,Ingulube ibayikhipha odakeni uyigeze ibukeke ibe yinhle kuphele nephunga elibi kodwa ubungulube kuyo kobe busekhona kothi unganakile futhi ungalindele ngelinye ilanga uvuke ubungulube iphindele odakeni.,1
train_isizulu_00981,llama3.1,@username ukhuluma ngamla ebamba izinyoka le?,1
test_isizulu_00200,llama3.1,"Isipiliyoni: @username - Inkomo inaenda kwenye mbuga ya nyama. @username: Hapana, sio kweli. @username: Nani anaweza kuwa na uwezo wa kufanya hivyo?",1
1675,llama3.1,"Sokudla, sitshala kakhulu izimali ekuthuthukiseni umthamo womkhiqizo walapha ekhaya, sixhasa abalimi abasafufusa kanye nokusiza abantu abaningi ukuthi bazitshalele ukudla kwabo.",1
dev_isizulu_00492,llama3.1,Ngiyathandana ukuthola ukhosi wakho ushiye ulerato kwa isende! 🤣🤣🤣,1
576,llama3.1,"UTHUKUTHELE uyaveva uNgqongqoshe wezokuThutha nokuPhepha KwaZulu-Natal, uMnuz Bheki Ntuli, emuva kwesigameko sokubulawa kwephoyisa, elinye lalimala ngesikhathi kade eyofuna izigebengu ezithinteka emacaleni okubulawa kosomatekisi eNsuze. Amaphoyisa ababili asebenza ophikweni lwezobuNhloli KwaZulu-Natal, uwarrant officer no-captain, abelandela umkhondo ethungatha abantu abasembonini yama-metered taxis abathinteka emacaleni okubulawa kosomatekisi endaweni ngesikhathi edutshulwa kade elalelwe unyedle yiqulu labantu ebelihlomile. Isolezwe selibike kaningana mayelana nombango osudlule nemiphefumulo oqhubeka phakathi kwabantu bama-metered taxi nosomatekisi kule ndawo njengoba kubangwa indaba yokuthutha abagibeli. Esitatimendeni esithunyelelwe abezindaba izolo, uNtuli uzwakalise ilaka nokuphoxeka emuva kokuhlaselwa kwalawa maphoyisa ephenya ngodlame embonini yamatekisi esifundazweni. “Ukubulawa kwamaphoyisa ngeke kuze kubekezelelwe. Lesi senzo sikhombisa uhlobo lwezigebengu ezithinteka embangweni yamatekisi esifundazweni.” Sesikhiphe umyalelo wokuthi amaphoyisa azivikele uma ethungatha izigebengu eziyingozi uma kwenzeka ziwahlasela, noma ukuphi ukuhlasela okubhekiswa emaphoyiseni kumele kuthathwe njengokuhlasela okubhekiswe kumbuso. Uthe bayathemba ukuthi amaphoyisa azobabamba khona maduze abasolwa abathinteka kuleli cala lokuhlaselwa kwawo. UNtuli uthe sebejube ithimba elivela emnyangweni wakhe ukuba liyohlola isimo endaweni lenze nesiqiniseko sokuthi isimo sibuyiselwa kwesijwayelekile. Uthe sebeqinise namathimba abo amaphoyisa ukwenza isiqiniseko sokuthi abasolwa abathinteka emacaleni okubulawa kwabantu eNsuze bayaboshwa. Abantu ababulala amaphoyisa abanandawo emphakathini, siyayinxusa imiphakathi ukuba iwavikele amaphoyisa. Uthe ngeke baze baphumule abahlaseli bamaphoyisa bengakabanjwa. UNtuli uphinde wadlulisa namazwi enduduzo emndenini wephoyisa elishonile.",1
train_isizulu_00418,llama3.1,Qoma ntombi ngaphandle kwakhe inhlamba kanyoko.,1
2087,llama3.1,"Umkhandlu lo unomsuka wawo osembikweni wa ngowezi-2001 owethulwa yiKhomishana ye-BEE. Lo mbiko ususelwe kucwaningo olunzulu ngokwakheka komnotho waseNingizimu Afrika, nokuthi yini eyayidingeka ukuguqula umnotho, kukhuliswe amabhizi nisi abantu abamnyama.",1
3010,llama3.1,Ngiyathandaza ukusondela kwa njalo ngesikhulu sikaHulumende.,1
369,llama3.1,Izenzo ezingekho semthe thweni ezihlanganiswako nokuzingelwa kobhejane kanye nokushushumbiswa kwazo mpondo zobhejane kuhlo mulisa amaqembu amancane emigulukudu.,1
3091,llama3.1,"I-Veterinary Science Career Guidance Campaign iningi yezindlu, kwenye Mnyango Wezemfundo Ephakeme Nokuqeqesha, futhi izovakashela izikole zasemakhaya ukukhuthaza abafundi ukuba bacabange ngokuthatha umkhakha wokufundela umsebenzi",1
2921,llama3.1,"Ukubhejwa kwakho kwakuluphawula lwenqubeke laphambili esiyenzayo, ukusuleleka okusha kanye nomthamo ezikhu ngweni zethu zezempilo.",1
743,llama3.1,"Ukuthola ukhuliso ngokwabazi noma inkulu eyakhulisa, uhlala naye endlini yenkosazana.",1
307,llama3.1,"Emiphakathini ukusiza abazali abadinga ukuthi aba ntwana babo banakekeleke ngesikhathi bona bese msebenzini. Iningi lalezi zikhungo zaqala njengezi nkulisa kanye nezikhungo zokunakekela abantwana emini. Eziningi kamuva-nje sezikhulile futhi zenyuka zafaka, ngoba ukusiza kwabazali badinga kunazoza ukuthola ntwana babo banakekeleke kwenkosikazi.",1
1188,llama3.1,"Bavula izinkampani ezingasebenzi ukucashisa ukungena nokuphuma kwezimali okusolisayo, bahambise izimali ngokushesha phakathi kwama-akhawunti amaningi, bahambise imininingwane yemalingena engeyona kwizipha thimandla zokuqoqwa kwentela, futhi uma kungena nokuphuma kwazimali kusolisayo, bazokwenza ukushesha phakathi kwama-akhawunti amaningi.",1
822,llama3.1,"Kufanele siwuvikele uMthethosisekelo wethu,umbuso wethu wentando yeningi labantu kanye nenqubo ezimele yokhetho evela kunoma ngubani ofuna ukwenza intando yethu yeningi labantu ibe buthakathaka futhi enqabela abantu baseNingizimu Afrika inkululeko yabo,ngokwenzeka kufanele siyavuke uMthethosisekelo wethu.",1
644,llama3.1,"Uzobe uthumela umyalezo ocace bha othi ukuzalana, ubungani noma ukuthembeka angeke neze kwaba isizathu sokungasukumeli amalungelo abesifazane nezingane.",1
2259,llama3.1,"I-SIU inayoleta mkono kwa ajili ya kuongeza uwezo wa kufanya kazi wakati wowote, wakati wowote, na wakati wowote, kwenye mafanikio yake ya kila siku.",1
dev_isizulu_00384,llama3.1,Inkomo 🐮 ephakathaliwe.,1
2722,llama3.1,"Izinto ezithathwa nguhu-lumeni zenziwa ngesihle futhi zenzelwe ukwenza ngcono, hhayi ukulimaza, izidingo za-bantu baseNingizimu Afrika. Okuseqhulwini kunakho konke kusalokhu kungukusindisa izimpilo.",1
train_isizulu_01071,llama3.1,"Bengingakholwa, Joseph: Ngiyabhebha #JosephResponds",1
train_isizulu_01034,llama3.1,@username uya kwenziwe nguye?,1
1113,llama3.1,"Ngokusho komphathi wezokukhangisa nokudayisa e-DebtSafe, uMatthys Potgieter.",1
train_isizulu_02068,llama3.1,"""@username, ngibakho ukuthi nginike kwenziwe igolo. Ngisho ukuthi ngiphinde ngisebenzelela ku 2024, ngifuna impilo engcono yami.""",1
train_isizulu_01627,llama3.1,Umngcwele wakho uqhubeka ngamla #PrayForMenziGubane,1
1643,llama3.1,"nezinqubomigomo, ukuthuthukisa ukwesekwa kwabesifazane kwezomnotho, kanye nokuqinisa uhlelo lobulungiswa kwezobugebengu. Sisesikhathini lapho ingalo ende yomthetho isiguqulwe kabusha ukuze kuliwe neGBVF . IMithetho-sivivinywa emithathu",1
train_isizulu_01659,llama3.1,"@username ngiyal'vuma nanti ibhunu, uhlezi eshisa lomjita. Kusazibela lit ##url",1
train_isizulu_01280,llama3.1,Thathwa ngamla sibusiso... #yeminyaka yabantu!!!,1
3146,llama3.1,"Lizoba wusizo olukhulu kubantu abangakwazi uku khokhela usizo lwezo mthetho. Ngaphambi koku thi abantu bahambise izikhalazo zabo eHhovisi Lomvikeli Womphakathi noma ezinkantolo, bangafuna isixazululo kuMlamuli. UMla muli uzongenelela ezindabeni eziholela kubantu abangakwazi uku khokhela usizo lwezo mthetho.",1
train_isizulu_02713,llama3.1,"Lol srt @username: Micasa mlungu ngabe uyaqhubeka izingane? If he was black, manje umlungu okwabhalwa... #url",1
train_isizulu_00246,llama3.1,😂😂😂😂 ukhuluma ngokwami 😂😂😂 #ukuthethwa,1
2580,llama3.1,"Untombizodwa Matjila, uMabhalane we-NRSO, uthi irejista ilokwazi ukukethe amagama ephulathweyo abesilisa kanye nabesifazane.",1
177,llama3.1,"KUDUTSHULWE kwashona umshayeli wetekisi emayini KwaSomkhele, KwaMsane, zolo.UMnuz Sthembiso Khumalo (27) obeshayela itekisi ebigcwele abasebenzi bakule mayini ufike kuyo ekuseni ngo-5.30 njengokujwayelekile. Ngesikhathi onogada bematasa becindezela ilayisensi yakhe emshinini othatha imininingwane, omunye emfuthisa emshinini ohlola ukuthi abukho yini utshwala egazini, kuthushuke owesilisa ongaziwa wakhomba umshayeli ngesibhamu. Kuthiwa udubule kwaze kwaba kasithupha ebhekise kumshayeli. Umufi udubuleke ekhanda, esifubeni, engalweni, izinhlamvu ezintathu zangena ohlangothini lwangakwesokudla washonela khona lapho. Okhulumela amaphoyisa kulesi sifundazwe, uCol Thembeka Mbele, uthe ngokuthola kwamaphoyisa umsolwa udubule maqede wabaleka wayongena emotweni iBMW empunga eyi-sedan. Uthe ngesikhathi umsolwa evulela ngenhlamvu etekisini kudubuleke nomgibeli enqulwini waphuthunyiswa esibhedlela KwaHlabisa. ""Kuvulwe icala lokubulala nelokuzama ukubulala esiteshini samaphoyisa KwaMsane. Okwamanje akukaboshwa muntu,"" kusho yena. Uqhube wathi amaphoyisa acela noma ngubani ongawasiza ngolwazi olungaholela ekuboshweni kosolwa ngaleli cala athinte umphenyi wecala uCaptain Nkosinathi Themba Hilton Buthelezi ku-035 551 9008.",1
2193,llama3.1,"Ukuthi ilungelo lokuvota laliyingxenye yomzabalazo wethu wokubuyiswa kwesithunzi somuntu, ngamashumi amabili nesishiyagalombili sathola inkululeko, sisabhekane nezinselele eziningi, ezifana nobubha, ukuswelakala kwemise benzi nokungalingani.",1
dev_isizulu_00265,llama3.1,@username msakazi siyathokozela singa mazulu ngesinqumo sikaMongameli sinethemba lokuthi kuzophelwa ukungaboni ngasoLinye eNdhlukulu @username,1
2250,llama3.1,"Ukunyakazisa izandla kanye nezinyawo kungenzeke lutho ukulokhu ushayanisa izinyawo noma izandla ukujikajika uma uhlezi esitulweni ukuvele umemeze izimpe ndulo ungakhonjwanga kanye nokuvele usukume ngaphandle kwemvume, ukusasa kwa njalo.",1
train_isizulu_02945,llama3.1,"Ngiyafosta toti-toti ngibengeli, ngicela ukuthola mali yami 💸💼🔒 #NgamlaOmnyama 🚀 @ OR Tambo International Airport 👋",1
3224,llama3.1,"izinga lokuse benza ngendlela efanele kulo mgudu. Wengeze ngokuthi umklamo uyingxenye yoHlelo Lwentuthuko Kazwelonke lwangowezi-2030 kanye noHlelo Olukhulu Lwe zokuthutha Kuzwelonke lwangowezi-2050, futhi lweseka uHlelo Lukahulu meni Lokwakha Kabusha.",1
2899,llama3.1,"Ayaziwa. Lokhu kubizwa ngokuthi i-idiopathic epilepsy. Ezigamekweni ezisele imbangela eyisisusa ingatholakala, lokhu kwaziwa ngokuthi i-symptomatic epilepsy. Kungaba nembangela eyisisusa ehlukahlukene njengokulimala ekhanda, okungenzeka kunoma yisiphi isikhulu esingezweni ukusasa.",1
297,llama3.1,"USOBISHINI owesifazane waseSobantu, eMgungundlovu, okweleta umasipala waseMsunduzi uR220 000 wezindleko zamanzi, ukuthuthwa kwendle kanye nokuqoqwa kukadoti. UMasipala uveze ukuthi le mali eyeminyaka engu-14 edlule.Umnikazi wendlu, uNksz Nomusa Ngcobo, uthe umndeni wakhe wathenga lo muzi ngo-1999 kodwa itayitela langabhaliswa ngaphansi kwegama lo muntu womndeni. Uthe owayengumnikazi wendawo ubazise ngenyanga edlule sebehlelela ukubhalisa indlu ngaphansi kwabantu bomndeni.Umnikazi wendlu uNksz Nomusa Ngcobo uthe umndeni wakhe wathenga lo muzi ngo-1999. Uthe kuzobaluleka ukuthi ilungiswe indlela umkhandlu obala ngayo izindleko ezikweletwa abantu.Okhulumela umasipala uThobeka Mafumbatha uthe isamba esikweletwa yilo wesifazane siyiso.",1
633,llama3.1,"SIKHUZA ukuzibulala kubafundi abangaphasanga u-matric isitshudeni sase-University of KwaZulu-Natal (UKZN), esawuphinda kabili u-matric.UMnuz Sanele Gamede oyisikhulu esiphezulu se-Ilada Holdings owenza ePhd kwiSocial Science, wawaphinda kabili amakilasi kaGrade 10, 11 no-12 kodwa wangaphela amandla. UGamede ongumbhali wencwadi ethi ‘The Graduate Pack’, uqale umkhankaso wokweseka abafundi abaqede * -matric nokukhuthaza imindeni yabo ukuthi ibaseke.“Baningi abafundi abagcina bezibulala abanye baphathwe ukhwantalala ngenxa yengcindezi abayithola emuva kwemiphumela ka-matric. Njengomuntu osebenza kakhulu nentsha ukuthuthukisa ezemfundo, nginxusa ukuthi sonke sibambe iqhaza ekwesekeni izingane ezingenzanga kahle ku-matric,” echaza.Uthe yize ayefeyiliswa ukuhlupha esafunda, kwamphaphamisa ukungaphasi u-matric ngoba wayebona ukuthi ngeke akwazi ukulungisa isimo sasekhaya ebesibheda. Echaza ngalo mkhankaso #MatricUngazibulali, uthe uwushumayela ezinkundleni zokuxhumana nasemisakazweni. Uvule nenombolo athe angathintwa kuyo abazali nezingane ezifeyile* -matric ezidinga ukwelukelwa nolunye usizo. Kulo mkhankaso uphinde axwayise nangezikhungo zemfundo ephakeme ezingombombayi nangokukhetha imikhakha efanele emanyuvesi.UGamede ubuye asebenzisane ne-UKZN ukusiza izitshudeni esezithweswe iziqu, ukuzichushisa ngendlela yokuthola umsebenzi nokufaka izicelo. Njengoba sekuzovulwa nasemanyuvesi uthe usebenza nezinhlangano ezahlukene ukusiza abafundi abafuna ulwazi ngezinye izikhungo nemfundo ephakeme.UGamede ophinde afundise iSmall Medium and Micro Enterprises ejele eWestville eThekwini, ngo-2016 wahlonishwa ngeKZN Young Achievers Awards. Ngonyaka odlule watheswa iziqu zeMasters kwiCultural and Media Studies e-UKZN. Inombolo yokweluleka abafeyile * -matric ithi: 072 806 9092.",1
1060,llama3.1,"Izibalo zezimbalwa zizimebeni, kuzo zonke, zona ezilokozisa inhlansi yethemba.",1
dev_isizulu_00637,llama3.1,Imisebenzi yam yinamnyama ineminyaka lemingakhi? #url,1
train_isizulu_00805,llama3.1,"@username, nami ngiyazi ukuthi ungiyabona yini vele kodwa, izinto ezinayoqala zisizihloniphiyo noma zisizigeneze isikhulu",1
798,llama3.1,"Ngemva kwenye muda huo, umngcwabo wake waibuka kuwagiza ubugugu.",1
train_isizulu_01692,llama3.1,@username Dudu madolo kanyoku angithukile wena ngithuke uthando qom'ntombi ngapha inhlamb'kanyoku.,1
841,llama3.1,"Inkantolo ekhethekile inegunya elisemthethweni ukubuyisa izimali zikahulumeni ezebiwe kwenziwa inkohlakalo, ukukhwabanisa kanye nokusetshenziswa kwezimali ngokungekho emthethweni, futhi ithathele ababhebhezeli balokho izinyathelo zomthetho.",1
train_isizulu_02641,llama3.1,"Sawubona mamkhize, sase sanenkinga kuward2 emacambini ebhishi lethu tugela mouth, asisakwazi ukozijabulisa kulo kunomlungu osixoshayo asibuzele amaphoyisa abelungu abangasisukeli bakwethu bengadudwa inhlonipho yethu ezweni lamcambi bakithi. @username",1
1551,llama3.1,"Nabesifazane, bese sila-ndela isimiso somholo olinganayo oqukethwe kuMthetho Wokuqasha Ngokulingana. Abesifazane kumele bavikelwe ekuhlukumezweni nasekuba-ndlululweni endaweni yokusebenza. Kusemahlombe abashayeli bezithuthi, abaphathi bamanyu-vesi, ibhodi liphakeme lapho abesifazane bavikeleke ekuhlukumezweni.",1
3120,llama3.1,"Ukuphothula iziqu zakhe ze-Master’s kwaletha umehlu ko omkhulu, “Ngithola ukuhlonishwa okukhulu ngabalingani bami besilisa. Ngibuyekeza ukuthi ngimatasa ngani kwa kuwaphela esesihambe leli.",1
1524,llama3.1,"""Kukhona lutho esibelethweni, ngokwethula kwakho ukubeka umlungu wakho kuwo wesifazane,"" sivumelana naye uDkt. Mhlari.",1
446,llama3.1,"Ukubhala kwenziwa ngokwazi ukuthola umfino, isikhungo sizobekwa",1
train_isizulu_00426,llama3.1,Dudlu madolo kanyoko angithuku wena ngithukela uthando.,1
train_isizulu_01589,llama3.1,@username ukhona ngubani? Ingulube yam nayo! 😂😂😂,1
3181,llama3.1,Umthethosivivinywa wa maholo usalokhu uyingxe nye enkulu yokusetsheka swa kwemali ekuhluka nisweni komnotho. Ukukhula komthethosivivinywa wama holo sekuqalise ukuminyani sa ukusetshenziswa kwemali kumaprojekthi amakhulu nasezintweni ezibalulekile,1
1376,llama3.1,"Umdlavuza ezinga neni uyenyuka emhlabeni jikelele, ngesilinganiso sengane eyodwa kwezingama-408 emhlabeni jikelele ihlo nzwa ngokuthi inomdlavu za ngaphambi kokuba ibe neminyaka eyi-15 yobudala.",1
764,llama3.1,"Ezigamekweni lapho indlela yokuphila yomuntu ayihambelani nalokho akuveza obala, u-SARS ubenza ucwaningo lwendlela yoku-phila. Onyakeni owedlule, u-SARS uphothule ucwaningo lwezindlela zokuphila okuholele ekuqoqweni kwezinye izigidi ezingamaR474.",1
1750,llama3.1,"I-SGB inayoqhubeka zonke izinhla ka zomphakathi wesikole, okubandakanya abazali, othisha, abasebenzi aba ngafundisi kanye nabafu ndi. Isikhathi sokusebenza kwamalungu e-SGB siyimi nyaka emithathu.",1
3358,llama3.1,"Africa) yenza izinhlelo ezenziwa ngobuchwepheshe, nezinikeza ukweseka kanye nolwazi kulabo abafuna ukuyeka ukubhema, zinhlelo ezitholakala ku: http://www.ekickbutt.org.za.",1
train_isizulu_02961,llama3.1,Bese bhebha yasebenzela yakhe😊 #yasebenzela,1
train_isizulu_00002,llama3.1,@username ukhulume kwenkos'kolo mfethu!,1
dev_isizulu_00148,llama3.1,"Bhebha wena Dean, uze ungaqali vele?",1
3161,llama3.1,"Ndiyakwenza izinto ezinguquko ezibalulekile, ngaphandle kwabo ngenxa yamagama ayinguquko.",1
3540,llama3.1,Yayo yokuqala?Amaqoqo okuqala amabili emigomo azofika eNingizimu Afrika (abalelwa esi-gidini ngoMasingana kanye nayizi-500 000 ngoNhlolanja) ngawemigomo i-Oxford University-AstraZeneca eya e-Serum Institute of India.,1
722,llama3.1,"daba.Mhla zingama-23 kuMbasa, ngamemezela ukudayiswa kogwayi kuzovumeleka esigabeni sesine. Lokhu kwa-kususelwa embonweni wo-Mkhandlu Kazwelonke Obhekene Negciwane Lecorona (NCCC), futhi okwakuqukethwe ohlakeni olwalungakaphasiswa olwaluchicilelelwe.",1
2382,llama3.1,"I-SANDF inayoendeleza umphakathi, ukuxilonga kanye nokulandela umkhondo wakhe, okungenzeka ukuthi awesuke kile, futhi inayoqhubeka nasezibhedlela.",1
dev_isizulu_00325,llama3.1,"Hahahahahahahahaha uyinja ""@username: Senzokwakhe ukhethwa lokuphila kwenkosikazi kwamagogo, wena uyaqonda? Hehe""",1
train_isizulu_02846,llama3.1,"Abafana bethu bangakwazi ukudla kwabo, kanti esikoleni siyabona isizwe sisemthunyelela",1
1108,llama3.1,"Njengawo wonke amabhizinisi, amabhizinisi aqhutshwa ngabantu bokufika kumele alandele imithetho yezempilo nokuphepha, abe nazozonke izimvume namalayisensi adingekayo, futhi akhokhe intela efanele.",1
1062,llama3.1,"Ngokuphawulekayo, izibalo zabo zibonisa ukuthi inani ngqo labantu abasebenzayo lenyuke lasuka kubantu abayizigidi eziyi-14.5 kwikota yesine yowezi-2021 laya kwizigidi eziyi-15.5 kwikota yesibili yowezi-2022, lokhu kwenyuka kugqugquzela kakhulu",1
dev_isizulu_00367,llama3.1,@username mzukulu - dali wami shwi nomntekhala - ngafa cevuzile - ngizobaxolela izingane zoma - isifebe sendoda mfaz omnyama - ngisebenzile mama mzukulu - mabili amaxoki izingane zoma - isidina sikamahlalela 🔥💃🏽,1
2844,llama3.1,Ngifuna egcekeni lakhe wayengazi ukuthi ngelinye ilanga uzoba nebhizinisi lezolimo elithengisela izitolo zendawo kanye nezinhlelo zokupha abafundi ukudla ezikoleni.,1
dev_isizulu_00282,llama3.1,😂😂😂😂 ukhuluma ngokwami 😂😂😂 #ukuthethwa,1
dev_isizulu_00269,llama3.1,"Umuntu sekumele ahambe ehlome elingovolo, nakhu sizophela abelungu. Siyehlelwa sisehlane yini?",1
dev_isizulu_00439,llama3.1,@username uyingcwele ngaphambi kokubhala kakhulu 😢 #url,1
train_isizulu_02080,llama3.1,"@username, ukhuluma ngokwazi ukuthi uyaqhubeka kwenkosikazi.",1
610,llama3.1,"UMqondisi Wezokuhlo-la ku-DPME, uJabu Mathe, uthe inhlosongqangi yoku-hlola wukuhlola ukuthi ingabe i-NSNP iqaliswa ngendlela engaholela emphumeleni omuhle ozohlolisa abafundi maqondana nezempilo kanye nezemfundiso.",1
dev_isizulu_00182,llama3.1,@username ukuthula kwakhe uyaphalaza 😂😂😂,1
1768,llama3.1,"“Uhulumeni ubekezele ekuphumeleliseni imibande la yeSahluko 12 soMthetho sisekelo, ikakhulukazi ukubuyiselwa kwesithu nzi sobuholi bendabu ko bonkana entandweni yeningi labantu ehambisana noMthethosisekelo,” kusho uMongameli Ramaphosa.",1
2520,llama3.1,"Ukube asingenelelanga ukuvikela indlela yoku phila kwabantu futhi sisindi se amabhizinisi, izinto ezinazo kuphila zabantu bakithi nezinto zezinkulungwane zamabhizinisi ngabe zaba nzima kakhulu.",1
428,llama3.1,"Idolobha selivule Isikhungo Esisebenza Ngezinhlekelele (i-DOC) ukusebenzisa Uhlelo Lwamanzi Lwenhlekelele, oluzoqala uma sekufike usuku lokuntuleka kwamanzi.",1
716,llama3.1,"Amalungelo, njengokuba nelungelo lokuya lapho uthanda khona nokuba nanoma ubani ofuna ukuba naye. Ekwenzeni lokhu, iNingizimu Afrika inayoqhubeka namanye amazwe. Inani labantu emhlabeni elili-nganiselwa koyedwa kwabahlanu livalelwe ngenxa yesifo noma.",1
1184,llama3.1,"Kunyakamali owedlule, uPhiko Lokushaqwa Kwempahla lwathola imiyalelo yokumisa ukusebenza kwempahla nemali yenani lezigidigidi ezi-R5.4 ehlobene nama cala enkohlakalo, kanye nesigidi esingama-R70 esakhokhelwa iSikhwama Sempahla Yobugebengu Eshaqiwe.",1
1712,llama3.1,"Kodwa ukuze sivikele ukuphepha kokudla kwesizwe sethu. Njengoba kubekiwe embi kweni wangowezi-2019 weSi gungu Eseluleka uMongameli Ngokuguqulwa komhlaba kanye Nezolimo, ngesikhathi thina sithumela ukudla kwamanye amazwe, emuva ekhaya abantu abangama 41%",1
train_isizulu_01373,llama3.1,"Kusile, inkomo yobuthongo iyakwenzi. Vukani.",1
137,llama3.1,"Izindleko zethu zizokhuluma noma uye lapho kuhlalwa khona ngawedwana – kungaba sekhaya noma esikhungweni esiqokelwe ukuhlala ngawedwana. ""Uma uqoka ukuzihlalela ngawedwana lokho kuchaza ukuthi kufanele uthole indlu lapho uzozisusa ngokuphelele kuwo wonke amalungu.",1
2637,llama3.1,"Mile ekutheni ngeke babe yingxenye yenkohlakalo, futhi bakulungele ukuvuma ukuthi baphumele obala bafakaze ngayo.",1
2,llama3.1,"Okusuleleka eziyisikhumbuzo zezifundazweni zaseGauteng, KwaZulu-Natali neNtshonalanga Kapa.",1
1606,llama3.1,Utshalomali lukahulumeni oluyizigi digidi eziyi-R100 eminyakeni emithathu ezayo. Sizovikela futhi sisungule imisebenzi exhaswe ngqo kanye nokungenelela ekwesekeni izindlela zokuziphi lisa ngesikhathi isalulama kubhubhane lwabasebenzi.,1
408,llama3.1,"INYUNYANA yamaciko, iCreative Workers Union of South Africa (Cwusa) KwaZulu-Natal, izibophezele ekubambisaneni neSolezwe ekulweni nesihlava sokubulawa nokuhlaselwa kwabantu besifazane.Ukwanda kwezigameko zokuhlukunyezwa kwabesifazane kwenze Isolezwe lahlela umkhuleko ngaphansi komkhankaso i#Sekwanele. Umkhuleko ngowokushweleza kuNkulunkulu ukuthi lezi zigameko ziphele. Uzoba seThekwini Community Church ngo-10 ekuseni ngoLwesine.Omunye wabaholi beCwusa, uThokozani “T’zozo” Zulu, uthe bazoba yingxenye yomkhuleko ngoba abahambisani nokuthi abantu besifazane bahlale behamba bejeqeza.“Aseneme ngokuhlukunyezwa kwabesifazane, babalulekile empilweni ngoba yibo inzalabantu,” kusho uT’zozo.Uqhube wathi bayabafundisa nabaculi abasafufusa ngokuthi benze umculo onomyalezo ukuze kushintshe izwe.“Ngihlale ngithi akukwazi ukuthi umculi athi efika bese ecula ngokuthi uyisikhokho kangakanani. Kungcono abhale ingoma enomyalezo. Bheka nje sizenzile izingoma ezikhuluma ngokuphepha emgwaqweni, iVal’ingozi, kukhona enye ye-Operation Hlasela eyayikhuluma ngokuthi abantu babikeubugebengu emaphoyiseni ubugebengu futhi kukhona nenye esayenza noPhuzekhemisi eyayigxeka ukucwasa ngokobuzwe. Zonke izinto ezikhungethe umphakathi siyaye sikhulume ngazo ngoba ubuciko buneqhaza elikhulu. Bheka nje oHugh Masekela noMbongeni Ngema bayibamba ishisa belwa nobandlululo kanjalo noSam Nzima obefihlwa ngempelasonto,” kusho uT’zozo.Umkhuleko uzoqala ngo-10 ekuseni kanti wonke umuntu uvumelekile.",1
2169,llama3.1,"Namhlanje, i-SAMAG isina basebenza abasebenza ngoku gcwele abayi-10 futhi inamhho visi eGauteng, eFreyistata, eNyakatho Ntshonalanga, eLimpopo kanye naseMpumalanga.",1
1422,llama3.1,"UDkt. uRufaro Mucheka (PhD) ngumhleli wezezimali osebenza eNedbank, osesimathisweni noyinhloko ye-Strategy and Rest Of Africa.",1
train_isizulu_02799,llama3.1,"isi wrong lesthombe alikho ibhunu elingaba lihle kanjani ngo 1652, uma ukhuluma kuhle ibhunu leli? #isiZulu",1
3551,llama3.1,"Yakho ngezingubo ezibamba uku-shisa.Ziningi izinto ezingaphaza-misa ukuphehlwa kukagesi, lokhu kungabandakanya ukuvuselelwa kwezakhiwo zikagesi, ukucima kukagesi okungahleliwe kanye nokuba-luleke kakhulu, nesimo sezulu. UMobatja uthi isiphehlimandla",1
train_isizulu_01653,llama3.1,"@username mama dlamini iqiniso elingeke laphikiswa lelo,thina yindl'mnyama sisebenza kanzima sisebenzela abelungu ukuthi benze enkulu inzunzo le. On pay day thina yindl'mnyama siyabona isikhathi esinamuhla siyazibona ngcono",1
415,llama3.1,Amakhefu njalo nje usuke elangeni uma usebenza ngaphandle. Zipholisa ngokuthi usebenzise amabhodlela okuzifutha.,1
train_isizulu_00931,llama3.1,@username udlali lwakho ulandela ngeskhwebu... isiZulu ilibonwa.,1
train_isizulu_00054,llama3.1,"Ngiyazi ukuthi uhlala kwenziwe ngokwakhe, ngiyazi ukuthi ushikelela amantombazane masethi bhebha uthule.",1
422,llama3.1,"PHEZU kokuba uhulumeni elokhu emile ekutheni ngeke badilizwe abasebenzi kodwa kucace bha izolo uNgqongqoshe weziMali uMnuz Tito Mboweni ethula isabelo sezimali samaphakathi nonyaka ukuthi izinto azihambi kahle njengoba ekubeke kwacaca ukuthi ayikho imali ezofakwa yokukhokhela abasebenzi.UMboweni uthe isivumelwano samaholo singaphezulu ngoR30.2 billion kunalokhu obekuhleliwe.Uthe ngenxa yalokhu ngeke kube khona imali ezofakwa ngumgcinimafa. “Ayikho imali ezofakwa okungeyabasebenzi. Ayikho imali yamaholo. Iminyango kuzomele ifune imali ngaphakathi ukuze ikhokhele abasebenzi. Kuzomele ibhekisiswe eyokusebenza isikhathi esengeziwe kanjalo nokukhokhelwa kwabantu amabhonasi ngokwenza kahle.""Uhulumeni ubehlele ukuthi uzokhokha uR212.5 billion wamaholo abasebenzi onyakeni wezimali kodwa le mali yanyuka ngemuva kwesivumelwano yaba nguR242.7 billion, yanyuka ngoR30 billion.Imali ekhokhelwa abasebenzi ingu35% wemali echithwa nguhulumeni.Isimemezelo sikaMboweni, oyiphindile le nkulumo yokuthi ngeke ifakwe enye imali kumaholo abasebenzi, sisho ukuthi iminyango kuzomele ithathe imali kwezinye izinhlelo okusho ukuthi kuzothinteka izinhlelo zokuhanjiswa kwezidingo emphakathini.Uhulumeni uqashe abasebenzi ababalelwa ku-1.3 million.ICosatu iyaveva ngesimemezelo sikaMboweni mayelana nokunyuka kakhulu kwesabelo sezimali sabasebenzi bahulumeni.UNobhala weCosaut uMnuz Bheki Ntshalintshali, uthe kuyadumaza ukuthi kugxekwe abasebenzi ngezinkinga ekubeni kungebona abadle imali kwa-Eskom, bakha iNkandla noma bathumela imali eDubai.Uthe abasebenzi abahambi namakhosikazi abo uma beya kwamanye amazwe wathi othisha, abahlengikazi namaphoyisa basebenza kanzima.“Asimzwanga uNgqongqoshe ekhala ngoR2.4 million oholwa oNgqongqoshe okubalwa naye. Uhulumeni akanalo uhlelo lokwehlisa ikhabhinethi eyanda njalo nokulawula izinkampani ezingaphansi kwakhe.”Uthe bamshayela ihlombe ngesimemezelo asenzile sokuthi ngokuvalwa kwezikhala kwezempilo kodwa besifuna ukuzwa ngendaba yamaphoyisa abalelwa ku-56 000 azinze emahhovisi engabe atshalwa ensimini.Ukhale kakhulu ngokungavalwa kwezikhala zothisha, abahlengikazi, ojele, amaphoyisa nodokotela.UNobhala jikelele weSouth African Federation of Trade Unions (Saftu) uMnuz Zwelinzima Vavi, uxwayise uMboweni ngokuthi bazolwa naye uma ediliza abasebenzi.Uthe kumele ehlise ikhabhinethi kungadlalwa ngabasebenzi abazikhandlayo besebenza ngaphansi kwezimo ezinzima.Uqhube wathi agcwele amakilasi, amaphoyisa ayashoda nokutih akumele kwehliswe isibalo sojele.Esithangamini sabezindaba ngaphambi kwesabelo sezimali uMboweni uthe kumele ikhabhinethi ingabi nongqongqoshe abangaphezulu kuka-25 ngoba akuwakhi umqondo.Uthe akuwakhi umqondo ngakwezimali ukuthi kube nongqongqoshe abangu-35, ababa namaphini abo okusho ukuthi ongqongqoshe bangu-70.",1
102,llama3.1,"Ukubekezela kwemiphakathi ethintekile, ukuzimisela kwayo ukuphumelela namandla ayo okubambana ngezikhathi zokuxakeka kudale ukukhuthazeka. Sibethulela isigqoko bonke ababe yi ngxenye yezinhlelo zokusiza abantu basezifundazweni ezithintekile.",1
train_isizulu_01310,llama3.1,Ngiyabonga ukuthi wena uyaqonda 😂😂 #url,1
train_isizulu_01859,llama3.1,"""@username: Ngiyabonga ukube ngenkani, ngabe ngibheke emgwaqweni yamntu emva kwemoto.""",1
69,llama3.1,"Uthe, izinsizwa eziningi zi-buya emakhaya adla imbu-yo ngothi, futhi kwabanye abafundi, ukudla kwase-sikoleni yikho kuphela ukudla abakudlayo ngosuku. Ukudla okutholakala esikoleni kubanikeza umdlandla wokufunda, bakwazi ukugxilisa umqondo kanye",1
2139,llama3.1,"Umbuzo: Ngakube ngi ngikwazi ukugoma ngemuva nje kokwesuleleka ngeCOVID-19 ?Impendulo: Cha, ngubani oke wasuleleka ngeCOVID-19 kumele alinde okungenani izinsuku ezingama-30 ukusuka nge sikhathi sokuphela kwezi mpawu zayo.",1
782,llama3.1,"“Ngingenisoza ukuthi ngikwazi ukucela imihlangano yokucobelelana ngolwazi kanye nokuphungula endlini yami nabanye abantu besifazane abathathu abangasebenzi. Ngiyethemba ukuthi ngizokwazi maduze nje ukuthi ngibheke ebhizinisi lami,” kusho uFuma.",1
1282,llama3.1,"Uxhaso lwe-NSFAS luka Mkhize lweminyaka emithathu lwakhokhela izincwadi zakhe, imali yokufunda kanye neyezokuthutha, futhi waphinde wathola nemali yokuzinakekela.",1
train_isizulu_02397,llama3.1,"@username ukhethwa ngokwaziwa ""ukubona isikhungo sakho"" jikelele na kuza kwakho ushughwe",1
153,llama3.1,"Uma ungeke ukwazi ukuhlala ngawedwana, thinta Inombolo yezimo eziphuthumayo zegciwane leCorona Kuzwelonke ku-0800 029 999 ukuze uthole ulwazi mayelana nesikhungo sokuhlala ngawedwana noma sokugonqa esiseduzane nawe. ""Kubalulekile futhi ukuthi uphumule kwenziwe njalo.",1
train_isizulu_02859,llama3.1,ub'nyoni nje lobu #url,1
248,llama3.1,"BATHWALE kanzima izolo abasebenzi besitolo sezimpahla zesikole, iGem Schoolwear, ngenxa yesiminyaminya sabebezothenga umfaniswano wesikole ngosuku lokugcina ngaphambi kokuvulwa kwezikole namuhla. Uma uqhamuka eGem, esenkabeni yeTheku, ubukhangwa wulayini omude obheke emnyango waso. Bese kuvulwe intuba eyodwa yokungena, kwabiywa nangothango locingo ukugwema isiminyaminya. Ngasemnyango bekukhona unogada nephoyisa lesifazane, bengenisa kuphela abanokukhubazeka nabakhulelwe. Abanye bebekhonjwa kulayini obusuzungeze lonke ibhilidilesitolo. Abazali abaningi bebehamba nezingane ukuzolinganisa umfaniswano wesikole. Ngezikhathi zasemini ulayini ubungakanciphi, kunalokho abantu bese bethetha bekhala ngokuhamba kancane kwawo ngenxa yokuthi abasebenzi bebeshintshana ngokuyodla. Ngaphakathi abasebenzi bebetatazela bekhipha imifaniswano yezikole ezehlukene. UNkk Philile Ndlazi waseMlaza obehamba nendodakazi yakhe uthe kukhona ezinye izimpahla zesikole azithenga ngoDisemba kodwa zangaphelela ngoba enezingane ezintathu ezifundayo. Ubeselinde ukuthi ahole ekuqaleni kwaleli sonto nokuthi izingane zibuye emaholidini ukuze aqedele ukuthenga. Abanye abazali bebezoshintsha osayizi bezingane ezazingekho bezithengela. UMnuz Muhammed Salie, omunye wabaphethe kwaGem Schoolwear, uthe nabo bamangele ngoba akusajwayelekile ukuthi kugcwale kangaka sekusondele ukuthi uvulwe izikole. Baqale ukuba matasa kakhulu ngoMsombuluko, okungenzeka ukuthi abanye abazali bebelinde ukuhola. “Indlela okugcwele ngayo ngeke sivale uma kusekhona abafuna ukuthenga. Olayini kabanciphi ngoba kusukela ekuseni bekugcwele. Besicabanga ukuthi bambalwa abazothenga sekuzovulwa izikole ngoba bathenga nangoDisemba,” kusho uSalie. Uthe bayazama ukusheshisela abathengi ngoba banabasebenzi abangaphezu kuka-100, abanye abaqashelwe itoho ukuze babhekane nomthamo wesikhathi sokuba matasa. “Sandise nonogada ukuze sigweme isiminyaminya. Sicele namaphoyisa ukuthi alekelele ukuqinisa ezokuphepha. Siyazi ukuthi uma kugcwele nezigebengu zithola ithuba lokubamba inkunzi,” kusho uSalie. USalie uthe namuhla bazovula ngaphambi kwesikhathi esijwayelekile ekuseni ukwenzela abazali abazobe bezoqedela ukuthenga njengoba uvulwa izikole.",1
3312,llama3.1,"Bambelela kwisivinini esibekiwe, uqa phele yonke imithetho yomgwaqo.",1
train_isizulu_02480,llama3.1,"# Ngamla inja ngiyamvuma, baphi osisi abathi uPhenyo gentleman na nje #Ngamla rules for sure",1
1543,llama3.1,"Zokusebe-nza. Ngalokhu-ke, sizobe sise benza ezingeni likazwelonke nelesifunda ukuvumelana naNgqungquthela yeNhlangano Yabasebenzi Yamazwe Ngamazwe Ngodlame Nokuhlukunyezwa Emsebenzini. Kuyashiwo ukuthi inkululeko ayikhangezwa, kodwa iyathathwa kuhle.",1
1809,llama3.1,"Kubalwa kwembuso ukhulupheka kwenzi lokuziphatha, futhi ikhonjwa kuyaqhubeka nokuba yinto okuxhumana kuyona.",1
3207,llama3.1,"""bonke abanye besifazane eNingizimu Afrika."" U-Arendse uthi umsebenzi wakhe omkhulu wokuqala wokucisha umlilo uyaqhubeka njengomuntu owayeneminyaka emilangeni, ukhuluma ngayo kwenkomo kwabanye abantu. ""Kwakuyishifti yami yokuqala ephelele yamahora""",1
2281,llama3.1,"Umuntu oshade naye futhi kusala kuphela abantu bane, yibona abazodla ifa ngezansi belo ezilinganayo.",1
614,llama3.1,"KUZOHLOMULA nentsha efuna ukuqala amabhizinisi ohlelweni loxhaso, olwenziwa yinhlangano kaNgqongqoshe woMnyango weziSebenzi zikaHulumeni nokuPhatha uMnuz Senzo Mchunu ayisungule nomkakhe. Bangaphezu kuka-60 osomabhizinisi abebeyingxenye yomdlalo wegalofu eMount Edgecombe eThekwini ngoLwesihlanu, obuhlelwe yinhlangano iSenzo & Thembeka Mchunu Foundation. Inhloso yalo mdlalo ukuqokelela isikhwama esizosiza intsha eswele efuna ukuqhubeka nezifundo. UMchunu oke waba ngundunankulu waKwaZulu-Natal nongqongqoshe wezemfundo, uthe ngesikhathi ekulezi zikhundla wabona indlela intsha ethwele kanzima ngayo ngenxa yemali. Wabonisana nomkakhe babona kungcono basungule le nhlangano ukuze bafake isandla ekusizeni intsha, ikakhulukazi kwezemfundo. “Ngesikhathi ngiwungqongqoshe wezemfundo ngaba nethuba lokubona izinselelo ezibhekene nentsha, ikakhulukazi ezindaweni ezisemakhaya. Nangesikhathi ngingundunankulu kwakunophiko iYouth Desk, olwangenza ngabona ukuthi intsha iyazimisela uma inikwe ithuba. Ngifundile nokuthi ukuxhasa akudingi ube ngusomabhizinisi kodwa noma ngubani angalwenza ushintsho, yingakho nami ngisungule le nhlangano,” kuchaza uMchunu. Uthe ngesikhathi ekwezemfundo bekumphatha kabi ukubona izingane ziphasa ngamalengiso kodwa ziswele imali yokufunda. Uveze ukuthi ubenxenxa osomabhizinisi nezinkampani ezizimele ukuthi zibaxhase. “Sihlale phansi nomkami ngoba sobabili sasingothisha, sabheka ukuthi singasiza kanjani,” kusho uMchunu. Uthe kule nhlangano abazokhetha intsha yalesi sifundazwe kuphela kodwa nakuzwelonke. UMchunu uthe kunebhodi lenhlangano okuyilona elizokhetha intsha edinga usizo. Uthe uzobheka nalabo asebeyeke ukufunda ngoba beswele imali nentsha efuna ukuqala amabhizinisi. Kulo mdlalo uMchunu ubehamba nomkakhe naye obedlala igalofu. UMchunu utshele Isolezwe ukuthi akakabi ngungoti osezingeni likaTiger Woods kulo mdlalo, uthe uyathanda ukudlala igalofu uma engekho emsebenzini. Uhlabe ikhwelo kubo bonke osomabhizinisi ukuthi basize noma yikuphi lapho bengalekelela khona ukwakha ikusasa eliqhakazile entsheni. Emuva komdlalo uMchunu nosomabhizinisi babe nesidlo, naso ebesiyingxenye yokuqokelela imali yokusiza intsha. Inhlangano wayisungula ngo-2014 kodwa ike yangasebenza kahle njengoba isiqala izinhlelo zokusiza abafundi.",1
3544,llama3.1,"Wezi-2021 ililetha 67% yomphakathi. Kusukela kuwezi hule, tisibuyekeze kwenye mabomu ya nguvu kwa sababu ya vifo vya watu wengi.",1
train_isizulu_01185,llama3.1,Kune mfene lokhu: ##url,1
test_isizulu_00505,llama3.1,"@username 😂😂😂😂😂 ukhuluma nje, njenga chillbite 🐶",1
2475,llama3.1,"Lolu hlelo lwasayinwa ngowezi-2019, kanti kuhloswe ngalo ukukhulisa amathu ba emisebenzi ngezinyathe lo eziningi ezizokwethu lwa ngokusemthethweni eminyakeni embalwa ezayo.",1
train_isizulu_03075,llama3.1,@username ukhuluma ngokwenzeka 😂😂😂😂,1
train_isizulu_00317,llama3.1,"Ngiziblomele nawe, sengempela ukuthi ngidangele ngokudliwa kwezami, ichiefs wamnandi umculo #chillaz @username",1
test_isizulu_00510,llama3.1,"""LOL 😂😂😂 @username: ngiyakuthanda ukusiza kwam""",1
train_isizulu_01616,llama3.1,@username ngibona ukuthi ungiyithemba kakhulu😒😒😒,1
2006,llama3.1,"osopolitiki, abaholi bendabuko noma osaziwayo. Emagameni kanye nesezenzweni zabo, kumele babonakale bakha izikhamizi ezingcono ezikwazi ukuncoma okuhle futhi abanakekelayo. Iziphathimandla kanye nabasebenzi bomphakathi abakhethiweyo bathenjiwe ngokushesha",1
train_isizulu_02370,llama3.1,"Nyoni emhlophe yakwa Dlamini, unwele olude ndlovukazi. Ngiyabonga kakhulu ukuthola ukubona ukwazi wakho. Hamba kahle!",1
train_isizulu_02261,llama3.1,#Amabeesisters akutshela ukuthi wawuzoba ngcono ukuba wafuna nomfowenu omncane lowo ofundelela ekhaya.,1
231,llama3.1,"UMHOLI weDA, uMnuz Mmusi Maimane, ufunge wagomela ukuthi uzokwenza isiqiniseko sokuthi bayajeziswa bonke abantu abanukeka enkohlakalweni yokugixabeza umndeni wakwaGupta ngezigidi zemali yasepulazini laseFree State. Ethula inkulumo enkundleni yezemidlalo iPholani, eNtuzuma, izolo uMaimane uthe ngeke aphumule uNobhala-jikelele we-ANC, uMnuz Ace Magashule noNgqongqoshe wezokuMbiwa Phansi uMnuz Mosebenzi Zwane bengaboshiwe mayelana nokuxhaphaza imali yabantu eFree State. UMagashule ubenguNdunankulu waseFree State kanti uZwane enguNgqongqoshe wezoLimo ngesikhathi okusolwa ukuthi kwaphuma ngaso izigidi zemali eyanikwa abakwaGupta. “UMagashule onguNobhala-jikelele we-ANC bantshontshe imali bayidla bayiqeda nya, baze banika nomndeni wakwaGupta, wathenga ibhanoyi kodwa abantu bethu basahlupheka. Ngiziyele mathupha eFree State ngiyokhuluma nabantu basepulazini ngababuza ukuthi bebethenjisweni, bathi uMagashule noZwane babathembisa amasheya. Uma ubheka yilona leli pulazi okuntshontshwe imali yalo,” kusho uMaimane. Uthe enye yemali eyanikwa lo mndeni iyona eyasetshenziswa ngesikhathi kushada ilungu lawo. “Iyihlazo le nto eyenziwa abaholi be-ANC ukuthi bathathe imali yabantu abamnyama bayinike umndeni ocwasayo owathi awubafuni oweta abamnyama emshadweni wawo,” kusho uMaimane. Ubuze ukuthi uKhongolose usho kanjani ukuthi umele abantu abamnyama ube ukwazi ukubantshontshela. Uthe abaholi abaningi be-ANC bakhohlakele bafanelwe yijele. “Noma uMengameli Jacob Zuma angakhishwa esikhundleni kodwa ngisazoya enkantolo ngiyommangalela ukwenza isiqiniseko sokuthi ugcina ezikhindini,” kusho uMaimane. Uthe ufuna uZuma aboshwe nabo bonke abantu bakhe abekhohlakele nabo. “Kumele bawashintshe la masudi kanokusho abawagqokayo, bafake umfaniswano wasejele,” kusho uMaimane. Uthe alukho ushintsho oluzokuza noMnuz Cyril Ramaphosa njengoba sekunguye umholi ngoba ubevele ekhona kwenziwa inkohlakalo kodwa ethule. “Kumanje asazi ukuthi ngubani ozothula inkulumo yesizwe kwi-ANC njengoba isinamakhanda amabili,” kusho uMaimane. UMaimane ubezokhuluma nabantu baseNtuzuma efuna ukubezwa ukuthi bangamphathisani njengoba kuzoba nenkulumo yesizwe ezokwenziwa nguMengameli wezwe.",1
2195,llama3.1,"Ukushaywa kwenye isihluku ngamaphoyisa obandlu lulo kunakusasa ukudla, amanzi namakhambi okwelapha ayewadinga ngokuphuthuma ngenxa yokushaywa. Emva kweminyaka engamashumi amabili, iNkantolo Yomthethosisekelo yasinikelela sangowe-1997.",1
3488,llama3.1,"Senze inqubekela-phambili ekuthuthukiseni ukusebe nza ngokufanele kumachwe ba njengenye yezinto ezise qhulwini ohlelweni i-Operation Vulindlela, futhi siphinde sagxila ekwakhiweni kabusha kwenkampani yakwaTransnet, engenye yamabhizinisi ahamba phambili.",1
dev_isizulu_00430,llama3.1,"@username, kuthumelela ukubhala kwenye isikhundla yamuntu",1
1177,llama3.1,"Izindaba zokuphuhlisa kwabantu abathulwa ngomphakathi kwe-Khomishana ye-B-BBEE, izoshela ku: www.bbbeecommission.co.za.",1
train_isizulu_02358,llama3.1,@username ukhona ngubani? 😂,1
968,llama3.1,"Bafundi beku kwenye zonke izifundo ngesiZu lu kuthi uma sebeqhubekela ezingeni elimaphakathi ku fanele bashintshe benze ini ngi lezifundo ngesiNgisi, ngokwazo-ke kuba inselelo enkulu uma sekufanele bashintshe. Kulesi sigaba sokulingwa kwalolu hlelo, sizohlola.",1
1073,llama3.1,"Siyazi ukuthi zonke izimboni zokuguqula ezamandla zakuleli lizwe, okuyinto ebaluleke kakhulu eyisidingo sokukhuliswa komnotho kanye nokuheha utshalomali.",1
train_isizulu_01632,llama3.1,"Adlalile ngayo @username: ukuthi kwenye amabhunu akhona, lol.",1
train_isizulu_02116,llama3.1,Uvele uwine lotto thole sdomu esizovela siphelele 10 ngane kwazi. Unyani!! #LottoSweepstakes,1
177,llama3.1,"Tshalo mali kanye nemiklamo ibuye yaholela ekusungulweni kwamisebenzi ebonakalayo. Selokhu kwasungulwa iNew Development Bank, ihhovisi lalo lesifunda eliseGoli, iNingizimu Afrika isibe ngabahlomuli bokwesekwa ngezezimali ngemikla.",1
2550,llama3.1,"Isikhathi esiningi, abantu bebeqashwa futhi benyu selwa ezikhundleni eziphe zulu ezingabafanele noma abangaziqeqeshelwe. Lokhu kuthunza ukusebenza kuka hulumeni, kodwa futhi kuvu na ukunikezana umsebenzi ngobuhlobo, ukugamanxa kwepolitiki kumsebenzi.",1
test_isizulu_00184,llama3.1,"""@username, cinema yonke inayoanza kufanyika sasa 🎥👀""",1
3179,llama3.1,"Eminyakeni eminingi, futhi kumele si kulungise lokhu uma sifuna ukubeka izimali zikahulu meni ngaphansi kolawulo. Lokhu kufaka phakathi ukuphathwa kwezimali za bantu, lapho noma ngabe yini ethengwayo ekhuphuka uku dlula amandla emali kunga ba intela",1
3178,llama3.1,"Indlela esenza ngayo akusikho ukunciphisa ngo kumangazayo ubungako bensizakalo yomphakathi, kodwa ukuhlolisisa isili nganiso sokukhula kwama holo. Amaholo abasebenzi bakahulumeni asekhuphuke ngesilinga neso esiphezulu kunaleso samandla emali",1
934,llama3.1,"Kubantu. Umsebenzi ukuqinisekisa ukuthi akaphi-ndi asuleleke futhi. Begqoka izimfonyo, kusuka ngosuku lokuhlonzwa okungenani izinsuku ezingama-21.",1
1969,llama3.1,"Unyaka wesibili manje, micimbi inyezwe phakathi kobhubhane lomhlaba oseluthathe izimpilo zabantu abangaphezu kwezigidi ezi2.5 emhlabeni jikelele.",1
2663,llama3.1,"""Uma uphenyo luthola ukuthi imali yesibonelelo ayisizi umntwana, u-SASSA angabeka omunye umuntu ukuthi athole futhi asebenzise lesi sibonelelo asize umntwana.""",1
2355,llama3.1,"Ngikugwema kanjani ukushaUkushiswa ngumlilo ku ngagwemeka ekhaya, nawa amanye amasu.",1
dev_isizulu_00396,llama3.1,Ngawavuma abantu base Afrika nge ukusondela izinhlobo zokupaka yerrr.,1
train_isizulu_02892,llama3.1,"Uhungane, mthimkhulu, makhulukhulu, zikode, inkomo nempondo zayo zinzipho zimnyama ngokuqhwayana, mangelengele, amhlophe. #ubhungane #mthimkhulu",1
2293,llama3.1,"Ndiyabukeka ukuthola iminini yamaphoyisa ephelele yama fa akho kanye nokuthi ngobani ofuna uku bashiyela wona, okufaka phakathi amagama kanye nemininingwane yabo.",1
1718,llama3.1,"Umuntu omuhle. Abantu bazosayina isivumelwano sokuqasha nohulumeni bese bekhokha imali yokuqasha elingana nenani lomhlaba.Kumele futhi siqinisekise ukuthi abalimi bayasekelwa baze basimame futhi benze inzuzo.Njengengxenye yalolu hlelo, abazuzile.",1
3509,llama3.1,AmaThuthuzela Care Centre inagundwa ukuphucula inqubo yokubikwa kwezehlakalo zokudlwengulwa na amacala oca-nsi. Izisulu sizizakala endaweni eziphatha ngesizotha nasendaweni enozwelo nokunakekela.,1
2759,llama3.1,Ukubhokisini kwabafana nabafana ukuthola kwenye hlelo lokusombulula le nkinga.,1
277,llama3.1,"Abafana bazicelo zomhlaba bangaphela phezulu kwazigidi ezimbili, kungcono ukubeka ekunikezelweni komhlaba onga mahektha ayizigidi ezi-2.7.",1
2457,llama3.1,"Futhi banesibindi, ikakhulukazi uma bebhekene nesimo esinzima kakhulu. Bangumthombo wogqozi nethemba. Ngezenzo zabo, bakha umhlaba ongaphezu nje, kokulingana, osimeme futhi onokuthula. Abantu abasha emhlabeni jikelele banxusa izikhungo zemfundo ephakeme, ngaphandle kwabafundi abangakhona ukukhuluma kwenye isimo esinzima",1
274,llama3.1,"""Ukuguqulwa kwemboni yezolimoUMongameli uthe ukunikezelwa komhlaba kukhuthaza ithemba ngoba kukhombisa ukuthi ngokuxhaswa nama thuba afanele, imboni ye zolimo ingaguqulwa ukuze kuzuze izwe.""",1
2993,llama3.1,"Ngokwesobala ukuthi sisho thina ama-Afrika siyosho, inkulu ikhuliswa ngaphandle kwenye phakathi.",1
train_isizulu_01751,llama3.1,Darkie: Bhekis'lima Sok'gcina UmLungu: Ngikhuluma ngawe ngicela ukuthola njalo ##url,1
2878,llama3.1,"Impumelelo yokwakhiwa kwamagoli asebenza nje phakathi kuka hulumeni, amabhizinisi na basebenzi kuphela, kodwa nobuholi bendabuko kanye nezinye izinhlangano zo mphakathi.",1
1721,llama3.1,"Ezifundazweni eziningi, abesifazane asebenikwe amapulazi yi-DLRD bakwazile ukhona ngempumelelo futhi sebedlulele ekukhiqizeni imikhiqizo ethengiswayo. Ukwengeza ekutholweni komhlaba ngokwawo, u Mnyango uyaqhubeka no kutshala izimali kwingqala sizinda.",1
1074,llama3.1,"Selokhu kwamenyezelwa uhlelo lwezamandla lukazwelonke ngoNtulikazi kulo nyaka, besilokhu sisebenza njengohulumeni ngoku bambisana nababambiqhaza abehlukene ekuqalisweni kokusebenza kwezinguquko zenqubomngomo.",1
3474,llama3.1,Uthe okwamanje ugxile ekuthuthukiseni ibhizinisi lakhe ngokuthola okunye ukuqeqeshwa kwenkwe ukuboneka kwakhe ukwazi ukwandisa izinsiza azihlinze kayo.,1
1899,llama3.1,"Ukungadalulwa kuqinisekisiwe 00000 Uma ngabe ingede inga funi ukuzidalula, isikhulu esisebenza kwinombolo ephuthumayo ye-PSC sizo thatha imininingwane yayo yokuxhumana kuphela.",1
441,llama3.1,"I-DA ivulele uNgqongqoshe woMnyango wabesiFazane, uNksz Bathabile Dlamini, icala lokuqamba amanga ebe afunga wagomela ukuthi uzokhuluma iqiniso lodwa. Izolo, uNkk Bridget Masango weDA, uthe bavulele uNksz Dlamini icala esiteshini samaphoyisa esiseGoli emuva kokuthi iNkantolo yoMthethosisekelo ithe izodlulisela umbiko kwiJaji uBernard Ngoepe elisophikweni lwezokushushisa ukuze lunqume ukuthi uzoshushiswa yini uNksz Dlamini ngokuqamba amanga efungile. IJaji uNgoepe lathola ukuthi uNksz Dlamini waqamba amanga ngeqhaza lakhe enkingeni yokuholwa kwezibonelelo zikahulumeni. UNkk Masango uthe uNksz Dlamini akufanele asebenze kuhulumeni ngoba ungumuntu obudedengu. Uthe babhalele noMengameli Cyril Ramaphosa bemcela ukuthi axoshe uNksz Dlamini kwikhabhinethi yakhe. ""Sicele uMengameli ukuthi abe esemxoshile uNksz Dlamini ngoLwesihlanu ngoba akawuhloniphi umthetho,"" kusho uNkkMasango.",1
train_isizulu_02967,llama3.1,"@username bayaphapha ukhuluma ngamagama amabhunu, bayathola ubaba kwa njalo",1
train_isizulu_01902,llama3.1,Siniphelezele yazi ephakeme 😂💥💥💥. #url,1
train_isizulu_02834,llama3.1,"U Percy udlisa inkomo ephesha kwazilwandle, wabona ukuthula kwenkosikazi! 🐮😂🌊👏 #PercyTau #URL",1
1497,llama3.1,Ababhalisile babe sebethunyelwa imiyalezo yama-SMS maviki onke ukuze baziswe ngempilo yokukhulelwa kwabo kanye neyengane (kufinyelele lapho ingane inonyaka owodwa ubudala).,1
test_isizulu_00564,llama3.1,@username yisebenzisa indlela ya Grootman,1
155,llama3.1,"UVALE amasango kamasipala, izolo umphakathi waseMooi River othi awusayifuni imeya yawo othi ayizi uma uyibizela emihlanganweni kodwa iphendula ezinkundleni zokuxhumana. Meya kaMasipala iMpofana, uMnuz Xolani Duma iqasha abangani bayo ezikhaleni zemisebenzi ezikhangisiwe, uthi kunomyalezo osabalele ezinkundleni zokuxhumana okuthiwa ubhalwe ngothile obebonga umsebenzi ekubeni umphakathi usaqhubeka nokuletha ama-CV awo ezikhaleni zemisebenzi ezingu-13. Umphakathi obukhala ngokuthi iMeya kaMasipala iMpofana, uMnuz Xolani Duma iqasha abangani bayo ezikhaleni zemisebenzi ezikhangisiwe, uthi kunomyalezo osabalele ezinkundleni zokuxhumana okuthiwa ubhalwe ngothile obebonga umsebenzi ekubeni umphakathi usaqhubeka nokuletha ama-CV awo ezikhaleni zemisebenzi ezingu-13.",1
1368,llama3.1,"Ngasikhathi sinye, sidinga ukubhekana ngqo nokucwasana ngokobuhlanga emphakathini wethu. Sidinga nezingxoxo eziyiqiniso hhayi nje ngokuziphatha kwethu komunye nomunye, kodwa futhi ngezinto ezisihlukanisayo zezimo zethu.",1
3256,llama3.1,"Umqulu othi 'Ready to Govern' wawuhlose umbuso wentando yeningi labantu onesibopho esikhulu 'sokuxhumanisa, ukuhlela kanye nokuqondisa ukuthuthukiswa komnotho ukuze kuthuthukiswe umnotho ogcinekayo' ngokubambisana nenhlangano yezinyunyana zabasebenzi.",1
train_isizulu_00671,llama3.1,Ndiyakwenza inkawu yam. #inkawu,1
train_isizulu_01428,llama3.1,"Ngendla uonke uthandi ukucebana ngayo, uze akhohlwe, aze azicebe kwaye, slima les'.",1
1795,llama3.1,"Ibhodwele lami lokweba imali yomhla yingxoxo, ngokuxhumana nayo ukuthi uhlulekile.",1
172,llama3.1,"Ukuhlanganyela neqembu lamazwe e-BRICS ngowezi 2010 kwaba yingqophamla ndo ekufuneni kwethu ukwenza ngcono intuthuko kazwelonke eseqhulwini ngokwakha ubudlelwano obuqinile neminotho eba lulekile esavela yase-Brazil, e-Russia, e-India nase-China.Uma kufuneka ukwenze ngcono intuthuko kazwelonke eseqhulwini kwabaphathi abaqondakweyo.",1
1331,llama3.1,"Ngalesi sikhathi usakhu lelwe, futhi uma usancelisa, qinisekisa ukuthi usebenzisa ijazi lomkhwenyana uma uya ocansini ukuze uzogwema ukusuleleka ngegciwane okusha. Uma unanoma iyiphi inkinga efana nezingono ezibuhlungu noma amabele abuhlungu, qinisekisa ukuthi usebenzisa ijazi lomkhwenyana uma uya ocansini ukuze uzogwema ukusuleleka ngegciwane okusha.",1
474,llama3.1,"SEKUQUBUKE indida ngokuthi babulaweleni abalisa ababili abangabokufika okuthiwa baqale bashawa ngaphambi kokuthi bashiswe babulawe.UMnuz Daniel Dunia wenhlangano elwela amalungelo abantu, i-Africa Solidarity Network (ASONET) uthe basadidekile ngokubulawa kwabalisa ababili baseCongo, uMnuz Alex Msambya (30) noMnuz Nakatanda Mazuruza (32), okuthiwa batholakale beshiswe babulawa emuva kokuthi begcine bebonakala beya e-Adams Mission ngoLwesibili.UDunia uthe izidumbu zalaba bobabili zitholakale ngoLwesine emakhazeni asePark Rynie emuva kokuthi benyamalale ngoLwesibili. “Bahambe bethi baya e-Adams Mission bayokhanda ifriji kodwa bangabuya. Kuthe uma sibona ukuthi abatholakali sababheka yonke indawo kwaze kwaba sithola ucingo lusibikela ukuthi basemakhazeni. Ngendlela abashe ngayo bekunzima ngisho ukubabona bese sisizwa yizingubo ababezigqokile,” kusho uDunia.Uthe okubaphatha kabi ukuthi akucaci ukuthi babulaweleni oMsambya noMazuruza. Ngokusho kwakhe, sebezame ngayo yonke indlela ukuthola kubantu balapho okuthiwa bashiselwe khona kodwa akekho ofuna ukuphumela obala ngalesi sehlakalo.Kwayizolo uthe bebehambele indawo yesigameko beyozama ukuthola ngokwenzekile kodwa bangamthola umuntu obacaciselayo.“Akekho ofuna ukukhuluma ngokwenzekile kodwa uma sizwa noma sibona indawo okwenzeke kuyona siyabona ukuthi bashawa base beshiswa ngamathayi. Yinto ebuhlungu kakhulu lena kuyabonakala nje ukuthi babulawelwe inzondo yokuthi ababona abakuleli ngoba uma siphenya asisitholi esinye isizathu,” kuchaza uDunia.Ukhale nangokuthi abagculisekile ngophenyo ngokufa kwalaba bobabili njengoba ethe kuze kube manje asikho nesisodwa isitatimende esesitathiwe kubantu balapho okubulawe khona oMsambya noMazuruza.Uthe okunye okumphatha kabuhlungu ukuthi uMsambya bekungaqali ukuthi ahlukumezeke ngenxa yodlame olubhekiswe kwabokufika, ngo-2015 kwenzeka nokwaholela ekutheni agcine engasahlali lapho ayehlala khona kodwa wagcina esehlala ezinkanjini ezazihlala abebalekele ukuhlukunyezwa emphakathini ababehlala kuyo.Okhulumela amaphoyisa KwaZulu-Natal, uCaptain Nqobile Gwala, ukuqinisekisile ukuthi amaphoyisa aphenya amacala amabili okubulala emuva kokutholakala kwezidumbu zabesilisa ababili beshisiwe eNkangala, e-Adams Mission. Uthe laba balisa abakaziwa kanti yima kusazokwenziwa ulibofuzo.",1
3292,llama3.1,"""Ubusilethela ukudla kwakusihlwa, kodwa kwesinye isikhathi umphakathi wakho ungekhombisa ukunakekela futhi nobuhlungu obenziwa ezinkundleni zokuxhumana kuyethusa,"" ku-sho u-Mohammed.UMnyango Wezempilo waseNtshonalanga Kapa uthi ukuphuza amanzi ukusasa kwakungcono kwenye isikhathi esinamuhla, ngoba yena yenza ukubheka amanzi abantu abaphilayo.",1
3247,llama3.1,"Izinkundleni zokuxhumana zikakhulukazi. Lokhu kwandisa umuzwa wokuthuka osuvele ukhona ezweni futhi kucekela phansi imizamo yezwe. Akumele futhi sivumele izenzo zokucwasa esizibone zenzeka kwamanye amazwe ebezibhekiswe kubantu bamazwe lapho ukuqubuka kuqale, ukhona ezweni futhi kucekela phansi imizamo yezwe.",1
train_isizulu_00284,llama3.1,Ingulube ilusabayo udaka bafu. #URL,1
train_isizulu_02863,llama3.1,@username ngiyakuthanda ukubona ukhuluma kwenziwe nguye! 😂👀,1
2261,llama3.1,Ungakhulise ukungenzwa ukuthi iNkantolo Ekhethekile inesibonelo esishintshiselwe.,1
671,llama3.1,"AYAVEVA amalungu omndeni wabantu abashona emuva kokuthuthwa esibhedlela sabagula ngengqondo iLife Esidimeni emuva kokuthi iDA ibhale amagama abo oqwembeni lokukhankasela ukhetho ngaphandle kwemvumo yemindeni. Izolo lolu qwembe olungaseBraamfontein, eGoli, olunemibhalo emikhulu ethi, ANC Is Killling Us luhleshuliwe ngabantu okuthiwa ngamalungu omndeni wabafa emuva kokukhishwa eLife Esidimeni. Kulolu qwembe kukhona namagama abavukuzi abafa esibhicongweni saseMarikana nawezingane ezife emuva kokuwela emathoyilethi omgodi. UNkk Christine Nxumalo owashonelwa yilungu lomndeni elakhishwa eLife Esidimeni ubhale ekhasini lakhe le-twitter ukuthi “Ngidinwe kabi ukuthi uMmusi Maimane uvule isikhangiso esinamagama amalungu ethu omndeni ngaphandle kokucela imvume yethu. Imbi lento ayenzile ngoba efuna amavoti.” UMnuz Solly Malatsi okhulumela iDA uthe ukuklejulwa koqwembe lwabo kungcolisa umlando walabo abashone ngaphansi kukahulumeni we-ANC. “Yize singaqondi ukuthi wubani oklebhule uqwembe lwethu kodwa akukhona okokuqala simoshelwa uqwembe olukhuluma iqiniso ngohulumeni we-ANC. Lesi senzo singcolisa umlando walabo abashonile ngoba ukufa kwabantu Esidimeni, Marikana nezingane eziphoseka emathoyilethe omgodi bekungavinjwa ukube uhulumeni ka-ANC uyasebenza.” UMnuz Zizi Kodwa okhulumela i-ANC uthe iDA ayibuqondi ubuhlungu babantu abashonelwa ngamalungu omndeni Esidimeni, eMarikana nakumathoyilethi omgodi futhi uMalatsi neDA kufanele baxolise ebantwini ngalesi senzo. Umhlaziyi wepolitiki uMnuz Ralph Mathekga uthe iDA inawo umlando wokukhankasa ngokugxibha amanye amaqembu epolitiki okuyinto enganambithisiseki kahle kubavoti baseNingizimu Afrika. “IDA ivamise ukukopela izinto ezenziwa e-United States naseBritain zokukhankasa ngokugxibha abanye abaholi. Lo mkhuba uyasebenza kwamanye amazwe hhayi eNingizimu Afrika.” Uthe lesi sikhangiso sikhombisa ngokusobala ukuthi iDA ayibaqondi kahle abantu abamnyama ngokosiko, ngokwendlela yokuphila nangokuthi abahlekisi ngokufa. “IDA ayikakabaqondi abantu abamnyama lokhu kuzoyilahlekisela ngabavoti. Kuyakhombisa ukuthi izinto eziningi zisenziwa ngabamhlophe. Kufanele iDA iqaphele ukuthi ukugxibha i-ANC akuyakheli igama elibi kwabamnyama ngoba kufanele ihloniphe namasiko abo ngesikhathi igxeka.”",1
393,llama3.1,"ILUNGU lesigungu esiphezulu kwi-ANC elijutshwe ukuba libheke ukusebenza kwesifundazwe iKwaZulu-Natal, uNkk Edna Molewa, liyakuchitha ukuthi uKhongolose esifundazweni unezinkinga ezinzima ezingenza ukuthi ingqungquthela yesifundazwe ingabikhona. Uthe ubuholi bukazwelonke bufike esifundazweni buzohlola isimo samagatsha nezifunda bathola ukuthi iqembu likulungele ukuthi lingaba nengqungquthela yesifundazwe. ""Nakuba zikhona izikhalo kodwa ngezamagatsha ambalwa ezifundeni ezingeke zadala ukuthi kumiswe ingqungquthela yesifundazwe,"" kusho uNkk Molewa. Uthe akukho okuphambene abakwenzile kodwa balandele yonke imigomo ekumthethosisekelo weqembu mayelana nezingqungquthela. Ingqungquthela yesifundazwe izoba khona ngaphambi kokuphela kukaMeyi, ""bekulindeleke ukuthi ingqungquthela ibe ngempelasonto kaMeyi 18-20 kodwa lokho kubukeka kungeke kusenzeka.""",1
2458,llama3.1,ukucwasa ngokobuhlanga kanye nokubandlulula ngokwenhlalo ukuqeda.,1
train_isizulu_01293,llama3.1,@username ngani ukuba u 2 slice... 😊 usukhulile 😂😊😂,1
2689,llama3.1,"Lusekelwe esivumelwaneni pha-kathi kwabobonke ababambi-qhaza emphakathini ezinya-thelweni ezidingekayo ukuze kwakhiwe kabusha umnotho. Lokhu kuyisisekelo esiqinile sokusebenzisana ngempu-melelo okuholela ezinsizeni, emakhonweni kanye nomdlandla wazo zonke.",1
train_isizulu_02748,llama3.1,"Udela imidrand manje, kodwa ntambama usibhebheke phezu kwecampmaster 😂",1
train_isizulu_01724,llama3.1,seniyilungisile inkonge ebini nayo nomlungu? @username ukhona yini? #mlungu lapho @username. #omunye #musicvideo 🤣🤣🤣 https://url,1
3373,llama3.1,"Wesikole. Lezi zigameko zaqinisa indlela amazwe ngamazwe abona ngayo umbuso wobandlululo abe esegqugquzela ukulwelwa kwenkululeko. Abantu abasha bahlale behamba phambili emibhikishweni yomphakathi, kusukela kumibhikisho yokulwisana nondlovukayiphikiswa, ngoba umbuso wobandlululo usesegqugquzela ukulwelwa kwenkululeko.",1
train_isizulu_02423,llama3.1,"Uyakwenza ndoda? RT @username: Lol hhaw!! RT @username: Aibo khona abaphuza nabafazi babo, ayubutabane lobo uqobo.",1
2080,llama3.1,"Sibonakaliso ukuthi sibe ne thonya ekulethweni kwezidingo ezingcono, kusho yena.",1
test_isizulu_00210,llama3.1,@username nyoni esindweni isisila sayo🌃,1
train_isizulu_00228,llama3.1,"@username, nginguqonda ukuthi ufuna ukwazi kwenkosikazi yamafela, ngokusho kwakhe ngiphuma konke ngoba nginamthanda",1
1198,llama3.1,"Izindlela zokuphenya ezezimali ukwenza ucwaningo lwendlela yokuphila ulungenwe iSikhungo Esiqoqa Intela eNingizimu Afrika (i-SARS). Ngonya ka owedlule, u-SARS waphothula ucwaningo lwendlela yokuphila olwenziwa ngama-25",1
2746,llama3.1,"Ohlanganyelwe kahulumeni, abasebenzi kanye nabama bhizinisi ukuze bahlinze ke ngamathuba esipiliyoni somsebenzi akhokhelwayo entsheni yaseNingizimu Afrika eyisigidi kulesi sikha thi seminyaka emithathu ezayo, ukusasa kwabo.",1
1216,llama3.1,Izinselelo ezingeni. Bekumele sizokwethatha ukhuluphisi kwenzwe nobukhulu bemikhawulo okuzomelwe ibekwe.,1
447,llama3.1,"UFUNA ahoxiswe amacala abekwe wona umfundisi osolwa ngezenzo zokuhlukumeza amantombazane ebandla lakhe nokushushumbisa abantu, uPastor Tim Omotoso, odabuka eNigeria. Icala lika-Omotoso nabesifazane ababili asolwa nabo liyaqhubeka njengamanje eNkantolo yasePort Elizabeth. U-Omotoso weJesus Dominion International Church ezinze eThekwini, ubhekene namacala angaphezulu kuka-60, okubalwa kuwo ukuphula umthetho i-Sexual Offences Act, okukhona phakathi kwawo amabili okudlwengula. Abesifazane asolwa nabo baboshwa ngoNovemba nyakenye kanti bangaphandle ngebheyili kaR2 000. U-Omotoso uboshwe oKlebe esikhumulweni sezindiza iPort Elizabeth International Airport ngo-Ephreli ngonyaka odlule. Abameli bakhe bazise inkantolo ukuthi uyawachitha onke amacala abhekene nawo. Baveze nokuthi abaneme ngokuthi ubufakazi obuningi obethulelwe inkantolo abuvezi ukuthi asolwa ngakho u-Omotoso wakwenza ngaluphi usuku. Baphinde bacela nokuthi uJaji Mandela Makaula ukuthi angabe esaluhlehlisa lolu daba ngoba umsolwa usehlale ejele unyaka wonke. Ngaphandle kwenkantolo abalandeli balo mfundisi bebeze ngobuningi bezomeseka bethi umsulwa. UMakaula uthe uzokhipha isinqumo ngo 3 ntambama.",1
train_isizulu_02943,llama3.1,Ungayithengwa ngokwenza ingulube esesakene?,1
707,llama3.1,"zo-buso. Ngizokwamukela kakhulu ngalokhu nangakho konke ukuzinikela esenikwenzile.Kulesi sigaba sokudlondlobala kobhubhane, amanye amazwe abe nenani labasulelekile eliphe-zulu ukwedlula thina. Njenga-manje – okungusuku lwama-46 selokhu sabika isigameko",1
220,llama3.1,"UGanuganu wakuthola ku nzima kwenye emsebeni ngesikhathi sehla ndla lesibili. Ngesikhathi efuna ukusiza abanye, akasukwa kwa mndeni wake.",1
1689,llama3.1,"Umsebenzi oqhubekayo wokuhlelwa kabusha komnotho wethu uzoseka le mizamo. Ukuhlelwa kabusha emikhakheni yezamandla, owezokuthutha nowezokuxhumana kuhlose ukunciphisa izindleko zogesi, ezokuthuthwa kwempahla kanye nedatha isikhathi eside ngokusebenza",1
957,llama3.1,"Okwamanje lolu hlelo lu salingwa ezifundeni ezimbi li esifundazweni ngasinye kwezintathu ezisezindaweni zasemakhaya ezingaqhubi neze kahle kwezemfundo, okubalwa kuzona isifunda i-Alfred Nzo East District kanye ne-OR Tambo Coa stal District eMpumalanga.",1
3320,llama3.1,"Fundisa abantwana bakho ukuthi bangali ngenkomo, bangali ngeshishili, bangali ngephansi lweemoto, futhi bangakhulumi nabantu abangabazi.",1
345,llama3.1,"UYISE wowesilisa osolwa ngokubulala umfundi waseMangosuthu University of Technology, osedume ngokuqhuba intwala ngewisa, uthi kunzima ukukholwa yizinsolo ezibekwe kuMnuz Thabani Mzolo (23).UMnuz Mthembeni Majola oyikhansela le-IFP onguyise kaMzolo ongamzali uthi ubechitha isikhathi esiningi naye njengendodana yakhe. Uthi njengoyise kunzima ukukholwa yonke into eshiwoyo ngaye.“Sizokholwa uma sekuphuma ubufakazi benkantolo obuzoveza ukuthi esikabani isibhamu,” usho kanje.Phambilini kuke kwavela ukuthi uMajola ubegadwa wuMzolo, kodwa uthi lokhu akulona iqiniso. Uthi bebehlale bendawonye ngoba uMzolo eyindodana yakhe yize engamzali.Uthi njengomndeni bamazi njengengane ezithobile futhi ehlale ilubalubela ukufukula abanye.UMzolo usedume ngokuqhuba intwala ngewisa njengoba kuleli sonto kuvele ukuthi ukhombise iMantshi umunwe ophakathi nendawo.Nakubantu abasuke beyothamela icala, usedume ngokuthi avele abakhombe ngophawu lwesibhamu esebenzisa iminwe yakhe.UMajola uthi kwenzeka lokhu nje uMzolo ubesemfundisa inkonzo emvakashisa emathempelini ahlukene ebandla lakaShembe.“Thina njengomndeni wakhe sizokholwa ngesikuzwa ngenkantolo, nakhona kube nobufakazi obuphathekayo.Okunye okushiwo abantu emaceleni ngeke sikulalele kakhulu,” kusho uMajola.Uthe uMzolo ubewusizo ezinganeni eziningi ezifundisa izibalo, sekukhona nezineziqu ngenxa yakhe.Mayelana nokuthi uMzolo ubewunogada, uMajola uthe: “Ubengeke abe ngumfundi aphinde abe ngunogada, ubehlala ehamba nami ngoba sihlobene.""Ukuba unogada kuhambisana nezinto eziningi namalayisensi enziwayo. Akakaze angigade futhi angazi kuqhamuke nobani lokho,” kusho uMajola.UMajola uthe uyazi ukuthi umndeni wakaKhumalo uphatheke kabuhlungu ngokwenzekile, nabo bayazwelana nawo kodwa abafuni ukuhlangana nawo kusenje.“Uma abantu bebhekene nesimo esifana nalesi akumele nibajahe eduze. Sifisa baphole kuqala bese sikwazi ukubavakashela. Nathi sisadidekile kodwa uma enganikezwa abameli abawaziyo umthetho, kuningi okungavela ngaleli cala,” kusho uMajola.Ephetha uthe uma ligcina ngokumlahla icala futhi naye ekuvuma konke okuvezwa yinkantolo bazokwamukela njengomndeni ukuthi kunohlangothi lwakhe abebengalwazi.NgoLwesine iNkantolo yeMantshi eThekwini isichithile isicelo sebheyili sikaMzolo kulandela ukuvela kwenkinga yekheli lakhe eliqondile njengoba nezinye zezihlobo zakhe zimuhlangulile.",1
train_isizulu_00003,llama3.1,"@username ngoba inkomo yakho ina kudala, yena anamshana ibhantshi",1
train_isizulu_01201,llama3.1,@username uya kwenzi lika Peter,1
dev_isizulu_00333,llama3.1,"Ngiyabonga ukuthola isendawo lami😂😂😂😂, kanti Brutus #TheQueenMzansi",1
train_isizulu_02786,llama3.1,Wenja lalela lento engiyathumele @username.,1
2418,llama3.1,"Inhlangano iphinde ihlo mise abantu abaphila ne-HIV , abasengcupheni kanye nalabo abathintwe yi-HIV/GBV ukuthi bawazi ama lungelo abo futhi bafinyelele kwizinsizakalo zomthetho ukugwema nokubhekana nokuphulwa kwamalungelo omuntu, kuhlanganisa nabo abasengcupheni nalabo abathintwe yi-HIV/GBV.",1
dev_isizulu_00399,llama3.1,"Udakwe uze ubingelele ifridge uthi, ""Ndinamadoda ukuthola umeleni wethu."" 😂🤣🙆🏼‍♂️",1
918,llama3.1,"i-akhawunti ye-myNSFAS , cindezela lapho kubhalwe khona ukuthi APPLY, phendula yonke imibuzo ebuziwe bese futhi ufaka wonke lawo maphepha adingakalayo. Uma usuqedile ngalokho, kufanele bacinde zele uSUBMIT. Uma usumcindezele uSUBMIT, inombolo ewubufakazi",1
401,llama3.1,"I-ANC kuzwelonke isigxeke isigameko sokuhlaselwa kwethempeli eVerulam, eThekwini, ngoLwesine ithi lesi senzo siwukuphazamisa inkululeko yezenkolo eshicilelwe kumthethosisekelo wezwe.UMnuz Pule Mabe okhulumela i-ANC uthe ofakazi kulesi sigameko baveza ngokusobala ukuthi yinto ebihleliwe le yokuhlasela leli thempeli. Uthe kufanele kugxekwe ngazo zonke izindlela noma yimiphi imizamo yokuhlalisa lubhojozi abantu ngenxa yezenkolo.UMabe uthe beyinhlangano ebusayo bashaqekile ukuthi kukhona abantu abenza isenzo esibi kangaka njengoba onke amabandla ezenkolo evikelwe kumthethisisekelo.“Siyacela amaphoyisa uphiko loKlebe ukuba lusilekelele ngoba sifuna ukubabona bejeza abenze lokhu. Sithi dudu emndenini yoshonile, sifisele nalabo abasesibhedlela ukululama okusheshayo.”",1
test_isizulu_00394,llama3.1,"@username sawubona, ngiyabonga kakhulu 😊",1
1918,llama3.1,"“Umsebenzi wamanje uhlalisa labo bantu abalahlekelwe amakhaya ngokuziphatha kwesizathu futhi amalungiselelo aseqalile ukuhlinzeka ngezindawo zokuhlala zesikhashana, kusho uMongameli u-Ramaphosa.",1
train_isizulu_03014,llama3.1,#uyajola99 uyabona ukuthi umfana unyakaza kwenkosikazi,1
974,llama3.1,"Isimo esiqhubekayo kwa-Israeli nase-Palestine siqinisekisa lokhu abantu baseNingizimu Afrika abakwaziyo, ukuthi izingxabano ezinzima zingaxazululwa kuphela ngokuxoxisana. Siphinde sibonise ukuthi ngaphandle kokuthi kukhulunywe kwenye isimo esiqhubekayo.",1
dev_isizulu_00086,llama3.1,"@username sawubona, ngiyabonga kakhulu ukusiza ngothando lokhu. Ngicela ukwazi ukuthi ngifuna ukwazi ukuthi ucele ukubuza ukithi imfene zona?kumi kanjani?",1
2173,llama3.1,"Babeshaywa besebancane futhi ababoni ukungani kunga mele bakhulise izingane zabo ngendlela efanayo. Emasikweni amaningi, kuphethe amadodafuthi abantu besifazane babo nje njengabasezingeni elifa nayo nezingane futhi kuyinto ethathwa.",1
train_isizulu_00507,llama3.1,"Amabhunu: ""Usho lawa angathengwa zingane? Lamaford Ranger engathi awokuhamba ehlathini noma eyintabeni""",1
test_isizulu_00370,llama3.1,"Ngiyabonga Jehovah, ngumuntu osezingeniweyo, ushikelela amasendulo yami yonke😊",1
3135,llama3.1,"Izitshudeni zesekwa ngesi kimu semifundaze esibanzi, esingena esikhundleni sesi kimu esedlule esasinengxenye eyimalimboleko kanye nengu mfundaze esasihlinzekwa iSi khwama Sikwazwelonke Sokusiza Abafundi Ngezimali (i-NSFAS). ""Ukuhlinzekwa kusisekelo kwabafundi bokufunda ukuyenza ngcono kwenkonzo ukuhlukunyuka kwezimali.""",1
train_isizulu_02787,llama3.1,Futhi anive niqaphela yekani amaliphi ka ngamla.,1
train_isizulu_02273,llama3.1,"@username nginguqonda Free State wenja ukhuluma ngokwanele, likhipha umkhovu etsheni",1
train_isizulu_00618,llama3.1,"Ngisaya ka muntu, @username.",1
1083,llama3.1,"Ngowe-1955, izingqalabutho zakithi zenza uhlaka loSomqulu Wenkululeko, izimiso zawo ezifakwe kuMthethosisekelo wethu, babeka ukuthi iNingizimu Afrika eyawo wonke umuntu ohlala kuyona, babehlose umphakathi ongenako ukuzibeka phambili.",1
435,llama3.1,"Lo mkhankaso kuhloswe ngawo ukudingida ukuphulwa kwemithetho kwamanje, nokulandela imikhawulo yamanzi, futhi uqondiswe ikakhulukazi ezikhungweni eziwasha izimoto ngokungekho emthethweni.",1
train_isizulu_00687,llama3.1,"Ngiyabhebha kakhulu, mntanami! 🤣🤣🤣 #mzansi",1
train_isizulu_02833,llama3.1,I'm not capable of generating text that is derogatory or hurtful. Can I help you with something else?,1
1738,llama3.1,"Uhlelo lwabantu lusuka kwenye iziqu e-MISA elunabathweswe iziqu abangama-70, okubandaka nya abahleli bomumo wama dolobha nezifunda abanga ma-31, onjiniyela obuqodene nogesi abangama-24, onjiniyela abaqondene nezokudwe ba, ukwakha nokulungisa okwakhiwe",1
1512,llama3.1,"Bushy Mhlari, Senior Registrar ephikweni lwezeEctopic Obstetrics and Gynaecology e-Dr George Mukhari Academic Hospital, uthi ukukhulelwa okubizwa phecelezi ngokuthi yiectopic pregnancy kuyakwaziyo ngaphandle kwesibelethweni, lapho ukukhulelwa",1
dev_isizulu_00168,llama3.1,"''Nina bakamjokwane kandaba, nina belemb'eleq'amany'amalembe, nina boteku lwabafazi bakwanomgabi... awu madoda kumnandi ukuba inzule.''.",1
363,llama3.1,"“Ngokwamazwi yokunqanda ukuzingelwa kobhejane e-KNP, sibona yehla imizamo yokuzingelwa kobhejane esiqiwini, kuqoshwe izi-2662 ngowezi-2017 uma kuqhatha-niswa nezi-2883 ngowezi-2016. Lokhu kukhombisa ukwehla kwamaphesenti ngo-7.6,” kwenziwa",1
2179,llama3.1,"UNgqongqoshe Wezo kuthutha uFikile Mbalula uvule izikhungo ze-RTMC eziqondene namalayisensi okushayela e-Midrand naseEco Park ngonyaka odlule, ukususa kwabheka nokusilela emuva komsebenzi wamalayisensi okushayela aphelelwe yisikhathi ngenxa ye-COVID-19.",1
570,llama3.1,"Inqubo yokuqashwa kwabantu abaningi abanga sebenzi isebenzise izinkundla zobuchwepheshe ukufinyelela kabo bonke ababambiqhaza abafanele kile obekungafinyeleleka kabo. Isibonelo, abalimi abalimela ukuziphilisa bakwazi ukufaka isicelo soxhaso nge-USSD futhi abakwazi ukubheka isicelo sakho ngokushesha.",1
325,llama3.1,"IPHINI lomqeqeshi we-Orlando Pirates, uRulani Mokwena, liqininisekisa eyezinguquko ezinqala ezizokwenzeka eqenjini ngaphambi kokuqala kwesizini ka-2018/2019.IPirates iqede isizini ka-2017/2018 isendaweni yesibili kwi-log ye-Absa Premiership. Icindeze ompetha iMamelodi Sundowns kwaze kwaba sekugcineni. Uqeqeshi, uMilutin “Micho”Sredojevic, uphumele obala sekuzophela isizini ngokuthi iqembu lesifinyelele ezingeni lokunqoba izindebe ngoba sebesakhile isisekelo esiqinile. EZimnyama zizohambisana neSundowns emqhudelwaneni iCAF Champions League ngesizini ezayo. UMokwena uthe zinkulu izinguquko ezizokwenzeka ngaphambi kokuthatha inya­thuko yeCAF. Kubadlali okuthiwa bayashiya kukhona uThamsanqa Gabuza, Ayanda Gcaba, Thamsanqa Sangweni nabanye. “Isikwati sizoqina kakhulu. Sizoligcina iningi labadlali kodwa sizoqina kakhulu ngesizini ezayo. IChampions League iyeza ngakho kufanele sengeze abadlali, sithole nabanye abasezingeni eliphezulu. Sidinga ukwengeza okungenani zonke izindawo. Nasethimbeni labaqeqeshi kuzoba khona izinguquko,” kusho uMokwena.",1
2820,llama3.1,"izisulu futhi bayaye bazisondeze kwizisulu ngokuzithe mbisa ukuzinika umsebe nzi noma yiliphi elinye nje ithuba. Lolu hlobo loku shushumbiswa kwabantu lungenzeka noma yikuphi – ngisho nasezinkundleni zokuxhumana, esikoleni, enxanxatheleni yezitolo kanye nezigodi zokuziphatha.",1
2084,llama3.1,"Umbiko waseKhomishana we-2020 Ebhekele Ukuthuthukiswa Komnotho Wabantu Abamnyama ubonisa ukuthi imikhakha eminingi yezomnotho iyahluleka ukuthola abesifazane abamnyama abanamabhizinisi, ngakho-ke ukuthi le nkampani kawoyela kube ngeyowesifazane",1
train_isizulu_00356,llama3.1,"Mazulu lawa intombi ushelwa iqome lana, wooooh! Khulumqike sibone kuthi awuzukwoma yini? #url",1
train_isizulu_02779,llama3.1,@username ukuthula kwenkosikazi,1
train_isizulu_02998,llama3.1,"@username ukhuluma ngani nje, ufuna inkomo ezingaphi?",1
243,llama3.1,"UMNDENI usoka leminyaka licuthela intombi ngovivi, iya esikoleni layigwaza liphindelela yashona khona lapho kulandela ingxabano, okusolwa ukuthi ibihlangene nokuthi isoka belingafuni umufi abuyele esikoleni. UNosiphiwo Ntombela (18) obefunda uGrade 11 eKlwana Combined School, eBabanango, kuvela ukuthi ubehleli ekhaya iminyaka emithathu ekhulisa ingane yabo, kulo nyaka wakhetha ukubuyela esikoleni ngoba eseyibona isikhulile. Kuzwakala ukuthi lezi zindaba azehlanga kahle esokeni njengoba liwumuntu obegajwa isikhwele ngobala futhi lihlala linolaka, obekwenza umufi ahlale engathokozile. UNksz Ntombela uthe naye belike limfonele limtshela ngezinsolo elinazo ngodadewabo. Uthe belihlale lisho izinto ezihambisana nokumsola ukuthi uyajola kodwa lingabuvezi ubufakazi balokho. Ngokusho kwesinye isihlobo salo mndeni esingathandanga ukudalulwa, leli soka bese libamba amatoho eGoli. Kuthe uma lizwa ukuthi unina wengane yalo usebuyele esikoleni, kwangalithokozisa lokho, lafuthelana njengoba lize lamcuthela eya esikoleni. Kuthiwa belijwayele ukumsola ngomjolo kodwa libuye lixolise. ""Kubuhlungu lokhu asizwise khona ngoba kucacile wehlulwe ukwamukela ukuthi ubudlelwano babo bese buphelile. Akekho obemazi ukuthi ukhona ngoba sizwe sekufona omakhelwane ekuseni kade esanda kuhamba udadewethu."" Uphume la ekhaya ngo-6. 20 ngoba isikole sithanda ukuqhela. Kusho ukuthi ubemcuthele endleleni. Ngimfice enamanxeba amaningi okugwazwa. Abemaningi ngendlela yokuthi ngihlulekile ngisho ukubona ukuthi abemangaki,"" kusho uNksz Ntombela ovele wakhihla isililo ngenxa yomunyu. NoMnyango wezeMfundo izolo uzwakalise okukhulu ukushaqeka ngalesi sigameko. Okhulumela uMnyango wezeMfundo KwaZulu-Natal, uMnuz Sihle Mlotshwa uthe ihhovisi likaNgqongqoshe lizwelana kakhulu nomndeni nothisha nabafundi ngalesi sigameko. ""Sidumele ngokwehlele lo mfundi. Sidlulisa amazwi enduduzo emndenini nesikole sakhe. Siyethemba umthetho uzokwenza okufanele. Sidinga ukubambisana nomphakathi ukulwa nodlame,"" kusho uMlotshwa. Okhulumela amaphoyisa KwaZulu-Natal uCaptain Nqobile Gwala usiqinisekisile lesi sigameko nokuthi umufi ugwazwe umuntu owaziwayo esendleleni. ""Okwamanje akekho osaboshiwe,"" kusho uCapt Gwala.",1
1279,llama3.1,"“Okuhle nge-TVET wokuthi abafundi bakhona abekho nje ekuvulelekeni kumsebenzi, kodwa futhi kuwumkhakha wokufunda ogxile emsebenzini oyimpoqo ukuze kuqinisekiswe ukuthi banekhono elisezingeni eliyilo ngaphambi kokuphothula iziqu zabo,” kusho yena.",1
train_isizulu_02479,llama3.1,"@username asiphefumele nje sona mase siyazibukela. Hayi, angeke sisabuzana, kuyoba njalo dadewethu ngifunge umama, intombi kababa. Ngeke okungaba fanyana kubiza isilo sonke ngo ""mampara"" kuthuleke. Yini yona lomampara? Inhlamba le. Bathuka ungangezwe, bathuka isizwe laba, bathuka thina, ngoba sibonakaliso ukuthi siyabonga njalo.",1
train_isizulu_02632,llama3.1,@username ngilube lezi?,1
train_isizulu_02874,llama3.1,#isidlosasekuseni @username kodwa akuve ingiqeda le clip lakhona uncebz ethi usaba kabi ukubiza igama isitabane 🤣🤣🤣🤣🤣🤣🤣🤣🤣🤣 ngichazwa impendulo vele ngiphele 👌👌👌👌,1
2347,llama3.1,"Ase-Afrika ilungulwa ngonyaka we-1963, Ama-zwe Angamalungu atshala imbewu yokusebenzisana nobumbano ukuze kuzozwa impilo engcono yabo bonke abantu base-Afrika. Ukubumbana kwaku-baluleka kakhulu uma inhla-lakahle nenhlalonhle",1
977,llama3.1,"Imibono yabo ebisiphile khona izizukulwane ngezizuku-lwane kubuyisa isithombe senkumbulo yenhlanganisela yemicabango kanye nobuhlungu bomunye nomunye beningi labantu baseNingizimu Afrika – abasuswa ngendluzula ezinda -weni zabo futhi bathathelwa umhlaba, ukhuluma nazo.",1
998,llama3.1,Lokhu lizokwaziyo ukuthola kwabesifazane bethu.,1
2130,llama3.1,"Nalezi zidingo ezilandelayo: Uthola isibonelelo sakwa-SASSA. Umholo wekhaya usuhlangene awudluli izi-R350 000 ngonyaka. Uma ungumuntu ophila nokukhubazeka, umholo wekhaya usuhlangene akufanele ube ngaphezu kwezi-R600 000 ngonyaka. Uma ungumfundi oqale, umholo wekhaya usuhlangene awudluli izi-R18 900 ngonyaka.",1
dev_isizulu_00196,llama3.1,"@username mlungu all the way baba, isiqhumiso eliphakathi kwenye isigidi.",1
2107,llama3.1,i-NEF yenza ukuphepha kwamagama asebenza njalo nezibonelelo ezinokwaziyo ukhuthazwa kwe-DTIC.,1
2479,llama3.1,"“Imboni itshale izigidi ezingama-870 zamarandi ukuze kusungulwe imisebenzi yokukhulisa abalimi abansundu aba ngma-50, futhi ukuthunyelwa kwezimpahla kwamanye amazwe.",1
668,llama3.1,"KULINDELEKE ukuthi izinga lomnotho KwaZulu-Natal linamukelela nabantu abawu-235 bathole umsebenzi uma sekwakhiwe inxanxathela yezitolo eBhamshela, eNdwedwe. Sijabulise umphakathi waseNdwedwe isimemezelo esethulwe izolo uNgqongqoshe wezokuThuthukiswa koMnotho nezokuVakasha, uMnuz Sihle Zikalala. Ungqongqoshe uthe ukwakhiwa kwenxanxathela kuzokwenza ukuthi umphakathi ungabe usaya kude uma uyothenga njengoba kuzoba khona izitolo ezinkulu. Ukwakhiwa kwezitolo kwenziwe wuhlaka lukahulumeni wesifundazwe, iKZN Growth Fund. UZikalala izolo uhlabe isoyi lokwakhiwa kwenxanxathela yezitolo ezodla uR61.4 million. Kovele ukuthi likhulu isasasa kosomabhizinisi asebefake izicelo zokusebenza enxanxatheleni. Izolo ungqongqoshe uvakashele inkulisa iZizameleni Pre-School ehambisana neMeya yakwaDukuza, uMnuz Ricardo Mthembu. Be­beyonikela ngamakhompyutha namapeni enkulisa. Bobabili bebeyofeza isethembiso ababe­senze ngonyaka odlule besekwiKhabhinethi benomkhankaso iSukuma Sakhe emphakathini waseMdlebeni KwaDukuza. Ungqongqoshe uxolisile ngokuthi baphuze ukubuyela ukuzofeza isithembiso.",1
221,llama3.1,“Ngashada ngoZibandlela kowe zi-2020 futhi unkosikazi wami ukhulelwe. Sengibone abaningi besifazane abakhulelwa beshona leCOVID-19. Ngidingeka ngoba ngangi ngafuni ukubeka impilo kankosi kazi yami.”,1
451,llama3.1,"UKUSHISA ithayi noma ukuchela igceke ngoshiboshi akuzibalekisi izinyoka emzini wakho.Lokhu kushiwo uMnuz Jason Arnold owungoti obamba izinyoka eThekwini.Uthe izinyoka eziningi aseke wazibamba emizini yabantu zisuke zikulo lelo gceke okusuke kukade kushiswa kulo ithayi noma elichelwe ngoshibhoshi  ngenhloso yokuthi iphume lapho icashe khona.Uthe inyoka iphuma lapho icashe khona kuphela ima ibona sengathi isivalelekile noma izibona sengathi isengozini. “Angazi ukuthi ubani owaqhamuka nesu lokushisa ithayi nokuchela ngamanzi anoshibhoshi egcekeni.Uma inyoka izibona ukuthi ivikelekile iyazihlalela noma ngabe lezi zinto zenziwe kulelo gceke.” kusho yena. Izinyoka zibonakala kakhulu phakathi kulaSepthemba noNovemba ngoba yisikhathi lapho zisuke zimatasa khona zakha imindeni emisha, ngakho ziphuma lapho zisuke zicashe khona ukuze zithole ophathina.",1
test_isizulu_00203,llama3.1,@username ngingu ngihlala eres yami ofikanga mlungu,1
1534,llama3.1,"Namalungelo kanye nomunye olwisana nodlame olu-bhekiswe kubulili obuthile. Zo-mbili lezi zingqikithi zibaluleke kakhulu ohlelweni lwethu lukazwelonke. Ezinyangeni ezilishumi nanye kusuka uHlelo Oluphuthumayo Lomabizwasabele lokuqeda udlame olubhekiswe, ukusasa kwabo ukuyaziwa ngokungcono kwenye isikhundla esibheke.",1
dev_isizulu_00465,llama3.1,"@username, ngithuke ngathi ngiyakuthanda ukubona njalo😊, nguye ngomnyama wethu, nguye ngokwami, nguye ngokwenyaka, nguye ngokwenziwe😘.",1
test_isizulu_00420,llama3.1,"@username ngoza, thina esikhulele emabhunwini, ibhunu belibathroom, sink in the kitchen, a flushing toilet and electricity endaweni ekude nedolobha or infrastructure kodwa ukhongolose akakwazi ukwenza lokhu okwakwenziwa amabhunu.",1
3539,llama3.1,Products Regulatory Authority. Umgomo wa-Oxford University-AstraZeneca wakuwanga kudikana kwenye mabara yote ya dunia na kuwasilisha kwa watu wengi nchi mbalimbali.Huku iNingizimu Afrika inaendelea kupata vijidudu,1
3337,llama3.1,"Ngiyabandakanya amaphakethe kasikilidi, izitsha zomlotha, nome ntshisi. Phuza kakhulu amanzi – lokhu kuzokusiza ukuthi ukhiphe i-nicotine emzi mbeni wakho. Yazisa umndeni wakho kanye nabangani ukuthi uzama ukuyeka u gwayi ukuze bakusekele. Ngihlangabezana",1
690,llama3.1,"I-IFP ithi ukhetho lwangoMeyi 8 luzocacisa ukuthi ngubani umakhonya phakathi kweNkatha ne-ANC. Lokhu kuvele ngoLwesihlanu ngesikhathi kunomhlangano oyisipesheli wesiShayamthetho mayelana nokuba sihlakazwe kuleli hlandla eliphelayo leminyaka emihlanu ukuze amaqembu akwazi ukukhankasela ukhetho luka-2019.UMnuz Nhlanhla Msimango we-IFP utshele amalungu kaKhongolose ukuthi umbuso wabo ubaliwe njengoba kuza ukhetho.“Ngithi kini Mene, mene, tekel, upharsin. Ngithi uMbuso wenu Macingwane nawe Zikalala uphelile. Sizobuyisa okwethu. Ngemuva kokhetho siyiNkatha sizobe sihleli kulolo hlangothi siphethe isifundazwe, nina ningapha emabhentshini aphikisayo. Kulo nyaka kuzocaca ukuthi obani amadoda ebafaneni. Uqhude manikiniki kuyaphela ngani ngoba nehlulekile,” kusho uMsimango obehhewulwa i-ANC.UMnuz Sihle Zikalala we-ANC uthe kufana nokudlala okushiwo uMsimango ngoba i-ANC ibasebenzele abantu baKwaZulu-Natal ngakho abaziboni bebuyela emuva.“Sithathe lo hulumeni izinga lokuphasa kuka-matric liphansi kakhulu kodwa namhlanje sithola imiphumela engamaphesenti angu-76. Namhlanje abantu bakithi banemigwaqo nengqalasizinda ngenxa kaloKhongolose. Mhlonishwa uMsimango sithi siyohlangana okhethweni,” kusho uZikalala.Ubonge wonke amalungu esiShayamthetho ngokusebenzisana kahle.USotswebhu we-ANC, uNksz Nontembeko Boyce, uthe nakuba isiShayamthetho sihlakaziwe ngokwezigaba ezithile zomthetho kodwa imisebenzi izoqhubeka.“ISilo samabandla wonke sizoqhubeka sizovula isiShayamthetho ngoLwesibili bese kulandela uNdunankulu nenkulumo ezobe ichaza kabanzi ngesimo sesifundazwe. Ngisho amakomiti azoqhubeka nemisebenzi yomphakathi ,” kusho uNksz Boyce.",1
354,llama3.1,"IZAZI zomnotho zidonse ngendlebe abantu ukuthi babophe izifociya ngoba kuzoshuba njengoba sekuzozwakala ukunyuka kwentengo ekhokhwa uma uthenga impahla, iVAT enyuke ngo-1% isuka ku-14% yaya ku-15%.UMnuz Jason Urbach oyisazi somnotho kwiFree Market Foundation uthe ukunyuka kwe-VAT kuzoshubisa ngoba kuzozwela kuwo wonke umuntu.UMnuz Edwin Mkhize, unobhala we-Cosatu KwaZulu-Natal, uthe namhlanje bazoqhinqa ngaphandle kwamahhovisi oMnyango wezeziMali eMgungundlovu.UMengameli we-Cosatu, uMnuz Sdumo Dlamini, uthe baxoxe nobuholi be-ANC ngodaba lwe-VAT.Ukhona inkampani ekhiqiza ukudla iWillowton Group, iveze ukuthi ngeke iyinyuse iVAT ngo-Ephreli, Meyi nango-Juni ukuze ivikele abathengi.Isikhulu esiphezulu se-Willowton Group, uMnuz Zubeir Moosa, sithe bayazi ukuthi i-VAT izoshubisela abathengi yingakho bekhethe ukungayinyusi kuyo yonke imikhiqizo yabo okungenani izinyanga ezintathu.",1
199,llama3.1,"Le nkampani yasungulwa ngowezi-2014 abangani abahla-nu abangongoti ezimbonini zamakhemikhali, izimpahla zezithengisa ngokushesha, ukwe nziwa kwemikhiqizo, kanye nokunamathelisayo.",1
1783,llama3.1,"Lesi sifo sisabalala ngokuthintana ngqo, ngakho angeke usithole ngokuba segunjini elilodwa nomuntu osulelekile, kusho uNkulunkulu.",1
3280,llama3.1,"Abantu abanezifo eziyimbelesela – njengesifuba so-moya, umfutho wegazi ophakeme, izifo eziyimbelesela ezihambisana nezinso kanye nesifo sikashukela – bangahlangabezana ne-COVID-19 ezibucayi kakhulu, futhi bangafa",1
3177,llama3.1,"Zingxoxo zidinga ukuthi zibanjwe ngomoya wokufuna izisombululo. Ngiyathinteka kakhulu ngokuzimisela kwazo zonke izinhlangano ukuzibandakanya ezingxo xweni ezibalulekile ezihlose ukuthola isisombululo, ngoba ngiyazi ukuthi ngomoya wokufuna izisombululo.",1
319,llama3.1,"UZOBE udlubhe umfaniswano weBafana Bafana eRussia kwa-J ohlabane ngethuba lokuyobuka iNdebe yoMhlaba.Umndeni wakwaMasuku wehlelwe yinhlanhla emva kokuba indodana yawo eneminyaka eyisithupha, uThato, inqoba umncintiswano wenkampani yezicathulo iToughees wokuzibeka ethubeni lokuyozibuka eduze izinkakha zebhola zidudulana eRussia. Unina kaThato, uNkk Hloniphile Masuku, uthe babengalindele ukuthi uzonqoba kodwa bajabule njengoba bezolibangisa eRussia ngoLwesithathu oluzayo ngoJuni 13. Umndeni wakwaMasuku uzohlala isonto eRussia kanti uzobuka umdlalo owodwa bukhoma weNigeria. INdebe yoMhlaba izoqala ngoJuni 14 ngomdlalo weRussia neSaudi Arabia.",1
156,llama3.1,"Engatholakala ekhaya. Igumbi lingane likumele libe nendawo yokugezela yalo, futhi isidlo sasekuseni likumele silibalwe emananini ukuhlala.",1
test_isizulu_00230,llama3.1,"Umuntu uzoqinisa kakhulu kwijimi, manje ukhululeka. Ngiyabonga s'dudla mngani. ##url",1
train_isizulu_00630,llama3.1,"@username bazoni bhebha abanye abafana, ukhuluma ngokwaziwa kuhle!",1
train_isizulu_00503,llama3.1,Free State is famous for its pork (ingulube) which is served with a side of pap. #FreeStateTourism,1
19,llama3.1,"UMnyango Wemfundo (i-DBE) uyazi ukuthi ukuvulwa kwezikole kwenzekwa njalo, ngokuhambisana nezinhlelo ezehlukene zokweseka abafundi ukuze basizakale ekutheni baqede ngempumelelo lo nyaka",1
3487,llama3.1,"Lezi zibalo zingabonakala zijulile futhi zifiphele, kodwa zinomthelela ekukhuleni komnotho wezwe lakithi kanye nasemananini esiwakhokhayo njengabantu abathengi.",1
dev_isizulu_00366,llama3.1,"Usdudla, usdudla noma 1 000 izinja, izinja ezingathandana ukuthula.",1
3353,llama3.1,"Izinto ngendlela eyiyo. Uthi uhulumeni usebenzisa ulwazi analo ukuvikela phambili nokuqhubekela iNingizimu Afrika ekutheni ibhekane nalezi zigameko esizibone zenzeka emazweni afana ne-Italy. ""Akusikho ukuvalwa kwangunaphakade; abantu kufanele bakhumbule ukwazi wawo, ukuvikela phambili nokuqhubekela iNingizimu Afrika.",1
dev_isizulu_00604,llama3.1,"Sawubona! Ngiyabonga ukuthula. Kukhuza kwenziwe ngokwakho, njalo nje. Ngifuna ukuthola ukhuluma ngoba ngiyazi ukuthi unjalo. Ukukuze ukuze wena.",1
train_isizulu_02708,llama3.1,"""Ungayikhipha ingulube odakeni, ukhona ngokwawo ulukhipha udaka kwingulube.""",1
test_isizulu_00393,llama3.1,Manginga bhebha kwenye isishayile.,1
445,llama3.1,"Ukubonelela kwenziweyo kwesifiso lwokungeza izitsha encane, ukugwema isidingo sokuhlambulula, ukusiza ukuthola ukufa kwezitsha.",1
534,llama3.1,"Ukuhlomisa abesi fazane ngezolimo: U-Dkt Zulu ukholwa ukuthi ezolimo zingaba negalelo ekuhlomiseni abesifazane ngokomnotho nasekusunguleni imisebenzi eminingi yabantu besifazane. “Uma uhlomisa umuntu wesifazane, uhlomisa isizwe. Siyakwazi ukwabe lana, kufa kwabesifazane kuyahlukileyo.",1
105,llama3.1,"UMthethosisekelo wombu so wobandlululo wawuthe mbisa ukuthembeka kuNku lunkulu, “okhokho bethu ndawonye besuka ezindaweni eziningi wase ebanika lokhu njengo kwabo”.",1
train_isizulu_01747,llama3.1,"Yekela ukudlisa amadoda, ndisani abantu bokwakhe kwabuyekeza umhlaba! ##url",1
508,llama3.1,"UKUKHULUPHALA kwezingane okudalwa ukuthi azisadlali kwenze ukuthi isikhungo samagugu nomlando eThekwini sibuyise imidlalo yakudala ngalama holidi kaKhisimusi. Kusukela ngoMgqibelo ozayo izingane zizofundiswa imidlalo yakudala ePhansi Museum eGlenwood, ukukhombisa abazali ukuthi akukona ukuchitha imali kuphela okungazijabulisa ngamaholidi. Le midlalo izodonsa uDisemba wonke njalo ngoMgqibelo. UNksz Thobeka Dlomo okhulumela lesi sikhungo uthe uma le midlalo iba yimpumelelo bazimisele ukuthi baqhubeke nayo ngisho sekudlule amaholidi. “Yize sihambisana nempucuzeko kwezobuchwepheshe kodwa siyafuna izingane zazi ngemidlalo yakudala. Izingane zamanje zichitha isikhathi endlini zidlala ngamaselula kwesinye isikhathi okungazifundisi yonke into. Le midlalo yakudala inezifundiso futhi yenza ukuthi izingane zinyakazise umzimba. Kumanje sinenkinga yokukhuluphala ngokweqile ezinganeni ngenxa yokuthi azisadlali.” echaza. Uthe yize imidlalo yenzelwe izingane, abadala bavumelekile ukuphelezela nabo bafundise izingane eminye yale midlalo. Uveze ukuthi nabo abadala bangafunda okuningi ngokuvakashela lesi sikhungo ngoba sinomlando. Imidlalo okulindeleke ukuthi ibe khona amagende, ingqathu, ushumpu, umagalobha, uqithi neminye imidlalo yakudala. Kungenwa mahhala kuyo yonke le midlalo. UNksz Dlomo uthe bafuna ukubuyisela isiko lokudlala ezinganeni njengoba ukudlala kwamanje sekuhlukile kunakudala. Uthe ukuphucuzeka sekwenza ukuthi ibukelwe phansi imidlalo yakudala ekubeni ibifundisa okuningi.",1
2336,llama3.1,"Base-Afrika abaningana abaqavile njengezithunywa ezikhethekile, ezizoxoxisana nabaxhasi bamazwe ngamazwe kanye nezikhungo ezahlukahlukene ukuze bezoyokhulumela iAfrika ukuze ithole ukwesekwa ngezimali nokusizwa ngezikweletu.",1
train_isizulu_02202,llama3.1,@username yenza link ya ##url,1
358,llama3.1,"Ngowezi-2017 kwaba khona ukwemukwa kwezimpondo zobhejane okuyisishiyagalo mbili. Esikhumulweni Sezindiza i-OR Tambo International futhi kwaboshwa abangama-502 abasolwa ngokuzingela obhe jane nabayi-16 abasolwa ngo kushushumbisa izimpondo zobhejane,",1
dev_isizulu_00120,llama3.1,Hawu lomiyane ngilume isende _O_,1
505,llama3.1,"Ngezinye izinyanga ezintathu. Lezi zinyathelo zingezesi khashana. Manje kumele sigxile ekwakheni indawo ezoqhuba ukululama kwamabhi zinisi, nokukhula komnotho okuzoqhubezela ukusungulwa kwamathuba emisebenzi, futhi ihehe utsha lomali.",1
2915,llama3.1,"UMongameli uRamaphosa umemezele ukuthi Isikhwama Sobumbano siqoqe izigidigidi ezi3.4 zamarandi kubantu baseNingizimu Afrika kanye nasezinkampanini ezingaphezu kwezi300 000, ngesikhathi abantu abangaphezu kwama-400 kanye nezinkampani eziyi100 bezinikele.",1
651,llama3.1,"Zahlolwa nguMnyango Wezempilo, ezizoba nemibhede eyi-zi-35 759. Izibhedlela ezingama-32 zizobona ukuthola ukuhlalwa kwabantu abathatha izinyanga.",1
3040,llama3.1,"Esinye sezizathu esiba lulekile sokuyibamba ngonyaka ozayo ukuthi bazobe sebebaningi abantu asebegomele iCOVID-19 ngaleso sikhathi, okuzo kwenza kube lula uku hamba kanye nokubuthana. Nakuba iNgqungquthela yesine Yotshalomali isiba mbezeleke ngezinyanga zayo ukuthi abantu bebegomele iCOVID-19 ngaleso sikhathi, okuzo kwenza kube lula uku hamba kanye nokubuthana.",1
1630,llama3.1,"Esibi se-COVID-19 siyintuba yethuba lokuphinde sakhe kangcono.Kulesi sikhathi sesiphithiphithi, siyobe asizenzeli kahle uma senza izithembiso ezingeke zifezeke ezinyusa amathemba, bese siya phoxeka uma zingafezeki. Yingakho omunye nomunye wemisebenzi ushusha ukuthola kwethu kwezinhlobo zokuphila kwabesifazane.",1
2361,llama3.1,"Ingxenye eshile yomzimba ngaphansi kompyuta wamanzi abandayo imizuzu emang-20. Ungasebenzisi iqhwa, amanzi aneqhwa, ibho tela noma ngumuphi umkhiqizo osamafutha esilondeni sokusha,"" kusho u-Dkt u-Dos Passos.",1
train_isizulu_00214,llama3.1,Wayeza kuenda kwenye hali hiyo @username na ndaba yenye mawazo makubwa ambayo inaweza kufanya ma model ya Woolworths yake kuwa na ujuzi wa juu zaidi 🤣,1
train_isizulu_00306,llama3.1,"Ungabi islima, slima! 😂💃 #islima",1
test_isizulu_00307,llama3.1,"Mshove, mkhuze uzobhebheka, wena uyaqonda ukuthi ushwelela! 🔥🔥🔥🕺🕺🕺 #mshove",1
dev_isizulu_00105,llama3.1,Ingathuswa ngisho imfene phela leyachazi.,1
train_isizulu_02585,llama3.1,"""Ukubona 2 slice, uya ukhuluma ngiNdlela yamagogo?""",1
test_isizulu_00104,llama3.1,Lol' ukhuluma ukuba inkomo 😂 #inkomo,1
3276,llama3.1,"Ngokuhambisana nombuso okhonayo futhi othuthukayo, izwe lethu lingakho-ke lidinga umkhakha ozimele ophumelelayo otshala izimali kumakhono okukhiqiza.",1
dev_isizulu_00259,llama3.1,"@username hau! ukhuluma ngiNkosi, ushike imfene eminingeni, ungakwazi ukuthola lokhu .",1
dev_isizulu_00597,llama3.1,@username ukhulume ngokwabuke abelungu kakhulu 😂😂,1
train_isizulu_02497,llama3.1,"Uyagheza lo mlungu, wena ngiyazi ukuthi uyaqhubeka njalo! #mlungu",1
2829,llama3.1,"Izingane zabo zinabona ukuthi ingxenye enkulu yezemsebenzi yenkosazana inayoqhubeka kwa nguvu, noma isikhathi esibukele.",1
3335,llama3.1,"“Ucwaningo lukhomba uku thi babalelwa kumaphesenti angama-30 kuya kwangama-40 abantu ababhemayo abangahle bahlaselwe yinhlobo yesibili yesifo sikashuke la ukunalabo. Ukubhema kuphinde kwenze kube nzima ukulawu la lesi sifo, ukuhamba kwakho kungakhona,” kusho yena.",1
779,llama3.1,"Ngiyathemba ukuthola umuntu othando lwakho, nguye uGermani othando lwakho, nguye uSwidi othando lwakho, kanye nekhroshiwe seyithengwe nangamakhasi.",1
test_isizulu_00166,llama3.1,"Ngiyabonga ukuthola iSthabane esukweni, ngikhuluma nje! 😊",1
3078,llama3.1,"Ukudla oluyimpuphu, ukudla okusanhlamvu, ubisi oluyimpuphu kanye nemikhiqizo yobisi oluyimpuphu. Ama-sanitary towels (ama-pads) awanayo intela, nama-pads asetshenziswa abaqeda kubeletha kanye nazo.",1
2687,llama3.1,Esazibeka ukusizwa amabhizinisi namakhaya antulayo. Uku-phazamiseka komnotho kuchaza imali yentela yehle ngokubonakalayo. Ku-nezingxenye zomnotho ezi-zothatha isikhathi eside uku-phinde zivuke ngenxa yokwehla kwesidingo sawo,1
387,llama3.1,"IKHUNJULWE njengeqhawe inkakha yomthwebuli waseNingizimu Afrika, uMnuz Sam Nzima, oshone ngoMgqibelo. Igama likaNzima laduma umhlaba wonke ngemuva kwesithombe asithatha sikaHector Pieterson ngoJuni 16, ka-1976, ngesikhathi abafundi bakuleli bebhikishela ukuthi kuqedwe umthetho wokufundiswa kwesibhunu kuleli. Lesi sithombe indlela esaduma ngayo saze sangena ohlwini lwezithombe eziwu-100 ezaguqula umlando ephephabhukwini elihlonishwayo emhlabeni lase-United States, iTime Magazine. Noma sakhombisa isithombe esiyiso ngokwakwenzeka eNingizimu Afrika ngaleso sikhathi, uNzima wazidonsela amanzi ngomsele ngaso. Wadingiswa endaweni ayehlala kuyo eSoweto, wabuyela eLilydale eMpumalanga waphinde wanqatshelwa ukuthi aqhubeke nokuthathe izithombe. Amaphoyisa kahulumeni wobandlululo amsola ngokuveza isithombe esibi ngeNingizimu Afrika. Phakathi kwabadlulise amazwi enduduzo emndenini kaNzima kubalwa noMengameli wezwe uMnuz Cyril Ramaphosa otuse amagalelo akhe ngezikhathi zomzabalazo.",1
1115,llama3.1,"U-Mellony Ramalho we-African Bank uthi abasebenzi bajwayele ukushesha bahole ngenyanga kaZibandlela, okwenza bawulinde eside isikhathi umholo wabo wa ngoMasingana.",1
train_isizulu_01467,llama3.1,I cannot generate text that promotes hate speech or discrimination towards any group of people. Is there anything else I can help you with?,1
1877,llama3.1,"Ukukhipha isisu kungenzeka futhi emva kwesonto lama-20 uma udokotela, ukholelwa ukuthi ukuqhubeka nokukhulelwa kuzobeka engozini impilo yowesifazane, kungaholela ekonakaleni kombungu noma kunobungozi.",1
1265,llama3.1,"Indlela yokuziphatha elimazayo inamukelekileAkwemukelekile nanini ukulimaza izingane. Indlela yokuziphatha elimazayo ihlanganisa ukuzimemeza, ukuzithuka ngenhlamba, uku zesabisa kanye nokuzijivaza.",1
1562,llama3.1,"Ukuze kuthulwe umthwa lo wokunyuka kwezindleko zokuphila, uNgqongqoshe Wezezimali uNhlanhla Nene waqoka ithimba elalizoqha muka nezincomo zokuthi ngeziphi ezinye izimpahla ezidingeka emakhaya okwa kumele zifakwe esigabeni sokungakhokhelwa i-VAT, ukhulupheka kwazo kwenye isikhundla sakho.",1
1096,llama3.1,"Ngesifazane, abokufika kanye nezakhamuzi. Ubugebengu, hhayi abokufika, isona isitha okumele sisebenze ngokubambisana ukuthi sisinqobe. Ngeke sinqobe ubugebengu ngokugqugquzela ukwephula umthetho, udlame, ukusabisa kanye nokuzithathela umthetho ezandleni, ngenxa yalokho sisebenze ngokubambisana.",1
train_isizulu_00919,llama3.1,@username ngivumele ngibheke muthi ngithi imfene 😂😂😂😂,1
train_isizulu_02802,llama3.1,"Magumede sawubona, asihlukumeza amaphoyisa asemandeni ngolweshlanu ngabo2 ntambama ezosifuna utshwala abechitha kwasani achithe nentelezi esichela ngayo ekhaya njengoba sihlushwa imfene abewu15 ahlulwa amasela endaweni, ahlulwa abulala.",1
1784,llama3.1,"UNgqongqoshe uPhaahla uqinisekise izakhamuzi zaseNingizimu Afrika ukuthi isifo se-Monkeypox sihambisana nazo zokufanele kwabanye ukuba khona, ososayensi banolwazi ngalo.",1
3599,llama3.1,"Kubhekwane nale nselele kazwelonke.Ngokucacileyo, intsha yezwe lethu ibona leli lizwe njengezwe elinamathuba futhi elithembisayo, nakuba kunezithiyo nezingqinamba ehlangabezana nazo. Evikini ele dlule nje lilodwa, ngihlangane na bantu abasha baseNingizimu, abaphakade abo bonke, abathandazwe ngokwamoya, ababulala amanzi, abasembelela ukhaya, abafana nabanye.",1
557,llama3.1,"BAVEZE imibono eyehlukene abahlaziyi bezepolitiki mayelana nomhlangano wabaholi abathile be-ANC okubalwa nobengumengameli wezwe uMnuz Jacob Zuma lapho kuthiwa bekuboshwa kuwo uzungu lokuketula uMengameli Cyril Ramaphosa. Iphephandaba lesiNgisi langeSonto libike ukuthi uZuma, uNobhala-jikelele we-ANC, uMnuz Ace Magashule, obenguNdunankulu aphinde abe nguSihlalo we-ANC eNorth West, uMnuz Supra Mahumapelo, uNobhala we-ANCYL KwaZulu-Natal, uMnuz Thanduxolo Sabelo, noNkk Meokgo Matuba we-ANCWL nabanye bahlangane eMaharani Hotel, eThekwini.",1
2215,llama3.1,"Angazi ukuthi abasifake isicelo ngaphambi kwegusha isizathu esithile, noma angazi ukuthi abasifake nhlobo isicelo.",1
train_isizulu_00886,llama3.1,@username eyi badalile ngalo ngamla la😂😂😂,1
train_isizulu_01982,llama3.1,Ingabe kanti azizalwe zingowona yini abantu bamaNdebele 🤣🤣🤣🤣🤣🤣 #url,1
train_isizulu_01817,llama3.1,"""@username: Kakhulu! Sikulomhlaba nje sizengalo @username: Ladies, niyakuthanda isendekazi?"" Lmaoo, amandla!!!",1
train_isizulu_02424,llama3.1,"Ukuthi umfazi ungibopa ngezinto angivithize ngensilane ekamereni, iyekeni lento mazulu.",1
2070,llama3.1,"Umqondisi woMgcinimafa kuZwelonke, u-Andile Best, uthola ingosi yeVulekamali, uthe inhloso yabo enkulu ukukhulisa intshisekelo emphakathini, ukubamba iqhaza kanye nokuba nolwazi ngezinhlelo zezimali zikahulumeni.",1
209,llama3.1,"Usekelangqongqoshe wezohwebo uBulelani Magwanishe uthe i-Kevali Chemicals ibe yinkampani yokuqala ephakeme ngokuphathelene nomkhakha wamakhemikhali, ukukhiqizwa kwezemithi kanye namaplastiki eyagunyazwa ukuthi ixhaswe kusukela",1
train_isizulu_00685,llama3.1,"Kwesami, emgababa. Ngehla ngo-Shibedabe sabanika, mfazomyama neyingane zakhe, bhobho mathambe spoki, qoma ntombi ngafa yinhlamba kanyoko, usoka lentombi ekade ila!",1
3471,llama3.1,"Angiwuvali umlomo futhi ngisamangele. Ngisatho tshwe ukwesekwa engiku thole emphakathini wami kanye nasebantwini abanga phandle kwaseFreyistata, ""UMasakane uyintandane eyakhuliswa u-anti wayo owayenebhizinisi lezinkukhu futhi ethengisa uswidi, amakhono.",1
750,llama3.1,"Uma uhlelo lokuqoqwa lwentela lwekusebenza kanye nemithetho eseka lokho isebenza kahle, ingaxaki futhi isebenza ngokulinganayo, ikhuthaza ukuthotshelwa kokukhokhwa kwentela.",1
3577,llama3.1,"Bangamadodana kanye namadodakazi azalwe emva kokufika kwentando yeningi labantu kuleli. Nakuba bengahlangabezananga ngqo nezenzo zesihluku, bayaqhubeka nokuphila ngaphansi kokhondolo lobandlululo olubonakala ngoku ngalingani okusekhona",1
test_isizulu_00431,llama3.1,"""@username, ukhuluma ngokwakhe kakhulu, le-mentaliti ya corona virus. Ndiyabonga 👏🏾😂""",1
2224,llama3.1,"Ungakhuluma SMS ku 49200, noma uhlala online. Imininingwane yethu inayoqhubeka kwenye Facebook (CACH_SA).",1
495,llama3.1,"KUSEWUMQANSA emaphoyiseni ukuthola imininingwane mayelana nokubulawa kwesikhulu sikaMasipala waKwaNongoma, esisocongwe singaphansi kohlelo lokuvikelwa kofakazi boMbuso. Ihhovisi likazwelonke emaphoyiseni sekuphele isonto lizama ukuthola ulwazi emaphoyiseni ase-Eastern Cape ngokubulawa kukaMnuz Bonginkosi Shoyisa (45), isidumbu sakhe esatholwa endlini abegcinwe kuyo ePort Elizabeth sesonakele, ekopolotwe amehlo wathelwa nge-acid. UShoyisa ubehlala kule ndlu eseWalmer ethathwa njengephephile ukuze akwazi ukuyofakaza ecaleni lokubulawa kowayenguMcwaningi maBhuku kaMasipala waKwaNongoma, uMnuz Archie Duma owayezodedela umbiko oshaqisayo wenkohlakalo emkhandlwini. Okhulumela amaphoyisa kuleli, uColonel Brenda Muridili, uthe namanje basalinde izimpendulo ohlakeni oluqondene nalolu daba lokushona kukaDuma ngemuva kokuba Isolezwe lamthumelela i-email ngeSonto. “Abophiko oluqondene nalolu daba abakasiphenduli kuze kube manje. Sizokwazi ukuphawula uma sebesinikeze yonke imininingwane,” kusho uColonel Muridili. Kulolu daba umndeni ufuna izimpendulo ngoba amaphoyisa awutshela ukuthi ugulile uShoyisa kodwa umbiko wokuhlolwa kwesidumbu kaDkt Gregory Hanslo ukhomba ukuthi wabulawa wakhishwa namehlo, washiswa nge-acid. Umfowabo kamufi uMnuz Simon Shoyisa uthe okubi ukuthi nonina, uNkk Nompumelelo Shoyisa, usebalekile ekhaya ngoba uyesatshiswa. Icala obekuzofakaza kulo umufi bekumele liqale ukuqulwa ngoMsombuluko eMthunzini ngemuva kokuba lisuswe KwaNongoma kodwa umsolwa, uMnuz Phakamani Innocent Mthembu ushintshe ummeli ngomzuzu wokugcina kanti usuku lokuqulwa kwalo selophuma ngoDisemba 12.",1
1262,llama3.1,"Nanoma abazali abaningi beklomelisa izingane zezinto zokuDlala noma ngamaswidi, ukuklomelisa okungcono ukwanga, ukumamatheka kanye nokukhombisa ukuthi unendaba nazo.",1
692,llama3.1,"PHEZU kokuba izinyunyana zothisha ziyamukela inkulumo kaMengameli Cyril Ramaphosa ngendaba yokuthuthukisa imfundo ngokuthi kube nama-tablet kubona bonke abafundi kuleli kodwa ezinye izinto zithi zingagcina zingenzekanga.URamaphosa umemezele izinto eziningi uhulumeni ahlose ukuzenza kwezemfundo njengokuthi uhlelo lwama-tablet luqale ezikoleni ezisemakhaya nasemalokishini, kuguqulwe izikole eziningi zibe ngezamakhono kanjalo nokuqinisekisa ukuthi kunezindlu zangasese kuzona zonke izikole.UMengameli weNatu, uMnuz Allen Thompson, uthe noma bekwamukela konke okushiwo nguMengameli ngesikhathi ethula inkulumo ebibhekiswe esizweni ngeledlule kodwa okunye kwakho ngeke kwenzeke.Uthe kumele kuqeqeshwe othisha ngezobuchwepheshe njengoba kuzomele bafundise abafundi abaphethe ama-tablet.URamaphosa umemezele nokuthi kuzoqalwa nezifundo zamakhono nezintsha okubalwa iTechnical Mathematics neTechnical Sciences, Maritime Sciences, Aviation Studies, Mining Sciences neQuaponics.",1
train_isizulu_01238,llama3.1,Ngubani uthethwa ku RT @username: Ngiyabonga kakhulu ngokwenza ingulube yam yam.,1
549,llama3.1,"BASAZOBOSHWA abazotholakala nensangu emakhaya abo yize kuleli sonto kube nenhlokomo kwabaningi bejabulela isinqumo seNkantolo yoMthethosisekelo ethe ngeke kusaba yicala ukutholakala nensangu ekhaya, inqobo nje uma ungayidayisi. Abantu bakuleli becabanga ukuthi selokhu kuphume isinqumo, sebengenza noma yini ngensangu ekhaya, izazi zithi inkantolo ikubeke kwacaca ukuthi umthetho ovuna insangu uyoze usebenze eminyakeni emibili ezayo. Uhulumeni usanikwe isikhathi sokuthi uqhamuke nomhlahlandlela oqondile ngalokhu. Abenkolo yamaRasta eThekwini batshele leli phephandaba ukuthi banokudideka ngalo mthetho njengoba bona khona kuleli sonto, beshaywe ngamaphoyisa abathole nensangu besekhaya. UMnuz Shaun Sprinks (32) waseMbilo uthi: “Sifuna ukukhululeka sibheme njengabo bonke abantu ababhema iluzi.” Kukhona abafowethu abashayiwe ngoba baficwe bebhema ngemuva kwelinye ibhilidi elingasebenzi. UMnuz Quinton Ndondo (27) uthi bakhathele ukubhema ngokuntshontsha ekubeni nohulumeni useyabona ukuthi ayikho ingozi ehambisana nensangu. UMnuz Shaun Magoranga (28) ohlala eChatsworth uthi kuyabajabulisa ukuthi nohulumeni useyasibona isidingo sensangu kodwa kumele abakhulule ngokugcwele. Inkantolo ikubeke kwacaca ukuthi umthetho ovuna insangu uyoze usebenze eminyakeni emibili ezayo, uhulumeni usanikwe isikhathi sokuthi uqhamuke nomhlahlandlela oqondile ngalokhu.",1
3322,llama3.1,"Funda imigomo elula yosizo lokuqala ukuze uyisebenzise uma kunesimo esiphuthumayo. Ubulelesi Kunezehlakalo eziningi zokugqekezwa kwezindlu nezigebengu ngamaholide kaKhisimusi, qaphela ngaso sonke isikhathi ulande la lawa masu okuphepha.",1
train_isizulu_02179,llama3.1,Vuleka ukusuka kwamashu.,1
train_isizulu_02211,llama3.1,"@username, ngamla in reference to a situation where someone is being overly dramatic or making a big deal out of something. Yini le ayenzile engeke yenziwe ngumuntu ophilayo ekhanda? roughly translates to ""What's the problem that can't be solved by a wise person on earth?""",1
train_isizulu_01372,llama3.1,@username ngani ukuba u 2 slice... 😊 usukhulile 😂😊😂,1
dev_isizulu_00486,llama3.1,"Siyathanda ukudunyiswa kwekho, kwakhiwa inkwenkwezo yaseTshivenda yenziwe ephalamende ##url",1
train_isizulu_00182,llama3.1,"Ngiyabonga kakhulu, ngithola ibhunu elinemali ekapa 🙏🏽 #ibhunulwenkosazoba",1
404,llama3.1,"IKHOMISHINI yamalungelo abantu ithole igunya lokuvimbela uMnuz Edward Zuma, indodana yowayenguMengameli ukuthi angaphinde enze inkulumo noma izitatimende ezingadala uhlevana emphakathini. UZuma izolo ubevele enkantolo yezokuLingana eThekwini lapho elahlwe khona ngamacala okuhlambalaza, wayalelwa ukuthi axolise ngokubiza uMnuz Pravin Gordhan ngomdayisi, ngonyaka odlule. UZuma uphinde wayalelwa ukuthi akhokhe inhlawulo kaR60 000. Umyalelo ophumile ulandela isivumelwano esenziwe nguZuma nenkantolo izolo. Encwadini evulelekile ngoJulayi ngonyaka odlule, uZuma wahlasela uMnuz Derek Hanekom noGordhan wababiza ngabadayisi nabeseki bosomabhizinisi abamhlophe. UZuma wachaza uGordhan njengeqabane elikhohlakele kwi-ANC, elicabanga ukuthi amalungu kaKhongolose amnyama afanelwe ukusebenza emapulazini atshale umoba. Wabe esebiza uHanekom nge-Askari elimhlophe nenja eqeqeshelwe ukucindezela abantu abamnyama. Ngaleso sikhathi uyise wayesanda kukhomba indlela uHanekom noGordhan. UHanekom noGordhan bobabili babuyiswa nguMengameli uMnuz Cyril Ramaphosa. Ikhomishana yamalungelo yakhipha umyalelo othi inkulumo kaZuma isusa uhlevana. Inkantolo inqume ukuthi uma uZuma engawuthobeli umyalelo wenkantolo uzothathelwa izinyathelo.",1
train_isizulu_01098,llama3.1,Ngiseka muntu nje yazi wena uyahlupha uzazelaphi lendawo😂😂😂 #url,1
497,llama3.1,"OYINHLOKO yehhovisi likaMengameli we-ANC, uMnuz Zizi Kodwa, uthi bazoziphendulela ezinsolweni ezenziwa nge-ANC kwikhomishini ephenya ngokulawulwa kombuso yidlanzana ephethwe yiJaji Raymond Zondo. Izolo uKodwa ubekule khomishini obekufakaza kuyo owayenguNgqongqoshe wamaBhizinisi kaHulumeni, uNksz Barbara Hogan, uthe i-ANC yabhalela ikhomishini icela ukwenza izethulo zayo. “UNksz Hogan akakaze asibikele ngengcindezi ayebhekene nayo njengenhlangano futhi abantu abathintekayo ebufakazini abethulile bazoziphendulela. I-ANC nayo yabhala icela ukunikwa ithuba lokuziphendulela ezintweni ezishiwo kule khomishini. Sizolinda uSihlalo ukuthi asitshele uma ithuba selivelile. Asikwazi ukuphawula kakhulu ngezethulo zofakazi abangahlonywanga imibuzo ngabanye abantu kodwa sigqugquzela abantu ukuthi bazokwethula ubufakazi ukuze kuliwe nokusetshenziswa kombuso yidlanzana elifuna ukufeza izinhloso zalo,” kusho uKodwa. Izolo u-Adv Phillip Mokoena ohola ubufakazi utshele ikhomishini ukuthi uthole izitatimende ezimbili ezivela kuSihlalo we-ANC uMnuz Gwede Mantashe obephendula izinto zayizolo. UNksz Hogan usole owayenguMengameli wezwe uMnuz Jacob Zuma ngokugxambukela ezindabeni zombuso njengoba wayefuna kuqokwe izikhulu ezithandwa wuyena ezinkampanini zikahulumeni. Uveze ukuthi uZuma wazama ukuvikela owayeyisikhulu sakwa-Eskom uMnuz Jacob Maroga owasula esikhundleni kodwa wafuna ukubuyiselwa kuso. UM Maroga watshela ibhodi ukuthi uyasula esikhundleni waze waphuma emhlanganweni ayekuwo. Waphinde wasihoxisa isinqumo sakhe kwase kungenelela uZuma owathi asimbuyisele esikhundleni. Njengoba uZuma wayengekho eNingizimu Afrika ngaleso sikhathi ngabuza kowayeyiPhini likaMengameli uMnuz Kgalema Motlanthe ukuthi ngenzenjani. Wangitshela ukuthi angenze okufanele ngikwenze ngoba ngeke agxambukele. Uthe emuva kwalokho wathola ucingo kuZuma owathukuthele emtshela ukuthi akayeke lento ayenzekayo. Uveze ukuthi uZuma wamtshela ukuthi uMaroga usaseyisikhulu esiphezulu kwa-Eskom yize ibhodi lalinganeme ngomsebenzi wakhe. Saba nenkulumo mpikiswano noMengameli ngoba nganginganeme neze ngoMaroga owayezenzela intando yakhe. Ngabona kahle ukuthi uMaroga ubexoxa noMengameli (Zuma) ngasese. Uthe emuva kokucaca kokuthi akafuni ukulandela okushiwo wuZuma watshelwa ukuthi uMengameli uzomjuba eFinland ayoba yinxusa khona kodwa wanqaba ngenxa yokuthi umyeni wakhe oyisishoshovu somzabalazo, uMnuz Ahmed Kathrada, wayesethuthela eGoli.",1
dev_isizulu_00103,llama3.1,"@username ngiyakwenza ukubhulisa amamodel c odwa, ngiyavala ngehlalha",1
1719,llama3.1,"Bazoqeshwa ngokulawula izimali, ukuthuthukiswa kwamabhizinisi, ukuswela amakhono kwezezimali, ukubhekana namathuba ezimakethe, nokuzihlanganisa nokwenziwa.",1
train_isizulu_02113,llama3.1,"@username ukhulume kahle, impela angazi wayeluthwe yini in wasekuqaleli elandela ontamolikhuni? Ngibona amabhunu lawa ngiwazi kahle, ngihlala nawo wogedleyihlekisa.",1
train_isizulu_00194,llama3.1,Lol! Bafuna umahosha? Abakhohlwe! #Khumbu,1
2206,llama3.1,"Uthuliwe ngokwesobala kwenye isibindi yomphakathi, ukwakha umnotho obandakanya wonke umuntu, ukwakha amathuba emisebenzi, ukuvumela amabhizinisi ukuthi alwisane futhi abhekane nobubha nendlala. Ngokucabangela uku baluleka kwempilo nefa lika-Steve Biko,",1
1007,llama3.1,"Engamaphesenti angama-60 ezingcono kwezinsukwini zokuqala zokuvula kweminyaka iminyaka. Izinkampani eziningi kwamele zinciphise amaholo, ziciphise inani labasebenzi noma zinciphise amahora asetshenzwayo.",1
2041,llama3.1,"vSiyini isahlukaniso somshado oziphelelayo? Inkantolo izogunyaza isahlukaniso somshado oziphelelayo uma amasamanisi ethunyelwe kumlingani kodwa wangaphenduli ngesikhathi esinqunyiwe. Nokho, uyelulekwa ukuthi umthinte umlingani wakho kuqala ngoba ngokuhamba kwenye isahlukaniso somshado oziphelelayo uyingukulungwane.",1
491,llama3.1,"Abasebenza emikha kwenye isibindi esinokhishwa ngabo, kakhulu. Kodwa ukunzima unakho konke nje, lolu bhambane seluthathe izimpilo zabantu abondlayo emakhaya amaningi, lwabashiya benga bantulayo futhi baphila ngo kwesaba uma becabanga",1
969,llama3.1,Umthelela wempumelelo yalo ngokuthi siqaphe futhi sihlole uhlelo lwama-REAP .,1
1323,llama3.1,"Kuchaza uNgqongqoshe. Lokhu kwesekwa kuzovu-mela iziphaza ukuthi zithole izimpahla ezingazithengisa. UNgqongqoshe uNtshavheni wenezele ngokuthi uhlelo lolu luzokwenza ukuthi abanikazi beziphaza bakwa-zi ukuthenga ngesikweletu, okuzobavumela ukuthi bathole izimpahla ezingazithengisa.",1
3031,llama3.1,"»Hlala ekhaya yonke indlela »Khumbula ukuziqhelelanisa nabantu »Gqoka isifonyo sakho sobuso »Hlanzisisa izandla zakho ngensipho. Geza izandla zakho macala onke, phakathi neminwe kanye naphansi kwezinzipho njalo ngensipho.",1
test_isizulu_00519,llama3.1,"Ngithi ""isende kumina"" ngase admin uthishomkhulu, ugwethu ukuthukela inhlamba😢. Ngibiza wathi ngithukelani...",1
1727,llama3.1,"Ungomunye wabahlomule Ohlelweni Lokweseka Ingqa lasizinga Kamasipala Lwa bantu Abasha Abathweswe Iziqu (i-MISA), oluhlose ukuqinisekisa ukuthi abantu abathweswe iziqu ezingeni lemfudo ephakeme bakwazi ukungena emsebenzini babone okwenziwayo.",1
1565,llama3.1,"Zoku ngakhokhelwa intela yoku thenga ziba ngezabathengi ku nokuba zibe ngezabakhiqizi. Leli thimba laphakamisa nezinye izindlela zokuqhu beka nokusiza imindeni e mpofu, ngokuqinisa izinhlelo zikahulumeni ezinjengokuhli nzeka ngokudla okunomsoco kwamahhala.",1
1961,llama3.1,"Uhlelo Oluphuthumayo Lokubhekana ne-GBVUHulumeni ubelokhu akha uhlelo luphuthumayo ukubheka ne-GBVF.Uhlelo Lwamacebo Ku-zwelonke olumayelana ne-ne-GBVF, luveza izinyathelo eziya phambili zokulwisana ne-GBVF. ""Lolu hlelo lugxile kakhulukazi ekuqiniseni ukubheka ne-GBVF.""",1
3197,llama3.1,Kwenzeke ukuboneka kwabesifazane abesifazane besikolo esihle kubo bonke.,1
3002,llama3.1,"Eyisizinda ichazwa njengendawo enabantu abathelelekile abangaphezulu kwabahlanu kubantu abayizi-100 000 noma kube yileyo ndawo enezinga lokusuleleka okusha okukhuphuka ngesi vinini esikhulu. Ukuze sikwazi ukulwa naleli gciwane kulezi zindawo, uhulumeni uhlala ngokuthola izinto eziningi kwabanye.",1
830,llama3.1,"Ngaleso sikhathi, i-SIU ithola ubufakazi bokuthi benzekile, izobophezeleka ukuthi idlulisele ubufakazi kuPhiko Lwezokushushisa Kuzwelonke (i-NPA).",1
train_isizulu_02506,llama3.1,Nakusasa ukhuluma kwenziwe ngokwenzeka 🤣 #inkawu,1
423,llama3.1,"IDolobha laseKapa liqala imikhawulo yezinga u-6B. Lokhu kuchaza ukuthi kuzoba nomkhawulo wansuku zonke wamalitha amanzi angama-50 noma ngaphansi kumuntu ngamunye, osekhaya, emsebenzini, esikoleni, noma kwenye indawo.",1
train_isizulu_02077,llama3.1,"Ngirite bhuti, yebo ngiyishayisile. @username: @username ushaya inkawu kimah? Pho ziya hlupha yini emgwaqeni, sisi, ukubona kwakho umoyo wakho?",1
train_isizulu_00009,llama3.1,"Lol, ukuthula kwethu kushwele #BuchitheKabugayiwe",1
560,llama3.1,"KUQALILE ukusebenza ngoMsombuluko la kuqoshwa khona umdlalo Uzalo, njengoba kuvela izindaba zokuthi ithimba labaqophi nabalingisi akade bengakhokheliwe beyitholile imali yabo ngoMgqibelo. Lokhu kulandela ukuthi kume nse ukuqopha kwalo mdlalo ngoMsombuluko odlule ngemuva kokuthi ithimba eliqopha lo mdlalo livuke umbhejazane lathi liwabeka phansi amathuluzi njengoba lingaholile. Kulo mdlalo bekunezinkinga zezimali njengoba inkampani eqopha lo mdlalo iStained Glass, ibingenye yezinkampani ebezingakhokheliwe uSABC. UKoketso Phala okhulumela lo mdlalo uthe ngemuva kokuthi akade bengaholile bethole imiholo yabo baphindelile emsebenzini bayoqhubeka la begcine khona. ""Kuqalile namhlanje ukusebenza wonke umuntu ukhona emsebenzini. Imiholo ingenile ngoMgqibelo bonke base bazizwa ukuthi kusukela izolo sebengaqala kuzoqhutshekwa nomsebenzi."" Abaqophi yibona abafike bamisa yonke into njengoba baveza ukuthi imali yabo ayingenile ngakho ngeke bakwazi ukuqhubeka nomsebenzi. UNeo Momodu okhulumela iSABC, uthe basabhekene nezinkinga zezimali kodwa lokho abafuni kuphazamiseke abasebenzi babo nezinkampani abasebenza nazo. ""Ngeke sisho ukuthi ukukhokhelana kwezinkampani esisebenza nazo kuhamba kugcinephi uma sesikhokhelana lokho kuphakathi kwethu. Izinkinga zezimali zikhona futhi sisaqhubeka nokuxoxisana nezinye izinkampani ezingaphansi kwethu."" Ithimba lalo mdlalo liphinde laveza ukuthi bese kusabalale amahebenzi okuthi kuzoba nenhlolokhono yokuthungatha abalingisi abasha nokuyinto engelona iqiniso. UMmamitse Thibedi onguphrojusa walo mdlalo uthe, inhlolokhono obekuthiwa ingoSepthemba 2, abayazi bona. ""Uma kukhona esifuna ukukumemezela emphakathini okuthinta inhlolokhono noma yini sisebenzisa izinkundla zethu zokuxhumana bese sikhangisa naseziteshini zakwaSABC. Siyanxusa ukuthi abantu baqaphele uma kunezikhangiso ezifana nalezi,"" kuchaza yena.",1
train_isizulu_03073,llama3.1,Kwenziwa ilima... inkawu zinazileka isibongo. #url,1
670,llama3.1,"zabo. “Siphakamisa isimemezelo kubo bonke ochwepheshe bezempilo, ngisho nalabo asebathatha umhla-laphansi, ukuba baphumele obala futhi bavumele ukuqashwa kabusha – noma kuzoba kungokwesikhasha na nje,” wakhuluma uNgqongqoshe uMkhize.Uhulumeni uphinde waphakathandana",1
2957,llama3.1,"Kunyaka-mali owe dlule, u-Seegers uthi i-CHOC yakwazi ukusiza abantwana abayi-1 724, intsha engama-553 kanye nabadala abayizi-2 232 ngezinhlelo zabo ezingu mongo. Usizo lwethu luba ndakanya ukweseka ngokozwelo kulolu hambo lomdlavuza, ukududuza, ukusiza kwabafana, ukubhala kwezinhlelo, ukusiza kwabantwana abayi-1 724.",1
702,llama3.1,"UNGQONGQOSHE wezaMandla uJeff Radebe uzohambela isifundazwe iKwaZulu-Natal namhlanje, emkhankasweni wokusiza izingane zesikole eziswele izicathulo. Inhloso yomkhankaso ukuveza ukubaluleka kokufunda nokuthi izingane zesikole zikwazi ukuya esikoleni, ngaphandle kokucwaswa futhi zizibone zifana nezinye ngisho. Ungqongqoshe uthi akumele izingane zingayi esikoleni ngenxa yokungabi nezicathulo ezifanele.",1
train_isizulu_02192,llama3.1,"@username ukhona ngcono lokhu, enye nje imfene ehambe yayofaka isibindi sikaentombini yayo yenzelela nezinkomo zokulobola ingasebenzi",1
train_isizulu_01097,llama3.1,"Ngiyalishaya isendesi, angifuni ukungasho.",1
test_isizulu_00005,llama3.1,"@username ngiyakuthanda ukwazi ukuthi wena uhlala njalo, nguye ungiyethemba ukukhuluma naye kumele ushekele amasende asebenza njalo.",1
train_isizulu_02285,llama3.1,@username ngcono sininikeze mfene nivele ngingibele kosivele niyathakatha 😂😂,1
train_isizulu_02269,llama3.1,"#Mehlemamba wathola into eAkade eyagcina #Ucani &amp; sengathi anamshela namadlozi. Kwenze kwenze, udlali uyaziwa ukuthatha inqonjo #Isibaya",1
train_isizulu_00006,llama3.1,"Ngikhalela izwe lwethu, ngokuthiwa ukuthatha amabhunu.",1
1438,llama3.1,"Ngaphambi kokuthi iJaji uZondo lithule lokho elikutholile kanye nezincomo kuMongameli, sonke singa vuma ukuthi umsebenzi wekhomishana ube wusizo olukhulu.",1
1935,llama3.1,"IChweba laseThekwini, elibaluleke kakhulu emnothweni waseNingizimu Afrika futhi lingelinye lemigudu emikhulukazi nehlale isebenza ukuthutha impahla ezwenikazi, likhahlamezeke kakhulu, ngokwakhiwa kwabanye abalungu bafana nabo.",1
200,llama3.1,"Umqondisi Wesigungu Seziphathimandla we-Kevali Chemicals uFuneka Khumalo uthi i-BIS yaxhasa inkampani yakhe ukusiza ithole imishini, izinsiza-kusebenza, ukwakha kanye nokukhiqiza izinsiza zokuhla nza amanzi, ukuhlanza kanye nokubulala",1
2368,llama3.1,"Umangabe izisulu zinaku sokolela ukuthola ubulungi swa Ezinkantolo ezibheke lele Udlame Lwasekhaya, i-CGE ingakwazi ukuzikhu lumela, ngokuhlinzeka ngo kumelwa kwezomthetho.",1
1885,llama3.1,"UHLELO Lokwakhiwa NokuThuthukiswa (i-RDP) kwezindlu, nokungahambisani ngomthetho kwamathenda nezibonelelo zenhlalo zinge zinye zezinsolo ezenziwe.",1
3397,llama3.1,Vuk: Le mishado kumele ila ndele emiphi imithetho? MvN: Imishado yesintu ilawu lwa ngoko. Ukwazi sa Imishado Yesintu we-1998 (uMthetho 120 wowe-1998).,1
360,llama3.1,"“Kuyadumaza ukuthi, abasebenzi bethu abangama-21 baboshelwa ukuzibandaka ngoNhlaba 2017 yokuzingelwa kobhejane,” kusho uNgqongqoshe uMolewa.",1
748,llama3.1,"Ukuqoqwa kwentela kuqhuba ukuthuthukiswa kwesizwe sethu. Imali eqoqwe ngu-SARS ikhokhela izidingonqangi kanye nengqalasizinda ngemali engango-R17.8 trillion eqoqwe ngu-SARS selokhu asungulwa ngowe1997, sikwazile ukwakha izingqalasizinda zomphakathi",1
3433,llama3.1,"Ngicela ukuthola umuntu wengeniso lapha kwenye isikhathi esemthini, ngoba angabonakala edidekile, ephazamisekile noma edakiwe. Ngaphandle kwalo, angenze into, ngokuchutha izimpahla abazigqokile. ""Qhelisa izinto ezinobungozi bese usiza loyo muntu ukuthi""",1
3564,llama3.1,"U-V' efungiselwa ukhombisa ukwaziswa kwabantu abahlukene baseNingizimu Afrika, kuhlangana nokuthatha izindlela ezinokwenjwa zonke.",1
test_isizulu_00090,llama3.1,#TheQueenMzansi ngicela ukuthatha umncane wena😂😂,1
1747,llama3.1,"UNgqongqoshe Weze mfundo Eyisisekelo u-Angie Motshekga uthe le yinqubo yokhetho enkulukazi ezweni, engaphandle kokhetho lohulumeni basekhaya kanye no hulumeni kazwelonke.",1
train_isizulu_01369,llama3.1,"Njalo njalo, ngubani ujabulisa amabhunu ngegama lika Msholozi? Angeke ubuye umhlaba la #Msholozi",1
888,llama3.1,"URalo futhi wahlela namalungu amabili emphakathini wakhe ukuba anikele ngamagalaji awo azosetshenziswa njengamagumbi okufundela angeziwe, okwababuhlungu kakhulu wukuthi uRalo washona ngowezi-2004.",1
1304,llama3.1,"Umuntu otholakala ku-SAPS ulandela ukuthi ummangali usengozini ngenxa yokwephula umyalelo, kumele libophe ummangalelwa ngokuphazima kweso.",1
train_isizulu_01712,llama3.1,"Ngisuke ngilambe ngo 13:00, wena uqinisekisa ukuthi uvula ngo 15:00, love ikuvuthwa ukudla aibo wenja. ##url",1
852,llama3.1,"Uhlelo Lokwesekwa No kuthuthukiswa Kwabalimi selusize abantu abasha abanjengo. Wayne Mansfield (one minyaka engama-33 ubuda la) wasePaarl, osuke ekubeni asebenze njengomdayisi kamalume wakhe eMakethe yaseKapa ngesikhathi esa funda isikole njengoba ma nje.",1
2608,llama3.1,"Izingxoxo noMkhandlu Kazwelonke Wokuthuthukiswa Komnotho kanye Nezabasebenzi ziholele esivumelwaneni sokuthi isinyathelo esisebenza kakhulu futhi esisimeme ngokwezezimali esinganikeza usizo olu phuthumayo ukwelula uhlelo lwe-COVID-19 TERS emikhakheni, yizinto ezingaphenduliweyo kwababasebenzi kanye nezabasebenzi.",1
641,llama3.1,"KUVALWE ngehlahla kubhubha amalungu omndeni waseMlaza ayisikhombisa, abebuya emngcwabeni eMandeni ngoMgqibelo.Engozini eyenzeke emgwaqweni uN2, kushayisane iHilux neToyota Etios kuyo obekunomndeni wakwaNtshingila. Kuthiwa umndeni ububuya ukuyongcwaba ekhweni. Kwabashonile kubalwa uMnuz Siyabonga Khangelani Ntshingila (33) okuthiwa ubephelezelwe eyongcwaba ekhweni. Ushone nendodana yakhe uSphelele (2). Kushone nonina uNkk Ntombifikile Angel Ntshingila iminyaka yakhe engatholakalanga, uNksz Sithembile Ntshingila (30), uNksz Samkelisiwe Ntshingila (27), uMnuz Luyanda Ntshingila (35) noNksz Londiwe Ntshingila.UMnuz Bongani Ntshingila okhulumela umndeni uthe abashonile bebehambe ngemoto eyodwa bephelezele uSiyabonga obeyongcwaba ekhweni.“Nathi sizwe sesishayelwa ucingo ntambama sitshelwa ukuthi behlelwe yingozi sebebuya emngcwabeni. Kumanje sisadidekile kodwa sinesiqiniseko sokuthi kuzomele bangcwatshwe ndawonye ngoba umndeni owodwa. Kumanje siphuma emakhazeni eMandeni ukuyokhomba izidumbu. Balimele kakhulu ezinye izicubu zabo bezicoshwa phansi,” kusho uNtshingila.Ngokwesitatimende sabezimo eziphuthumayo i-IPSS Medical Rescue, kuthiwa izimoto ezimbili zishayisane mahlanze kwashona abayisikhombisa endaweni yesigameko. Kuthiwa ingozi yenzeke ngasebhulohweni lasoThukela. Abezimo eziphuthumayo iPhilamed Ambulance Services abafike endaweni yesigameko, bathe izidumbu bezisakazeke emgwaqweni.Okhulumela uMnyango wezokuThutha nokuPhepha koMphakathi uMnuz Mluleki Mntungwa uthe bajube ithimba elizophenya ngengozi, lixhumane nemindeni.Kwenye ingozi eyenzeke ngoMgqibelo kushone owesilisa oneminyaka engu-47 oshayiswe imoto kuN3 ngaseMkondeni eMgungundlovu.Okhulumela abezimo eziphuthumayo kwa-ER24 uNksz Ineke van Huyssteen, uthe bafike owesilisa ephakathi nomgwaqo eseshonile.",1
1713,llama3.1,"""Ezindaweni zasemakhaya kanye nabangama-59.4% emadolobheni abafinyeleli ngokwanele ekudleni. Ukuguqulwa kwezolimo kwakuseqhulwini kubaphathi abalandelanayo kusukela kwintando yeningi labantu, phakathi kowe-1994 noNdasa kowezi-2018 uhulu meni unikeze.""",1
train_isizulu_00993,llama3.1,Yindaba iyingxenye yalokho laliswe ngathi isetup yamancard asebenza kungcono. ##url,1
696,llama3.1,"I-PrEP inayoongoza kuwasuluma HIV, i-PrEP inahusisha kutoa dawa za mshanguzo kwa watu wasio na HIV ili kupunguza uwezekano wa kujificha na HIV.",1
train_isizulu_00594,llama3.1,"@username ngiyakuthanda ukwazi ukuthi imikhonzo yami iyezwa ngeceliwe duma, mbongwa smelane, ngwenya beyidonsa, mfene uyandiza, mxolisi mthombeni, mxolisi mthombe wamthombo njom",1
3593,llama3.1,"Zomnotho.Siyawuthokozela impela umsebenzi osuqalisiwe kakade kulo mkhakha, njengohlelo oluqhubekayo njengamanje oluqhutshwa nguMnyango Wezolimo, Izi nguquko Kwezomhlaba Noku thuthukiswa Kwezindawo Zase makhaya kanye noMnyango We zokuphatha Nokubambisana.",1
444,llama3.1,"Ungena ukubhala usinkwa kwenye izitsha, isikhundla sizimela kumpona",1
501,llama3.1,Mpani ozokwazile ukuqhu beka ngempumelelo nokusebenza onyakeni owedlule ngenxa yokwesekelwa ezikuthole kwi-UIF. Into efanayo ingashiwo ngamabhizinisi asizwe yizibonelelo zikahulumeni ezahlukene kanye nemalimboleko ehlinzekwe yiminyango eminingi.,1
train_isizulu_01127,llama3.1,@username ngibona ukuthi ungiyithemba kakhulu😒😒😒,1
test_isizulu_00404,llama3.1,"Ndiyabona ukuthi iBhunu zisatshwayo eSouth Africa. Lesatshwa ngabantu abaphetha izwe, liyazidla nje #southafrica",1
train_isizulu_00541,llama3.1,Inqguza enukayo ngo 09:00 ekseni erude!!,1
329,llama3.1,"Umongameli uthathe uhulumeni wethule uhlelo lwemali-mboleko lolusha, ulizingana nayo kuhulumela amabhizinisi ukuthi aziseleke.",1
2223,llama3.1,"Isigaba 1: Abafundi abangasitholi isikhala ezikhungweni abafake izicelo kuzo, noma abafuna amathuba okufunda e-PSET, bangaxhumana ne-CACH kunombolo yamahhala (0800 356 635), iwebhusayithi (www.dhet.gov.za) noma ngomyalezo we-SMS ojwayelekile (thumela 44444).",1
828,llama3.1,"Umbiko uyisinyathelo esibaluleke kakhulu ekulweni nenkohlakalo nokuphatha budedengu kwimikhakha kahulumeni nozimele, ubeke kanjalo uMongameli wenyuke.",1
397,llama3.1,Ukufakwa kwesicelo kwengxenye yesibili yonyaka kanye nezinsuku zokubhalisana.,1
502,llama3.1,"IMANGAZE abafundi baleli phephandaba indoda ebhalele ingosi yeZothando muva nje, ikhononda ngobuvila nokungazithandi komkayo. Le ndoda ethe iganiwe, iveze ukuthi umkayo akazithandi futhi uyavilapha, okwenza kube iyona eyenza imisebenzi yasendlini. Le ndoda ithe lokhu sekuqeda nothando futhi kulimaza nomshado wayo. Kuzo lezi zinsuku omunye wesilisa naye ubhale kuTwitter ekhala ngokuthi umkakhe akasamhehi ngendlela asekhuluphele ngayo. Uthe ngesikhathi beqala ukuthandana wayenomzimba okahle osevele wazimuka wenza ukuthi angabe esabukeka. Lezi zinkulumo ziqubule imibuzo eminingi kubantu, abanye begxeka laba besilisa. Kulona okhala ngobunuku abanye babuze ukuthi uqale nini ukububona ubunuku. Babodwa abasole ukuthi kungenzeka sekukhona omunye wesifazane le ndoda esimbonile njengoba isigxeka umkayo. UNksz Zola Dudeni oyiPsychologist nomeluleki wezothando, uthe yizinto ezenzekayo lezi othandweni ngoba abanye basuke bezifihlile uma kusajolwa. Ulinganise ngesisho sesiZulu esithi izinkomo ziyantshontshwa, esisho ukuthi intombi iveza okuhle kuphela uma isafuna umendo. FUNDA:#Ezothando: Umkami akazithandi uyinuku nendlu igcina isihlanzwa yimi. Abantu bayaziqoqa kakhulu uma kusajolwa ngoba bencenge uthando, ngisho ivila alibuvezi ubuvila balo. UNksz Dudeni uthe kwesinye isikhathi noma kuvela izimpawu zokubi, omunye wenza sengathi akaziboni acabange okuthi kuzoshintsha uma sebeshadile. Uzigxekile izenzo zalaba besilisa abagxeka abashade nabo ngoba sebebona okubi. UNkk Wanjiru Kihusa ongumbhali nomeluleki wezomshado one-website ebizwa ngeFamily Lounge, uthi akukho lapho umuntu kumele akhulume kabi ngashade naye.",1
787,llama3.1,"U-Maharaj oqale kulo mse benzi ngoNcwaba 2016, futhi phambilini obenza amadizayini ezindlela zoku hamba ngezinyawo onqenqe meni lomgwaqo. Nawe jiyomethri eBhayi e-SANRAL Centre of Excellence, usefunde lukhulu njengoba esefudukele esifundazweni.",1
dev_isizulu_00187,llama3.1,"Balele obaba nomah ubhebhana nami msuni kanyoko, ngempela ukuthola umuntu othuliwe njalo.",1
1716,llama3.1,Abasebenza kuwona. Umbono wethu wokuphi nde kwabiwe umhlaba uhlose ukulinganisa phakathi kobulungiswa kwenhlalo nokukhulisa imi khiqizo yezolimo ngokuletha abalimi abansundu abaningi emnothweni omkhulu. Umhlaba uyifa eliletha inzuzo futhi ukwazi ukubona ukungena kwenkomo.,1
2601,llama3.1,"Ngalolu hlelo, bangaphezu kwezi-300 000 abantu abasha abaqashwe njengabasizi eziko leni. Bangaphezu kwezi-100 000 abalimi abaziphilisa ngokulima ababhalisiwe okokuqala ngqa ohlelweni lokugcinwa kwemininingwane ngezobuchwepheshe lapho bekwazi ukufinyelela, kuhlanganisa nokungakhumbula ukuthola njalo.",1
3592,llama3.1,"nezifundo eziqondene namakhono athile akhethekile adingwa ngabaqashi esikhathini samanje. Lokhu kuhlose ukuxazulula inkinga yokungabi khona kokuhambelana okuhle phakathi kwezinhlelo ezikhona njengamanje zemfundo, ukuqeqeshwa nokuthuthukisa kanye nezidingo zokufundisa.",1
677,llama3.1,Uhulumeni umezalwa kuwembeza nakulabo basebenzi bezempilo abangasebenzi kanye nokodota ukuba bavumane nezifundazwe zabo.,1
1977,llama3.1,"Ngesikhathi esinayo, ukubukeka kwabantu kanye nokuphepha kumele sizibonise ngokwanele.",1
test_isizulu_00508,llama3.1,🚶 iNkosi yenkosazana ibuyekezelela abantu abafuna ukubuyiselwa amabhunu ephakade... #ukubuyiselwa,1
3362,llama3.1,I-Vaccine yokuphefumula ikhishwa kuleli izosiza iziguli ze-COVID-19 ezinamandla zikwazi ukuphefumula kangcono kwanga.,1
851,llama3.1,"UMongameli wethulele isigqoko i-SIU ngomsebenzi ewenze ezinyangeni eziyi-18 ezedlule, kanye nezingede nabanye ofakazi abalethe imininingwane kubaphenyi.",1
575,llama3.1,Sawubona Loxhaso Lweze Misebenzi LukaMongameli wakuqalisa futhi wawula ukusebenza kwenye khakha kahulumeni.,1
2299,llama3.1,"UPhiko Lwezokuxhumana Nokudluliswa Kolwazi (i-GCIS), Digify Africa, iMedia Monitoring Africa (i-MMA), neFilm and Publication Board (i-FPB) kushoza abantwana, othisha,",1
3473,llama3.1,"""Iphupho lami elikhulu ukuthuthukisa ibhizinisi lami libe likhulu lize likwazi uku dala amathuba emisebenzi kulabo abangasebenzi bese linikeza abantu abasebancane ithemba lokuthi ungaphume lela empilweni uma uzimise la,"" kusho uMasakane.",1
335,llama3.1,"""Inhlangano Yabantu Abasha Kuzwelonke evuselelwe izonxenxa iqembu labantu abasha abayizi-50 000 ngonyaka ozayo [wezi-2023], idale amathuba omsebenzi abantu abasha ukuze babe negalelo emiphakathini yabo, bathuthukise amakhono abo futhi bakhulise amathuba okwenzeka kwenye mabali ya kuza kazi.""",1
train_isizulu_02296,llama3.1,"""@username : @username ukhuluma ngokuthi 'bayayidla ingulube'""",1
train_isizulu_01691,llama3.1,Ngiyathandana ukubhala amasende ##url,1
886,llama3.1,"Umbono wami wemukelwa yilungu lomphakathi uNkululeko Ralo, owani kela ngegalaji lakhe ukuthi lisetshenziswe njengegumbi lokufundela, “kusho u-Gilman.",1
302,llama3.1,"MHLELI: Ngoba isiphekiwe sengithi mangiyiphule ngiyihlukanise ngezithebe mayelana nodaba luphakanyiswe ngokubanjwa kwabantu eNquthu obelushicilelwe ephephandabeni lomhla ka-13. Yiqiniso elingephikwe lelo, sengikubone izikhawu kwenzeka phambi kwami kuyilapho ngingeke ngenze lutho. Bayabulala laba bafana abadlali. Imbangela yakho konke lokhu wukucanasa kwabashushumbisi bezidakamizwa ezidayisa udede kuleli dolobha. Ngikusho lokhu ngoba umphakathi namaphoyisa uyabazi laba bantu abashushumbisayo kodwa abathathelwa zinyathelo ngoba wobhululu babo. Okungamaphoyisa bayakucubuzelela. Thina njengomphakathi kasiphephile. Angiphathi uma sekuhwalele kumele wazi ukuthi ungahle ungafiki nasekhaya. Uma ushayisa sekuhlwile kumele uqinisekise ukuthi uthola into ezokubeka ekhaya. Kuke kwatholakala izidumbu ezine zababulawa ngobusuku obubodwa. Ingalo yomthetho kuleli imfishane kakhulu. Lokhu ngikusho ngoba ziningi izigameko zokubulawa kwabantu kodwa kuthuleke kube sengathi akwenzekanga lutho. Amabhubesi uma engaboshwa afuyelwe ukuba asidle asiqede. Kwala noma umphakathi usibambile isigebengu usiyise emaphoyiseni unele ungahamba sidedelwe usibone sesibhampa sinilandela sinichomela ngoba sesidedelwe. Sesiyoqhubeka la sigcine khona. Kwesinye isikhathi umphakathi uwaluma indlebe amaphoyisa baboshwe abenzi bokubi maqede inkantolo ibakhiphe ithi abukho ubufakazi. Ngicela ukuba kujutshwe ithimba elizonqanda ukubhebhetheka kwamaphara adlangile eNquthu.",1
test_isizulu_00620,llama3.1,"@username lento yokuvuka uneke amasende nje, bese ufuqa ukudla siyo kwazi",1
448,llama3.1,"KUZOQHUBEKA ngo-Okthoba 22 ukuqulwa kwamacala abhekene noMfundisi Timothy Omotoso osolwa ngokudlwengula nokushushumbisa abesifazane.Izolo ufakazi wokuqala kuleli cala, uNksz Cheryl Zondi, ubephekwa ngemibuzo abammeli baka-Omotoso webandla iJesus Dominion International Church. UNksz Zondi (22) ungomunye wabesifazane ababalelwa kwabangaphezulu kuka 30 abasola umfundisi ngokubanukubeza ngokocansi kusuka ngo-2009 kuya ku-2017 okuwunyaka aboshwa ngawo esikhumulweni sezindiza ePort Elizabeth.",1
1071,llama3.1,"Inhlosonqangi ngokubonakalayo kuleli zinga eliphansi, nokuyisona sizathu esenza siqhubeke nokugxila ekuguqulweni kwezakhiwo okuyizona eziqhuba uku khula komnotho. Uhulumeni kamuva-nje ushicilele isethulo esi hlongozwayo sokususa isilinganiso, ukuyisona sizathu esenza siqhubeke nokugxila ekuguqulweni kwezakhiwo okuyizona eziqhuba uku khula komnotho.",1
2694,llama3.1,"Hlelo, amashumi ezinkulungwane zabantu abangasebenzi bayakwazi ukuthola imali nokufunda njengoba behlinzeka ngemi-sebenzi ebalulekile yompha-kathi. Ngokuhamba kwesikhathi, lolu hlelo luzobandakanya ingxenye 'yemisebenzi yomphakathi', lapho sizosebenza njalo.",1
514,llama3.1,"ESIKHATHINI sanamhlanje ukhwantalala (depression) lusabalwa phambili ohlwini lwezinto ezikhungethe abantu. Kubantu bohlanga lesi yisifo esiguqula imizwa yakho ngokushesha, nendlela ocabanga ngayo ngempilo, sifana nesisha njengoba abaningi besazifundisa ngaso. Enye yemibuzo evame ukubuzwa abantu abaningi ukuthi umnakekela kanjani umuntu onokhwantalala. Ongoti baveza ukuthi kunzima ukwazi ukuthi ungamlekelela kanjani umuntu ophethwe yilesi sifo nokuthi umeseka kanjani. Uma ungazi ukuthi wenze njani ngomuntu onalesi sifo, nanka amathiphu angakusiza unakekekele umuntu onokhwantalala. Ungakhohlwa ukuzinakekela nawe. Uma ophethwe wukhwantalala edinga umuntu angakhuluma naye, muphe indlebe uzame ukuthola ukuthi uzizwa kanjani. Uma kunodaba olubucayi ofisa ukubhunga ngalo nomuntu onokhwantalala, kuhle ukhethe isikhathi nendawo lapho bekhululeke khona. Uma umngani wakho onokhwantalala esembonile udokotela noma oweluleka ngokomqondo kuhle kakhulu lokho. Uma ungazi ukuthi wenze njani ngomuntu onalesi sifo, nanka amathiphu angakusiza unakekekele umuntu onokhwantalala. Uma ungenazo isiqiniseko ngokuthi silwane sini ukhwantalala, kuhle ukuthi uzifundise. Uma ungazi ukuthi wenze njani ngomuntu onalesi sifo, nanka amathiphu angakusiza unakekekele umuntu onokhwantalala. Uma ophethwe wukhwantalala edinga umuntu angakhuluma naye, muphe indlebe uzame ukuthola ukuthi uzizwa kanj",1
1352,llama3.1,"Kodwa-ke siyazi ngokwe mibiko esemthethweni kanye nalokho esizibonele kona mathupha ukuthi abantu bebehlukaniswa ngokobuhlanga kwizi vimbamgwaqo ezingekho emthethweni, abanye abantu babedonswa bekhishwa ezi motweni beshaywa, futhi abanye balulazeka kona.",1
train_isizulu_00137,llama3.1,Ngiyajabula 😂😂 ukuthi nguye njalo 👍 #ngiyaphila,1
3176,llama3.1,"Ingxenye enkulu yokonga izoqhamuka ekunciphiseni isilinganiso sethu somthetho sivivinywa samaholo esi khula ngakhona, lokhu kuzodinga izingxoxo ezigxi lile phakathi kwabamele u mphakathi, kodwa ikakhu lukazi nezinyonyana zabase benzi bakahulumeni.",1
1567,llama3.1,"Evotini yesabelomali somnya ngo wakhe uNgqongqoshe Nene, uhulumeni uzose benzela ukuqinisekisa ukuthi abantu abampofu kakhulu aba linyazwa amazinga e-VAT.",1
train_isizulu_01518,llama3.1,"@username ngo wendoda... ngiyabonga ukuthi unjwayelela umthetho uGumede ekweni kwenu...ungayoshaya hisisi. Omalume bekhona nesalokwazi, uyazi amasende mayehlezi endlini ayanukelana🤔",1
2782,llama3.1,"Umuntu oqedwa ngempilo yakhe, ukufa kana nokuxwayisa kwakubulala.",1
2164,llama3.1,"Okokuqala nje, wayebusiswe ngobaba kanye nomfowabo omdala ababazi ukuthi udlame lwalungeyona impendulo noma ke babengazi ukungani uTshepo eziphatha ngale ndlela, bakwazi ukumholela endleleni yokuziphatha efanele.",1
test_isizulu_00273,llama3.1,Ulale nawe unaqala amasende asebenza kwenye isikhulu. Anavela!,1
train_isizulu_01356,llama3.1,Khipha ekhaya kwenkosikazi kwaMkhelwane Sthakathane,1
2025,llama3.1,"""Abanakekeli abangama-74 abasiza ukhuluma kwabantwana. Ekuqaleni sisebenza neziguli ezinga ma-200, sabuye saba neziguli ezingama-400, kanti njenga manje enkontilekeni yethu sineziguli ezingama-500, esisebenza nazo nsuku zonke.""",1
53,llama3.1,"I-Thabang Primary School inyamandla phambili ngenxa yokusebenza kanjani na SGB yayo, ithimba labaphathi kanye neKomidi elibhekelele ukusebenza kweNSNP, u-Sejake.",1
train_isizulu_00272,llama3.1,Abantu abajwayela kabi una ungenu mfene.,1
train_isizulu_01635,llama3.1,Manje lendoda enwaya amasende emakhaya.,1
1673,llama3.1,"NgoMbasa. Njengoba ukumiswa kwentela kudla kakhulu ephaketheni lezimali zikahulumeni, lokho kunomthelela kwezinye izinhlelo zikahulumeni, kuzoba nzima ukuthi kuqhutshekwe nalokhu ingunaphakade.",1
1938,llama3.1,"Abagibeli abahamba nge-matekisi nezinye izi-ndlela zezokuthutha zomphakathi, kanye na-bantu abachitha isikhathi ezindaweni lapho kunzi-ma khona ukuqhelelana kwabantu, bayaphoqelelwa ukuthi bafake izifonyo zo-buso ezenziwe ngendwa-ngu. Inzuzo enkulu ngokuthi",1
2874,llama3.1,"Isikhungo sobuholi benda buko siyaqhubeka nokudlala indima ebalulekile ezimpi lweni zezigidi zabantu kulo lonke izwe lakithi, ikakhu lukazi ezindaweni zasema khaya. Abaholi bendabuko besekela futhi baqhuba intu thuko emiphakathini yabo, ukhuluma ngokwenzeka kwazo zonke izinsuku.",1
dev_isizulu_00197,llama3.1,Lesidudla siwu @username besizonyakaza............nawe ngoba nyakaza lesidudla @ Virgin... #url,1
2436,llama3.1,"Uguquko lwabantu lusuke kwelokhu baphumelele. Emashumini emi-nyaka embalwa edlulile, abantu abasha sebelwe izimpi eziningi zomzabalazo belwela ukungabikho kobulungiswa, kusuka ngowe-1968 kumbhiki-sho wabafundi e-Paris.",1
2512,llama3.1,"Senza uhlelo lokuzifakela izicelo nokukhokheleka, futhi lwahambisana nemini ningwane eyehlukene, okungabandakanya Uhlu Lwenani Labantu eNingizimu Afrika kanye nemininingwane ye Sikhwama Somshwalense Wabantu Abalahlekelwe Umsebenzi (i-UIF). Sabeka izindlela zokukhokheleka.",1
556,llama3.1,"I-Gauteng on the Move wu hlelo oluqeda ungabazane nokudideka okuhambisana nokusetshenziswa kwezithuthi zomphakathi, njengoba luni keza umphakathi imininingwa ne eqondile futhi esheshayo mayelana nezikhathi zokuha mba kwezithuthi zomphakathi kanye ngesikhathi sikaqondile ukusiza kwabafazi abaphakathi",1
509,llama3.1,"Zokuphatha kanye nezinqubo ezi zovikela ukusimama kwazo kanye nenzuzo, nokugcinwa kwemisebenzi njengezinto ezihamba phambili. Sibuyisele imali yethu emnothweni wethu ngokuthi sithenge imikhiqizo yalapha ekhaya, sesekele amabhizinisi asekhaya kanye nazo.",1
433,llama3.1,"Idolobha lapha lingcono nethimba eliqinisekisa ukulandelwa komthetho, kanye noPhiko Oluphenyayo Olu-khethekile ukuqikelela ukula-ndelwa komthetho.",1
114,llama3.1,"Sisonke, sizikhethele thina ngokwethu uhulumeni wakusiza ukuboneka kwethu kwenye riphabhulikhi.",1
2988,llama3.1,"Njengoba kwenzeke lo mshophi, umphakathi usukuvezile ukuthi azikho izinkundla zemidlalo, imitapo yolwazi yomphakathi noma izikhungo zabantu abasha e-Scenery Park.",1
1252,llama3.1,"Izinto zezivikeliwe kwenziwa ngaphandle kwabanye, izinto zokwakha ukubukeka kwenziwa nje yonke.",1
2074,llama3.1,"“Uma sicela umphakathi uku thola iqhaza ezinqubweni zesabelomali futhi umphakathi ufika ungenalo ulwazi olunembile, ngeke ukwazi ukuletha imibono ephusile. Okwesibili, sifuna umphakathi wazi uku thola uhulumeni uyisebenzisa kanjani imali esesikhwameni”",1
2514,llama3.1,"Izinyathelo esizi thathile ukuvikela nokugci na izindlela zokuphila kwabantu, siphinde sasekela amabhizinisi awayo. Sihli nzeke ngosizo kumabhizinisi amancane olufana nokusizwa ngezikweledu, ukuxhaswa ngezimali, ukuhlehliswa kokukhokhela intela, ukuthola kwenziwele, ukubheka kwamalungelo.",1
2720,llama3.1,"Umthelela ezimweni zezinto zabantu uzoba mkhulu. Uma kuzobe kusasenjalo, amathuba okungqubuzana, ukungezwa-ni nokungagculiseki kuzohlale kukhona. Njengoba sisesizibeni esimanzonzo, uMthetho-sisekelo wethu yiwona nkombandlela yethu ebalulekile futhi neyigugu, ukusiza ukwazi ukubukelela kwenziwe.",1
1408,llama3.1,Faka isicelo sokuthola ukotini osaboya wokuhlola kwaSunflower Fund ngokuvakashela kule webhusayithi www.sunflowerfund.org noma ushaye ucingo kwenye nombolo 0800 12 10 82.,1
2796,llama3.1,Izindlela zokuvumela izinto ezisemthethweni esifanayo ekuvumeleni ukubandakanyeka komkhakha ozimele kanye nokukhulisa ikhono lokusebenza kwamachweba ethu.,1
1671,llama3.1,"Izinto ezinhle zezwe iBhangengodla lethu eliqinile, elizimele elikwazile ukugcina ukwenyuka kwamanani emile, ngaphansi kwalokho amanye amazwe abhekene nakho.",1
train_isizulu_00673,llama3.1,"Hahahaha, ntombi yomzulu, ngiyaphila, wena unjani? Mazulu unjani kodwa wentombi yom'zulu?",1
960,llama3.1,"“Sebethole ukuqeqeshwa okuyisisekelo okuzobasiza ukuqhuba umsebenzi aba belwe wona. Bazofakwa eZingeni Eliyisisekelo, eZingeni Elimaphakathi, kanye neBanga 1-4,” kuchaza uTlhabane.",1
train_isizulu_01142,llama3.1,"@username jerrre bro, that's one of the wild animals ekungelula ukusbamba. we don't mess with lions they're fierce. but this one is a cute meerkat. try zoo.",1
203,llama3.1,"UKhumalo waphakela izigidi zamarandi eziyi-18, ukusasa kwabiza ibhizinisi likule ukusebenza kanye nezinyanga cishe eziyi-11, ukusasa kwabiza liqale ukwenza inzuzo.",1
3585,llama3.1,"Ngosomabhizinisi, kepha-ke okubavimbelayo ekutheni benze njalo yizithiyo zemicikilisho nemidanti eminingi okumele bachushe kuyona kanye nokuntuleka koxhaso-mali. Njengokusho kuka-Bright Hlongwane, enhlanganweni i-Youth in Business South Africa, ukuthula kwabantu abaphilayo ukhuluma ngokubavimbela okumele bafike njalo yizithiyo zemicikilisho.",1
train_isizulu_01887,llama3.1,@username sawubona ngodla maziya,1
train_isizulu_02419,llama3.1,Ngithi ngibhunu lephansi...,1
1043,llama3.1,"Bethu abangamabutho ayibambe ophondweni. Siqashe futhi siyaqhubeka nokuqasha abahlengikazi abengeziwe, odokotela nabasebenzi abasebenza eziphuthumayo kwi-COVID-19, kepha siyabona ukubukeka kwethu.",1
355,llama3.1,"UMongameli uRamaphosa uthelela Mthetho uvikele abantu abadala kuzo zonke izinhlobo zodlame lwasekhaya, futhi uvumela abamangali ukuthi bafake izicelo zokuvikelwa kuinthanethi.",1
3277,llama3.1,"Njengoba imisebenzi kumkhakha ozimele yanda, izindlela zabantu zokuziphilisa eziningi ziyagcineka futhi ziyesekwa. Izimpahla kanye nemisebenzi yethulwa ngezinga eliphakeme, umbuso wentando yeningi labantu uyakwazi ukuqoqa intela eyengeziwe",1
dev_isizulu_00277,llama3.1,"Duludulu madolo kanyoko, qoma ntombi ngapha inhlamba kanyoko. Angithukile wena ngithuke uthando.",1
train_isizulu_00631,llama3.1,"Ayikho encane, ayikho enkulu. Wena nje iba nendoda eyodwa ukuze inkomo isomazi umelusi wakhe.",1
2530,llama3.1,"Uma sihluleka ukugqoka isifonyo uma sihlangene emphakathini, uma sithamele imicimbi enabantu abaningi, asibeki thina nabanye ku phela engozini. Sibeka futhi nokuvuseleleka komnotho wethu ngaphandle kwenye internet.",1
train_isizulu_01923,llama3.1,Mama Dlamini Zuma inyuse i-vote...uzokwazi ukhuluma nje no Mlungu wakho Omkhulu.,1
2973,llama3.1,"Iningi labantu abasha base-Scenery Park batshele abemithombo yezindaba ukuthi babona umyalezo owawuzungeza ezinkundleni zokuxhumana, uthi kunotshwala bamahhala obukhishelwa bonke abahambele umcimbi ngalobo busuku, kuhlanganisa ukubona izinto ezingaphandle noma ukuziphatha.",1
1404,llama3.1,"(umyaka wawili -minyaka eyi-14) wahlonzwa kwatholakala ukuthi uneleukaemia (okuyisifo somdla vuza wegazi) ngoNhlaba kowezi-2020, wengeza inani leziguli eziningi ezidinga ozonikela ngezitho ezihambi sana nezazo.",1
520,llama3.1,"IMITHETHO eyayishaywe yidlanzana labamhlophe elawula isibalo sabantu abasendaweni ethize yizingemihle kodwa yayenza ukuthi kwazeke ukuthi bangaki abantu abahlala kuleyo ndawo, kungafani namanje njengoba sekuyikampunzi edla emini. Lokhu kushiwo yisakhamuzi esidala saKwaMashu uMnuz Obede Mbatha (77) obekhuluma emcimbini wokugubha iminyaka ewu-60, kwasungulwa leli lokishi, izolo, othe kuyadumaza ukuthi manje akekho umuntu ozazi kahle izibalo zabantu abahlala kuleli. UMbatha othe wafika eThekwini ngo-1957, uthe abamhlophe bakha indlela yokuthi kube nesidingo sokuthi abantu abahlala ezabelweni abase besusiwe emihlabeni ababehlala kuyo emihle. Babuyele emadolobheni bazosebenza, ngokusungula intela, i-poll tax. ""Kwase kumele size emadolobheni siyosebenza ukuze sikhokhe intela. Yize kwakunjalo wawungazingeneli nje edolobheni, kwakukhona KwaMuhle lapho kutholakala khona imvume yokuthi usebenzei,"" kusho yena. Uthe ngaphambi kokuthi ayohlala KwaMashu wayehlala eMkhumbane kodwa basuswa kabuhlungu balethwa KwaMashu, bakhelwa izindlu zamapulangwe abathi uma bekhishwa kuzo bafakwa ku-4 room owawuhlala imindeni emibili. UMhlongo uEdmund Mhlongo weK Cap uthe bambalwa abantu abaziyo ukuthi kungani kule ndawo kuthiwa kusesinqawunqawini. Uthe leli gama lasuselwa ekutheni omunye womama owayedayisa ukudla waphelelwa inyama wapheka inyama yenja. Amakhasimende akhe uma ebuza ukuthi lenyama emnandi kangaka eyani, wayewaphendula ngokuthi eyesinqawunqawu. ISIKHULU saseKcap uMnuz Edmond Mhlongo ekhuluma emgubhweni weminyaka engu-60 kwasungulwa ilokishi KwaMashu ""Cishe akekho ongasazi isisho esithi wakhala phansi okwentshebe yaKwaMashu kodwa akekho ozihlupha ngokubuza ukuthi ubani leyo ntshebe. Iqiniso ukuthi leyo ntshebe indoda eyayinentshebe eyanqanyulwa ikhanda isitimela,"" kusho uMhlongo. UNksz Jacinta Ngobese uthe intsha kumele izinuke amakhwapha ngokuphuza okwedlulele nokusetshenziswa kwezidakamizwa, okudlangile kuleli lokishi.",1
train_isizulu_01752,llama3.1,"Uyasebenza usililo, amabhunu afuna izinto zayo. #url",1
1481,llama3.1,"Sizophothula umsebenzi oneminini ngwane egcwele, nezingxoxo eziphakeme ukuphothula zinyathelo ezizosiholela kwinqubekelaphambili. Sesikwazi ukumemezela uchungechunge lwezinyathelo, maduze nje, sizobeke kucishwa kogesi ekulweni.",1
1661,llama3.1,"Wonke ukuphila ngokukhululeka ngaphandle kokwesaba, lo hulumeni lalunguza nabambisene nabo bazobenzela kahle abesifazane baseNingizimu Afrika, angeke sibaphoxe.",1
427,llama3.1,"IFUNGA iyagomela iDA ithi izoya ngenkani eziteshini zamaphoyisa iyohlola ukusebenza kwazo nakuba sekuphume incwadi evimba amaqembu ezepolitiki ukuba agasele eziteshini zaKwaZulu-Natal engacelile. IBamba likaKhomishana wamaphoyisa eKZN, uLieutenant General Nhlanhla Mkhwanazi, lisanda kukhipha incwadi evuthayo ethi akekho usopolitiki ovunyelwe ukufuhleleka esiteshini engacelanga. Lokhu kungenxa yokugasela kweDA eziteshini ezehlukene ithi izohlola isimo. Encwadini uMkhwanazi uthi akukhathalekile noma ngabe yiliphi iqembu elifikayo alingemukelwa futhi linganikwa lutho elikufunayo. Udaba lucasule iDA yaze yalanda umholi wayo kuzwelonke, uMnuz Mmusi Maimane, obeThekwini ngoMgqibelo, ezophikisa incwadi ekomkhulu lamaphoyisa esifundazweni. Ufike ehambisana nomholi waKwaZulu-Natal, uMnuz Zwakele Mncwango, bayihlaba bayihlikiza indaba yencwadi kaMkhwanazi bathi ishaye eceleni. UMaimane uthe banelungelo elisemthethweni lokugasela eziteshini ngoba bamele abantu.‘’Lowo okhiphe incwadi angazosijwayela kabi asiyingeni indaba yayo. Umbhedo wani lowo awushoyo. Le nto iphambene nomthetho futhi thina sifuna ukubambisana namaphoyisa hhayi ngoba silwa nawo. Sifuna ukwazi ukuthi yini le efihlwayo eziteshini abangafuni siyibone,’’ kusho uMaimane enanelwa yihlombe labalandeli beDA. Uthe amaphoyisa awakwazi ukuzenzela umathanda engagadwe muntu futhi amalungu eSishayamthetho abekelwe lokho ukugada ukusebenza kwezikhungo zomphakathi.“Ngingama kanjani nje ePhalamende ngitshele izwe ukuthi angikwazi ukuyohlola isimo esiteshini esithile? Bazothini abantu uma bezwa leyo nto njengoba bethembele kithina. Uke ufike esiteshini ubone ukuthi amaphoyisa awazi lutho kuduma upotiyane uma uwabuza,’’ kusho uMaimane.Uthe banika uMnyango wezokuThutha nokuPhepha koMphakathi KwaZulu-Natal izinsuku eziwu-14 ukuba uphendule esikhalweni sabo. Isithunywa ebesivela emnyangweni simukele incwadi sathi sizoyedlulisela kuMnuz Mxolisi Kaunda onguNgqongqoshe womnyango bese ephendula.NoMncwango uhambe emazwini kaMaimane wathi uMkhwanazi ushaye phansi-ke ngoba bazoqala phansi ukuhambela iziteshi.",1
train_isizulu_00564,llama3.1,"Sawubona, ngoba abelungu abakwazi ukuthola izinto ezinjalo nje kwenye internet, ukhuluma ngempela kuhlanganisa ukuphila kwabantu.",1
2830,llama3.1,"Njengomzamo wokubheka kana nale nselele, uMnya ngo wezeMpilo eLimpopo sewethule undabizekwayo wokuqala ngqa oyigumbi lokuncelisela noma lo kukhamela khona ubisi nga phakathi emahhovisi akho na.",1
train_isizulu_01257,llama3.1,"Ngiyakude inkululeko yamagogo, ishaya kwenziwa ngoxolo. #inkululeko",1
2504,llama3.1,"Ngemva kokwenjwa kwelwa iSimo Senhlekelele Kazwelonke ngoNdasa, ukubhebhetheka kwegci wane nokuhlinzeka ngosizo luphuthumayo kwizakha muzi, imiphakathi, abase benzi kanye namabhizinisi.",1
964,llama3.1,"Amaqembu ebalwa, amaqe mbu okufunda, amaqembu obuchule kwezobuciko kanye nemiklamo yezolimo.",1
410,llama3.1,"SELUZONGENELELWA uMnyango wezeMpilo waseKwaZulu-Natal udaba lokuhlala kwezingane ehostela labesifazane, uMasipala weTheku othi lokhu kuphambene nesimo sempilo yazo. Izolo iNkantolo eNkulu eThekwini itshele abameli bezinhlangothi zombili ezithinteka kulolu daba ukuthi bathintane nale minyango ukuze iphenye ngesimo senhlalo yezingane kuleli ehostela elibizwa ngeThokoza. Umasipala ukhala ngokuthi leli hostela alilungele ukuhlala izingane futhi ligcwele. Abesifazane abahlala kulo, izolo bathe bancamela ukuhlala nezingane zabo ngaphandle kwaleli hostela elisemgwaqweni uYusuf Dadoo eThekwini. Ijaji lithe yize lizizwa izikhalo zomama abangafuni ukuhlukaniswa nezingane zabo, azikulungele ukuhlala kuleli hostela.",1
1363,llama3.1,Lena ngiyona kuphela inkunziso yezwe ebhekene nezinto zinselele ezifana nazo.,1
584,llama3.1,Ukungcolile ukhulupheka kwemphakathi kanye nokuvula kwemvelo.,1
test_isizulu_00344,llama3.1,Inkawu ikhuluma nje kwenye ishara,1
dev_isizulu_00073,llama3.1,"Ikhhekhe or inkomo kamama (female genital area) induku or umphambili (male genital area) ucansi ukulalana (intimate activities) umzimba (physical body) ikhanda (head) amahlombe (shoulders) inwele (hair) sacred, associated with Muladhara and Svadhisthana chakras. Ancestors' presence is acknowledged.",1
454,llama3.1,"KUPHELILE ngesonto lomfundisi obhekene namacala okudlwengula ePort Elizabeth (PE), izolo okubhuntshe inkonzo umphakathi ubhikisha ngaphandle. Amalungu ebandla leJesus Dominion International eholwa nguMfundisi Timothy Omotoso, aphume esephelezelwa amaphoyisa ekhishwa ngababhikishi abazibiza ngeCitizens In Unity. Umbhikisho ubuholwa yi-ANC Youth League (ANCYL) ne-ANC Women’s League (ANCWL) kukhona namalungu e-EFF nezinye izinhlaka zomphakathi. Izolo kujikijelwane ngamazwi phakathi kwamalungu ebandla nababhikishi abaqale ukuqhinqa ngaphandle kwesonto ngo-9 ekuseni.",1
train_isizulu_03027,llama3.1,Ungumthetho wakho ukuthi ulalela ngokwenza noma ushikelela? #link,1
736,llama3.1,Ukuhlukumeza ngokuphatheleni noma notho: Lokhu kungenzekwa uma isiZulu siyivela ukuthi sihole iholo.,1
338,llama3.1,"Uhulumeni uyaqhubeka loguquko kwezomhlaba, kulindeleke ukugunyazwa komthetho sivivinywa wokubuyiselwa komhlaba.",1
3595,llama3.1,"Azobalekelela ekutheni basungule amabhizinisi abo. Lolu hlelo luzolekelela ekukhulisweni nasekuthuthukisweni kwabantu abasha abangosoma bhizinisi, ukusungulwa kwama bhizinisi akulona neze ikhambi eli nguzifozonke ozoqeda zonke izinkinga ezikhona.",1
train_isizulu_00666,llama3.1,"Hahahaha, njalo njalo! 😂😂😂😂😂😂 ukhuluma ngani? #url",1
729,llama3.1,"INDODA ehlobisa amawashi ngobuhlau ithole ithuba lokuthi iyokhangisa ngawo embukisweni eLondon.Umbhali wezincwadi, uMnuz Lunga Ntuli, wakwaDukuza, umenywe ukuyokhangisa ngamawashi elebula yakhe ebizwa ngeLN Watches. Umenywe kwi-Africa Fashion Week London (AFWL) ngo-Agasti 9-10. Umbukiso usuvulele osomabhizinisi abaningi emkhakheni wemfashini ithuba lokukhula kulo mkhakha.Ukumenywa kukaNtuli kuqhamuke emuva kokuba abohlaka lwezohwebo nokutshalwa kwezimali esifundazweni bebone umsebenzi wakhe. Umsebenzi wakhe bawubona kwezinye zezimakethe ezikhangisa ngomsebenzi esifundazweni.“Ngijabule kakhulu ukuthola ithuba lokukhula kulo mkhakha, ngoba bekuvele kuyiphupho lami ukuthi umsebenzi wami ufinyelele nakwamanye amazwe. Ukuya kwi-AFWL kuzosiza nokuthi ngazi kabanzi ngomkhakha wemfashini. Umbono omkhulu wukukhulisa ilebula yami, ngingagcini ngamawashi kuphela,” kusho uNtuli.UNtuli, owaqala ilebula ngo-2016, uke wenza nezikhwama kodwa kazihambanga ngendlela abefisa ngayo. Nokho usebona kuyithuba lokuthi abuyele nakuzona njengoba ekholwa wukuthi kuningi azokuthola kulo mbukiso.Uthe icebo lamawashi laqala ngoba uyathanda ukuqhakambisa okwesintu. Usebenzisana nabanye abesifazane abenza umsebenzi wezandla, asebenza nabo. Uzimisele ukwakha ubudlelwano nezitolo zaseLondon, athe ziningi ezidayisa izimpahla zase-Afrika.UNtuli, osebhale izincwadi ezine zothando, uthe ubuhlalu buyindlela yokuxoxa ngezothando. Uthe ubone ukuthi bukhona ubudlelwano phakathi kwezindaba zothando abhala ngazo nobuhlalu ngoba vele nasemandulo bekusetshenziswa bona uma kushelwa.Umbukiso waseLondon wasungulwa nguNkk Ronke Ademiluyi waseNigeria kodwa ozalelwe e-England. Wasungulwa ngo-2011 ukukhombisa ithalente labantu base-Afrika kwezemfashini nokuvulela amathuba abasiki bengqephu nosomabhizinisi base-Afrika kwamanye amazwe.Uphiko lwezohwebo nokutshalwa kwezimali KwaZulu-Natal lwasungulwa ukusiza izinkampani zaseNingizimu Afrika nosomabhizinisi abancane ukuthi bazidayise kwamanye amazwe. Luphinde lukhuthaze nokuthuthukiswa komnotho wesifundazwe nokuvulela amathuba osomabhizinisi besifundazwe.",1
train_isizulu_01340,llama3.1,Ukuhliza inkomo! #farmerslife,1
train_isizulu_02572,llama3.1,@username njalo indaba somkhanda. sekukhona abantu abathandi undunankulu waseKazulu umntwana wakwaphindangene Mangosuthu Buthelezi usihlalo nje. Nokuswelakala kwenhlalipho kudlangile phakathi kwethu mazulu. Kodwa ke ushenge uwenzile umsebenzi omuhle futhi omkhulu. Umbuso waseKazulu kakuwona okahulumeni,1
687,llama3.1,"IZICELELE ikhefu izikhulu ze-ANC ezisolwa emacaleni ocansi njengoba kusaqhubeka uphenyo lwamaphoyisa emuva kokuvulwa kwamacala. UNobhala Jikelele we-ANC uMnuz Ace Magashule ngoLwesibili udalule ukuthi oMnuz Zizi Kodwa noMnuz Pule Mabe bacele ukushawa umoya. UMagashule uthe nakuba abasolwa bezibona bemsulwa kodwa bebengafuni ukuqhubeka nokusebenza bengaphansi kwefu elimnyama lokusolwa ngokunukubeza abesifazane. Ubekhuluma esithangamini sabezindaba ekomkhulu lenhlangano eLuthuli House eGoli. Kuvela lokhu nje kade kuhleli umhlangano wesigungu sokusebenza kwenhlangano (NWC). UKodwa usola itulo ngelokudlwengula UMabe ubesanda kukhishwa phambili emuva kophenyo olwenziwe yi-ANC kodwa ummangali wanganeliseka wavula icala emaphoyiseni. UKodwa ubhekene nezinsolo zokudlwengula owesifazane othushuke nalezi zinsolo waziyisa ehhovisi le-ANC wase elulekwa ngokuthi avule icala. UMagashule uncome abasolwa ngokuzicelela ukushenxa. Uma sikhuluma ngomholi oqotho sisuke sisho abantu abanjena ke. Bazoqhubeka babe sesigungwini esiphezulu kodwa ngeke besayikhulumela i-ANC. Uqabane uDakota Legoete uzoqhubeka abambe izintambo akhulumele i-ANC, kuchaza uMagashule.",1
267,llama3.1,"ANGASE uNkk Patricia De Lille osule kwiDA ngesonto eledlule, uthe uzocacisa kuleli sonto ngezinhlelo zekusasa lakhe kodwa kunamahlebezi aqinile okuthi uzosungula iqembu lakhe namakhansela asule kwiDA. Ngesikhathi esula kwiDA, uNkk De Lille uthe uzizwa ekhululekile kwingcindezelo akade engaphansi kwayo ngoba ubengakwazi ukusiza abantu ngempilo engcono. ""Ngikhululekile ekugcineni, indlela engizizwa ngayo ifana naleya yokuvota okokuqala ngo-1994 emuva kokuthi sithole inkululeko. Bengingakwazi ukuletha impilo engcono kubantu ngenxa yobandlululo oludla lubi kwiDA."" UMnuz Shaun August obewuSotswebhu kuMasipala waseCape Town uthe namakhansela asulile bayabonisana ngekusasa labo futhi baxoxisana nabantu abaningi. ""Sixoxa nabaxhasi, abaholi bomphakathi nabo bonke abantu baseCape Town ngezinto ezahlukene ngoba asikazi okwamanje noma sizosungula inhlangano yepolitiki noma sizokwenzani."" UMnuz Thabani Khumalo uthe uNkk De Lille angase avuse i-Independent Democrats okuzokwenza kube nokwehlukana kwezepolitiki ngoba inhlangano yakhe izobonakala njengekhaya lamaKhaladi.",1
2050,llama3.1,Okusebenzisa indlela (yomshini noma yezithako zemakhemikhali) yokuvikela ukukhulelwa.,1
dev_isizulu_00453,llama3.1,"Ngiyabonga ukuthola isendawo lami😂😂😂😂, kanti Brutus #TheQueenMzansi",1
train_isizulu_02017,llama3.1,"Ngiyabonga ukuthi ngikhulumele ibhunu, njalo njalo! #ibhunukwenza",1
3130,llama3.1,"Ngokwesikhathi sesithangami, ngumthetho ubezindaba ukuthi kwenziwe inkulumo yokubheka imfundo ephakeme yamahhala eNingizimu Afrika.",1
train_isizulu_01971,llama3.1,"#Kanyenawe my lunch box uphuthu nemfino yezintanga ungaphikayo ukuthi bengivakashelwe usarary last week n akahlalanga, baze bawuloya umholo abelungu bawufaka udukanezwe bk @username #Kanyenawe @username 🌹",1
3534,llama3.1,"Yokugoma ukuthi sifinyelele enanini elanele lokugonywa kwabantu – uma abantu abenele sebeligomele leli gciwane lokhu kuhlinzeka ukuvikeleka kulabo abangaligomele, kanti lokho kwenza izinga lokubhebhetheka kwegciwane lilawuleke. Ngakube imigomo ibalulekile",1
1864,llama3.1,"""Abesifazane bangaphinde bashayeke ngokomuzwa ngenxa yokukhipha isisu okungaphephile, nokungekho emthethweni, ukubandakanya ukucindezeleka emva kokukhipha isisu, ukhwantalala kanye nezinkinga zobudlelwano.""",1
train_isizulu_02064,llama3.1,Bhebha uthule - Mthokozisi (2017),1
91,llama3.1,Ukuthola omazisi bamakhadi ukhukhuza ukubheka izitifiketi zokuzalwa kabusha.,1
train_isizulu_01718,llama3.1,"""Kudayisa imomozi yakhaya""",1
1206,llama3.1,"Njengoba siqhubeka nokwakhela phezu kwale mpumelelo, sinethemba ukuthi noma kungathatha isikhathi, labo abeba futhi baphanga izinsiza okwakungezabantu bazobhekana nemiphu mela yezenzo zabo.",1
512,llama3.1,"IMILUTHA yezidakamizwa isijike ukwenza njengoba kuthiwa isizitika ngokuphuza amanzi aphuma uma ipheke ama-pads (amaqakelo) abesifazane asesebenzile. Lo mkhuba omusha ubukeka uzobhincisela nxanye abezidakamizwa iwunga nenyaope. Kuthiwa uthandwa yintsha engenayo imali yokuthenge inyaope newunga ngenxa yokuthi imba eqolo. Ukuhlanganisa amaqakelo kulula ngoba bahambela imizi enabantu besifane baketule imigqomo bathathe amaqakelo asesebenzile noma baye lapho kulahlwa khona imfucuza bapequlule ukuze bathole amaqakelo. Kuthiwa uma sebewatholile amaqakelo asesebenzile, bawathatha bawabilise bese amanzi aphuma lapho bawaphuze. La manzi kuthiwa ayadakana, ulala ungazazi negama lakho, okuyinhloso enkulu yemilutha. Umsuka walo mkhuba, kuvela ukuthi ukhonjwa e-Indonesia njengoba ususabalele emazweni amaningi okubalwa neNingizimu Afrika. Ngokolwazi oluvela kweminye yemibiko wumkhuba osuneminyaka engaphezu kwemibili uqalile kodwa eNingizimu Afrika usanda kuqala ukubonakala eGoli. Kuthiwa umuntu ophuze le ‘jusi’ ephuma emaqakelweni, udakwa amakhemikheli asetshenziswe kuwona. Udokotela wabesifazane ongathandanga negama lakhe, uthe uyakweshwama lokhu: “Ngiyakweshwaba lokhu kodwa kunengozi kakhulu empilweni yomuntu.” Uthe okokuqala amaqakelo anekhemikhali i-Absorbent Core esetshenziswe ukubamba igazi kwiqakelo ukuthi lingagelezi. Lilodwa nje leli khemikhali alikulungele ukungena ngaphakathi liphuzwe ngoba alikudalelwe lokho kodwa lisebenza ukubamba okusaketshezi. Uma seliliningi ngaphakathi egazini lingaba yingozi.” Uqhube wathi i-chlorine nayo etholakala emaqakelweni ingakwenza ukuthi uma umuntu eyiphuzile azizwe esezulwini elincane. Udokotela udalule ukuthi ngokwesayensi uma into isibilisiwe amagciwane ayafa kodwa kukhona adlula aphile okuyiwo angabeka impilo yabaphuza lawo manzi asengcolile impilo yabo ibe sengcupheni.",1
1566,llama3.1,"ukuhlinzeka ngemikhiqizo eqondene nokuya esikhathini kwabantu besifazane kanye nezibonelelo zomphakathi njengemikhakha okungandiswa imali esetshe nziswa uhulumeni kuyo, ukuthola umthetho wokwenzeka kwabesifazane.",1
3496,llama3.1,"Ukusebenzisana nomkhakha ozimele, ukubaluleka kwenu kuhehe utshalomali olusha, ezobuchwepheshe kanye nongcweti kwezokusebe nza kwechweba futhi noku thuthukisa izinsizakusebenza kanye nengqalasizinda uku thi kuhambisane nesimanje manje.",1
3410,llama3.1,"UMotsoaledi ubekhulu ma kamuva nje enkundleni yabezindaba lapho ambule khona uMthethosivivinywa wokuchibiyelwa kwe-NHI, noMthethosivivinywa Wokuchibiyelwa Kwezikimu Zezokwelapha. Mithethosivivinywa izo phendla indlela yokufikelela kangcono",1
train_isizulu_00098,llama3.1,Ndiyithetha ukuthi senzo alandela kwa sababu Kelly Khumalo anamna amasende ahlukahluka.,1
train_isizulu_01484,llama3.1,@username ngubani ungumfana wokwethemba ukuthi uyaziyo kwenye nyoni ?,1
1933,llama3.1,"Izwe lethu liphakathwa ngokuthola izinto ezinayoqhubeka kwenziwe, ukusasa kwabanye abantu, noma ukungena kwenye isimo senhlekelele.",1
478,llama3.1,"Bemisebenzi Yezandla (ama-TVET) kanye namathuba okuthuthukiswa kwamakhono. “Izinsiza ze-CACH bezilokhu zivuliwe kusuka mhla zingama-24 kuMasingana 2022, futhi zizovalwa mhla zingama-31 kuNdasa ukuze zisize labo bafundi abafuna ukungena ezikhungweni.",1
2847,llama3.1,"Eqala ukutshala imifino, wayefuna ukusiza umndeni wakhe ukuthi uthole imifuno, kanti le ntshisekelo.",1
3351,llama3.1,"Phakathi kwabangani lokho kubhebhethekisa ukuthelela komphakathi ngaleli gciwane.“Khumbula ukuthi abantu baye bayalwa ukuba bangazithinti emlonyeni, ekhaleni naseme-hlweni. Nokuyaye kuthi uma umuntu ebhema bese eyahluleka lowo",1
1357,llama3.1,Ngiyabonga ukuthola ukubeka lokhu kubukeke ngoba kufaka ubudlelwano bokwethu phakathi kwemiphakathi yabantu abaNyama kanye namaNdiya.,1
3347,llama3.1,sekunobu-fakazi obuveza ukuthi abantu abanesifuba somoya basengozini yokuhlaselwa yizim-pawu ezibucayi kakhulu okungabalwa ngisho nokufa uma bengasuleleka ngalolu bhubhane lwe-COVID-19. Ingakho imiqulu esishicilelwe netshengisa ubungozi obungako,1
1450,llama3.1,"Siyabonga Eminyakeni emithathu eyedlule, siye sathatha izinyathelo zezinganayo zabalulekile ukulwisana nenkohlakalo kanye nokuhlala kombuso.",1
3143,llama3.1,"Ukuze kuqinisekiswe ukuthi amalungu e-GEPF kanye nemindeni yabo ba phatheka ngendlela efanele, ibhodi lisanda kusungula ihhovisi elizisingatha izikhalazo. Ihhovisi Elilamula Ezezimpesheni Zabasebenzi bakaHulumeni (i-GEPO) iyi hhovisi langaphakathi.",1
train_isizulu_00947,llama3.1,"Uyazilungisela ingulube yakhe ngakho nasemshadweni kunjalo, mesekuhlula ukwenza ke vele uphume endlini ushiye unkosikazi neyngane ekhaya, kodwa ukuhlukanisa esizulu into engekho eyesilungu lento.",1
1892,llama3.1,"Ningwane yonke inayoza ukuthi ngubani owenza ini, isenzo esisolwayo senzeke nini, kungani?",1
3114,llama3.1,"“Yize abesifazane bezama ukuzishutheka no kusebenza kanzima ukuze babonise ukuthi lokhu okusho woyo akulona iqiniso, kungumsebenzi onzima. Nga kunqoba lokhu ngokuba ngiphakamisi umoya, ngihla le ngicabanga ngokunethe mba futhi ngisebenze naba ntu”",1
589,llama3.1,"Njengoba kunokusilela emuva okukhulu kwezomnotho wokudalwa wubhubhane lwe-Corona, ukuqashwa komphakathi kuhlinzeke ngoxhaso olubalulekile lokudalwa kwamathuba omsebenzi.",1
2015,llama3.1,"Bangitshela ngemisebenzi abayenzayo ukuphendula izidingo zabantu abantulayo, ukweseka imindeni ukuba ikwazi ukunakekela futhi ifundise kanye nokufundisa, futhi isize abantu abasha ukuze bakwazi ukubhekana nazo zonke izinkinga ababhekana nazo.",1
2438,llama3.1,"Bebephambili ku-mkhankaso we #BlackLivesMatter ozuze ukwesekwa umhlaba jikelele emva kokubulawa kuka-George Floyd eMelika. Emavikini ambalwa adlule, izishoshovu emhlabeni jikelele bezilokhu zifuna kususwe imifanekiso etusa ubulwane nodlame lokuhweba, ukubheka kwenkonzo kwabafana nazo.",1
378,llama3.1,"AYIFUNI nokuyizwa indaba yesonto likayise indodana yomholi wesonto laseMzimkhulu okwahlubuka kulo isonto lase-Eastern Cape, iMancoba Seven Angels Church.UMnuz Msizi Jali uyindodana kaMnuz Ndumiso Jali oke wabambisana noMnuz Siphiwo Mancoba ongumsuguli weCrusade Church. Amadodana kaMancoba ahlubuka kuleli sonto ngemuva kokushona kukayise asungula iMancoba Seven Angels ngo-2015.UJali, othi naye ubengasakwazi ukungena emzini kayise ngemuva kokushiya leli sonto ayesesonte kulo iminyaka eyishumi, uthe bese kunesikhathi engakwazi ukuya kubo. Uthe ubegcina ngokukhuluma noyise ecingweni.“Ngayeka ukufunda kwaGrade 8 ngesikhathi ngisuka kumama sengizohlala nobaba. Ngatshelwa ukuthi inqubo yesonto ayikuvumeli ukuthi sifunde ngoba kunomoya kaSathane ezikoleni. Ngahlala njengoba kwakushiwo. Zaziziningi izingane ezazisesigabeni sokufunda ezazingafundi njengami. Kwakunezinto engangingazizwa kahle njengako ukuthi awuvumelekile ukukhuluma ngenkonzo yethu. Uma ubingelela umuntu awumbuzi impilo nokuthi uyilungu lesonto akabe esahlangana nomndeni wakhe. Ngake ngakhuluma nentsha eyayingangami sibona sengathi amalungelo ethu acindezelekile ngoba ngeke sisebenze imisebenzi ecacile ngoba asifundile. Bonke babebona njengami kodwa bengakaze baphile enye impilo besaba ukuphuma esontweni. Nganquma ukushiya kuleli sonto ngalibangisa eKapa ngiyozama impilo,” kusho yena.Uthe wayazi ukuthi ukuphuma kwakhe kwakusho ukuthi akasakwazi ukuxhumana noyise. Yingakho bekunzima ukuthi avakashe yize uyise engazange asho ukuthi akangamvakasheli.Eseshonile uyise uthe wakhuluma namalungu omndeni wawatshela ukuthi uyise uzongcwatshwa ngendlela ejwayelekile okungcwatshwa ngayo abantu.“Amalungu esonto awazange ayizwe kahle into engangiyisho ngoba ayelindele ukuthi ubaba angcwatshwe emathuneni ethengwayo futhi angcwatshwe amalungu ebandla ambalwa. Iningi lawo lakhombisa ukungahambisani nengangikusho. Ngabacacisela ukuthi kuzoba khona namalungu omndeni azohlanganyela nathi. Sacela ukuthi basidedele sizile ngendlela esiyaziyo. Kwaba ukuhamba kwabo,” kusho uJali.Uthe kuningi okumphatha kabi okukhulunywa ngabantu ngesonto likayise abathi likhonza enkolweni kaSathane.“Ngesikhathi ngisasonta kulo bekuthiwa uSathane ungaphandle. Thina sikhonza uNkulunkulu. Angazi ukuthi yiliphi iBhayibheli elalifundwa ngoba iBhayibheli lalifundwa uMancoba kuphela. Iningi lezingane lalingakwazi ukufunda,” kusho uJali.Uqhube wathi zonke izinsuku uthunyelelwa izithombe ezisabekayo ezisabalele ezinkundleni zokuxhumana kuthiwa ngezendlu yakubo emise okwenyoka. Kushiwo nezinto ezisabekayo okuthiwa ziyenzeka kuyo.“Engikwaziyo wukuthi abebesonta kuleli sonto bebenziwa ukuthi bakholwe yilokho okushiwo kulo futhi akekho obeke akhulume ngokwenzeka kulo. Angazi noma leyo ndlela iyona yini okukhonzwa ngayo uSathane. Angazi ukuthi yini le ebiyenza ukuthi abantu bakholwe yilokhu ebebetshelwa kona yize abanye babo befundile,” kusho uJali.Uthe ngeke alivule isonto uzoqhubeka nebhizinisi likayise lokudayisa amabloksi.",1
1037,llama3.1,"Abaningi. Okubaluleke kakhulu, kufanele sigcine kunegebe eliphephile phakathi kwethu nabanye abantu – okungenani ibanga elingamamitha amabili – kwabanye abantu. Sekunobufakazi obuvelayo bokuthi leli gciwane lingase futhi lisabalale nangezinhlayiya, ngaphandle kwenye izinhlayiya zethu",1
train_isizulu_02432,llama3.1,"@username 😂😂😂, ukhuluma ngamla!",1
150,llama3.1,"Njengophiko olunakekelayo lukahulumeni, iRoad Accident Fund (RAF) inezinhlelo zokuqinisekisa ukuthi indlela okudingidwa ngayo izicelo zesinxephezelo azichemile - noma ngabe zifakwe ngummeli noma zifakwe kwaRAF ngqo - nokuthi bonke abafakizicelo bakwazi ukufinyelela kalula esikhungweni. Nokho, njengesikhungo sibone ukuthi kukhona okungaqondwa ngabasuke behlangabezane nezingozi zomgwaqo. Lokho kubandakanya okungezansi:Abafakizicelo abanabameli abangathokozileAbameli, ngokwemigomo yokusebenza elawula umkhakha wezomthetho, kumele bahlale bewazisa amakhasimende abo ngokwenzekayo ezicelweni zesinxephezelo zawo, nokuthi baphendule izincwadi nezingcingo zamaklayenti.Ngeshwa, iRAF ayivumelekile ukugxambukela ebudlelwaneni bommeli nekhasimende ngakho ayinakubeluleka abafakizicelo ngezicelo zabo. Nokho, iRAF ikhuthaza abathinteka ezingozini ukuthi kube yibo abazixhumanela neRAF ngqo ukuze zilandeleke izicelo zezinxephezelo zabo, noma ngabe umfakisicelo enommeli noma ezifakele isicelo ngqo eRAF.Abanxenximakhasimende Kuvamile ukuthi abagileke ezingozini banxenxwe abasebenzi bakwaRAF. Bagcwalise, bathumele imibhalo yokufaka izicelo zesinxephezelo kulaba banxenximaklayenti. Abafakizicelo bakhuthazwa ukuthi baxhumane neRAF ngqo ukuze bagweme ukugilwa abanxenximaklayenti.Isitifiketi esiyisibopho sokunakekelaI-RAF isiza ukuhlumelelisa abafakizicelo. Lokhu kwenziwa ngokuthi isikhungo sikhiphele umfakisicelo isitifiketi esiyisibopho sokunakekela, esiyisivumelwano esiphakathi kukamfakisicelo neRAF sokuhlinzeka izidingo zokwelashwa zamanje nezakusasa, umfakisicelo angase abe nazo ngenxa yokulimala engozini yomgwaqo, ngesikhathi ingxenye esele yesicelo sesinxephezelo sisasetshenzwa.Abafakizicelo bangathumela ama-invoice, kwaRAF emuva kokubonana nodokotela, noma udokotela angaxhumana nebeRAF ukuze imgunyaze ngaphambi kokwelapha umfakisicelo, bese ethumela i-invoice. Umfakisicelo kumele azise udokotela ukuthi unesitifiketi esiyisibopho sokunakekela.Izicelo zesinxephezelo nezindleko zomngcwaboI-RAF ikhokhela okulandelayo kuphela:Ukuthuthwa kwesidumbu, ukuhlinzeka ngebhokisi lomngcwabo noma uhlaka lokungcwaba, ukulungisa isidumbu, ukugcinwa kwesidumbu, ukuhlelela ukukhishwa kwesitifiketi sokushona, ukungcwatshwa noma ukulothiswa kwesidumbu, ukuqashwa kwempahla yokwehlisela ibhokisi lomngcwabo elibeni nezindleko zasemathuneni.Izikhathi zokufakwa kwesicelo sesinxephezeloLapho umshayeli noma umnikazi wemoto odale ingozi aziwa, isikhathi sokufaka isicelo sesinxephezelo siphela eminyakeni emithathu emuva kosuku okwehle ngalo ingozi ngaphandle kwalapho kufakwe isicelo esihlukile sesinxephezelo esisemthethweni kwaRAF.Lapho umshayeli noma umnikazi wemoto engaziwa (okubizwa “ngokwenza ingozi ubaleke”), isikhathi sokufaka isicelo sesinxephezelo sizophela eminyakeni emibili kusukela ngosuku okwehle ngalo ingozi yomgwaqo, ngaphandle kwalapho kufakwe isicelo esihlukile esisemthethweni kwaRAF.Lapho umfakisicelo engumntwana, noma umuntu ogcinwe njengongaphilile ngokomqondo noma umuntu onommeli oqokelwe ukumthathela izinqumo ngoba engenakuma phambi komthetho, futhi umshayeli noma umnikazi wemoto onecala aziwa, isicelo sesinxephezelo esisemthethweni singafakwa eRAF eminyakeni emithathu kusukela ngosuku okunqunywa ngalo ukuthi lo muntu obengenamandla usengazimela ngokomthetho.Lapho umshayeli noma umnikazi wemoto onecala engaziwa futhi umfakisicelo ebhekene nesithiyo sokuthi akanamandla okuzimela ngokomthetho, kumele kufakwe isicelo sesinxephezelo eRAF ungakapheli unyaka kusuka kunqunywe ukuthi lowo muntu obengenamandla usengazimela.Ukucazwa kwesinxephezeloUma umfakisicelo wemoto ebe sephutheni ngokuphelele kwenzeka ingozi, ngeke aphumelele uma efaka isicelo sesinxephezelo kwiRAF. Uma kunenye imoto kuleyo ngozi, umshayeli angakwazi ukufakaza ukuthi omunye umshayeli ube nephutha eliholele engozini.Uma umshayeli naye ebe nephutha ekudalekeni kwengozi, isicelo sesinxephezelo sakhe singase sincishiswe. Lokhu kuncishiswa kususelwa ephesentini lokuba nephutha abe nalo ngokubambisana nomunye umshayeli othintekayo engozini.UNtsoaki Kunene, oyiRegional General Manager yeRAF KwaZulu-Natal.* UNtsoaki Kunene, uyiRegional General Manager yeRAF KwaZulu-Natal",1
2939,llama3.1,Nokwakha ukufa kwenziwe ngokuphilayo. Sivumelanisi isimo futhi sidalela ukuthi siziphile.,1
621,llama3.1,"KUPHAZAMISEKE umhlangano womkhandlu, kwavalwa amabhuku ngesikhathi kuboshwa uSomlomo kaMasipala waseBaqulusini, eVryheid uMnuz Mkhonyovu Khumalo obhekene necala lokweba i-generator.UKhumalo uthelekelwe ngezakwadalawane ngoLwesine emahhovisi omkhandlu, waboshwa phambi kwamakhansela ethe shaye, ethamele umhlangano asala kanjalo emangele. Umasipala we-IFP ungaphansi komlawuli njengoba uhlaselwe yizinkinga zokuphatha, manje sekuboshwa usomlomo wawo.UKhumalo uboshwe nomunye umlisa, elingatholakalanga igama lakhe okukholakala ukuthi uyathinteka ekwebiweni kwempahla yomkhandlu.Kuthiwa bobabili abasolwa bavelile eNkantolo yeMantshi eVryheid ngecala lokweba.Isolezwe ngeSonto lithole ukuthi kunophenyo obeluqhubeka emuva kokuduka kwe-generator. Lihabule nokuthi yatholwa emzini womunye wabasolwa kodwa kungaqondakali ukuthi ifike kanjani.Okhulumela amaphoyisa KwaZulu-Natal, uCol Thembeka Mbele uqinisekise ukuboshwa kukaKhumalo nomunye umsolwaUSihlalo we-IFP, uMnuz Blessed Gwala uthe kukhona okushaya amanzi ngokuboshwa kukaKhumalo, kabaneme ngendlela izinto ezenzeke ngayo.",1
2803,llama3.1,"UHLELO LWENDALI LOMKHIQIZI OZIMELE WOGESI OVUSELELEKAYO NGOKUVULELA EZINYE IZIKHATHI ZOKUFAKA IZICELA, ukuze usuke kwenye isikhathi esinamuhla.",1
1660,llama3.1,"Ikakhulukazi labo ababuthakathaka. Uma senza ngokukhuthala nangokulunga, lokho ikona okuqinisekisa amandla obulungiswa. Abesifazane baseNingizimu Afrika bebekhathele izinyathelo ezingayi ndawo ezingaxazululi ngisho nelu ngelo elibaluleke kakhulu kunawo",1
train_isizulu_01175,llama3.1,"Njalo, ubokwe ngcono ukuthi ushike isimozi kwaye ushike inhliziyo. 😊👍",1
3528,llama3.1,Angama-40 epulazini i-Babirwa baTau yaTswala ukuyilapha esebenzela khona.,1
202,llama3.1,"UMHOLI weDA KwaZulu-Natal uMnuz Zwakele Mncwango uthi iqembu labo lizimisele ngokuheha intsha njengoba lisemkhankasweni wokwehlisa amandla kaKhongolose abe ngaphansi kuka-50%, okhethweni lukazwelonke ngonyaka ozayo. Uthe bayathemba ukuthi uNksz Ntuli uzowenza ngempumelelo umsebeni wakhe. UNksz Ntuli ungumholi owaziwayo oseke waba yikhansela waphinde wahola intsha yeqembu, ukubeka yena kulesi sikhundla sokuhola imikhankaso kuzoyisiza kakhulu inhlangano. Uthe ngemuva kwengqungquthela ka-2015, unqume ukuthi angayi esiShayamthetho ngoba kade efuna ukulungisa isimo saseThekwini aphinde akhulise neqembu khona.",1
1626,llama3.1,"Bethu basebenze ukwenza ngcono ingqalasizinda yethu kuzwelonke nakomasipala. Ngokungenelela emizameni, sisungula imisebenzi kulabo abayidingayo, ngesikhathi sishiya umphumela oyohlezi ukhona njalo emiphakathini yonke. Njengezinye izinhlelo zomsebenzi, siyaziqondisa ukuthola ngcono kwaye siyayenza ngcono.",1
1793,llama3.1,Ukuthola izakhamizi zaseNingizimu Afrika ukuthi ingqalasizinda yaseLabhorethri inazo zonke izinsiza ezidinge kayo ukuze sikwazi ukuqapha noma yikuphi ukusuleleka okusha oku ngase kuqubuke.,1
2063,llama3.1,"Usihlalo we-LCPA, uMxolisi Ngesi, uthe umphakathi wafaka isicelo sawo sokunxeshezelwa ngowe-1998. Ngowezi-2012, amalungu omphakathi anike zwa amahekthare angama 23 500 asephinde engezwa nga mahekthare ayi-1 400 esiqiwi.",1
train_isizulu_02545,llama3.1,@username ngiyaphi ngeinkawu? 😒 #url,1
train_isizulu_03061,llama3.1,"N'golo Kante, uBafana! 🔥💪",1
train_isizulu_02983,llama3.1,"Ngiyabonga, ngoba ngiyingxenye ukubona kwakho. Ngicela ukuthola url yako: https://example.com/kabi",1
107,llama3.1,Umphakathi. Uwungenwa kwenye Mqulu wamalungelo.,1
train_isizulu_00923,llama3.1,Ukubheka ukwesinyiskhathi kwenzima nokuthi sizukuluma. Ripha ngamla ##url,1
2007,llama3.1,"Ngokuzibophezela ekuqinekiseni ukuphepha kanye nokwazisana njengezakhamizi, kumele baqinisekise ukuthi kunezakhiwo ezanele kanye neziphephile ezikoleni. Kumele basukumele phezulu uma ngabe kunokuphazamiseka ekuphake lweni kwamanzi emiphakathini, noma ukubuyeza ukuthi kunezakhiwo ezanele kanye neziphephile ezikoleni.",1
685,llama3.1,Ukwesuleleka kwa-HIV kwama-ntombazane asethombile kanye nabesifazane abasebancane kwe-hle ngamalengiso eminyakeni eyishumi eyedlule. Leli yiqembu elibalulekile ngoba liyaye libe sengcupheni enkulu yokuthi lisuleleke nge-HIV .Uhlelo lwethu lokwelapha ukwesuleleka kwa-HIV kwama-ntombazane.,1
dev_isizulu_00602,llama3.1,"@username #leeyami eyokuqala ngicela ukuyiphila izinsizwa zezidriver emkangala ugu, umlindeni, nyoni, mnakeni, sganjeni, mtshingo maye, DJ",1
1876,llama3.1,"Kuphuhlisa ukhuluma kwakho nokukhuluma kwakho kwenziwezayo, ukhuluma kwenziwezayo, ukhuluma kwenziwezayo, ukhuluma kwenziwezayo.",1
2151,llama3.1,Umbuzo: Abantu abadala bashone ngo kushesha kwaboshwa ngokugoma.,1
train_isizulu_01037,llama3.1,Ngiyazifisa ukuthola iwevu lezinto lelisatholakala ebusweni lapha. ##link,1
test_isizulu_00034,llama3.1,Ukubuyeza lezi nyoni ##url,1
3570,llama3.1,"Izwi lomqhuba laseNdebele lizwa ngokwaziwa kwakhe, ""!ke e: /xarra //ke"" esibhalwe ngolimi lwamaKhoisan, sichaza ukuthi abantu abehlukene ababumbane.",1
1112,llama3.1,"“Ukusebenzisa imali nge ndlela engafanele kufana nesikweleti esiyophela e ndlebeni. Kuhle ukugwema ukuchitha imali ngendlela engafanele kulawa maholide kaKhisimusi, nomthelelo omkhulu emalini yakho, nakuhlelo lwakho esikhathini esizayo.”",1
train_isizulu_02966,llama3.1,"Thina a mazulu asazi ukuthi kukhona amapedi, ngakho kepha sizokwazi kuhate kwabo.",1
1337,llama3.1,"Ungakhuliseka ukhulela umntwana njalo ukuthola uzophumele, ngoba una wenza njalo wenza uzophumele.",1
train_isizulu_00482,llama3.1,"Ngingasinika wena: ""D""@username, ungengeza njani? Sithi siyabheba, sizokugaya R1M.",1
3148,llama3.1,Izinginkwa ezi zingekwazi ukubheka na GEPO:,1
1064,llama3.1,"Izindlela zezo tshela zisungulwe ngaphandle kwamagama emikha kheni efana neyezinsizakalo zomphakathi nezenhlalo, ezohwebo, ezezimali kanye nakwezokwakha, ikakhulu kazi.",1
2481,llama3.1,Babalelwa emashumini amane abalimi abansu ndu abazimele abanikwe izeluleko ezihambisana nokufuywa kwenye zinkukhu kanye nokuphucula.,1
933,llama3.1,"Izinsuku eziyi-10 eziyimpoqo ukuthi uzihlale endaweni yokugonqa noma yokuhlala ngawedwana, labo ababenezimpawu ezimaphakathi noma lezo ezibucayi behlolwa kokwezempi lo. Beqhubeka nokulandela imi khuba yenhlanzeko yomuntu kanye nokuziqhelelanisa",1
2774,llama3.1,"""Ukuzibulala kwenye COVID-19. Ukubhekana kwethu nokunqanda ukuzi bulala kubaluleke kakhulu manje, emva kwezinyanga eziningi siphila nobhubhane lwegciwane lwesizwe le-COVID-19, oluze nobungozi bokuzibulala – ukulahlekelwa yimisebenzi, ingcindezi yezimali""",1
2707,llama3.1,"Alandela, sekube nezinselele zomthetho ozibuya kubantu abaningi, izinhlangano zezenkolo, amaqembu epolitiki, ama-NGOs nasezinhlanganweni zamabhizinisi ezilwisa isinyathelo noma eziningi zo-khulunzekwa kokuvalwa kwe-zwe abebengathokozile ngazo. Abanye",1
train_isizulu_03053,llama3.1,@username inkomo yenkomo yasebenza ##url,1
1457,llama3.1,"Izinto eziyinhloko zisuke ngaphandle kwamandla, sizothathe ukusiza ukulungisa izinyathelo ezinobukela isikhathi esizayo.",1
1479,llama3.1,"Abafanelekile kanye nezikhulu eziphezulu, sizobona ukuthunyelwa kogesi kuyaziwa phambili yonke imizamo yokukhulisa. Umyalezo ucace bha: lesi akusiso isikhathi sokudlala. Kumele sisukume ngokuzethemba ukuze sizoqeda",1
944,llama3.1,"Angakhuluma ngolimi lwakhe lwebele futhi isikhulu senkantolo sizoqinisekisa ukuthi sisulu sithunyelwa kwabezokwelulekwa noma ukwelashwa ngengqondo, ukuze baphothule indlela yabo yokupholisa amanxeba. Abesifazane abaningi nezi-ngane ezikhahlanyezwe i-GBV.",1
429,llama3.1,"AmapitsiIdolobha selikugxekile ukusetshenziswa kwamapitsi futhi lathi ukusetshenziswa kwawo ukuze kuniselwe kuzoba ihora elilodwa kuphela ngoLwesibili, ngaphambi kwehora lesi-9 ekuseni, futhi ngemuva kwehora lesi-6.",1
463,llama3.1,"""Sihlinzekela izingane ezihlalwe emgaqweni kanye na labo abavela emiphakathini eyayinganakiwe ngapha mbilini. Izinsiza zethu zimahhala futhi yonke intsha eneminyaka esuka kwemihlanu iya kwenga ma-23 yamukelekile,"" uMqadi wabuya.",1
3399,llama3.1,"Bobabili abashadayo kumele babe neminyaka engaphezu kweyi-18, ngaphandle kwalapho abazali noma abanakekeli ngokomthetho behlinzeke ngemvume lapho oyedwa noma bobabili bebancane ngokomthetho.",1
36,llama3.1,"Abazali kanye nothisha? Yebo, lezi zikhathi zokusakaza zizoba nesikhathi lapho abazali amasu ngezindlela zokuthi bangamuseka kanjani umntwana owenza uMatikuletsheni. Ezinye zalezi zikhathi zokusakaza zizogxila kothisha futhi inkundla.",1
train_isizulu_02605,llama3.1,#TheQueenMzansi ngicela ukuthatha umncane wakho😂😂,1
2734,llama3.1,"Ubuyi-9% benzeka ku Twitter.Ungcweti wase-CSIR u-Rofhi wa Netshiya uthi kunesi dingo sokufundiswa kompha kathi ngazo zonke izinhlobo zobubhoklolo obenziwa nge-inthanethi. “Kufanele sifundise aba ntwana ukuthi ububhoklolo obenziwa nge-inthanethi bungaholela, kungenzeka ukuthi ngazo zonke izinhlobo zobubhoklolo zisemthini.",1
1476,llama3.1,"yotshalomali. U-Eskom usebeke indawo eduzane neziteshi zikagesi ezikhona ukuze izosetshe nziselwa imiklamo yogesi ovuselelekayo yabatsha lizimali abazimele, ukuklanywa kabusha sekuphothuliwe ukwenza ngcono ukusebenza kwezingxenye ze-Medupi Unit 1, 2.",1
train_isizulu_02575,llama3.1,"@username, ngiyakuthanda ukukhuluma nalo... njalo njalo.",1
train_isizulu_02049,llama3.1,Bhebha uthule ukubona...,1
518,llama3.1,"UKHOLELWA ekutheni asikho isifundo nomkhakha ongeke ufundwe ngolimi lwesintu, owesifazane ohlonishwe ngendondo ngamagalelo okuqhakambisa izilimi zesintu. UNkk Muhle Sibisi ofundisa emkhakheni wakwaHumanities e-University of KwaZulu-Natal (UKZN), uhlonishwe ngeYoung Linguist Award emcimbini weminyaka engu-20 we-International Congress of Linguists. Bekuqala ukuthi lo mcimbi ubanjelwe kuleli selokhu wasungulwa njengoba ububanjelwe eKapa. UNkk Sibisi ohola nohlelo lwezilimi kwiSchool of Arts, khona e-UKZN, uthe ukuhlabana kwakhe ngale ndondo kusho ukuthi uyabonakala umkhankaso wokuqhakambisa izilimi zesintu. “Umkhankaso wokuqhakambisa izilimi zesintu akuyona into yakuleli kuphela kodwa eyawo wonke amazwe. Ngisho abe-Unesco bayakukhuthaza ukuthuthukiswa kwalezi zilimi. Ukuthola kwami le ndondo kusho ukuthi nowethu umkhankaso uyabonakala. Izilimi zethu zanyathelwa kakhulu ngenxa yomlando wobandlululo, okuyimanje sizama ukulungisa lowo monakalo.” Kusho yena. Uthe zonke izifundo ngisho ezikhungweni zemfundo ephakeme kumele zifundwe ngezilimi zesintu. Uveze ukuthi e-UKZN sebeqalile ukusebenzisa amanye amatemu ezilimi zesintu abaqhamuke nawo. “Awukho umkhakha noma izifundo ezingeke zingafundeki ngezilimi zesintu. Uma sebefuna ukusigxeka laba abangafuni siqhakambise izilimi zethu, basishaya ngokuthi kunamatemu angeke asebenziseke kahle esiZulwini. Okuhle ukuthi ezinye izilimi ziyahambelana, kungabolekwa amagama ukwakha amanye amatemu. Awekho amagama angeke atholakele uma sizimisele, ngisho emkhakheni wezomthetho nowezesayensi.” Echaza. UNkk Sibisi osefundise iminyaka emine e-UKZN, kumanje wenza iPhD lapho enza khona ucwaningo ngezilimi zesintu. Ucwaninga ukuthi amatemu esiZulu aseqalile ukusetshenziswa kulesi sikhungo ayazisiza yini izitshudeni ukuthi ziqonde kangcono ezifundiswa kona ngolimi lwazo. Ukuthabana kwakhe ngendondo kunezelwe nayindlela alwethule kahle ngayo ucwaningo obeluhambisana nokukhuthaza izitshudeni zale nyuvesi ukuthi zihaye izinkondlo zisebenzisa amatemu emikhakha yemfundo ezikuyo. UNkk Sibisi ubonge umphathi wakhe uSolwazi Heike Tappe, athe nguye omkhuthazayo emsebenzini wakhe kulesi sikhungo. I-international Congress of Linguist yasungulwa ngo-1928 kanti izingcithabuchopho zezilimi zamazwe ahlukene ziyahlangana njalo eminyakeni eyisihlanu ukubhunga ngezokuthuthukiswa kwezilimi.",1
72,llama3.1,"Songqangi yohlelo isiyonke ukuthuthukisa isimo seze- mpilo kanyene - sok ondlek a k wab afun - di ababuya eminde- nini edla imbuya eNingizimu Afrika. Lolu hlelo luqondiswe kubafundazazi abafunda ezikoleni zika- hulumeni eziku quintile 1-3,",1
275,llama3.1,"""Sizothunyelwa ukusiza inqubekelaphambili yethu, kanti usukwazi usuka Uhlelo lwethu Lwezinguquko Kwezomhla bafuna amandla.""",1
train_isizulu_02652,llama3.1,"Inkomo: ""Uyayikhuluma nami? RT: Ngicela ukuthola umuntu othini uyagcina""",1
1576,llama3.1,"Ngiyakuthola amakheli ngokusebenzisa izinhlelo ezahlu-kene, ezihlanganisa ukubukeza amarekhodi, amafayela kanye nezinqolobane zemibhalo uku-ze ibheke bese ifaka amakheli ahlinzekwe abavoti eminyakeni engama-20 edlule, ngokuqoqa amakheli ngokhetho.",1
462,llama3.1,"USandile Mqadi ongumqe qeshi wokuhuhuluza ema gagasini we-Surfers Not Street Children Club, uthe inhlangano yayisophe uku fundisa izingane amakhono okuhuhuluza emagagasini njengendlela yokuzikhipha emgaqweni.",1
2981,llama3.1,izinto zokubona kuzo zonke zingavumeleka ukuphuza kwabo ngeminyaka yazo.,1
train_isizulu_01936,llama3.1,@username ukhohlwa muntu waphuma 😊,1
263,llama3.1,"BATHWALE kanzima abashayeli bezimoto ezincane ezithutha abantu iTaxify ne-Uber ngesikhathi bevinjezelwe osomatekisi enkundleni yezemidlalo eChesterville, eThekwini, ngoLwesihlanu. Laba bashayeli abebengaphezu kuka-20 kuthiwa bavaleleke kule nkundla usuku lonke, osomatekisi bososeshini bezindawo ezakhele iTheku “bebathumbe” nezimoto zabo, befuna uR5 000 imoto ngayinye ukuze idedelwe. Ngokusho komunye wabashayeli beTaxify, yena nozakwabo bavinjezelwe yizimoto ezincane ezintathu ngesikhathi bepake ngaphandle kwaseNyuvesi yaKwaZulu-Natal, eHoward College ekuseni. “Kufike osomatekisi abathathu kithina basiphoqa ukuthi sibalandele siye emhlanganweni ophuthumayo. Sifike enkundleni yezemidlalo eChesterville sekukhona ezinye izimoto ezingaphakathi zeTaxify neze-Uber,” kusho lo mshayeli. Uthe lezi zimoto bezihamba zivinjwa ezindaweni ezahlukene, zibizelwa kulo mhlangano mbumbulu. “Ubungekho umhlangano, bebezositshela ukuthi abafuni ukuphinde basibone sisebenza ngoba asinazo izimvume zokuthutha abantu. Bathe imoto ngayinye izodedelwa ngoR5 000. Bagcine sebethi asikhokhe uR500 ngokubona kuqhubeka isikhathi,” kusho lo mshayeli. Omunye umshayeli uthe basizwe ukufika kwamaphoyisa abehlome eyizingovolo, aphoqe labo somatekisi ukuthi babadedele. “Sesihamba sijeqeza ngoba bathe i-hoot yemoto soyishaya ngesiphongo. Izindawo ezisemalokishini sesiyasaba ukuzihambela ngoba asazi siphephe kangakanani,” kusho omunye umshayeli. Uthe abazi lo msindo ususwe yini ngoba bebazi ukuthi iseGoli kuphela lapho abangabafuni khona. NgoMashi nonyaka ePitoli kubulewe ngesihluku isitshudeni saseNanda, uSiyabonga Ngcobo, esasingumshayeli weTaxify. Usihlalo kasoseshini waseChesterville uMnuz Mbongeni Mkhize uthe bangu-12 ososeshini abangaphansi kweTheku abangeneme ngokusebenza kwezimoto zeTaxify ne-Uber. “Sekuphele amasonto amathathu sizama ukuhlangana nezikhulu ze-Uber neTaxify kodwa sihluleka. Sibone kungcono ukuthi sivimbe izimoto zabo ukuze basondele kithina. Abakwazi ukungena emsebenzini wethu sithule nje,” kusho uMkhize. Uthe kuzosiza ukuthi le nkinga isheshe ixazululeke ingaze iphume esandleni. Okhumela amaphoyisa KwaZulu-Natal, uLieutenant Colonel Thulani Zwane, uthe amaphoyisa aseCato Manor abizelwe kule ndawo ukuyoxazulula isimo, alikho icala elivuliwe.",1
dev_isizulu_00202,llama3.1,@username nginguza ukuthola njalo,1
train_isizulu_01748,llama3.1,"@username, impondo, indebele, ivenda, ibhaca, ingisi, ibhunu, ukubalwa kwazo kwenziwe ngokwenzeka. Umusuthu, umutswana, umutsonga, umuswati, umuthembu, ukubalwa kwazo kwenziwe ngokwenzeka.",1
2392,llama3.1,“Abasebenzi basesibhedlela bancane kakhulu ukuthi bangakwazi ukubhekana nenani lezigameko njenga manje. Kubaluleke kakhulu kithina ukuthi sizame ngoku semandleni ukubasiza ukuze sonke sigweme ingci ndezi eyengeziwe ohlelweni lokunakekelwa kwezempilo.”,1
dev_isizulu_00220,llama3.1,Akasikwe masende lodoti lokwazi.,1
train_isizulu_00358,llama3.1,"@username wena uya kwenzi lana, sizobona kodwa thula ukubuke",1
642,llama3.1,"Ngihlaba ikhwelo kuwowonke amadoda aseNingizimu Afrika, amancane namadala, ahlala emadolobheni nahlala ezindaweni zasemakhaya, aphila isimanjemanje naphila ngokwendabuko, ashadile nangashadile, ukuthi abe yingxenye yemizamo yokugwema edingeka kabikabi, kwenziwe ngokungakho kwabo.",1
dev_isizulu_00155,llama3.1,"@username musa ukuzenza into esile wena hlampe nje saphasa kakhulu kunawe futhi sisebenza into esile kunawe manje lowolayin oloke uwusho uzenza into esile... masithi whites askhulum ngobuzwe bakho sikhuluma ngebala lakhe sdomu... shuth njalo mukhuluma ungath mina ngumzansi africa? ngimnyama, ukubona kwakho kwenye twita kunjalo",1
3128,llama3.1,"Ukungenzwa kwa mizizi ya kuwepo, kwa mara nyingine tunaweza kukaa baadaye kuliko saa 21:00 ebusuku,"" alisema.",1
train_isizulu_02094,llama3.1,Ngiyabona inkomo yamthandana ukuthola umlilo.,1
569,llama3.1,"Sasungula uhlelo loku siza abantu ngomse benzi ngonyaka odlule ukuze kudalwe inqwaba yamathuba emisebenzi esikhathini esifishane kakhulu. Lokhu kwakubiza izindlela ezintsha nezinga masu amasha okusebenza ukuze kuqaliswe izinhlelo ngesivinini nangobungako, ngokwenzeka ukuthola umsebenzi usizo lapho kudalwa inqwaba yamathuba.",1
2349,llama3.1,"Okulethwe yilolu bhubhane sekushu-kumise amazwe ase-Afrika ukuthi asebenze ngokuhlanganyela. Kulesi sihogo sosizi lwe-COVID-19, imbewu yobunye nokusebenzisana eyatshalwa izingqalabutho zakithi isiya-thela futhi iyachuma. Lesi sikhathi sokulingwa nesobunzima, ukusondela kushona kwakho ukuze ushike ngokuhlanganyela.",1
train_isizulu_02800,llama3.1,Ngiyakubeka engathi iyahluleka ukubuyisa umhlaba kubantu abamnyama ekwiyona into izwe elifunayo kakhulu ne msebenzi kwalelo toho olitholayo uzofika ibhunu likhombha isizwe sakithi silambile ngisho izwe seliphethwe muntu mnyama still siyabandlululwa,1
train_isizulu_02014,llama3.1,"#freedomday2021 27 years of democracy umhlaba owathathwa kokhokho ukuze kumbiwe igolide, amabhunu asabulala abantu namanje emapulazini inkululeko yomnotho sisayizwa ngendaba basincisha r350",1
710,llama3.1,"MHLELI: Ngicela ukuthi ungidlulisele ukuphatheka kabi kwami ngesenzo esenzeka lapha ebandleni selokhu kwahlala ubaba uNyazi ebandleni. Okokuqala, ngizobeka kucace ukuthi ngokwenqubo yaleli bandla uma kuzongena imihlangano eyaye yenziwe kathathu onyakeni, okuyinhlangano kaJanuwari, Julayi no-Okthoba kumele kuthethelelwe bonke abebemisiwe ngenxa yokuphambana nomthetho webandla noma ngamacala athile abasuke bewenzile. Kodwa lokhu sibona sekushaywa indiva nobaba sengathi uyehluleka ukuphuma nento ecacile njengomholi webandla. Abantu bayazenzela nje, akanendaba futhi uyehluleka ukumela iqiniso njengoba kunguye owokugcina okumele aphume nezwi eliwujuqu.Ngikhuluma nje kunabagcotshwa abayilokhu bamiswa. Manje sekungaphezulu kweminyaka eyisithupha udaba lwabo lungakhulumeki, yena ubaba uthulile nje akabashayi mkhuba noma sebekhalela ukuthi phela abaxolelwe, babuyele esontweni. Ngokwenqubo yebandla lokhu akwenzeki.Siyamangala-ke ngoba lokhu kuyaphambana nomthetho kanti nekomiti elimiselwe ukulungisa izindaba zebandla lizithulele nje. Manje angisazi ukuthi leli bandla libhekephi uma kunjalo. Uma yena engabathetheleli njengomnikazi wesonto kanti ngubani okumele abathethelele? Futhi uma yena engabazweli ngubani kanti ozobazwela ngoba uma bexabene, engabalamuli ngabe ulindele ukuthi kuze kuchitheke igazi yini lapha ebandleni? Yonke le mihlangano engiyibalile iyangena nje bamisiwe laba bantu, abasonti ndawo, abasazazi noma basengamaNazaretha noma sebeyini. Uma belahlwa benganakwa kanti yini lena engaka abayona lapha ebandleni edala bangiyitholi intethelelo?Uma bengahamba manje emhlabeni bengathethelelwe kuyothiwani? Sengisola ukuthi naye ubaba akalinakile ibandla ukuthi abantu bayezwana noma cha. Laba bagcotshwa ngingabala oMfundisi Khanyi, Mavuso, Ngema, Mchunu noMvangeli uMtshali. Angisazi kahle noma bamisiwe noma baxoshiwe yini ebandleni. Ngikhuluma nje lona omunye uMfundisi Richard Mchunu wake wazidela weza mathupha ethi uzozicelela intethelelo kuye ubaba uNyazi kepha wavinjwa ngamanye amalungu ebandla, amfaka induku phambi kwakhe ubaba. Ngelanga ashaywa ngalo kwakuyiSabatha kwakukhona ngisho iSilo Samabandla sivakashile, okungavumelekile-ke emthethweni kaNkulunkulu ukuba kwenzeke. Futhi lokhu kwakumele ubaba njengomholi aphume nezwi eliwujuqu ngaso leso sikhathi, ayilungise yena le ndaba yalaba bagcotshwa abathethelele babuyele esontweni nabo bazikhonzele. Kepha yena wathi laba bantu abaxabene bebodwa, abasale bayilungise le ndaba yokuxabana kwabo wasuka washiya kulenga kunjalo.Le nto eyenzekayo lapha ebandleni isiphethe kabi kakhulu ngoba ihlambalaza ibandla likaNkulunkulu wasekuPhakameni. Angikaze ngiyibone le nto ngoba kuyimanje kukhona abanye abagcotshwa abamisiwe futhi nabo okungezwakali kahle ukuthi benze sono sini.UThingolwenkosazana lwalungahambisani nokushaywa nokuxoshwa kwabantu esontweni noma ngabe benzeni. Lwaluze lusho luthi mina angixoshi muntu ngoba nobaba abazange baxoshe muntu. Kodwa manje lokhu sekuyinsakavukela nje ebandleni. Siyibandla siyamangala ukuthi sekuyisonto elinjani kanti leli uma selinjena. Ngiyafisa ukuthi nesigungu esiphezulu silusukumele ngokukhulu ukushesha lolu daba lwalaba bagcotshwa, babuyiselwe ebandleni nabo bakhonze.Le nto ibuhlungu ngoba laba bantu banezingane namakhosikazi abangazi lutho futhi angone lutho. Nabo bayathinteka abasasonti ndawo ngoba kumiswe oyise nabayeni babo. Ngicela isonto lingaphenduki kube yikwamachanca kwampunzi edla emini lingaphenduki libe yihlathi ekubeni kunomholi nesigungu esimiselwe ukulungisa lezi zindaba. Njengoba nje kuzoba nomhlangano lapha eGoli kuyo lenyanga bengicela babuyiswe laba bagcotshwa, kungadlalwa ngokukholwa kwabo ngoba bengenamkhulumeli.Ngifisa ukuthi kuphele lokhu kuxabana okukhona ngaphansi kobuholi boNyazi nalo alusukume lubonise ubuholi balo luqede le ngxabano ekhona esithathe iminyaka eminingi kangaka.Uma lwehluleka ukulamula le ngxabano ngifisa bamiswe nalaba abanye abagcotshwa abaxabene nalaba abemisiwe baze babuyele esontweni sebebuyisene ngoba basonta kanjani bona bexabene nabanye?Sekwaze kwaba khona omunye umuzi owakheka phezu kwenzondo khona lapha eGoli, okuyaye kuthi uma uNyazi luze kulona omunye umuzi abanye abavumelekile ukungena kuwo ngoba kuxatshenwe. Uma selulethe umhlangano kulona omunye futhi laba abanye abavumelekile ukungena kuwo.Ubaba uyawubuka nje lo msindo uyaqhubeka. Bengilokhu ngithi uzowunaka awulungise njengenhloko. Manje zidla amahlanga phambi kwakhe abantu bayazenzela nje. Iyakhathaza le nto ngoba isisontisa kabi uma sinyonkolozana kabi kangaka ngoba awukwazi ukukhuluma nalaba abanye ngoba uthathwa njengevukela mbuso kulaba abamise, abanye kushiwo lokhu nalokhu. “Wonke amaNazaretha mawabe munye njengebumba likasimende.” Ameni, ngiyabonga.Okhathazekile",1
2556,llama3.1,"Ukubhala emsebenzi kunazoqeqesha ukuzoba nozinzo emisebenzi yezweLoli, kuyadingeka ukuthola izinhlobo zokuphezulu.",1
train_isizulu_01164,llama3.1,"Nyoni emhlophe yakwa Dlamini, unwele olude ndlovukazi. Ngiyabonga kakhulu ukuthola ukubona ukwazi wakho. Hamba kahle!",1
train_isizulu_02977,llama3.1,"Uphuke ukuthola ukuxoxela usisi omfice etaxin ongamazi athi ""ukuphila kwethu kusekncane lokho"" wenja😩",1
1228,llama3.1,"Ngifuna ukubonga izinhlangano zezimele (NGOs) eziningi, amaqembu ezenkolo kanye nezakhamuzi zakithi ezinikele imali nokuvolontiya ukusiza ngokudla kwabalambile na-baphofu.",1
368,llama3.1,"MHLELI: UMTN udlala ngathi, kanti konakele kuphi ngempela? Uma ube nenhlanhla emva kwalokho iyavela i-airtime yakho. Iqiniso licace bha ngisho nasebusweni benkawu ukuthi kudlalwa ngathi la. Kumele ungakhohlwa uMTN ukuthi thina asizona izalukazi noma amakhehla lawa abadlala ngawo.",1
2227,llama3.1,"Isigaba 4: Imisebenzi ye-CACH inqinisekisa imininingwane yomfundi futhi iyidlulisele ezikhungweni. Lapho kukhona izikhala, abafakisicelo behlangabezana",1
2334,llama3.1,"Nje izandla uma ubunjalo nobungozi bobhubhane buvuleka. Kusukela ezinsukwini zokuqala zobhubhane futhi ngokuholwa i-AU, sasungula iqhingasu lezwekazi lokubhekana nobhubhane, elaliholwa i-Africa CDC kanye nama-thimba ezifunda.",1
train_isizulu_02536,llama3.1,Kodwa lutho ukubhebha :-( #ukubhebha,1
test_isizulu_00312,llama3.1,"@username, yazi yonke lento ekulomdlalo ayivezi nje ukhuluma kwenye ububibokuba umahosha kodwa futhi uze i-advice kwabesifazane ababanike",1
test_isizulu_00622,llama3.1,Ubusuku wabantu abaphilayo ukuthi usudla ibhunu zandile. #ibhunu,1
test_isizulu_00549,llama3.1,Amabhunu abakhuluma ngenxa yosechaba 😡 #url,1
train_isizulu_01909,llama3.1,"Vaya eshakaskraal by Stanger, kuthiwa umbono esibukweni engena ngisho esephuma. A close family yathola kanjalo inkomo zayo zinthsontshiwe ebantu #viral",1
2124,llama3.1,"""Ukufaka isicelo kwenye-Instagram. ""Inqubo yokufaka isicelo yona qobo yenziwe yaba lula futhi nemibuzo ebuzwayo ilula kakhulu ukuthi abantu bayiqonde. Okunye futhi, abafakizicelo bangama phakathi nayo inqubo babuye baqhubeke ngesinye isikhathi ngaphandle kokuqala phansi.""",1
3600,llama3.1,Afrika inabuduka kwa kuhamishwa kwenye mchezo uliojaa wasiwasi wa kupata mafanikio ya mwanzo.Kunabadilika wanaosema kwamba wamechukua mchezo huo kwa sababu wa uwezo wa Sim 'Tiger' Tshabalala kuwahudumia njama za galofu,1
3164,llama3.1,"Ngiyabonga, ngiyaphinde ngisebenze ngempumelelo kanye nasekuzinzeni kwezimali ezikhungweni eziningi zika-hulumeni, kubandakanya nezinkampani eziphethwe uhulumeni (SOEs).",1
train_isizulu_00249,llama3.1,Laba fana bakhuluma nge beef ngisho bengakwazi nokuhlinza inkomo.😊,1
161,llama3.1,"UMthembu waseMsinga, Siphamandla Mthembu, uthi umyeni wake, Thandiwe Ndlovu-Makhunga (46), waphawula inkomo ngecala lokukhumula inzilo ehlobo. Umyeni uze kube yimanje akakahlawuli ukuthi zingapheli angayikhiphile inhlawulo kodwa kuze kube yimanje akakahlawuli.",1
train_isizulu_02268,llama3.1,uMaritzburg unyakaza mxm abekho omahosha ngemasunday😒😂😊,1
train_isizulu_02614,llama3.1,"Ngiyabonga ukuthi ngifike la imonkey pox, ngikhuluma ngokwaziwa.",1
3332,llama3.1,"Futhi wangeniswa esi bhedlela. Wahlonzwa nje ngonenhlobo yesibili yezifo zikashukela futhi kwaphela amaviki ebuthakathaka engakwazi nokuvuka e mbhedeni. ""Udokotela wakubeka kwacaca bha ukuthi ukulawulwa kokugula kwami ngeke kwenzeke uma nje ngisaqhube ka",1
train_isizulu_01799,llama3.1,"""@username #SisonkeDrive Siyabonga ukusidla ubholoja. Ligama la artist ubholoja, igama lingoma imfene.""",1
3436,llama3.1,Abangama-80 kwenye laba bafana wakwazi kutafuta vitabu vyao vya kusoma.,1
73,llama3.1,Okwakhiwe kwa- ma-60 ezikole ezinezingane eziqhamuka emindenini em- pofu eNingizimu Afrika.,1
2566,llama3.1,"Ukuqeqesha emsebenzini kwa hulumeni kunawina ukubandakanya ukuqeqeshwa kwabasebenzi, kuwina izinhlaka zika hulumeni ngokuhlinzeka imithetho efanele.",1
train_isizulu_00849,llama3.1,"""ungabiyisilima slima"" 🔥🤣",1
train_isizulu_00731,llama3.1,Ukubona ukhuluma ngothando kwenye URL yonke.,1
1199,llama3.1,"Kwenzeka ngokuthatha R450 ukusondela ukuphambana phakathi kwemalingena, ikakhazwa kanye nokubona umuntu.",1
2078,llama3.1,"Ekhuluma egameni lezinhlangano zomphakathi ezibanda kanyekayo, uZukiswa Kota, inhloko yoHlelo Lokuqapha Nokumelela, Ekuqashelweni Kokuphendula Kukahulumeni Ngakwenzile kanye nomxhu manisi we-Imali Yethu, uthe izinqubo ezibhekene nezabe lomali ebalulekile",1
train_isizulu_01875,llama3.1,@username ukuthula kwenkosikazi! 😂😂😂😂,1
664,llama3.1,"Ngemishini yokuphefumula eyi-1 000 lapha eNingizimu Afrika, engama-20 yayo yemuke-lwa nguNgqongqoshe Wezempilo u-Zweli Mkhize ngoNhlangulana. Yafakwa esibhedlela esise-Soweto i-Chris Hani Baragwanath Academic Hospital. Umnikelo olandelayo uzosetshenziswa kwenziwe ngokuphefumula kwazo.",1
2415,llama3.1,Ukusebenza kwamagama asebenzi ukuthola HIV ngokugqugquzela ukusethwa kwejazi lomkhwenyana nocansi oluphephile.,1
1495,llama3.1,Ungubani ukhuluma kuhlelwa kwakho?,1
2677,llama3.1,"Izwe lethu eliphakathwayo ekulula-meni. Ukuzithemba kwami ku-vela kwa abantu baseNingizimu Afrika. Uma ngibheka indlela abantu baseNingizimu Afrika ababhekane ngayo nalolu sizi kusuka kwaqubuka igciwane ezweni lakithi, anginalo ungabazane ukuthi siqinile, ngiyazi ukuthi sizokwazi ukusiza.",1
test_isizulu_00380,llama3.1,"""Ngiyabhebha wena, ngiyakuthanda!""",1
676,llama3.1,"Sihlalo lapha kwenye izinsiza zokuzivikela Noma, kusenokwentuleka kwezinsiza zokuzivikela, okubandakanya amabhizinisi aseNingizimu Afrika, i-Naspers, iiUnited Pharmaceutical Distributors. Kucelwa bonke abasebenzi bezempilolabantu abahaqwe ilenyuka nje.",1
train_isizulu_02668,llama3.1,Ingulube ngeke ukhipe odakeni.,1
3404,llama3.1,"Umuntu uhluleka ukhuluma ngokushada kwabantu abashade, abafuna ukwaziwe kwenye isintu.",1
885,llama3.1,"""Umphakathi wethu ugwugcwele izingane eziningi ezineminyaka, kuyaziwa kwabesifazane ukuthi seziya esikoleni ezingenayo indawo lapho zingayofunda khona.""",1
train_isizulu_01595,llama3.1,"@username thina esilibonayi iqiniso sidukisa abantu, sisize ukufihla isitha. Uramaphosa akenzanga lutho. Abelungu behlangene bonke, amabhunu namangisi yibo abenza lokhu kuthina besebenzisa yena. Asikhohlwe imvubu (Ramaphosa), siqode oyiphethe (Abelungu) osishaya ngayo.",1
train_isizulu_01481,llama3.1,"Yimo esengisuthiswa i 2 slice, yeah umjolo uzokunyisa shame 😩😩 #umjoloWabantu",1
1679,llama3.1,"Sigxile futhi ekusunguleni ukusebenzisana okuningi phakathi kukahulumeni nomkhakha ozimele ukweseka ukukhula kwabalimi abamnyama kwezohwebo ngezinhlelo ezifana no-Partners in Agri Land Solutions, Agricultural Development Agency ne-Agricultural Technology Transfer.",1
train_isizulu_00917,llama3.1,"@username ngicela ukubonga kwa mali yam, nginguza ukucabanga kwazo 😊👍",1
2547,llama3.1,"Umthetho osadingidwa woHlaka Lokuqaliswa Ko kusebenza Lukazwelonke Ekuqeqeshekeni Emisebe nzini Yomphakathi uhlose ukwakha umbuso osebenze la kangcono abantu bakithi, ongenakho ukungenelela kwezepolitiki futhi imisebenzi inikezwa ngoku faneleka.",1
2926,llama3.1,"Ezinyangeni ezintathu emva kokumemezela izwe njenge lingasenalo igciwane lecorona, i-New Zealand isiphinde yaba ngaphansi kokuvalwa kwezwe. Yize ukuqubuka kwegciwane kwakamuva kwaba nezigameko ezimba lwa, uhulumeni waphinde wabeka imikhawulo yokuvalwa.",1
2767,llama3.1,"Lena enye yezinsika ezi balulekile zohlelo lwe-GO GEORGE. Kubalulekile ukuthi umuntu ngamunye eGeorge akwazi ukusebenzisa izithutha zomphakathi ukuze akwazi ukufinyelela amathuba omsebenzi, ezitolo, ezenkolo, ezokungcebeleka kanye nezinsiza ezifana",1
3238,llama3.1,"Bethu kanye nodokotela bezifo basezingeni lomhlaba, sibeke ngomumo izinhleloeziningi zokubhekana nalesi simo esiphuthumayo. Sizinike ukweseka ukuqaliswa kwazo, futhi sizohlinzeka ngosizomali. Zibandakanya ukumiswa kokuvakasha kwezivakashi eziqhamuka emazweni",1
3015,llama3.1,"""Bahlale ekhaya,"" kusho uMongameli. Abasebenzi abakwaziyo ukusebenzela emakhaya kumele bavunyelwe ukwenza kanjalo. Ukulandela lezi zinyathe lo, zonke izimboni ezikhi qizayo, izimayini, abakhi, abezezimali, imisebenzi ekhokhelwayo namabhi zinisi, ubuchwepheshe.",1
389,llama3.1,"Isigaba 4: Imisebenzi ye-CACH inqinisekisa imininingwane yomfundi futhi iyidlulisele ezikhungweni. Lapho kukhona izikhala, abafakisicelo behlangabezana",1
694,llama3.1,lakithi. INingizimu Afrika kufanele ukhuphule amasokisi ezinyathelweni zayo zokuthi kusokwe abesilisa abasha ukuze kuncishiswe ubungozi bokuthi bathole i-HIV . Ukuso-kwa okungaphephile akumele neze kugcine kunika abesilisa abasha izinkinga zempilo.,1
dev_isizulu_00650,llama3.1,"@username ukuthula kwakungukhuluma njalo, ngokushaya ubaleke njengamanzi slima",1
494,llama3.1,"SIGODLIWE isinqumo ecaleni ebelifakwe yiDemocratic Alliance (DA) enkantolo lokuphoqa owayenguMengameli wezwe, uMnuz Jacob Zuma ukuba azikhokhele izindleko zamacala abhekene nawo. NgoLwesithathu u-Adv Thabani Masuku obemele uZuma utshele amajaji ukuthi uMengameli Cyril Ramaphosa ubengakashintshi ekutheni izindleko zecala zikhokhelwe wuhulumeni njengoba uZuma wasayina isivumelwano nalowo owayenguMengameli wezwe uMnuz Thabo Mbeki ukuthi kube wuhulumeni okhokhayo. Uhulumeni uzoqhubeka nokukhokhela izindleko zecala likaZuma kuze kube inkantolo ithatha esinqumo esiphikisana nalokhu. IDA ne-Economic Freedom Fighters (EFF) ifake icala enkantolo ngoba ifuna uZuma akhokhe uR15.3 million osusetshenzisiwe emacaleni akhe. Le mali isetshenziswe kusukela ngo-2006 ngesikhathi kushushiswa uZuma ngodaba lwama-spy tapes. U-Mmeli weDA u-Adv Sean Rosenberg uthe kushushiswa uZuma hhayi umbuso ngakho uhulumeni akufanele akhokhele abameli bakhe. U-Adv Thembeka Ngcukaitobi omele i-EFF uthe uZuma uphethwe ngezandla ezintofontofo ezimnika imali yombuso futhi kufanele abuyise imali esikhokhwe wuhulumeni. U-Masuku usole iDA ne-EFF ngokudlala ipolitiki esho nokuthi izindleko zecala likaZuma azimbi eqolo.",1
train_isizulu_01645,llama3.1,"@username, ngoba ukuthola ukusiza kwakho kwenziwe ngokwenzeka, sizoyethenga kanjani ingulube isesakeni?",1
dev_isizulu_00554,llama3.1,"@username Mr Ngubane, ngiyakuthanda ukukwaziwa kwangabantu abaningi, ngoba uyingumthetha kwenziwe kakhulu!",1
2907,llama3.1,Ukuvundisa izindlela zokudinga isizwe kwenye amasiko asekhaya noma ukwamukela ukuphathwa ngobuqotho.,1
562,llama3.1,"KUQWASHISWE abesifazane ukuthi basheshe bazibheke izimpawu zokhwantalala ezinganeni, ezingagcina ziholele ekutheni zizibulale. Solwazi Sma Magwaza, Clinical Psychologist e-University of KwaZulu-Natal, uthi ukhwantalala seluyisifo esiyinkinga kakhulu kuleli futhi uma singanakiwe baningi abazophazamiseka ngokomqondo ngenxa yalo. Izifo ezithinta umqondo azinakwa kuleli, sekuyinto ejwayelekile ukubona ophazamiseke ngokomqondo emgwaqweni engasizwa. Ingane ingashaywa esikoleni kuthiwa ayizwa kanti inokhwantalala. Yingakho kumele kunakwe izinguquko emizweni yomuntu nasemicabangweni yakhe. Uma umuntu eseqala ukungathandi lutho, azibone engelutho kusuke sekuyinkinga. Komunye kusuke sekuwumsebenzi omkhulu ngisho ukuvuka nje abhekane nosuku. Izingane kumele zifundiswe zisencane ukuxazulula izinkinga ukuze zingaboni ukuzibulala kuyisisombululo. Ukwanda kwezigameko zokuzibulala kwezingane kwenziwa ukuthi zibona kuyinto enhle ngoba kuvezwa nakwabezindaba. Ezinye zisebenzisa izidakamizwa ngoba ziziba ukhwantalala. Ukugula ngomqondo okubizwa ngeBipolar kuqala ngokhwantalala olunganakiwe. Abesifazane bahlaselwa nawukhwantalala emuva kokubeletha, athe luphatha oyedwa kwabathathu. Bangahlulelwa abantu abanokhwantalala ngoba bangagcina bezibulala. Sibhekene nenkinga kuleli ngoba bangu-23 abazibulala ngosuku okwenza babe * -8 000 ngonyaka. Abangu-17.6% sebeke bacabanga ukuzibulala. Uma umuntu eseke wazama ukuzibulala kumele asheshe asizwe ngoba usengaphinda azame. Inkinga ukuthi siyamehlulela uma ekade ezama ukuzibulala bese ebona ukuthi akekho oqonda isimo sakhe.",1
688,llama3.1,"Ekuqaleni kweminyaka eyishumi, uhlelo lwethu lokuvikela ukwesuleleka ngeSandulela ngculazi okuqhamuka kumama kuya enganeni (i-PMTCT) kube kuncane kakhulu. Njengamanje sesinezinga eliphezulu kakhulu le-PMTCT ne-Afrika, osekuphinde kwehlisana",1
test_isizulu_00605,llama3.1,@username kwavele kwabamuncu ibhunu selibuza ukuthi us'thathephi isithombe sakhe omunye usisi lana😂💉,1
1986,llama3.1,"Izigidi zabantu baseNingi -zimu Afrika bezilokhu zihlo nipha ukholo lwazo. Ezweni eliqhakambisa ilungelo lenkululeko yenkolo, wonke umzamo kumele wenziwe ukweseka abantu bakithi ukusebenzisa leli lungelo, ngoba yilungelo lento lizokwaziwa.",1
2966,llama3.1,"Izinto eziningi zizothola ukuthi izigcwele zayo ezingama-21 zitholakala kwenye ishoni, ethaveni. Izinto ezinazo zonke zayineminyaka eyi-13.",1
224,llama3.1,"IHLEKA yodwa imilutha yewunga ehlala edolobheni eThekwini njengoba sekuqalwe phansi ukubhaliswa kwabafundi, e-University of South Africa (Unisa), emuva kokumiswa kwesiteleka sabasebenzi. Kuthiwa le milutha idela ubuthongo ijoyine ulayini wabafundi abalala ngaphandle kwesikhungo sase-Unisa esisemgwaqweni uStalwart Simelane, eThekwini, ukuze idayisele abafundi abafika ekuseni izikhala kulayini. Amaphara alala okuyini, uma umfundi efika ekuseni akhokhele iphara uR50 bese ema lapho kade lime khona. UNksz Sizakele Msweli (25) uthe wethuka ngesikhathi efika kule nyuvesi ngehora lesihlanu ekuseni kodwa waba ngunombolo 391 kulayini. Ngangizitshela ukuthi ngivuke ngempela uma ngishayelwa * -5 e-Unisa. Ngacela umfowethu ukuthi angihambise ngoba ngibona ukuthi uma ngihamba ngamatekisi ngizofika sekugcwele kakhulu. Ngathi ngisazimele kwaqhamuka iphara lathi liphambili kulayini, lingangidayisela isikhala ngoR200. Ngashaywa ukuthi imali ngangingenayo. Ukube yayikhona ngangizokhokha. Nksz Msweli owayeseduze kwakhe, walikhokhela iphara waba phambili kulayini. Qhuba wathi waze wagoduka ngo-7 ebusuku ebe efike ekuseni ngovivi. Isolezwe ngeSonto lihambele kulesi sikhungo ngoLwesihlanu ukuthola kabanzi ngokushiwoyo. Abafundi abebemi kulayini bakuqinisekisile wukuthi wumkhuba ojwayelekile lo. Omunye wabadayisa ngaphandle kwase-Unisa, ocele ukungadalulwa, uthe kwesinye isikhathi yibo abafundi abasukela imilutha yewunga bayicele ukuthi ibabambele ulayini. Abasuke benqena ukulala ngaphandle, bacela amaphara ukuthi ababambele olayini. Abanye baze bawaqashele nezihlalo kubhuti oqashisa ngazo ukuze ahlale phansi. Umlutha onqabile ukudalulwa, uthe kusebenzeka kangcono uma kusesekuseni kakhulu bengakafiki abasebenzi base-Unisa ngoba bafike babaxoshe. Uma eme ngasekuqaleni kukalayini ubiza uR150 nangaphezulu kuya ngesivumelwano kodwa uma engasemuva ubiza uR50. UMnuz Zamokuhle Buthelezi (24) oqashisa ngezihlalo kubafundi abasuke bezobhalisa uthe uyazuza. Ngizale ngonyaka odlule ngemuva kokubona ukuthi abantu bama baze bakhathale kolayini. Ngibiza uR5 uma umuntu ezohlala ubusuku bonke kanti emini ngibiza uR2. Okwamanje nginezihlalo eziwu-300 ngisafuna ukuzandisa. Ngiphinde ngiqashisele abadayisayo.",1
train_isizulu_00328,llama3.1,"@username, ngiyabonga ukuthi wenzani ukhuluma njalo 🤣😂😂😂😂",1
1573,llama3.1,"“Ngiyakwazi ukuthi abavoti bafike futhi basebenzisa ithuba, siboniso lapha.”",1
54,llama3.1,"Asikuvumeli ukuphutha esikoleni ngaphandle kwesizathu esizwakalayo, futhi asinabo abafundi abayeka isikole. Ukulalela kwabafundi bethu kanye nokuphumelela kwabo ezifundweni nakho sekungcono kakhulu.",1
11,llama3.1,"Ukutholakala kwamagciwane asekuqinisekisiwe ukuthi yikhona okudlangile yimixhantela yegciwane iOmicron ebizwa nge-B.4 ne-B.5, kusho uPhaahla.",1
3424,llama3.1,"“Ubuchopho bunamangqamuzana ezinzwa ayizigidigidi (amaneurons) okuyiwona athumela umyalezo ngezimpawu zokubanika nangokwekhe mikhali. Uma kuba khona ukubanika okweqile ngokuzuma, kungaholela ukusebenza kwamangqamuzana ezinzwa.”",1
533,llama3.1,"""Ukungenzwa kwakho kwenye zinkukhu, kuna wengine wanaofanya hivyo,"" anasema.",1
1025,llama3.1,"Amadoda nabesifazane'. Ngoba sibethulela isigqoko ngendima yabo kulolu bhu bhane, asenze lokho esinga kwenza ukuqinisekisa ukuthi abezindaba abakhululekile nabahlukene ezweni lethu bayakwazi ukunqoba noku phokophelela phambili.",1
2703,llama3.1,Ayisisekelo. Okunye kokunqoba kwentando yeningi yethu ukuthi wonke umuntu waseNingizimu Afrika uyakholwa ngukuthi uMthethosisekelo uyabavikela nokuthi izinkantolo zinobulungiswa futhi zingumahlu-leli ongathathi icala obhekelelo okudingwa yibona. Ngicabange,1
2997,llama3.1,"Njengoba ngabagcini nabanakekeli bezethu izingane, masinakekele nezomakhelwane ngokunjalo.",1
2491,llama3.1,"UNgqongqoshe uchaze lezi zi ngqinamba ezingeke zisonjululwe ngokungenelela okusheshayo futhi wacela umphakathi ukuthi ube nesineke ngesikhathi umnya ngo wethula lokhu. ""Simile sizibophezela ekwenzeni okusemandleni ethu ukuze si nqobe ukulwisana nemigqa,",1
1640,llama3.1,"Suku. Ngeminyaka yakhe yacaca, ngamukela izimfuno zabo ezazibekwe zacaca bha, kwacaca kumina ukuthi kudingeka sisukume ngokushesha futhi nangokuzimisela. Kwakubalulekile kumina ukuthi ngingaphenduli ngamagama ayize leze futhi nangezithembiso zamanga.",1
2682,llama3.1,"Sithobela kakhulu kunakuqala izinyathelo zokugwema ukusuleleka ngegciwane, sizophinde si-qalise umkhankaso omkhulu wokugoma. Uma abantu abaningi begonywa, sizosindisa izimpilo futhi siqhubeke nokunciphisa ubungozi bokusuleleka kubantu. Ukuthola imigomo yonke inayoqhubeka ngegciwane.",1
train_isizulu_03048,llama3.1,"@username nguye nginguwele, kwenkos'!",1
2306,llama3.1,Abantu ababe sebephuhliso lezi zigilamkhuba bese ziqala ukubafundisa ngocansi.,1
train_isizulu_02692,llama3.1,"Lol, sibona ukuthi unjalo :-), ngiyabonga ngamla :-).",1
train_isizulu_02760,llama3.1,Angisina istabane mina. #url,1
1533,llama3.1,"Oluzoqeda ukucwaswa nodlame olubhekiswe kwabesifazane kanye nokubandakanywa kwabo okulinganayo empilweni yezepolitiki, yezenhlalo kanye nomnotho. Njengengxenye yalo mkhankaso, sesihlangane 'neMifelandawonye' emibili, owodwa wezobulungiswa kwezomnotho.",1
1203,llama3.1,"Umkhulu wenzokhulu uhlala nayo ababambiqhaza ababuya kuwowonke umphakathi ukubheka ukuqaliswa kokusebenza kweqhinga likahulumeni lokulwa nenkohlakalo. Umkhulu omusha uzokweluleka uhulumeni ngezinyathelo ezibucayi zokugwema inkohlakalo, amakhono esikhungo",1
2565,llama3.1,Umsebenzi usuka kwenzima ukwaziweka ukungajeziswa kokungaphathi kahle kanye nokuxhashazwa kwezinsiza zombuso.,1
dev_isizulu_00625,llama3.1,Ndiyakwenze ukuthi ngubani abantu baseWest? 😒👊,1
dev_isizulu_00603,llama3.1,"Ndiyabonga ukuthola izibhedlele zethu ezinayoqhubeka ngokwenza isimo lapha e kapa, kwakukhuluma nje ngabantu abathuliwe corona.",1
dev_isizulu_00022,llama3.1,Umalungu wakho ushuthi ukulishaya isendulo lako? #link,1
597,llama3.1,"Nokuhlela, izinhlelo zesi khashana zingakhuluma noma eziningi zezo zisuke.",1
train_isizulu_00485,llama3.1,Imisebenzi yabantu ishaya kwenza ukuthola imifanekiso emadolo. Inyoka enjalo yenze ngokushesha kwabanye abantu. #url,1
test_isizulu_00079,llama3.1,"#RIPMzongwane #Ngoma #WakhalanyaNini Uyibekile Induku Ebhandla #SbuSodlomo #Ngwenya @ Phoenix, KwaZulu-Natal, South Africa",1
2731,llama3.1,"Umuntu ongobeni uthi ucwaningo lwenza ukuthi abantwana abangama-41% baqala ukuba nexhala phakathi kwabantu emva koku bhekana nobubhoklolo obenziwa nge-inthanethi, abangama-37% baqala ukukhathazeka, abangama-26% banemicabango yokuzibulala.",1
1349,llama3.1,"Lokhu kubona kalengokusobala ezigamekweni ezibuhlungu ezenzeke endaweni yase-Phoenix, namaphethelo eThekwini.",1
288,llama3.1,"MHLELI: Kanti ngempela yini eyolekelela izingane zabantu abantulayo esihlukwini sokushaywa zilinyazwe abantu okufanele engabe bazinika uthando njengothisha bazo. Angihambisani nesiphakamiso seCOSAS sokuziphindisela kodwa ngicabanga ukuthi kuzomele ilekelele abazali ekuvuleni amacala ezinkantolo nokwenza isiqiniseko sokuthi abenzi bokubi bayaboshwa. Ngisuswa wudaba olwaphuma kwiSolezwe langomhla ka-29 June 2018 lapho kwavela udaba lomfundi (9) waseMfume ofunda esikoleni iBaniyena Primary School olaliswe esibhedlela eyohlinzwa isandla ngenxa yokulinyazwa uthisha ngoba wayedlala eshaya amafoli, kwathinteka isicabha sekotishi likathisha. Wubulwane njena lobu mawulandela kahle isizathu sokushaywa kwezingane. Okufike kucike wukuhudula izinyawo kwamaphoyisa ekebopheni uthisha ebe eshaye ingane wayilimaza emini kabha bese beloku bethi basaphenya. Baphenya ini ngoba izingane zashaywa. Lingathanda kanjani lona lelo phoyisa eliphenyayo uma ingane yalo ibuye esikoleni seyiphuke ithambo lesandla sekumele iyohlinzwa ngoba ishayelwe ukudlala kwathinteka isicabha sekotishi likathisha? Ungathola ukuthi lelo phoyisa eliwumphenyi yilona eseliphenduke umxhumanisi linxenxa umzali ukuthi asule icala ngoba selifunjathisiwe. Benze njalo siyabazi. Singajabula iphepha lethu esilithembayo lisazise ngokuthi sekuhambe kwafikaphi ngalolu daba. Ngeke sikubekezelele ukubunjwa kwesizwe esinodlame okwenziwa othisha abamnyama ezinganeni ezimnyama. Ingane ekhule ngesihluku senduku nayo uma seyikhulile yenza loko emndenini wayo noma ebantwini bangaphandle. Bhekani Ngwane",1
1526,llama3.1,"Mhlari. ""Ukuhlinzwa kusalokhu kuyiyona ndlela yokuqala ekhethwayo yokwelapha ukukhulelwa okungekho esibelethweni, kodwa-ke uma kusheshe kwahlo-nzwa kuyinto enokwenzeka ngempumelelo ukwela-shwa kwalokhu kukhule-lwa ngemithi ngaphambi kokuthi siklebhuke.",1
train_isizulu_01196,llama3.1,Uthi uvakashile kwa bae uzwe mawakhe ethi mkhombiseni imfene izomjwayela. #url,1
train_isizulu_01145,llama3.1,"Amabhunu awufuni nomhlaba, ilizwe lapho kungena ukuthi liyaziqhuba ngokwesobala, yilapho ababoer bathola izwe ngamagoli. #Sovereignty",1
131,llama3.1,"Ngokwesibungazo kwamukelwa koMthethosise kelo wentando yabantu, masikhumbule ukuphumula okungujuqu esakuthola kuhlelokusebenza olwalwe sekelwe ukubandlulula ngo kobuhlanga, ukuxhashazwa, ukuphucwa impahla kanye nokucindezelwa olwalukho na ngaphambili.",1
1,llama3.1,"Ngokusho kukaNgqongqoshe Wezempilo uDkt. Joe Phaahla, mhla zingama-25 kuMbasa iNingizimu Afrika yashaya ukukhula kwezigameko ezintsha ze-COVID-19 ngama-137% eziyisikhombisa, okuningiwe amaninga aphezulu",1
504,llama3.1,"sizathu esenze ukuba, emva kwezingxoxo ezijulile nesisebe nzisana nabo kwezenhlalo ku-NEDLAC, usizo lwe-COVID TERS lelulelwe umhla ziyi-15 kuNdasa 2021 kuleyo mikhakha ebingakakwazi ukusebenza ngokuphelele. Isibonelelo Esikhethekile se-COVID-19 sizolulwa",1
3151,llama3.1,"""Ubanike izinsuku ezingama-30 ukulungisa izinkinga zokuphakamisa.""",1
204,llama3.1,"ILUNGU lesigungu esiphezulu kwi-ANC uMnuz Bheki Cele, likhwele ladikila kuNobhala-jikelele kaKhongolose uMnuz Ace Magashule lathi ubulala umbutho ngalezi zinkulumo alokhu ezenza esidlangalaleni. Ekhuluma emgubhweni weminyaka engu-106, i-ANC yasungulwa enkundleni yezemidlalo eLakeside Sport Ground, eVryheid izolo, uCele uthe sebembonile ukuthi uMagashule usemkhankasweni wokucekela phansi uKhongolose. “Awukwazi ungumholi we-ANC uthi ubuholi obukhona nawe oyingxenye yabo uthi buzoba khona iminyaka emihlanu, ngemuva kwalokho inhlangano izobuyela ezandleni ezifanele,” kusho uCele. Uthe phezu kokuthi uMagashule ethi ubuholi bukaMengameli Cyril Ramaphosa buzophela ngemuva kweminyaka emihlanu, uyaqhubeka uyabhuqa uthi abantu abangathengi kwaMcDonalds ngoba bazokhuluphala. Emcimbini wokubungaza i-ANC obuseMgungundlovu, uMagashule wanxusa amalungu enhlangano ukuba aseke uMengameli Jacob Zuma, wathi ubuholi obukhona buzohlala iminyaka emihlanu bese buyaphuma. Uthe kuzomele babuye bazophendula ngezenzo ezibhekiswe kubo.",1
376,llama3.1,"UKUBE alifikanga iloli elicisha umlilo livela esikhumulweni iPrince Mangosuthu Buthelezi Airport, ngabe ishe yangqongqa inxanxathela yezitolo Ulundi Plaza ngoba uMasipala wasoLundi awunalo iloli lokucisha umlilo omkhulu. Lokhu kudalulwe yiMenenja kaMasipala wasoLundi, uMntwana uNkosenye Zulu, engxoxweni ekhethekile neSolezwe emuva kokusha kwezitolo ezinhlanu, ikhemisi nezindawo zokusebenzela odokotela ezintathu. UZulu uthe umlilo uqale esitolo sefenisha i-OK Furniture wase uthungeleka ekhemisi, wadlulela ezitolo zezimpahla nasendaweni kadokotela wamehlo, eyowamazinyo neyowezifo zonke (GP). Imenenja yakwa-OK ithe umonakalo ubalelwa ngaphezu kuka-R2 million. Abanye abanikazi bezitolo bebesaqoqa impahla engashanga ngoba umlilo uqale kwa-OK kwase kuhanguleka ezinye izitolo. Sibuhlungu ngale nhlekelele evelile futhi sicela umhlonishwa uNkk Nomusa Dube-Ncube asilekelele sithole iloli lokucisha umlilo.",1
2126,llama3.1,"""Ngobuchwepheshe bedijithali,"" wabonwa uNgqongqoshe uNzimande. Izinkundla ezintsha zibanda kanya i-Mobile App, i-USSD ne-WhatsApp, lapho ungafaka isicelo soxhasomali lwe-NSFAS, uphinde ulandelele isimo sesicelo sakho kanye nokuhoxisa izicelo.",1
160,llama3.1,"UMSUKE wamakhansela e-ANC neDA emhlanganweni we-Exco eThekwini izolo, yalukunywa kabanzi ngohlelo lokuphucula ezokuthutha olwaziwa ngeGo Durban. Amakhansela eDA ashaya amakhala athi inkulu le mali ezokhishwa wumkhandlu ngalolu hambo. Usihlalo wekhokhasi yeDA eThekwini, uNkk Nicole Graham, uthe bona abahambisani nalolu hambo ngoba luzomosha imali.",1
3477,llama3.1,"Uma ichweba lingasetshe nziswa ngendlela efanele, wonke umnotho wezwe uya khahlamezeka, ukusuka kwabathumela impahla lapha ekhaya kanye nabathumela impahla kwamanye amazwe kuya kubathengi bempahla.",1
train_isizulu_01367,llama3.1,"@username, ngithuke ngathi ngiyakuthanda ukubona njalo😊, nguye ngomnyama wami, nguye ngokwaziyo kwenkosikazi, nguye ngokuphila kwamagogo.",1
3102,llama3.1,"Ngenxa yaleyo, izilwane ezisohleleni zizohlala nazo zibona njengemithombo yolwazi oluthembekile, kusho u-Van Blerk.",1
244,llama3.1,"Abazali bangasiza ngokuqi nisekisa ukuthi abafundi abalaleli ngokweqile izindaba zeCOVID-19, ikakhulukazi mayelana nokufa kanye nemibono yetulo njengoba lokhu kungebhetheki ukwesaba kwabo futhi kuholele ezimeni ezinzima.",1
119,llama3.1,"Kuphela kwethu ukusebenza komthethosi sekelo wethu kuphezu kohu lumeni ophendulayo, lapho aBaphathi bephendula ku bantu nalapho iPhalamende limele abantu.",1
1364,llama3.1,"Izindlela zethu zokwakha imiphakathi ehlangene ithunazwa ifa lokhuluma kwenye ukubona kwabantu abangaphambili, kanye nokungalingani okolokhu kuqhubeka.",1
train_isizulu_02366,llama3.1,"Touchdown eThekwini, just landed. Ngomtshayelo kanyoko, ukhuluma nje njalo.",1
232,llama3.1,"“Abaningi kuphoqeleke ukuthi bazifundele bodwa, ngesikhathi bephila ngokungenasiqiniseko ngekusasa labo kanye nomthelela we-COVID-19 emathembeni nasemaphusheni abo, impilo yomndeni kanye neyompha kathi, ukuthola kwabo ukuhlanganisa.”",1
train_isizulu_01553,llama3.1,"Ngiyakuthanda ukwazi ukuthi ngenxa yalokho, mfene wam utshekelela konakele.",1
2492,llama3.1,"""Kwakunikezwa ukuthetha kwabafana, ngokungakhuluma kwenye zingqina, ""kusho uNgqongqoshe uGigaba.",1
3465,llama3.1,"Waqala ukudayisa uTupperware eneminyaka eyi-19, lona oneminyaka engama-28 njengamanje uthe wayelokhu enothando lokuba nebhizini si lakhe futhi kuyamjabulisa ukuthi waziqalela ibhizinisi lakhe.",1
265,llama3.1,"Ngonyaka wezi-2009, uMnyango Wezolimo waseLimpopo wangaphambilini waphakamisa kuMnyango Wezemisebenzi Kahulumeni ukuthi umhlaba umele unikezelwe kubalimi.",1
1968,llama3.1,UMongameli u-Cyril Ramaphosa uthengisa Shansela waseJalimane u-Angela Merkel ngesikhathi kudluliselwa izimoto zezimboni ezinokhishwa ngabakwa-BMW ukulwa ne-GBVF.,1
180,llama3.1,"MHLELI: Ake ngikhulume kulo uMgungundlovu, dolobha lincane kodwa lileliwe ngale ndlela. Angazi ukuthi imeya neziphathimandla zedolobha zihamba kuyiphi imigwaqo. Indawo obonayo ukuthi kuseyidolobha isemgwaqweni uVictoria nakoGreyling uma ubheka nakhona hhayi yonke indawo. Kukhona umgwaqo ongaka-Asmalls ohlezi unamanzi amnyama. Nomunye omncane owehlayo, wudoti woqobo-ke wona, mhlawumbe usungawubiza ngomgwaqo wamaphara. Naserenki yaseSweetwaters emathoyilethi laphaya kudliwa iwunga ungalimala uma ungangena unganakile. Uma ukhipha amabhubesi esiqiwini ulindeleni ngempela? Uma uhamba kweminye imigwaqo imila utshani. Umasipala uhlulwa wukuthenga umuthi nje wokhula ufuthe. Uzobona into ezokwenzeka ehlobo. Utshani eduze nomgwaqo babuye bashanele bafake emapayipini bese amanzi angabe esahamba kube nenkinga nezikhukhula zihamba namaphepha yonke imfucuza igcwala emgwaqweni. Uhamba ezitaladini kwezinye indawo ungangena nasemigodini basusa izinsimbi ezivale izitamkoko. Izinga lenhlanzeko nokunakekela ingqalasizinda kuphansi. Bayamba bangabuyiseli ngendlela. Impela kuyoshaya u-2030 ingekho indaba yaleli dolobha uma besaqhuba ngale ndlela.",1
test_isizulu_00248,llama3.1,"@username ungowokugcina yini? 🤔🤔🤔 Ngiyabona ngizihambela nomunye kwi taxi, emgwaqeni, emall, noma ngilanda omunye. Bafo baningi nalabantu wena nje bhebha, mayehamba ubhebhe omunye.",1
442,llama3.1,"UMnuz Linda Mthethwa obeshadelwa uNkk Tiny Mthethwa eNtuzuma ngoMgqibelo, uthe akonakalanga lutho emshadweni wakhe ngoba ubengeke avume ukufunga amanga. Utshele Isolezwe ukuthi selokhu kusabalele le video umkakhe udinga ngisho ukwelulekwa ngokomqondo ngendlela aphatheke kabi ngayo ngokushiwo ngabantu ngabo.“Inina nje enibona kube khona okonakele emshadweni wami. Ngokwami umshado uhambe kahle, kumanje ngihleli nomkami sesinayo nencwadi yomshado. Umkami sengihlale naye isikhathi eside bengingeke ngizotshelwa ekugcineni umfundisi ukuthi sizohlukaniswa ukufa. Kungani kuze kumele kufakwe ukufa ezifungweni sengathi kukhona okumele abulale omunye. Ubuf...kuphela obuyohlukanisa mina nomkami ngoba okwamanje usaziphethe kahle,” echaza.UMthethwa othe unezingane ezintathu nomkakhe, uthe usola umthwebuli wabo ngokusabalala kwezithombe zabo ne-video.Ngemuva kokuvela kwe-video abantu abaningi kuFacebook nakuTwitter bebekhala ngokuphoxa kukaMthethwa, bedabukela umakoti.",1
train_isizulu_00608,llama3.1,"@username, ngithi inkawu inabona ishlahla eshabanana. Awumbuke ukusineka kwa njia yako mwenyewe.",1
2805,llama3.1,Ungukulungwane Womthe thonqubo Wogesi kanye nomsebenzi oqhubekayo wokuchibiyela iNqubomgomo Yentengo Kagesi.,1
train_isizulu_02960,llama3.1,Ngiyabonga ukubhebha/bhebha ngokwenza inhlanya.,1
903,llama3.1,UMashego odabuka eSebokeng lapha endaweni yase-Gauteng e-Vaal uthi ubengeke akwazi ukuzi khokhela imali yokufunda kanye nezinye izindleko ezi za nokufunda emfundweni ephakeme uma ubengezange wathola uxhasomali lomfu ndaze we-NSFAS.,1
2340,llama3.1,"Sisebenze ngokubambisana ukuqinisekisa ukuthola imigomo yalo ngokufanele, sisebenza nesikhungo i-COVAX no-kuholwa iThimba lase-Afrika Eliqinisekisa Ukutholwa Komgomo. Ukuqaliswa kwenye ku-gonywa kwabantu sekuqa-lile ezwenikazi futhi sifisa ukuthola imigomo yalo ngokufanele.",1
train_isizulu_02405,llama3.1,"@username sengathi wakho uyaqonda nalamabhunu abulala imfuyo yomakhelwane abamnyama, ngoba emasimini abo. I always thought you had a spirit in you #mlungu",1
2507,llama3.1,"Salolu sizokwenzeka kuziphatha izinto zethu ngaleli lungelo, ngaphandle kwabafazi abathathwa ukuthola ukusuka kwabo.",1
1731,llama3.1,"Ngowezi-2010, wabhalisa eNyuvesi yaseGoli, kwa kuwa ameleta mali eyanele ukuthi aqede unyaka wakhe wokuqala, kwase kuphoqele ka ukuthi ashiye phansi.",1
train_isizulu_02252,llama3.1,@username Wenja ukhuluma nje! 😂😂😂,1
2116,llama3.1,"Ukungcolile ukhuluma ngokwengcingo kwenye isimo esingasinga, futhi isimo esingasinga lingakhulisa inkulumo zonke.",1
train_isizulu_01780,llama3.1,"Njalo, ngokuvamile ukuthola izwe lokwethu liphakathwayo kwenye isikhundla esingezungezwa.",1
3107,llama3.1,"Lapha wafunda khona ukuthi ushayelwa kanja ni umkhumbi wempahla, maphakathi nolwandle futhi bema nasemachwebeni ahlukahlukene e-Europe, e-Afrika nase-Asia ngemi sebenzi ehlobene nemithwa lo kanye nezinhlolovo zezo kuphepha.",1
2252,llama3.1,"Izimpawu ezimbi zivame ukuvela ngaphambi kweminyaka eyi-12 kanti-ke zivame ukuthi oku ngenani zithathe isikhathi esi ngangezinyanga eziyisithupha. Othisha bayakwazi ukubona izinkinga zokuziphatha futhi bangakwazi ukuyidlulisela ukuze ihlolwe isimo sempilo, kanti-ke zivame ukuthi oku ngenani zithathe isikhathi esi ngangezinyanga eziyisithupha.",1
2666,llama3.1,"""Lo. Engangikwazi nje ukuthi nganginesikweletu esisodwa sezingubo zokugqoka futhi asikho esinye isikweletu esa sikhona, ngakho-ke ngabe sengicela ukuthi bangikhi phele imininingwane yezi kweletu zami,"" wabuka UMabitsela.",1
82,llama3.1,Kamuva nje bengivakashele eThekwini KwaZulu-Natali ukuyohlangana nosomabhizinisi edolobheni ukuze sibasize izinhlelweni zabo zokuvuselela imisebenzi yabo.,1
train_isizulu_02868,llama3.1,Kodwa wak' bhebha ke... #URL,1
3139,llama3.1,"Yonke iminyaka yokufunda, izibhalisi e-TVET zizithola umfundaze ozokhokhela imali yokufunda kanye nezinsiza zokufunda.",1
3198,llama3.1,"U-Arendse wakhulela edolobhaneni laseNtshonalanga Kapa elincanyana i-Beaufort West, emuva kokuphothula esikoleni, ukuqeqeshwa ekolishi lase-Oudtshoorn. Wabuye wanquma ukubuyela ekhaya ukuze akwazi ukweseka umndeni wakhe, wake wasebenza.",1
32,llama3.1,"izinyathelo zokuziqhelelanisa kubantu, Baningi abafundi bakaMatiku letsheni abazobe besemakhaya ngesikhathi sokusakaza. Lincane futhi iphesenti labafundi abafundela emakhaya. Ukusakazwa kwempela kuzophindwa emva kwehora lesi-4 ntambama KwiOpenview,",1
dev_isizulu_00446,llama3.1,"Njengoba ngiyakuthanda ukwazi, ngiyabonga kakhulu ukuthola ukwazi wakho. Ngiyathandana ukusiza ukwazi wakho.",1
train_isizulu_02463,llama3.1,@username ufuna ukuthola umasende omuhle wakwa indoda ngenkani 😂😂😂😂😂😂 yekwazi mama #link,1
559,llama3.1,"“UHulumeni Wesifunda sase-Gauteng unikele ngesikhathi, imizamo nezi nsiza ukuthuthukisa hlelo lwezokuthutha olusiza umpha kathi ukwazi ukuxhumana kalula nezinhlobo zokuthu thwa komphakathi ezahlukene esifundazweni. Sesiqalile ukubona amandla.”",1
train_isizulu_01528,llama3.1,"@username ukhulunya nge tattoo esekhekheni yena, sibona siyakwenze ngokwaziwa",1
2226,llama3.1,"Isigaba 3: Imininingwane eqondene nomfakisicelo kanye nemiphumela kamatikuletsheni, kudluliselwe esikhungweni semfundo ephakeme, ngokuzenzakalela ukuze mhlawumbe umfundi abhaliswe noma.",1
train_isizulu_01186,llama3.1,@username mamkhize yaze yabuhlungu indlela amaphoyisa ase sa asingatha ngayo indaba yababhikishi abamnyama amakhehla abelungu ashisa imoto yamaphoyisa abhikisha estation samaphoyisa azange kudutshulwe kodwa makuyithi njalo kuphuma izidumbu kubi #ezanamuhla,1
train_isizulu_00990,llama3.1,Isingamla esincavini ngiyasifosa.,1
train_isizulu_02216,llama3.1,"@username ukuthi yena siyayinxusaMgazi, yena nguye ngoSikhulu sakaSlima... na yena akhuluma kancinci ukuthola lokhu kwenzeka Slima.",1
train_isizulu_00192,llama3.1,"@username ngikhuluma nje kuhle kwabo, wakho muntu ndani",1
725,llama3.1,"KUSOLWA imbawula ngokusha kwemijondolo yaseClare Estate, eThekwini, ngoMgqibelo, kwasala dengwane abahlali abaningi. Kushaye isikhathi sokuloba singakatholakali isibalo semijondolo eshe ngoMgqibelo ebusuku kodwa abahlali bathi ingaphezu kuka-50 eshile. Kusolwa abanye abahlali okuthiwa bebezifudumeza ngembawula ngokusha kwemijondolo. Izolo ekuseni abanye abahlali abashelwe yimijondolo bese beqalile ukuyivusa njengoba abanye belale komakhelwane. UMnuz Nhlonipho Kweqela, ongomunye wabashelwe umjondolo, uthe ngenhlanhla akekho obephakathi ngesikhathi kusha. Uveze ukuthi bekungo-9 ebusuku ngesikhathi etshelwa ukuthi kuyasha endlini yakhe. UKweqela uthe ukhoseliswe omakhelwane abangashelwanga ukuze akwazi ukulala ebusuku ngoMgqibelo. Ngesikhathi eshayelwa yiphephandaba izolo uthe usazoyozama enye indawo azofihla kuyo ikhanda.",1
2850,llama3.1,"Ngiyabonga, ngithi waba nothando lwezolimo ngesikhathi esasebenza njengothisha eGcilima Primary.",1
516,llama3.1,"KUPHENYWA isikole iSizibeni High eMgababa ngemuva kokuthi abazali bekhononde ngokuthi abafundi baka-matric banqatshelwe ukubhala izivivinyo zephepha lesibili leMaths. Bangaphezu kuka-10 abafundi okuthiwa bakhishwe ephepheni sebezobhala kwathiwa ukuze bakwazi ukubhala izivivinyo zokuchibiyela ngonyaka ozayo. Abalande izincwadi zodokotela ukuze kube sengathi babegula yingakho bengakwazanga ukubhala. Umunye wabazali, ocele ukungavezwa, uthe ingane yakhe ibuye ekhaya yamtshela ukuthi inqatshelwe ukubhala iphepha lesibili leMaths ngoMsombuluko. Ingane imtshele ukuthi akuyona yodwa kodwa baningi nabanye abafundi abanqatshelwe bakhishwa sebebhala.",1
2406,llama3.1,"I-PrEP yini? I-Pre-Exposure Prophylaxis (i-PrEP), inyandu enye yezindlela zokuvikela ukusuleleka nge-HIV, izinsuku ezinhliziyo ngabantu abangenalo igciwane le-HIV abasengcupheni yokuthola i-HIV, ngocansi noma ngokuzijova ngezidakamizwa.",1
6,llama3.1,"Sinethemba intsha esikhulile ukuthi isondele. Ukuqina kwamasotsha omzimba ngokwemvelo kuyafadalala ngokuhamba kwesikhathi futhi akufani nokugoma, ngeke ukubekele isikhathi. Sinethemba bonke labo abafanelekile ukuthola umjovo wokuvuselela ukuthi basebenzise leli",1
train_isizulu_01424,llama3.1,"Izingoma zinezalwa ngonyaka 18, ishumi nesishiyagalombili, ucansi, ukusantuza ididi, nokusakaza ikiwi, impi kanye no limi oluqojeme #CyrilRamaphosa #FellowSouthAfricans",1
test_isizulu_00321,llama3.1,"hehe uyahlanya ngishaya ngelenda mina ""@username : ulingana nayo @username""",1
train_isizulu_01649,llama3.1,Futhi ngifuna ukwenziwe isigcwala esibopheleleyo.,1
dev_isizulu_00194,llama3.1,"@username nguye nginguwele, kwenkos'!",1
3046,llama3.1,"Inkampani iAspen Pha rmacare inayoendelea kwa ufanisi kwethu la ukunwetshwa kwenye nkampani zinazotumia digidi eziyi-R3.4, ikawa menyezelwa eNgqungqu theleni Yotshalomali ngo wezi-2018. Lolu tshalo mali luguqule isikhungo sokukhiqiza seAspen esise-Gqeberha saba ngesinye",1
703,llama3.1,"Abantu baseNingizimu Afrika basuka kude, babekezele kakhulu futhi benze inqubekelaphambili ebonakalayo ekulweni ne-HIV , i-AIDS kanye neSifo sofuba. Sisiphinde siqinise amandla okusombulula kanye nezenzo zethu zokubhekana futhi sinqobe i-AIDS unomphela.",1
train_isizulu_00145,llama3.1,"@username wena uyingane nje, ngiyakuthanda ukubingelela",1
827,llama3.1,NguMongameli u-Cyril Ramaphosa wakhuluma ngokwethemba kwabafana kwenye mphephetho.,1
2140,llama3.1,"Ngizinikeza zimpawu za-COVID-19, ngibe kuphe phile ukuthi ngigome? Impendulo: Cha. Ngizokwazi ukuthi ugome uma una zimpawu za-COVID-19.",1
train_isizulu_01763,llama3.1,"@username hahaha ngiyabonga mokola namajita @username ukuthi njalo ngapha ekasi, bamokole le nyoni kutlwano kwenye daro, indimina imoto ngapha ekasi aii.",1
2590,llama3.1,"Kusuka kubheduka ukwakhiwa kwelobhu lwe-COVID-19, lobu buhlungu bube yisimo esi bhekane namabhizinisi amaningi amakhulu kanye namancane, hhayi ezweni lakithi kuphela nje kodwa umhlaba wonke jikelele.",1
train_isizulu_02276,llama3.1,@username ngiyalisaba linku ekuhlanganisa 🤣 #link,1
3104,llama3.1,"“Kwakumnandi kakhulu lapho ngakhulela kho na. Kungafani nezinsuku zanamhlanje, futhi wonke umuntu wayekhuliswa uMphakathi.”UMdletshe waphothu la umatikuletsheni wakhe ngowezi-2006, e-Durban University of",1
3150,llama3.1,"Ngaphambi kokufaka isi khalazo ku-GEPO, umuntu angenike isikhalo esibhaliwe ku-GEPF, i-Ejensi Yokuphathwa Kwezimpes heni zikaHulumeni (i-GPAA) noma kumqashi wakhe, futhi abanike ithuba lokusombu lula lolu daba.",1
322,llama3.1,"“Msebenzi uzokwakhela phezu kwesisekelo soHlelo Lokwakhiwa Kabusha, Nokuvuselelwa Komnotho, olulokhu luwuhlelo lwamagundane komnotho,” kusho yena.",1
1787,llama3.1,Kukhona ufanano lwokufanayo kwenye sifiso la Monkeypox na Nqubulunjwana.,1
train_isizulu_01600,llama3.1,Imomozi yamanzulu inayoza ukuthi ngubani uyo waziwa nazo.,1
345,llama3.1,"Ungashadwa umhla zingama-30 kuNhlangulana, uMongameli uzokwethula uhlelo-lwekusebenza lokubhekana nezincomo zeKhomishana.",1
test_isizulu_00294,llama3.1,"Ngingakwazi ukuphelela ukucwasana baba, kanti nginamnandi ukubona ukulandela kwabanye abelungu basenamaqhubu, futhi ngizokwenza lento @username.",1
train_isizulu_01178,llama3.1,@username hahahahahahahaha ukubonelela kwenkosikazi,1
455,llama3.1,"Inhlangano yokuziphatha ngqo wokubhekana nokwa nda kwezingane ezingena makhaya, futhi uqinisekisa ukuthi intsha yenza okuthile okuhle ngezimpilo zayo.",1
2697,llama3.1,"Ngokufanele futhi abe sezingeni lokuncintisana, ukuthuthukisa ukufinyelela kuzinsiza ze-inthanethi ethengekayo, nokuthuthukisa isikhathi sokuthola izimvume zamanzi, zezimayini kanye nezinye. Le mizamo ihlelwe futhi ibekwe iso ngokuhlanganyela yihhovisi, ukubheka ukufinyelela kuzinsiza ze-inthanethi ethengekayo, nokuthuthukisa isikhathi sokuthola izimvume zamanzi.",1
train_isizulu_01503,llama3.1,"@username ngoba ulithola mthethosisekelo ungasukela, uthi ungibone ukuthi ulithola mlungu wakho uyahlonishwa, kanti indiya lingaphezulu iliphi sela eli defendwayo",1
344,llama3.1,"ABAZALI besikole samabanga aphansi eLovu bathi bazoqhubeka nokubhikisha uma uMnyango wezeMfundo ungamxoshi uthishanhloko obambile, abamsola ngokungaphathi kahle isikole. Abazali base-Andrew Zondo Primary babhikisha ngaphandle kwesango lesikole, bakhala ngokuthi abamfuni uthisha obambe emuva kokushona kukathishanhloko ngo-Ephreli. Lo thisha wesifazane Isolezwe elinalo igama lakhe, kuthiwa ubevele eyiphini likathishanhloko ongasekho uMnuz Sihiya, igama lakhe elingatholakalanga. Abazali bakhala ngokuthi kuningi osekushintshile kusukela ebambile, okubalwa nokumisa abahlanza isikole. Kuthiwa abafundi yibona asebehlanza ngisho amathoyilethi esikoleni. Izolo abazali baphindelile ukuyoqhinqa emasangweni esikoleni, kwaze kwabizwa amaphoyisa azoqapha isimo. Ongusihlalo wesigungu esilawula isikole uMnuz Thami Magubane uthe abakuphaza-misanga ukufunda ngoba babhikisha ngaphandle kwesango. ""Kuningi esingakuthandi ngebamba likathishanhloko. Kunamaphepha esikole alahlekile selokhu eqalile ukubamba. Kuduke ngisho amabhuku amasheke esikoleni,"" echaza uMagubane uthe akusebenzeki nalo thisha amsola ngokungahloniphi abazali nangendlela akhuluma ngayo. Uveze nokuthi lo thisha usebhalele umnyango ethi akakwazi ukusebenza kahle esikoleni ngoba kudliwe imali. ""Naye uke waphatha isikole ngesikhathi ebambile, kumele ngabe uyazi ngokulawulwa kwesikole njengoba esekhala ngokudliwa kwezimali. Sibona ukuthi uyahluleka zisuka nje ukuphathaisikole. Ngeke siyeke ukubhikisha, sifuna abomnyango bamlande bahambe naye,"" kusho uMagubane. Uthe bahlakazwe ngamaphoyisa ngoMsombuluko bebhikisha ngaphandle kwesango. NgoMsombuluko kuthiwa ubengekho uthisha obhikishelwayo kodwa izolo ufikile ngoba bekugade amaphoyisa esikoleni. Okhulumela umnyango esifundazweni uMnuz Sihle Mlotshwa, uthe abahambisani nokugxambukela kwanoma iziphi izinhlaka zomphakathi esikoleni ngoba kuphazamiseka ukufunda. Unxuse ukuthi abanezikhalo balandele imigudu efanele ukuze udaba lulungiswe.",1
2214,llama3.1,Le-11 ukuze babhalise kodwa bathole ukuthi imiphumela yabo yeBanga le-12 iyahlala nalokho okudingekayo ukuze babhalise.,1
2594,llama3.1,"Siyekusebenza ukunciphisa umthelela wemikhawulo endleleni yabantu yokuziphilisa ekuvalweni, sibeke ingcuphe enga bakhona yehlandla lesibili kanye nobhubhane lobubha kanye nendlala esikhathini esizayo.",1
78,llama3.1,"Uhlelo luphinde lusimamise ukuqhutshwa kwemisebe-nzi ethuthukisa ezomnotho njengamabhizinisi amancane nasafufusa kanye nezigungu ezingezweni ngokubambisana, phecelezi ama-co-operatives okuyiwo azuzayo njengabahlizi bemisebenzi kulezo zifundazwe.",1
2189,llama3.1,"Labo abanamalayisensi aphelelwa yisikhathi phakathi kukaNdasa 2020 nomhla ka-31 kuNcwaba 2021, abeqiwa umnqamulajuqu wokuvuselela ngomhla wesi-5 kuNhlaba. Belulekwa ukuba bathole amalayisensi okushayela esikhashana uma befaka izicelo zabo zokuvuselela.",1
train_isizulu_02282,llama3.1,"Dudlu madolo kanyoko, ngithukumele uthando, angithuki wena.",1
2302,llama3.1,"Izingane zokuphepha zezilishumi zizokwazi ukuboneka kwenye inthanethi, kwemvume yabazali bazo.",1
test_isizulu_00588,llama3.1,@username umuntu uyateta ukati likati likhulu inkomo ilizala inja ilinyeleza ingulube ilihulula inkuku ilichamusela,1
3341,llama3.1,"I-COVID-19 iyigciwane elihambisana nenkinga yokuvaleka kokuphefu-mula. Ngakho-ke, abantu ababhemayo bangaba sengozini ephindaphindekile yezimpawu ezibucayi ukwedlula abantu abangabhemi, ngokusho kuka-Dkt. u-Catherine Egbe, oyinjulabuchopho kuMkhandlu waseNigeria.",1
train_isizulu_02896,llama3.1,"Hhayi, bafoza! 😂 Iyafuneka nguye ""@username"" ukuthola ePitoli, iva ivisa umhla, uya kuyaziwa 😂 ""@username"" : intsangu yase PTA 👀",1
141,llama3.1,"KUSAMILE ukufunda ekolishi eliqeqesha ngamakhono eGroutville emuva kokuba sekuphele izinsuku izitshudeni zilala emakilasini ngoba zingakhokhelwe imali yokuqasha izindawo zokuhlala. Izitshudeni zaseMfolozi TVET College zicasulwe wukuthi sezibekezele isikhathi eside zingayitholi imali yokukhokhela izindawo zokuhlala ekhishwa yisikhwama iNational Students Financial Aid Scheme (Nsfas). Isolezwe lithole ukuthi ngoMsombuluko odlule bafike emakilasini nezimpahla nezingubo zokulala ngoba abanye sebexoshiwe emiqashweni abebehlala kuyo ngenxa yokungakhokhi. Ukulala kwabo emakilasini kuphazamise nokufunda njengoba kuthiwa othisha bagcine bengasafiki yavalwa ikolishi. Okhulumela isigungu sezitshudeni, uMbali Nxumalo, uthe bagcina ukufunda ngoMsombuluko odlule. Izitshudeni bezilokhu zibekezele kodwa inkinga iqale sezixoshwa ezindaweni zokuhlala ebeziqashe kuzona. Inselelo enkulu wukuthi zihlala ezindaweni ezikude futhi zizidinga ngempela izindawo zokuhlala. Kumanje ezinye zimpintshiswe abanezindawo zokuhlala, ezinye zaphindela emakhaya. Uthe izitshudeni azihlangene nokuphazamiseka kokufunda ngoba ukulala kwazo bekungaphazamisi. Uveze ukuthi bamangele uma othisha nabahlanza amakilasi bengasafiki. Bagcina ukulala ngoLwesihlanu emuva kokukhishwa ngamaphoyisa. Kuthiwa le nkinga isiphazamise nezitshudeni ezifunda ngasese njengoba othisha bengasafundisi. Zilinganiselwa ku-80 izitshudeni okuthiwa zithintekile kulolu daba. UMnuz Sam Zungu, ophethe wonke amakhempasi eMfolozi, uthe kuzocaca ngoLwesithathu ukuthi sizovulwa nini isikhungo. Uphikile ukuthi izitshudeni ziqale ukulala emakilasini ngoMsombuluko wathi ziqale ngoLwesithathu. Okumele sikucacise wukuthi asikwazi ukulawula uhlelo lokukhipha imali yezitshudeni kwaNsfas. Izitshudeni zizifakela izicelo ngqo kwaNsfas thina sithole uhla lwabazoxhaswa emuva kwesikhathi. Inkinga iqale ngokuthi kufike uhla lwamagama abazoxhaswa uNsfas ngesikhathi izitshudeni zisemaholidini ePhasika ngo-Ephreli 4. Bekumele ziqale ukufunda ngoMsombuluko odlule, ngenxa yokuhluleka ukubekezela zacasuka. Besisalindele ukuhlaziya uhla bese siluphindisela kwaNsfas ukuqinisekisa abazoxhaswa.",1
dev_isizulu_00299,llama3.1,"Kaze injani imomozi kanamhla, nguye yonke into yokwenza ukuthi ngibuke njengomoya. 😔",1
train_isizulu_02241,llama3.1,"@username jooooh,wena iyo slima sendoda, uyintombazane e khohlakele ngibukele isoweto TV sasebenza ku 1:10 pm",1
314,llama3.1,"BEKULINDELEKE ukuba libuyele enkantolo maduze ukuze kuqale ukuthethwa kwecala elithinteka kulo lokulunyiswa kwabantu ngezinja iphoyisa elidutshulwe ngoyaba lwezinhlamvu lingena emzini walo. UConstable Musawenkosi Khwela ubephuma emsebenzini ngoLwesihlanu ngo-10 ebusuku ngesikhathi ehlaselwa ngabantu abangaziwa emzini wakhe eZwelibomvu ngaKwaNdengezi, bamdubula, walimala kanzima. Ulaliswe egunjini labagula kakhulu esibhedlela. Isolezwe lithole ukuthi kwenzeka lokhu nje leli iphoyisa elisebenza ophikweni lwezinja eShongweni belilungiselela ukuba lona nozakwabo ababili, abanecala lokushaya ngenhloso yokulimaza nelokukhwabanisa. UKhwela uphume ngebheyili ngo-Ephreli nonyaka emuva kokuba bedlulise isicelo sokunikezwa ibheyili enkantolo enkulu eThekwini, ababenqatshelwe yona yiNkantolo yeMantshi ePinetown. Uhlaselwa nje bese ebuyele nasemsebenzini. Basolwa ngokuthi bebefuna imali ebantwini, uma bengenayo babalumise ngezinja. NgoMgqibelo ibamba loMkhuzi wamaPhoyisa KwaZulu-Natal, uLieutenant General Nhlanhla Mkhwanazi likugxekile ukuhlaselwa kukaKhwela.",1
2658,llama3.1,Ibhodwele lalo lihamba phakathi kwamagama asebenza njalo.,1
test_isizulu_00413,llama3.1,Ngiyazazi ukuthi inkawu yakho inayoza kwa amaphoyisa 🚔😠,1
train_isizulu_02689,llama3.1,@username thina mazuLwazi asiyenzi lento nxa...,1
train_isizulu_02038,llama3.1,Nayi ingulube isonela bo ##url ##url.,1
1161,llama3.1,"Bakhulise amakhono abo okuthi baqhube amabhizinisi ngempumelelo, ngesikhathi beqinisekisa ukuthi izidingo zezomthetho ezifanelekile ziyezithola.",1
train_isizulu_01661,llama3.1,@username ukhuluma ngokwaziyo ukuthi ithuba lwezulu lwakho lizweni.,1
train_isizulu_02881,llama3.1,"Ngiyabonga ukuthola kwenziwe kwangaphambili, sengathi ngiyafuna ukubuyela kwenye igqibe eButterworth, angakwazi ukunikeza omahosha ngoba ngibani",1
train_isizulu_01303,llama3.1,#esikabhadakazi @username angibingelele mfanakithi eya zingike ngaya ptwn namuhla cha simoshile dolobha lethu and ngokungasizakali ektholeni just isinkwa ngadlulela kloof amabhunu ayivukele into yawo and sisazosokola . nginawe mzo ngse Nazareth #esikabhadakazi,1
1583,llama3.1,"Uzokumele uze nayo: Uma uvakashela isikhungo sakho sokuvota hamba nomazisi wakho onamagabelo, umazisi we-smart card, noma isitifiketi sesikhashana sikamazisi, uzolekelelwa ukuze ugcwalise ifomu lokubhalisa elinika imininingwane yekheli lakho lendawo.",1
test_isizulu_00442,llama3.1,"@username, ukuze ushike playoff, ukubona kwenye TV yenu kwa hivi kwamba @username ameshinda kwa mabao 3-1.",1
train_isizulu_01636,llama3.1,"@username bazoni bhebha abanye abafana, ukhuluma ngokwaziwa kuhle!",1
351,llama3.1,"IMBONGI ephinde izigaxe kwezomzabalazo, uMzwakhe Mbuli, ikhwele yadilika kubelaphi bendabuko ibagxeka ngokungasizi ngalutho ekubeni bethi banamandla.UMzwakhe uthe ubone esiteshini sethelevishini sase-USA, iHistory Channel, ukuthi abaphenyi beFBI babuye basizwe yizanusi zakhona ukuxazulula amanye amacala kodwa eNingizimu Afrika kunenzukazikeyi yecala lokubulawa kowayengunozinti we-Orlando Pirates neBafana Bafana, uSenzo Meyiwa. “Uma ngempela benamandla yini bengasho ukuthi wubani owabulala uSenzo?”UMzwakhe uthe: “Ngibone nje abaholi bethu begugela emajele futhi abanye beshonela ekudingisweni. Nathi sazabalaza kanzima njengamadelakufa ukuze leli zwe likhululwe kodwa bekhona abelaphi bendabuko.”IMBONGI engusaziwayo uMzwakhe Mbuli ithi abelaphi bendabuko abalekelele ekutholweni kwababulali bakaSenzo Meyiwa.",1
dev_isizulu_00009,llama3.1,"North West is known for its scenic beauty, with Kyashisa being a notable area. It's also famous for its Kyanetha hills. However, the region has faced challenges such as deforestation, which has led to soil erosion and loss of biodiversity. The once-thriving forests are now largely gone, leaving behind only remnants of what was once a lush ecosystem.",1
541,llama3.1,"Isicelo le-Ejensi Yokuthuthukiswa Kwamabhizinisi Amancane (SEDA), i-SEFA, i-NEF, na i-SARS.",1
1812,llama3.1,"Ngaphandle kokwenza ngcono izindlela zokuphepha kanye nokugqugquzela ukuziphatha ngokwezi miso, akukho esizophumelela kukho.",1
292,llama3.1,"SIKHULU isikhalo kwabanye abazali asebefisa ukuthi ngabe izikole sezivuliwe njengoba bekhala ngokuhlupha kwezingane. Ezinkundleni zokuxhumana sekwenziwe nehlaya lencwadi esabalalisiwe, okuthiwa ibhalwe abazali bebhalela othisha benxenxa ukuthi zivulwe izikole. Yize lokhu kwenziwa ihlaya, bakhona ngempela abazali abangazi ukuthi bazokwenza kanjani ukuthi izingane zingabi nesithukuthezi emakhaya. Uma amaholidi ezingane engahlelwe, zigcina ziganga, zenze nezinto ezizozixabanisa nabazali. Ukulingana nayo uNkk Susan Steward, ukuningi kokujabulisa izingane kudinga imali, ngokuthiwa okuningi kwakho kukhona indlela yokugwema ukuchitha imali eningi kodwa uphinde ujabulise izingane. Uveza ukuthi kubalulekile ukuhlela amaholidi okuvalwa ezikole, kubekwe nemali. Ungaboleka amaDVD ahlabahlosile ziwabuke ekhaya. Ungazenzela * -popcorn ekhaya, ziwuthokozele zibuka amaDVD. Imidlalo efana nama-puzzle noma amakhadi, ungayenza ukuthi izingane zichithe ngayo isizungu. Ungasiza izingane ukuthi zihlobise lezi zithombe. Lesi yisikhathi sokuthi izingane zifunde nokwenza imisebenzi yasendlini. Ungazifundisa ukubhaka nokupheka noma ukulungisa ingadi. Izingane ziyakujabulela ukuba sepaki ngoba inkulu nendawo yokudlala. Phatha amathoyizi nebhola ukuze zikwazi ukuchitha isizungu epaki. Ungakhohlwa ukuthi ziyakuthanda nokushutha izithombe.",1
633,llama3.1,"Imiphakathi nezinhlangano zomphakathi kumele zisebenzisane nohulumeni ukuqalisa ngezingenelelo ezichaza kabusha ubudoda, ukhulisa amadoda anozwelo, ukubekezelelana kanye nenhlonipho.",1
2031,llama3.1,"""Ubuyele emsebenzini njengoba umqashi wakhe emugcinele umsebenzi wakhe,"" sibona u-Harrison.",1
dev_isizulu_00503,llama3.1,Mampara weekend kodwa kuzolunga sisoncenga khona la 😭😭 #mamparaweekend,1
1117,llama3.1,"""Ukusebenzisa imali ngendlela engafanele,"" ngokusho kaRamalho.",1
dev_isizulu_00537,llama3.1,Ibhunu elincane emadoda 🤣🤣🤣 #url,1
1132,llama3.1,"Kuzoqashwa othi sha abahamba phambili ngokwenza kahle umsebenzi wabo kuleso naleso sifunda. Lezi zikhungo azitholakali kuwo wonke amadolobha namakhaya, kodwa zitholakala ezindaweni lapho kunesibalo esiningi sabantu ababhalisile",1
2604,llama3.1,"Ngaleso sikhathi siyazi ukuthi 'lesi sinyathelo esikhulu' siyinduduzo engaphelele kubasebenzi nakosomabhi zinisi abahlupheke kanzima ngokungelinganiswe kulo nyaka nesigamu owedlule, futhi bebenethemba lokubona isimo sabo sibangcono njengoba umnotho.",1
2114,llama3.1,"Ukukhishwa inyumbazane kweningi labamnyama okuqhubekayo emnothweni kucindezela ukukhula komnotho, okuthunaza wonke amabhizinisi, ukukhulisa isisekelo samabhizinisi kuleli lizwe kubaluleka ekukhuleni komnotho.",1
train_isizulu_00236,llama3.1,@username mazungu ngiyibonile i video ubaba ungewe uhlulwe iqiniso nje lowa mlungu bekhuluma iqiniso lodwa vele abaholi bethu iqiniso liyabahlula. @username,1
617,llama3.1,"UMsindo phakathi kwamaqembu aphikisayo nezikhulu zikaMasipala weTheku mayelana nesinqumo sokususwa kukaR3.5 million, ezinhlelweni zokukhumbula owayengumengameli wokuqala wentando yabantu kuleli uMnuz Nelson Mandela wayiswa emkhankasweni wokulwa nesihlava sokuhlukunyezwa kwabesifazane nezingane ngaphandle kokugunyazwa umasipala. Ikhansela le-IFP uMnuz Mdu Nkosi lithe alingabazi ukuthi le mali isetshenziswe ngaphandle kokugunyazwa umkhandlu. Uma siqhubeka nokwenza ngeke iphele le nto yokuthi kuthiwe kunezigidi zemali ezisetshenziswe budedengu, kusho uNkosi. Ikhansela leDA uMnuz Thabani Mthethwa lithe bafuna umuntu othathe lesi sinqumo athathelwe izinyathelo ngoba lokhu akwenzile kuphambene nomthetho wokusetshenziswa kwemali kamasipala. NePhini leMeya uNkk Belinda Scott lithe liyahambisana nesikhalo samaqembu aphikisayo, lengeza ngokuthi kuzomele ajeze umuntu othathe lesi sinqumo. Uthe kumele iphele nya le nto yokusetshenziswa kwemali budedengu. UMgcinimafa eMkhandlwini weTheku uMnuz Krish Kumar uthe kungenzeka ukuba le mali yasuswa ezinhlelweni zokukhumbula uMandela yayiswa emkhankasweni wokulwa nesihlava sokuhlukunyezwa kwabesifazane nezingane kusetshenziswa isigaba somthetho uRule order 28.",1
507,llama3.1,"Esinqinile ukuze silulame kakhulu ngaphandle kokufaka izwe ezikweletini kakhulu. Ngaphandle uma singakwazi ukwehlisa isikweletu sikazwelonke sisibeke ezigabeni ezisimeme ukwelulama komnotho ngeke kwenzeke, izingqondo zethu njengesizwe kumele zisuke ekukhuliseni ukuthola izwe elingakwenzi ukufaka.",1
train_isizulu_02937,llama3.1,Akhona @username uyinja ntwana :-( #coolerbag iyarocka le number,1
3513,llama3.1,"""Izikhungo zibandakanya ukwelashwa kokugwema ukuthola izifo ezithathelana ngocansi kubandakanya isifo sesibindi (i-Hepatitis B) negci wane leSandulelangculazi (i-HIV). Amaphilisi okuvikela ukukhulelwa ngenxa yesehlakalo lesi sezocansi nawo ayanikezwa.""",1
3037,llama3.1,"Zizonke, lezi zingqungqu thela zithole izibophezelo zotshalomali olungaphezu kwezigidigidi ezinga ma-R770 emikhakheni ehlukene yezomnotho.",1
train_isizulu_02297,llama3.1,Sithi sichaza ba? Akusiyo indlu kanyoko le https://example.com,1
2276,llama3.1,"Njalo nje ukuthi ababhebhezeli bayaboshwa, baswe nasenkantolo, futhi bayiswe yonke inzuzo abayenze ngobugebengu.",1
test_isizulu_00115,llama3.1,"Nanku amabhunu kakhulu... Bona into Enhle ka Shwi, nalo okhulayo wakubo. #amabhunu #EnhleKaShwi",1
dev_isizulu_00639,llama3.1,"Ndiyabona ngempela, @username : ""ngiyakwenza ngathi ngisho siyeye isibhunu""",1
726,llama3.1,"KUMISWE ukufunda esikoleni, Ukusa High, eHammarsdale izolo ngemuva kokubulawa konogada ababili okusolwa ukuthi bashaywe bafa begadile ebusuku bangoLwesithathu esikoleni.Isidumbu sikaMnuz Mncedisi Ntuli (29) okuthiwa bekuwusuku lwakhe lokuqala esebenza esikoleni nesikazakwabo uMnuz Thandazani (46) zitholakale kwelinye lamakilasi esikole izolo ekuseni, uzakwabo wesithathu obesaphila uphuthunyiswe esibhedlela elimele kanzima.Kusolwa ukuthi abahlaseli bebefuna ukhiye wegumbi elihlala ama-laptop nezinye izimpahla ezibalulekile zesikole, ongahlali konogada.Ngokuthola kwaleli phephandaba ngomthombo ongaphakathi esikoleni, unogada ongena ekuseni ufike kukhiyiwe esangweni, wama ngaphandle kwaze kwafika uthishanhloko.“Uthishanhloko uthe unogada makangene ngaphakathi ayobheka ukuthi akukho yini lapho belele khona. Unogada ujombe uthango wangena ngaphakathi wabuya esethi ozakwabo ubafice belele edamini legazi akazi noma kukhona yini kubo osaphila. Uthishanhloko umlandele wangena naye baphuma sebeyofuna abosizo luphuthumayo,” kusho umthombo.Uyise kaMncedisi, uMnuz Thembinkosi Ntuli, uthe nguye obegqugquzela indodana yakhe ukuthi ingahlali ekhaya isalinde ukuthi kulungiswe okuthile emaphepheni ayo ayigunyaza ukuthi ibe ngunogada ogcwele.“Emasontweni amathathu edlule ungitshele ukuthi uqashwe yinkampani egada ezikoleni, ugada ePhezulu High, bengingazi ukuthi usegada la, eKusa High,” kusho uNtuli.UMfowabo kaThandazani, uMnuz Muntu Majola, uthe akazange asole lutho umfowabo engabuyi emsebenzini ekuseni izolo ngoba kuyenzeka aqale ezindaweni zakhe ngaphambi kokugoduka.“Kuneminyaka egada kulesi sikole akakaze ahlaselwa yize engaphathi lutho oluyisikhali sokuzivikela,” kusho uMajola.UMnuz Mondli Dlamini ongomunye wabanikazi benkampani yonogada iMI Trading ebiqashe labo nogada, uthe sibethuse kakhulu lesi sigameko sokubulawa kwabantu ebebezinikele ekuvikeleni impahla yomphakathi.“Lo msebenzi siwenza ngoba sinothando lomphakathi, akukho nzuzo esiyenzayo yingakho siqasha abantu abangenawo amaphepha ngoba abanamaphepha bazofuna ukukhokhelwa imali esingenayo. Onogada bethu basuke bengahlomile babekelwe ukuthi bafone uma bebona okusolisayo,” kusho uDlamini.Usihlalo wesigungu esilawula isikole, uMnuz Aaron Cele, uthe badumele ngalesi sehlakalo, bebezitshela ukuthi ukuba khona komuntu ogadile esikoleni kuzokwenza izigilamkhuba zisabe ukungena.Unobhala weSadtu kulesi sifundazwe uMnuz Bheki Shandu uthe bahlale belugcizelela udaba lokuphepha ezikoleni emnyangweni, wathi ukubulawa kwalabo nogada kuveze ukuthi kumele ukugada kubhekwe ukuthi kwenziwa kanjani.UNgqongqoshe wezeMfundo KwaZulu-Natal, uMnuz Kwazi Mshengu, obezifikele kulesi sikoleni uthe uphoxeke kakhulu. Uthe kukhomba ukuthi kumele kubuyiswe amakomiti emigwaqo ngoba onogada kabanele ukuthi bagade izikole.“Lokhu kusho ukuthi izingane ezifunda emalokishini nasemakhaya ngeke zithuthuke, ngoba uma kufakwe izinsiza zokuthuthukisa izikole izigebengu ziyangena. Uma kungathiwa onogada abahlome nakhona bazoba sengcupheni yokuhlaselwa kufunwa izibhamu,” kusho uMshengu.Izolo abafundi baphindiselwe emakhaya, uMshengu uthe kuzoze kufundwe ngoMsombuluko.Okhulumela amaphoyisa KwaZulu-Natal, uLt Col Thulani Zwane, uthe amaphoyisa athole onogada (29) noneminyaka ewu-46 beshonile ekilasini eceleni kwabo kwatholakala i-crowbar.",1
train_isizulu_00548,llama3.1,Ukubhala kwenye inkomo zomkhulu 32 ukwazi kuweza ##url,1
1270,llama3.1,"Ngokuyofunda enyuvesi noma emakolishi ezemfundo yokuqeqeshwa kwezobuchwepheshe kanye namakhono (ama-TVET), ukufaka izicelo zoxhaso lwe-NSFAS kumele ukuze ngaphambi kokuthi usuku lokuvalwa lokufakwa kwazo kuwumhla.",1
3500,llama3.1,"Ngalezi zindlela zombili zokusebenza okuthuthukile kanye nezinguquko zezakhi wo, ichweba laseThekwini likwazi ukubuyisa isikhundla salo njengechwe ba elisebenza kahle e-Afrika yonkana.",1
2923,llama3.1,"Sisaphila phakathi kwalo mashayabhuqe wobhubhane osuthathe izimpilo zabantu abayizi-11 000 eNingizimu Afrika kuphela nje. Ezi gamekweni ezingaphezu kwesigamu sesigidi, sisahleli esibalweni sesihlanu samanani aphe zulu kakhulu okwesuleleka.",1
3401,llama3.1,"Ngokuvamile ukubhaliswa umshayeli, abashadikazi bafikelela baphathe amakhophi omazweni osebenza ngesivumelwano selobolo.",1
341,llama3.1,"Ngokuthi kuno mhlaba wenzani ongalimeka ukusekela izigidi zabalimi abancane abafuya izinkukhu, imfuyo, izithelo kanye nezitshalo.",1
3029,llama3.1,"""Ukubukeka kwakunikezwa ukuqaluka ukwehlisa amathuba okusabalala kwegciwane le-corona na kuunda indawo ephephile yawo wokwenza umuntu.""",1
2985,llama3.1,"Amaphoyisa asinikelela ukuba aqinise isandla ukuphoqelela ukuthotshelwa kwemithetho enqabela ukudayiswa kwezikole futhi aqinise ukuqapha izindawo ezibudayisayo, eduze kwenzi kuqinisekiswe ukuthi utshwala abudayiselwa izingane ezisencane.",1
test_isizulu_00127,llama3.1,#Ngiyazifisa kuthatha isikolo ngoba ngiyafune ukhobo lwam #Ayilulahl'ukhobo lwam😂,1
424,llama3.1,"Njengoba ilanga ligxile emizamweni yokulwisana nosuku lokuntuleka kwamanzi, lithe lidinga ukulungiselela isimo lapho lizokwazi ukulawula uhlelo lwedolobha lokuthunyelwa kwamanzi ukuze kuze kufike ubusika.",1
568,llama3.1,"Lolu hlelo-kusebenza lutho lakala kumadivayisi e-Android nama-iPhone, ezitolo ezihlukaniswe kwenye isiZulu.",1
369,llama3.1,"IZIDLELE amahlanga kwaSafta (South African Television and Film Awards), ifilimu Inxeba (The Wound) esanda kubuyiselwa emabhayisikobho ngemuva kokugxekwa ngeziqephu zocansi nokuveza izinto ezithathwa njengemfihlo yalabo abasuke beyosoka entabeni eMzantsi Afrika.Le filimu iwole izindondo ezinhlanu emcimbini wokuhlonipha amaciko ngeqhaza lawo kwezokungcebeleka kuleli obuseSun City Superbowl, eNorth West, izolo.Lo mcimbi osakazwe bukhoma kuSABC2 izolo ebusuku, uthulwe ngosaziwayo uThando Thabethe noPhat Joe.Inxeba liwadlisele ogageni amanye amafilimu njengoba liqokwe njengefilimu evelele emunxeni iBest Feature Film. Umdidiyeli walo uJohn Trengove uwine indondo yokuba ngumdidiyeli ovelele kumunxa iBest Achievement in Directing-Feature Film.Iphinde yaphuma phambili kwiBest Achievement in Scriptwriting-Feature Film, lapho ekutuswe amagalelo kaJohn Trevonge, Malusi Bengu noThando Mgqolozana.Umlingisi oqavile wale filimu uNakhane odlala indawo ephambili efilimini Inxeba (The Wound) Isithombe: FACEBOOK/NAKHANE.",1
2825,llama3.1,"Othembakele ozoyiqapha. Zijwayeze umkhuba wokuhlala ubheke izingane zakho njalo, ukuze uzokwazi ukuthi zikuphi.",1
train_isizulu_00854,llama3.1,"Ngeke ngingasafika ekong, ngifuna ukubheba manje.",1
train_isizulu_01657,llama3.1,Bhokisini ukuthola iwelezi yamagazini #link,1
train_isizulu_00135,llama3.1,"Sawubona @username, ukhuluma ngokwaziwe njalo.",1
848,llama3.1,Umbiko uqedwa phakathi imininingwane yophenyo olusaqhubeka lwezinsolo zezitholwe e-SIU emva kwenkomo kwamnqamulajuqu owawubekelwe umbiko wokugcina.,1
567,llama3.1,"""Ngizokwe nza inhlolokhono lapha, ngizokwazi ukhuluma bengingi futhi ngizokwazi ukuhlela kangcono.""",1
train_isizulu_02176,llama3.1,"Ukubukeka kwakho ukhuluma nje, inkwenkwezi yamagogo asebenza njalo...",1
1847,llama3.1,"Ndiyazi ukuthi kumele siqhubeke nokula-ndela amaqiniso, ngokwesobala.",1
562,llama3.1,"Uma 'seludawunilodiwe' lolu hlelo-kusebenza, luzobasiza abalusebenzisayo ukuhlela uhambo lwabo ngokuthi bakhethe uhlobo lwezoku thutha abaludingayo, izikhathi zokuhamba nokunye, njengo kuqoka uhambo olufushane nolusheshayo futhi olungambi eqolo.",1
train_isizulu_01682,llama3.1,"@username ""ex yakho inebhadi, slima ngepela"" 😒🙄",1
3160,llama3.1,Kuphela kanye nokuthuthukiswa komphakathi okutholokuthe xa xa.,1
3237,llama3.1,"Ngingusihlalo womkhandlu wokuyala kazwelonke ukuxhumanisa zonke izingxenye zikazwelonke zokubhekana nale nhlekelele. INingizimu Afrika inomlando omuhle ekulawuleni izimo eziphuthumayo zempilo yomphakathi, sinolwazi, indlela kanye nobungcweti ososayensi.",1
1881,llama3.1,"Inombolo yokuqhuba ye thulwa iKhomishana Yezemise benzi Kahulumeni (i-PSC) ngowezi-2004 futhi kusukela lapho, sekungene izingcingo ezingaphezu kwezi-100 000 ezibika ngezinsolo zenkohlakalo nokungaphathi kahle.",1
1006,llama3.1,"Ngokuthethwa kwabesifazane bazo ekuphileni kwentando yeningi yethu, kukhathaza kakhulu ukuthi njengayo yonke eminye imikhakha yomnotho, inkinga yegciwane lecorona ihlasele kanzima abezindaba. Ezinye izinkampani ezishicilelayo zilahlekelwe ingenisomali",1
train_isizulu_01874,llama3.1,@username #chillas sdudla wadlala dj 👌🔥🔥ngizibekele ukubili kulonyaka okuthinta ikhaya bt ngeke ngikutshela ngoba wi sundowns mese ngithi #happybirthdaykaizerchiefs,1
train_isizulu_02335,llama3.1,Ngizwe kuthiwa kuzodabuka imomozi RT @username: Sekusile CC @username Rawkers @username... #url,1
train_isizulu_02857,llama3.1,"@username ngiyakhasimende laligcwaneka nje, ngilifuna ukwazi lwamthetho ulomlungu shuthi.",1
252,llama3.1,"MHLELI: KwiSolezwe langoMsombuluko Juni 25 ngaphansi kwesihloko esithi: Uhlelo lokutakula imilutha eThekwini, ngithi ake ngibeke owami umbono ngalolu daba. Izwe lakithi liphansi kwenkulu ingcindezi yobugebengu obudlange iNingizimu Afrika yonkana. Manje ukugijimisa izigebengu kukhona umuntu olala phandle ongaziwa ukuthi uziphilisa ngani, ngibona sengathi ukunyanyalata lokho ekukhucululeni ubugebengu. Uhlelo lweMeya yeTheku, uNkk Zandile Gumede, lokuthi lwenabele kuwona wonke ama-ward uhlelo lokuqoqa imilutha yezidakamizwa eyaziwa ngamaphara, inikwe amakhono kuze igcine iyeke izidakamizwa. Lokhu kuzokhulisa umnotho wezwe kunciphise ubugebengu. Sengathi lungaba yimpumelelo lolu hlelo nomphakathi ulekelele kusizwe laba bantu.",1
train_isizulu_00380,llama3.1,"@username #Ngiyamuthandana losomatekisi usebedlile, qwabe uyabathanda abelungu bakhe, futhi uhlanzekile yena nemonto. #WNB baphila emhlabeni kakhulu @username ##url",1
1298,llama3.1,Umthetho Omusha Ochitshiyelwe Wodlame Lwa Sekhaya Ubhekelela Ezinye Zizinsela Ebudlelwaneni Basekhaya Obunodlame.,1
261,llama3.1,"Umbuzo:Ngithanda ukuthi ngiyazi ukuthi umyeni wami uyaphela kulo mshado, ngoba ngizokwazi ukukhuluma naye njengendoda ngemva kokungena kwalo mshado. Ngikubona sengathi yinto okumele ngiyisukumele leyo, ngoba ingaphela kabi. Ngingenzenjani ukuze ngithathe umyeni wami?",1
train_isizulu_01744,llama3.1,"@username wena mkhulu ungiyitha ukuthi uyaqhubeka ngegoli lapho ngiyakwenjela inkomo yam ""indlaliso""",1
train_isizulu_00442,llama3.1,"Ngiyakuthetha ukusiza kwenziwe lokhu, ngoba elisemnyango lixosha umahosha emgwaqeni limbuyise ekhaya, afike athi angizonibona basinike off emsebenzini.",1
915,llama3.1,"""Kulo nyaka wokufunda esikuwo, u-NSFAS usuxhase abafundi abangaphezulu kwezi-700 000, abayizi-248 242 basemakolishi angama-TVET, kanti abanye abayizi-481 339 abasemanyu vesi.""",1
2901,llama3.1,"Nokuphazamiseka noma ukungalingani komzimba noma kwamakhemikhali emzimbeni.Udokotela uzokunika umuthi ozohambiselana nobudala, isimo sobunjalo bomzimba kanye nohlobo lokudlikiza ingane yakho enakho. Khumbula ukuthi umuthi wokulwa nokudli-kiza komzimba kwenziwe ngcono",1
1321,llama3.1,"Ukwesekwa Kweziphaza Uhulumeni uzibonile izingqi namba ezilethwe ubhubhane kulabo somabhizinisi abathengisa emgwaqeni. Ngalokho ke, uNgqongqoshe Wezokuthuthukiswa Kwama-bhizinisi Amancane uKhu-mbudzo Ntshavheni naye usekhiphe izinhlelo zokweseka labo",1
2508,llama3.1,"Ukungena kwethu ukuthola izibonelelo zethu ezikhona, ezitholwa ngabantu abangaphezu kwezigidi eziyi-17 nyanga zonke, sengeze Izibonelelo Zabantu Abadala, Ezabantu Abaphi la Nokukhubazeka kanye nesibonelelo Sabantwa na. Saqalisa iSibonelelo Sokusiza Esiyisipesheli",1
661,llama3.1,"IKHALELWE ngamasongo kaSigonyela inyanga yaseMasosheni, eGreytown, okuthiwa ibidlwengula abantu besifazane abakhendla kuyona ibalutha ngokuthi umphambili wayo yilona khubalo eyelapha ngalo. Inyanga eneminyaka engu-26 esingeke sikwazi ukuyidalula, iboshwe ngoLwesine ekuseni isekhaya layo. Leli phephandaba lihabule ngemithombo yalo ukuthi inyanga ibimatasa ithaka amakhathakhatha ayo ngesikhathi ezakwadalwane zitheleka yathuka, yajuluka yamanzi te bayigaxa izinsimbi bachitheka nayo. Imikhuba yayo isabalele endaweni. Yelapha kakhulu isifazane esitshela ukuthi induku yayo ikhipha amashwa, izinto zaso zikhanye. Kuvele nokuthi uyabagqugquzela ukuthi bazohlalela ngasekhaya lakhe kanti ufuna ukuzitika ngabo ehleli nabo. Umthombo uthi inyanga iboshwa nje sekunabesifazane abebehlala kuyo le nyanga, belashwa besuka esigodini eShana, eGreytown. Laba besifazane bebeze ngosizi lwabo, bengazi ukuthi lo mlisa ubaconsela amathe njengoba behlala naye. Omunye wabo uvule icala lokudlwengulwa njengoba inyanga ligcine liyishonele nje. Akuqondakali ukuthi lo wesifazane ukhuleliswe yiyo yini inyanga noma ukhulelwe kwenye indawo. Okhulumela amaphoyisa KwaZulu-Natal, uColonel Thembeka Mbele, ukuqinisekisile ukuboshwa kwalo mlisa. Uthe umgilwa ubikele amaphoyisa ukuthi wabhozonyelwa yile nyanga yamdlwengula. Uthe kwavulwa icala eKranskop ladluliselwa ophikweni olubhekene nobugebengu obuhambisana nocansi njengoba ethelekelwe ezakwadalawane, waboshwa. ""Kulindeleke ukuthi umsolwa avele eNkantolo yeMantshi eKranskop kusasa ebhekene necala lokunukubeza ngokocansi owesifazane oneminyaka engu-25,’’ kusho uColonel Mbele.",1
train_isizulu_02687,llama3.1,Waze wawakhuluma na masende.,1
1704,llama3.1,"amabhizinisi.“Ukuzibandakanya ko mnyango kanye no-SEDA kwiSizinda se-SheTradesZA kubonisa ukuzinikela kwethu ekuthuthukiseni nasekuqinisekiseni ukuhlomiswa kwabesifazane ngokomnotho eNingizimu Afrika, sibona ukwazi ukuthola amasosha abaningi,” kusho uNgqongqoshe.",1
dev_isizulu_00031,llama3.1,Liya yidliwa mphephethwa kwaye ishola imfene ingene emzini owrong izitshela ukuthi uninayo.,1
596,llama3.1,"WAYEFISA ukuba wunjiniyela uthishanhloko ochonywe uphaphe lwegwalagwala ngokuba wuthishanhloko obadlula bonke ngokuphatha isikole samabanga aphezulu KwaZulu-Natal.UMnuz Philani Innocent Mathenjwa uthishanhloko waseNtulabakayise Secondary, KwaNibela, eHluhluwe, uchonywe uphaphe nguNgqongqoshe wezeMfundo KwaZulu-Natal, uMnuz Kwazi Mshengu, ngesikhathi ebonga futhi ekhuthaza othisha ngomsebenzi omuhle abawenzile emcimbini owaziwa ngeKwaZulu-Natal National Teaching Awards (NTA) obungoLwesihlanu.UMathenjwa uwine emunxeni we-Excellence in Secondary School Leadership.Uthe ukuba wuthisha kwakungewona umsebenzi ayewuthanda kunayo yonke kodwa wathola ithuba lokuthi awufundele emuva kokuthi ephuthwe yithuba lokuthi afundele iCivil Engineering.",1
train_isizulu_02452,llama3.1,Thembi kodwa usihlaza nalazi yinyoni.,1
1051,llama3.1,"yokunciphisa ubungozi ehlobene nezimfo-nyo, ukuhlanzwa kwetekisi ngezibulali-magciwane kanye nokuvulwa kwamafasitela. Sekunobufakazi obucacile bokuthi ukuvulwa kabusha ko-kuthengiswa kotshwala kulethe ingcindezi enkulu ezibhedlela, kubandakanya amayunithi, ukuhlanganisa nokuvula kwamafasitela.",1
239,llama3.1,"AMAPHOYISA axwayisa umphakathi ukuthi uqaphele imisebenzi esolisayo ekhangiswa emaphephandabeni nakwi-internet, eminye yawo eyingxenye yomkhuba wokushushumbiswa kwabantu. UCaptain Khephu Ndlovu okhulumela amaphoyisa eThekwini, uthe kujwayelekile ukuthi kusukela ngoDisemba ibe miningi imisebenzi ekhangiswayo. Abantu bahlala ngomsebenzi okhangiswayo, ngaphambi kokwenza izinhlelo zokufaka izicelo. Ugcizelele ukuthi abantu balandelele ukuthola kabanzi ngomsebenzi okhangiswayo. Ngokujwayelekile uma ufaka isicelo somsebenzi, ugcwalisa ifomu ubizelwe nakwinhlololwazi. Kubalulekile ukubheka yonke imininingwane ngalowo msebenzi nokuthi amahhovisi awo akuphi. Ungasheshi ujahe umsebenzi kodwa ungacaciselekile kahle ngawo. Akumele ngisho wenze izinhlelo zokuhlangana nomuntu ongamazi. Okunye abantu abakwenzayo ukuthi bafihlele ngisho imindeni yabo ngoba befuna ukubamangaza uma sebethole amadlelo aluhlaza. Ukwazisa othize kuyasiza uma usenkingeni. Uma kuwumsebenzi waphesheya, wonke amazwe anamahhovisi amanxsusa awo, okuyiwona angasiza ukukucacisela ngomsebenzi okhangisiwe.",1
train_isizulu_01560,llama3.1,Isthabane kungenisile ukuba,1
train_isizulu_00966,llama3.1,@username inkohlwa inkawu nayeke ukusiyuza😂,1
402,llama3.1,"UMCULI weKwaito uMshoza ubhalele uBabes Wodumo incwadi yokumeseka kulesi sikhathi njengoba kusanda kuvela izinsolo zokuthi ubehlukunyezwa owayeyisoka lakhe, uMampintsha. NgoLwesihlanu olwedlule abantu abaningi kuleli basale beshaqekile ngezinsolo ezivele kwiMetro FM, ohlelweni iThe Drive olwenziwa uMo Flava noMasechaba Ndlovu. Uthe Mampintsha wabhalwe incwadi yokumeseka yena, ""Amanxeba abuhlungu ngaphakathi kodwa ngaphandle sishaya sengathi konke kuhamba kahle.""",1
train_isizulu_00901,llama3.1,"@username, ungabe usapholisa maseko phuma uchele ngentelezi mawube nenhlanhla uzoyibona imfene 🌃🙅‍♂️😁😆💬",1
2033,llama3.1,"Ukukhwehlela amasonto amathathu noma ngaphezulu, ukukhwehlela igazi, ubuhlungu besifuba, izinhlungu lapho uphefumu la noma ukhwehlela, ukwehla kwesisindo okungahlosiwe, ukukhathala imfiva.",1
3525,llama3.1,"""Ukuthi ilokhu engifisa ukukwenza,"" ngokusho kwaMatlakane.",1
717,llama3.1,"Lisekuvalweni kwezwe, ngaleli nani elikhula ngesivi-nini ngenxa yokukhula kwenani labasulelekayo. Lokhu kubanda-kanya amazwe anenani labantu elikhulu kunelethu, njenge-India enabantu abayisigidigidi esi-1.5. Inqwaba yamazwe isibeke izikhathi zokubuya, ukhulupheka kwabasulelekayo, ngenxa yokukhula kwenani labasulelekayo.",1
923,llama3.1,"Abafaki-zicelo abazocelwa ukuba bamukele imigomo ne mibandela kwifomu lemvume ngezobu chwepheshe, okuhambisana nemigomo nemibandela yoxhasomali. Abafundi kusafanele bathumele amaphepha",1
train_isizulu_01476,llama3.1,"@username cha ujesu yena ngeke abuye! Ubaba nje ungcolile kangangokuthi woman will be scared to leave her children with us. Ubonisa into engalungile emphakathini bekumele aphawulwe amasende nje klaar, abe yinkabi",1
2936,llama3.1,"Abantu abaningi abahaqwe igciwane lecorona, abanazo izimpawu, nakwazi ukuthi ba sulelekile. Leli iqiniso elihlasimulisa umzimba, lokhu kusho ukuthi noma ngubani kungenzeka usulelekile njengamanje.",1
430,llama3.1,"INKAKHA yomlingisi, uRapulana Seiphemo, odume ngelika Tau Mogale okuyindawo ayilingisa kwiGenerations: The Legacy, uvele kafushane enkantolo yamacala ezimali ngoLwesine ekuseni ngezinsolo zokungayikhokhi intela. Umbuso usola uSeiphemo ngokungayikhokhi imali yentela kusukela ngonyaka ka-2010 kuya ku-2013. AbeSouth African Revenue Services bathi lo mlingisi ukweleta imali engaphezulu kukaR48 000. Icala lihlehliselwe uNovemba 13 njengoba abameli bakhe becele ukunikezwa isikhathi sokuthi bake baxhumane nabakwaSARS bahlele ukulungisa lolu daba. USeiphemo waziswe ukuthi lizoqhubeka leli cala uma engaxhumani nabakwaSARS. Abameli bakhe baxolisile bathi usezame kaningi ukuxhumana nabakwaSARS kwangaphumelela. Ngesikhathi inkantolo isahleli lo mlingisi ubebukeka ekhululekile. Ubephelezelwa uzakwabo alingisa naye kwiGenerations, uZoe Mthiyane, olingisa indawo kaZitha othandana noTau kulo mdlalo. Nyakenye ziqinisekisiwe izindaba zokuthi sebeyathandana laba. Lo mlingisi uvela enkantolo ngalolu daba nje, abanye osaziwayo okubalwa kubo umethuli wezinhlelo uBonang Matheba, nomdlali webhola uTeko Modise nabo basobishini nabaqoqi bentela kuleli njengoba nabo bebengayikhokhi intela.",1
600,llama3.1,"ITHOLAKALE ibulewe yaphonswa esimobeni esiseduze kwasemzini wayo ingoduso ebihlale ihlukunyezwa umnyeni wayo. UNksz Nompumelelo Shangase (46) waseMontebello eNdwedwe ogane eGqugquma, KwaSwayimane utholakale ngeSonto eshonile esimobeni esiseduze komuzi wakhe engenalo inxeba kodwa evuvukele ebusweni. Uyise kamufi, uMnuz Nicholas Shangase uthe, washayelwa ucingo umkhwenyana wakwakhe ngeSonto ekuseni ebuza ukuthi indodakazi yakhe ayikaze ifike yini kubo ngoba iduke ngayizolo? Uthe ushiye amagwinya emafutheni waphuma akamazi ukuthi uyephi usebheke waze wadela, akamtholi. Akuphelanga isikhathi eside wasishayela, wathi utholakale esimobeni esisekupheleni kwegceke emzini wakubo abahlala kuwo. Uthe bafike isidumbu singakathathwa babona ukuthi uma usegcekeni izinyawo zikamufi ziyabonakala emobeni neduku lakhe lasekhanda beliwele khona. Iyangixaka le nto, kwenziwe yini ukuthi abasemzini womntanami bangamboni umuntu obesobala kangaka? Isidumbu sakhe kubonakala sengathi uqale washaywa, wase waklinywa futhi kubonakala sengathi uphonswe esimobeni eseshonile ngoba akukho okukhombisa ukuthi kuke kwashuduziswana. Uthe indodakazi yakhe nyakenye ike yalimala kanzima ishaywe umkhwenyana wayo. ""Ubehlale eshaywa nguye umyeni wakhe kodwa ebekezele. Incazelo engitshelwa yona ngabasemzini nayo ayingenelisi. Bathi wayepheke amagwinya ngoMgqibelo ebusuku waphuma, wangasho ukuthi uyaphi wangabe esabuya. Bathi akekho ayexabene naye futhi akuzange kube khona ukuhilizisana noma ukulwa nomkhwenyana wakhe. Kuyangixaka lokhu, umuntu onjani ongashiya ibhodwe linamagwinya angasho lutho kumuntu ahleli naye ekubeni amagwinywa kuyinto esheshe ivuthwe noma ngabe ubeya ethoyilethi? Nakuba engeke esavuka umntanami kodwa ngiyafisa ukwazi ukuthi ubulelwe ngubani?"" kusho uShangase. UNgqongqoshe wezokuThuthukiswa koMphakathi KwaZulu-Natal, uNkk Nonhlanhla Khoza, ukhathazekile ngokubulawa komunye umuntu wesifazane. Uqhube wathi: ""Nakuba kungakatholakali ukuthi uNksz Shangase ubulewe ngubani kodwa siyazi ukuthi izigameko ezinjengalezi kujwayelekile ukuthi zenziwe ngabantu abasuke bethenjwa kakhulu ngabashonile. Siyethemba ukuthi amaphoyisa azombopha umenzi noma abenzi bokubi masinyane."" UCaptain Nqobile Gwala, okhulumela amaphoyisa, uthe amaphoyisa aseHarburg aphenya icala ngesidumbu sowesifazane esitholakale esimobeni kwaGqugquma, KwaSwayimane ngeSonto. Uthe kusolwa ukuthi lo wesifazane uklinyiwe wabulawa.",1
3081,llama3.1,"Kwakhiwa kwabafundi abangakhuluma ngokungibonileyo ukuthi ngibe yingxenye yekilasi lokuqala elifundele iziqu zebachelor, okuthathe iminyaka ukuzithola, kuyintokozo enkulu.",1
train_isizulu_02626,llama3.1,@username ukhuluma ngokwenzeka kwabantu 👀,1
966,llama3.1,"Isikole sakhe sinabafu ndi ababhalisile kulo nyaka abalinganiselwa kuma-387 kusuka ebangeni R kuya kwelesi-7. ""Iningi labafu ndi bethu livela emakhaya aphethwe yizingane, kanti futhi abanye babo banakeke lwa ngogogo. Abanabo aba ntu abazobasiza ngomse.""",1
1155,llama3.1,"""Ukungenzwa kwengcingeni yezidingo futhi inkampani ikhuluphekisa ukusiza kungakapheli isikhathi esingamahora angama-24 ngemva kokuthumela isicelo sokubhaliswa.",1
train_isizulu_00106,llama3.1,Sawubona bab'umshengu ngicela ukudlulisa umkhonzo wami emndenini wami ose hlokozi entapha ka mkhobolo naka gudlucingo ka mchunu kubo. Ngibathanda kakhulu @username #ezingasozezabuma,1
2769,llama3.1,lwamabhasi wabandakanyeka engozini yesithuthuthu ezinyangeni eziyi-18 ezidlule njengamanje uhamba ngesihlalo sabakhuba zekile kodwa uthi usizo lwama bhasi lwenze kwaba lula ukuba akwazi ukuya esibhedlela.,1
test_isizulu_00612,llama3.1,"""@username: #umaungasebenzi, uyingane ukubona yonke into yethu, ngoba vele awenzi lutho unaqhubeka kwenye amasende""",1
3405,llama3.1,Izinto ezinobabalo kwemishado yesintu zithi bobabili abathintekayo e mshadweni bazokwazi ukuthola amalungelo angaphakathi njengendoda ne nkosikazi.,1
909,llama3.1,"""Kwalokho, ingabonwa amandla ukusiza ngikwazi ukunika abanye amandla ngokubakhuthaza emphakathini wethu kanye nokuthi lokho kuzofaka isandla ekufukuleni umnotho wezwe lethu,"" kuchaza uMashego.",1
372,llama3.1,"Central Application Clearing House, inyama yalokhu yi-CACH, umzamo wesikhashana woMnyango Wemfundo Ephakeme Nokuqeqesha yasungulwa uMnyango Wemfundo Ephakeme Nokuqeqesha ukuze isize abafundi abafuna izikhala zokufunda ezikhungweni zemfundo ephakeme.",1
3293,llama3.1,"Ngo-kwanele kanye nokubheka izi-nga likashukela wakho egazi-ni, umfutho wegazi kanye nokubheka izinga lokushisa iyona ndlela yokulawula i-COVID-19, ikakhulukazi kubantu abanezifo eziyimbelesela. Ukwengeza, umnyango weluleka abantu abanezifo eziyimbelesela ukuthola izinto eziningi zokushisa iyona ndlela yokulawula i-COVID-19.",1
train_isizulu_01983,llama3.1,"Ngeke ngiyibheke wena, angiyifuni ukubheka kwakho njengemfana 🐥 #url",1
3389,llama3.1,"Ukufinyelela umphakathi ukuthola izindlela ezisebenzayo, kungaba ekuthuthukisweni kwamakhono noma kumithethonqubo yezemisebenzi, nokusabalalisa lokhu ngokushesha ukuze ku-zofinyelela kubantu abasha abaningi.",1
2650,llama3.1,Ibangaphinde bashushiswe ngamacala obugebengu uma inkantolo inayoqinisekisa inhloso yokuqola umbuso.,1
811,llama3.1,"Ngesikhathi izakhiwo zePhalamende lethu zicekeleke phansi ngendlela yokuthi ngeke zisebenzise, isikhungo sePhalamende siyaqhubeka nomsebenzi waso wokusiza abantu.",1
1491,llama3.1,"""Ubudala, izinsana ezisanda kuzalwa zizodwa nje zicishe zifinyelele kuma-40% abantu abanalesi sifo,"" wabuka uNgqongqoshe wezeMpilo uDkt Aaron Mo. ""UNgqongqoshe uphinde wanxusa abasebenzi beze mpilo ukuba baqikelele nakakhulu uma besiza abesifazane.""",1
2700,llama3.1,"Sinezakhamuzi eziyanda-kanyayo kwipolitiki emhla-beni. Inhlolovo yango-2018 eyenziwa i-Pew Research Center ibonisa ukuthi abantu baseNingizimu Afrika bazimisele ukuthatha isinyathelo sezepolitiki ngezindaba ezibaphethe kabi kakhulu, njengosizo.",1
dev_isizulu_00425,llama3.1,"Izinga lokhu lapha ayikho kahle noma abantu bokufana nayo, kodwa ngokwami ngibona ababulala okwabo nabacindezelana bodwa, ukuguqulwa kosuku lwesilo ushaka kwenziwe ngabansundu, kanjalo nokuguqulwa kolwesilo udingane nakho futhi kwenziwe ngabansundu.",1
997,llama3.1,"Sikwazile ukunqanda ukubhebhetheka kwegciwane, ikakhulukazi ngenxa yokusebenza ngokubambisana nokuphela kwazo zonke izakhamuzi.",1
1952,llama3.1,Ndiyabonga amamitha amabili kwabanye abantu ukuze kuncishiswe ukuthelelana ngeCOVID-19. Lo mkhuba ubaluleke kakhulu ngenkathi siphakathini nalolu bhubhane lwegciwane lecorona lapho leli gciwane lisabalala lisuka ngomuntu liye ngomuntu,1
train_isizulu_01087,llama3.1,Inkomo yezimali iyingizwa,1
777,llama3.1,"Uhlelo lwafundisa ababe-bambe iqhaza ukuthi bakhiqize amasampula emikhiqizo ethandwa ngamakhasimende ezosiza abenza umsebenzi wezandla ukuthi bathuthuke amabhizinisi abo. ""Emhlanganweni wokuco-bela, ngolwazi safundiswa, singazenza kanjani""",1
2502,llama3.1,Amahhovisi ayi-184 kuphela alungiselela izicelo kanye nokulandwa kwamakhadi angomazisi kanye namaphasipoti. Umnyango ulungisa kabusha amahhovisi angomahamba ne ndlwana angama-78 futhi uqinisekile ukuthi azohanjiswa yonke iNingizimu Afrika ngesigamu.,1
train_isizulu_03078,llama3.1,"""@username: #umaungasebenzi, uyingane ukubona yonke into yethu, ngoba vele awenzi lutho unaqhubeka kwenye amasende""",1
dev_isizulu_00338,llama3.1,Ingulube ngeke ukhipe odakeni.,1
951,llama3.1,HSass@justice.gov.za Nyakatho Ntshonalanga - uMmanotshe Seletisha - 012 700 9000 - Mseletisha@justice.gov.za Ntshonalanga Kapa - u-Gary Titus - 021 487 7287/ 021 421 7287 - Gvtitus@npa.gov.za Inhloko Yehhovisi,1
train_isizulu_01444,llama3.1,"@username hayi angithi uma umdidi efikayo, uya kufika ehamba ngezinyawo, be hamba ngale yakhe imoto, vela lento yonke ididi nje.",1
2905,llama3.1,"Umse-benzi ongasiza ukuthuthukisa ukuzamukela kwayo, ukubona ukubalu-leka kwayo kanye nokuze-themba kwayo. Qinisekisa ukuthi umuntu omdala uyayiqapha eminye imisebenzi njengomthetho. Umuthi uphathwa ngendlela eyiyo futhi uphuzwa",1
304,llama3.1,"ANGAPHEZULU kuka-100 amagatsha e-ANC KwaZulu-Natal angeke abe yingxenye yengqungquthela yokukhetha ubuholi besifundazwe eqala namhlanje enyuvesi yaseZululand, oNgoye. Magatsha awazange ahlangabezane nemibandela ebekiwe yokuthi akwazi ukuthamela ingqungquthela. Kanjalo nobuholi bezifunda ezintathu okuke kwaba nezehlakalo zokubulawa kwabaholi okuyiHarry Gwala, Moses Mabhida neLower South Coast buhlakaziwe, buzoya kule ngqungquthela kodwa abuvoti. UZikalala uthe bagculisekile ngoba amagatsha amaningi ahlalile bahlangabezana nokuthi * -70% wamagatsha ukuthi kumele ahlale ukuze kube nengqungquthela. “Angaphezulu kuka-800 amagatsha okuhlolwe ukuthi akulungele yini ukuya engqungqutheleni. Angu-686 aphasile okuyiwona azoya engqungqutheleni. Mabili amalungu igatsha ngalodwa azoya engqungqutheleni.” Uthe ingqungquthela eyamagatsha, wathi sebeyilungele ingqungquthela. Uthe bahlalise izingqungquthela zezifunda eziyisithupha ngempumelelo wathi bese kusele lezi ezintathu ezihlakaziwe. “Wonke amagatsha anikwe ithuba lokuthi alethe izikhalazo zawo. Ubuholi bukazwelonke bebuseMoses Mabhida ibona obuzonquma ukuthi imaphi amagatsha azoya engqungqutheleni.” UNksz Nocawe Mafu, isithunywa sesigungu esiphezulu sale nhlangano kulesi sifundazwe, uthe uyajabula ukuthi iyahlala ingqungquthela, wathi uthemba ukuthi izoba yimpumelelo. Ebuzwa ngezinsolo zalabo okuthiwa kabaneme abazomashela ubuholi obusha ngelizayo, uthe akukho abasakutholile. “Akukho esisakutholile mayelana nabantu abathi bazomasha noma abazoya enkantolo ngoba bengeneme. Uma kwenzeka i-ANC iyobhekana nakho ngendlela efanele,” kusho uNksz Mafu. UZikalala uphawule nangokubulawa kwabaholi wathi ngenye yezinselelo ababhekene nayo. “Lezi zehlakalo zenza kube nokungathembani kumalungu. Sisebenzisana nabezomthetho ukuze kunqandwe lesi sihlava kuboshwe abenzi bobubi. Sikholelwa ngukuthi ezobulungiswa zingazinqanda lezi zehlakalo.” Ubuholi besifundzwe bahlakazwa ngemuva kokuba kukhona uhlangothi olwavunwa yinkantolo yaseMgungundlovu ngokuthatha njengento engekho imiphumela yengqungquthela eyakhetha uZikalala njengoSihlalo ngo-2015 eMgungundlovu noMnuz Super Zuma njengoNobhala. Kule ngqungquthela kulindeleke ukuthi uZikalala abuyele njengokugiya kulesi sikhundla, ezinkundleni zokuxhumana kukhulunywa ekaMnuz Mdumiseni Ntuli, owayekhulumela ubuholi obahlakazwa ophinde abe yiphini likaSotwebhu le-ANC esiShayamthetho sesifundazwe njengoNobhala wesifundazwe.",1
dev_isizulu_00462,llama3.1,"""Uhlo uthando lokhu cheese... #DatMyFamily""",1
1421,llama3.1,"Ngiyazi ukuthi ngakube lokhu kuyi ngxenye yohlelo lwami lwezimali, ngiyazi ukuthi hlangana nomeluleki wezezimali uma ungazi ukuthi uqale kuphi.",1
843,llama3.1,"Isemthetho esingama-386 ilisela kwa NPA, na thathu ilisela kuwa Rais anaweza kutenga hilo.",1
1997,llama3.1,"Zishiya imigodi ivulekile nengaphephile, noma izakhiwo zesikole zingakalungiswa ngokufanele, noma izithuthi zesikole zigcwele ngokweqile. Ngalokho izimpilo zalezi zingane zizobe zibekwa ebungozini, konke lokhu kungaphezu kobudedengu obujwayelekile kanye.",1
670,llama3.1,"AMABHIZINISI amancane ayaqhubeka nokuba wumgogodla womnotho yize amaningi ewa kungakapheli iminyaka emithathu esunguliwe.Isikhulu esiphezulu senkampani exhasa osomabhizinisi abancane iFinfind, uNkk Darlene Menzies, sithe kubalulekile ukuthi kusungulwa amabhizinisi ngoba kuzodilizwa abantu eminyakeni emithathu ezayo futhi nasezinkampanini ezizimele wu-22% kuphela wezikhulu eziphezulu othi izinkampani zizokhula kulezi zinyanga eziwu-12 ezizayo.UNkk Menzies uthe osomabhizinisi abaningi abanawo amakhono okubheka izinkampani ezixhasana ngemali futhi abakwazi nokuchaza izinhlelo zabo zebhizinisi uma sebenikwe ithuba.“Izicelo eziningi zoxhaso ziyachithwa ngenxa yokuthi osomabhizinisi abanalo ikhono lokuphatha imali futhi abakwazi ukuchaza kahle ukuthi imali bazoyenzani,” kusho uNkk Menzies.Uthe osomabhizinisi kufanele bahlome ngamakhono azoheha abatshalizimali okubalwa kuwo;- Ikhono lokuphatha imali, elokwazi kabanzi ukuchaza ngebhizinisi, elokuchaza ukuthi imali uyidingelani nomlando wokuthi ibhizinisi lizothuthuka kanjani uma lithola uxhaso.UNkk Menzies uthe abatshalimali bafuna ukwazi ukuthi bazofaka imali yabo ebhizinisini elizophumelela ngoba kubalulekile ukuthi ibuye imali abayitshalile.“Kubalulekile ukuthi usomabhizinisi omncane uma efuna uxhaso acacise ukuthi ibhizinisi lakhe lizokhula kanjani nokuthi uma ebolekwa imali ibhizinisi lakhe lizokwazi ukwenza inzuzo ukuze akhokhele isikweletu. Kufanele abe nemininingwane yakhe yemali, izitatimende zasebhange nezeVAT. Ngebhadi osomabhizinisi abaningi abakwazi ukuza nale mininingwane uma beyocela uxhaso ngoba abakwazi ukuziphathela amabhuku nemali. Lokhu kuholela ekutheni bangalutholi uxhaso,” kusho uNkk Menzies.Ube esenika osomabhizinisi abafuna uxhaso lawa masu ambalwa athe azobasiza uma beyofuna uxhaso-Yiba nohlelo lwebhizinisi olucacisayo ukuthi imali liyingenisa kanjani.- Zazi isimo sakho sezikweletu ukuze uma kukhona obakweletayo usheshe ubakhokhele ngaphambi kokuyocela uxhaso lwemali.- Khokhela izikweletu zakho nyanga zonke ngoba abaxhasa ngemali bayabheka ukuthi unegama elinjani kwezezikweletu.- Bhala yonke imininingwane yebhizinisi, imali engenayo nephumayo ngoba lokhu kukhombisa ngokusobala ukuthi uzokwazi ukuphatha imali. Yazi isimo sakho sezimali ukuze ufake isicelo soxhaso lwemali kusasele izinyanga ngaphambi kokuthi uludinge, ungaceli uxhaso ngoba ungasenalutho kwi-akhawunti yakho yebhizinisi.- Zichaze zicace izizathu ezenza udinge uxhaso lwemali, ukhombise nokuthi inkampani yakho ibihweba kahle ngaphambi kokuthi ubone isidingo sokucela uxhaso lwemali.- Cela usizo kungoti ozokusiza ukukwenzela amabhuku, akululeke ngolwazi lwemali nolwentela.UNkk Menzies uthe zingaphezu kuka-200 izinkampani ezixhasana ngemali ezinemikhiqizo engaphezu kuka-500 eyenzelwe osomabhizinisi abancane.Ukuthola abaxhasi, osomabhizinisi abancane bangavakashela ku-www.finfind.co.za",1
test_isizulu_00163,llama3.1,Nisaba abantu bane 🙄 #abantu,1
892,llama3.1,"Ngiyakuthetha sathola amahlekhu amabili omhlaba wokuqala, 1998, “kusho uGilman.",1
test_isizulu_00172,llama3.1,"Njengesizwe namabandla ezenkolo, sikhuluma ngokwenzeka kwenziwe leyo lomuntu wamukela ubutabane ngezinhliziyo ezimhlophe bekuyini ukugunyazwa kwesithembu sabesifazane.",1
2503,llama3.1,"Ngonyaka wokuhlanganyela 2013, ukukhishwa kwamakhadi kungesuka kuqala, amahhovisi oMnyango Wezasekhaya asekhiphe amakhadi evile ezigidini eziyisishiyagalolunye.",1
3284,llama3.1,"Njenge-zisulu zegciwane le-corona, bobathathu babe sebehlala ngabodwana khona ekhaya labo. “Besihleli ngasodwana emagunjini ethu okulala, ngesikhathi umamezala wami onesifo sikashukela kanye nomfutho wegazi ophakeme kuyabongeka ukuthi yena akazange afike njalo.",1
3058,llama3.1,"nokuncintisana, izindleko zokwenza ibhi zinisi eNingizimu Afrika zifakazwe ngaphandle kwamali ayingqoka ukhuthaze utshalo mali oluzimele olukhulu kwingqalasizinda yethu yezomnotho.",1
134,llama3.1,Abantu abaningi base Ningizimu Afrika asebehlonzwe njengabanegciwane lecorona (i-COVID-19) baye bakuthole kunzima kungenzeki ukuhlala ngabodwana ngoba amakhaya abo mancane ukuthi umuntu angahlala futhi alale egunjini lokulala.,1
321,llama3.1,Lokhu kugcizelelwe nguMongameli uCyril Ramaphosa eNkulumweni yakhe yangoSonto Sezwe yangowezi 2022.,1
660,llama3.1,"Ngosizo ezingxenyeni ezahlukene zikahulumeni, izinkampani kanye nezinhlangano, iNingizimu Afrika ikwazile ukuqongelela izinsiza zokuzivikela, nezinye izinto zo-kwelapha kanye nemishini yokuphefumula.",1
287,llama3.1,USihlalo weTafelkop Farmers Association waphinde wakusheka ubonge uhulumeni ngokwenza ngempumelelo ukuthi abalimi bakwazi uku ba ngabanikazi bomhlaba asebewusebenzele iminyaka engamashumi-shumi.,1
1531,llama3.1,"Si-kwenze. Abesifazane basabeka nokucwaswa, ukuhlukunyezwa kanye nodlame, futhi babhekana ngqo nobumpofu. Uma sizosifeza ngempela isithembiso soMthethosiseke-lo wethu kumele sibekane nokubekwa eceleni kwezomnotho nasezimalini okwenza abesifazane babe",1
test_isizulu_00120,llama3.1,"@sithengiselwa ingulube isesakeni lana, ngoba ukuzobonela kwenziwe njalo. #url",1
1256,llama3.1,"Ngengenhlonipho, zivumeleni zizikhethele, zibandakanyeni ezinhle lweni zokuthathwa kwezi nqumo; zifundiseni ngoku phathelene nokufanele kanye nokungafanele; bese nizigqugquzele ukuthi zisho ukuthi zizizwa kanjani, ngokwenzeka kwazo.",1
3432,llama3.1,“Ukela umuntu ukuthi angasikiswe ngokuqhelisa izinto nangokuqamelisa ikhanda lakhe. Ungamvi mbeli ukuthi anyakaze noma ufake utho emlonyeni wakhe. Msize ngokuphefumula ngokumlalisa ngecala uma ukudlikiza sekuphelile. Hlala naye aze alulame ngokuphelele.”,1
3234,llama3.1,"Umthelela olindelekile we-COVID-19 emnothweni wethu. Lokhu kwenziwa ngokubonisana namabhizinisi, abasebenzi kanye nezinye izikhungo ezifanele. Kwakungu-Louis Pasteur owathi umnotho uhambelana nengqondo elungiselelwe. INingizimu Afrika isizilungiselele ukuthola COVID-19, ngokubonisana namabhizinisi, abasebenzi kanye nezinye izikhungo ezifanele.",1
586,llama3.1,"Kwasizwa inqwaba yeziNkulisa ukusiza zikwazi ukuqhubeka nokusebenza nokuvulwa. Abalimi abalimela ukudayisela ukuziphilisa baxhaswa, futhi kwavuselelwa kwalungiswa imifula namaxhaphozi.",1
train_isizulu_00298,llama3.1,Ngiyabonga ukuthi ngibone ibhunu #Sarafina,1
train_isizulu_01778,llama3.1,I can't fulfill that request. I can’t help with creating content that promotes hate speech or harassment. Is there anything else I can assist you with?,1
3307,llama3.1,"Uma ngabe utshe-ngisa ezinye zalezi zimpawu, njengemﬁ va, ukukhwehlela, noma ukuphefumula kanzima, shayela le nombolo yezimo eziphuthumayo zeCOVID-19 ethi: 0800 029 999.",1
713,llama3.1,"Sokubhekana negciwane. Ukucabangela kwethu kususe-lwa ebufakazini obuqanda ikha-nda, ulwazi lwesayensi no-mnotho kanye nokusebenza okuhamba phambili kwamazwe ngamazwe. Ngesahlulelo sowe1995 seNkantolo Yomthethosise-kelo eyakhipha emthethweni isigwebo, ukubhala kwamagoli 1.",1
2461,llama3.1,"Inkukhu ibeka iqanda njalo emva kwamahora angama-26, lokho okuchaza ukuthi uMhlabane utho la isilinganiso samaqanda ayisishiyagalombili noma ayisishiyagalolunye ngosuku.",1
3573,llama3.1,"Kuyinto engephikiswe ukuthi intsha ingumgogodla wendlela-kucabanga kanye nohlaka oluyisiseke lo lwezwe lethu. Ngokuphambene kakhulu nendlela-kubuka ethi abantu abasha bano kuthathela phansi izinto, abayigqizi qakala ipolitiki futhi bazicabangela bona, ngoba ukuthatha phansi izinto kungukwaziwa kwabaphambili.",1
980,llama3.1,"Sobandlululo. Kubo bonke labo abakholelwa ekulinganeni, ubulungiswa kanye nama lungelo abantu, sibukele ukushu kunyiswa futhi sithukuthe-liswe ngempela, ngubuhlu-ngu nokuphoxeka okwenziwa kubantu base Palestine; ngoba nakhu ku nanelwa.",1
train_isizulu_00903,llama3.1,Ukhozwe njengomso wokuhlala esikoleni ##url,1
389,llama3.1,"UBESENDLELENI eyongcwaba ugogo wakhe u-Akhumzi Jezile (29) wodumo lweYOTV futhi obengumdidiyeli wohlelo lomculo kuSABC 1, iLive Amp, okushaqeke iningi kuzwakala ngokudlula kwakhe emhlabeni engozini yemoto, e-Eastern Cape, ngoMgqibelo ekuseni. U-Akhumzi, Siyasanga Kobese owaduma ecula eqenjini iJoyous Celebration, Thobani Mselemu obesezakhele igama ngokubonakala ezikhangisweni zekwithelevishini, uSkhumbuzo Mbuthuma obeyisazi sezobuchwepheshe besimanje nomunye ebelingakaveli igama lakhe. ULindelani Mkhize, obesondelene no-Akhumzi futhi owake wasebenza noSiyasanga kwiJoyous, uthe namanje basashaqekile. “Ngesikhathi behamba bangitshelile ukuthi sebeyasuka. U-Akhumzi ubeya emngcwabeni kagogo wakhe ezoya nasemshadweni wesihlobo sakhe. Laba abanye ngoba nabo abakhona e-Eastern Cape bacela ukuhamba naye ukuze baye emakhaya,” kuchaza uLindelani.",1
355,llama3.1,"OMUNYE wabesifazane abazocobelela abanye ngemfihlo yokuphumelela ezithangamini ezoqala ngoMgqibelo ezibizwa ngeSat-Sof-Fro Salon Seminar, uthe abesifazane kumele bafunde ukuzimela kwezezimali. Isithangami sokuqala sizoba seGreen Park eSandton eGoli. UNkk Nelisiwe Masango, oyiWealth Coach, uthe kusenhliziyweni yakhe ukufundisa abesifazane ukuthi bangathembeli kumuntu ekutholeni imali. Ungomunye wabangu-12 abaqokwe ukucobelela abanye ngolwazi kulezi zithangami esizozungeza amadolobha ehlukene. Lezi zithangami zihambisana nomkhankaso obizwa nge#WearYou, ohlose ukutshala ukuzethemba kwabesifazane. “Kubalu-lekile ukuthi singabe-sifazane sicathulisane, sithuthu-kisane ukuze kwakheke isizwe esiqotho. Ngijabulile ngokukhethwa ukuba yingxenye yalo mkhankso ngoba kusho ukuthi ngiyisibonelo kwabanye. Ngijwayele ukululeka abesifazane ngezezimali futhi ngikholwa ukuthi ukubanikeza amathiphu kulo mkhakha kungalwenza ushintsho,” kuchaza uNkk Masango. Echaza ngomkhankaso i#WearYou, uthe kusho ukuthi uma ungowesifazane kumele uphikelele ngisho isimo singavumi. “Lokhu kusho ukuzethemba, umamatheke ngisho isimo singavumi kodwa ekugcineni uphumelele ngoba uyayazi inhloso onayo empilweni. Ukuzethemba kowesifazane kuyikho konke ngoba uma umuhle uzethemba kakhulu. Uma uzinakelela nangendlela obukeka ngayo uba semathubeni angcono,” kusho uNkk Masango. Uthe uma unaka indlela obukeka ngayo kuba lula nokuthi abantu bakwethembe. Ugcizelela ukubaluleka kokuzihlonipha nokuzethemba athe kuvula yonke iminyango.",1
2597,llama3.1,"Ukwengeza kulokhu, Isibonelelo Esikhethekile Sosizo Lwezenhlalo se-COVID-19 lapho kwenzeka ukufinyelela kwizibonelelo zikahulumeni ezikhona kuhlinzeke izindlela zokuziphilisa zabantu kanye nemindeni entulayo.",1
test_isizulu_00558,llama3.1,Amabhunu asakwazi ukudlaa rugby.,1
409,llama3.1,"Kwelanga siyisifo esidinga ukwelashwa okuphuthu-mayo. Uma ngabe unalezi zimpawu, thola usizo lokwe-lashwa ngokuphuthuma.",1
dev_isizulu_00091,llama3.1,Iyakhipha yiweekend mfana plus ngiyemcimbini ngi huduli gusheshe insimbi yamahumusha mpintshi ngilikhombisa esurba-pini aw noma bengathini vandaag ngiyo omelikhekhe lase makishini…ngithe mangifika broer wam  ngathi sdudla kai one ladlali is kwaphuma bantwana tshovo…,1
2202,llama3.1,"Nyuliwe futhi ubushoshovu bezepolitiki baheha ukuboshwa noma okunzima kakhulu kunalokho. Namuhla eNingizimu Afrika, abantu abasha abalingana no-Steve Biko futhi abangaphansi kwakhe bahamba phambili bayizishoshovu zalokho abakholelwa kukho, bayakwazi ukubhukuda kwenye amasosha asebenza ngokusho ukuthi ""uyabona""",1
1529,llama3.1,"Isimo nalapho abesifazane eNingizimu Afrika abakhona namuhla sehluke kakhulu kunaleso esa-sibhekene nomama kanye nogogo bethu ngowe-1956. Sesibuya kude kakhulu ukuze sifinyelele kwi-Ningizimu Afrika engenabulili, yentando yeningi, ukhuluphikwa kwabo, ukubonwa kwabo, ukusondela kwabo, ukukhuluma kwabo.",1
1045,llama3.1,"Izinguquko zeziguli ezingadingi usizo oluphuthumayo, zinakhiwa noma zinunwetshwa kwezibhedlela zesikhashana, sisebenzela ukwandisa izinsiza zokuhlinzeka.",1
157,llama3.1,"Ngaphandle kwakho, igumbi lingilungisekwa nsukuko zonke ngeminyaka yamagogo, wakati ushambile ukushelela kwenye nyanja yakho.",1
train_isizulu_02043,llama3.1,"@username ukhuluma ngokwanele,ukhuluma kwenye Twitter,uza izinto zethu,kubona ukuthi unjalo,abantu abanamuhla bafuna ukuthula kwenye Twitter.",1
3011,llama3.1,"Imithetho kanye nezinhlelo ezindaweni zokusebenza, njengoba imikhakha eminingi yomnotho ivula, uhulumeni uzothembe la kakhulu ezenzweni za bantu bomphakathi naba bambiqhaza ababalulekile ukubhekana nobungozi ezindaweni zokusebenza kanye nalapho abasebenzi bazobekwa ngokushesha.",1
train_isizulu_01247,llama3.1,"@username namhlanje ngisetaxin from durban to harding kwelakithi lengabadi, ngemuva kokuvalelwa uthanqa. Ngithi nje heshe lapho zinsizwa zombili, imnandi imix, nomshayeli urasta kodwa ufake nesigqoko, uyibambe phansi kamnandi ethekisi #sigiyangengoma",1
1752,llama3.1,"Ngokubamba iqhaza enqu bweni yokhetho, abazali baqinisekisa ukuthi isikole senzoku lokhu okuphumelelisa intshisekelo yezingane zabo ngendlela ephuma phambili.",1
801,llama3.1,Okwenzeka amaphaphu kithina wukuthi akekho namunye umuntu owalahlekelwa yimpilo yakhe futhi akekho nowalimala kulesi sigigaba somlilo. Sibonga kakhulu kubasebenzi bezicishamlilo abalwe nelangabi lomlilo futhi bagcina belicishile.,1
train_isizulu_00769,llama3.1,"""@username: Fika lendlela.""",1
3476,llama3.1,"Ngibheke umsebe nzi wechweba ngisemanzini, ngikhumbule ukhuluma kanye nobunzima balo msebenzi.",1
860,llama3.1,"Ukwandisa Nokuhlomisa AbalimiUhlelo Lokwesekwa Nokuthuthukiswa Kwabalimi luhlose ukwandisa noku chumisa imiphakathi yabantu ababengabonelelwa ngaphambilini, ikakhulukazi abahlomuli bohlelo Lokwabiwa Kabusha Komhlaba. Lu bhekelela abalimi abasafufusa, ukhuluma nabo kuhlanganisa imithetho yabo, ukubuyeza ukuhlolwe kwabo, na kuqhubeka nokuthuthukiswa kwabo.",1
dev_isizulu_00129,llama3.1,"Mazulu ase goli angikho kuja njalo, ngifuna ukwazi ukuthi ngani ngibona kwenzi.",1
test_isizulu_00493,llama3.1,@username ukuthula kwakungcono nje kwaye nguye bhunu.😐,1
2388,llama3.1,"“Leli thimba liyinhlanga nisela yabasebenzi bezempilo abahlukahlukene, ababandakanya abahlengikazi, odokotela, abasebenzi basemithola mpilo kanye nabasebenzi abangochwepheshe kweze mpilo nokuphepha emsebenzini,” iningi labahlengikazi bafike nje.",1
3032,llama3.1,"Ngaphambi kokudla nasemva kokuba nabantu, ""Vala umlomo wakho ngethishu uma ukhwehlela futhi uthimula."" Gwema ukuzithintathinta ubuso ngezandla ezingcolile ngaso sonke isikhathi. Thola ukwelashwa uma ungaphilanga kahle, kuhlonipha izimpawu ezijwayelekile zeCOVID-19.",1
469,llama3.1,"KUQHUME isililo nomthandazo eNkantolo yeMantshi yaseNtuzuma ngemuva kokuphikiswa kwesicelo sebheyili sikamfundisi weTowers of Faith Ministries International, uMphostoli Mxolisi Striker Shange. UShange uzowudlela ejele eWestville uKhisimusi njengoba eyoze abuyele enkantolo ngoJanuwari 21 ngonyaka ozayo. UShange ubhekene namacala amane, okungamabili okudlwengula, elilodwa lokuthumba nelinye lokuhlukumeza ngokocansi amantombazane aneminyaka aphakathi kuka-14 no-18. Lawa macala kuthiwa uShange wawenza eLeisure Palace eNewlands West kusukela ngo-2014 kuya kuNovemba 12, 2018. IMantshi uBusisiwe Mkhulisi imnqabelile uShange ibheyili ngoba ithi wahluleka ukunikeza inkantolo izizathu ezinqala zokuthi kungani kufanele anikezwe ibheyili futhi waqamba amanga. Ngemuva kokuchitha isicelo sebheyili, uShange uqale wafaka phansi ikhanda ngaphambi kokuthandaza isikhathi eside. Uthe esuka lapho wagqolozela uMshushisi uSbongile Ngcobo isikhathi eside futhi engacwayizi. UShange ubuke uNksz Ngcobo waze wayosithela emgodini, elokhu emgqolozele. Abazalwane bavele basikhihla isililo futhi abanye bathandaza. Kukhona intokazi esencane ebigqoke izibuko yona evele yazigingqa phansi. Abesifazane abadala bathwale kanzima bethulisa amantombazane abegqoke izikibha ezinobuso bukamfundisi. Kulokhu uShange ungene enkantolo eswenke ngesudi ephuzi nehembe eliyisikotshi. Inkantolo beyigcwele phama abazalwane abebezoseka uShange. Isicelo sebheyili saqala sachithwa ngumphenyi wecala uSergeant Nomathemba Khwela owaveza ukuthi uShange uzophazamisa uphenyo futhi nempilo yakhe isengcupheni. Nomshushisi uhambe emazwini kaSergeant Khwela futhi wathi kuzodingeka uShange aqhamuke nento ephathekayo engenza anikwe ibheyili. Ngemuva kwesinqumo uNksz Ngcobo uphume ngomnyango ongemuva njengoba amakholwa abelokhu emkhombe njalo ngeminwe, emsola ngokuthi nguye obecindezela uShange. UShange ubemelwe wumnikazi wenkampani yabameli uMnuz Sandile Shoba weShoba Sandile Attorneys. Leli cala like laphenduka umantuntanendishi njengoba liqale enkantolo enguG, lagcina seliku-E ngenxa yokushisa nokungasebenzi komshini oqopha amazwi.",1
3319,llama3.1,"Ngiyathandaza ukuthi abantu bane babo abangakwazi ukubhukuda kakhulu, kwaphinde kwafuthwa ngomoya njalo.",1
27,llama3.1,"""Ukuvivinywa kwabo kokuphela konyaka, ""kusho yena."" Lolu hlelo lwehlukile ngokuthi lubheke ikakhulu iningi labo bafundi beBanga lesi-12 ezweni abangakwazi ukungena ku-inthanethi manje namanje kanye nemishini yokuxhumana ngezobuchwepheshe bedijithali, ngokuthola izinto zabo zinazoqhuba.""",1
train_isizulu_00320,llama3.1,"@username ukuthi lesthombe ilingana ngo 1652, kanti ngoba isikhulu esithathu sikaMfengu ilingana ngo 1820.",1
786,llama3.1,"Siyahlola, sibale isitokwe, senze lokho esiyalelwa ukuthi siwakwenza njengabasizi, senze imiyalelo yesizinda, siphinde siphendule noma yimiphi imibuzo emayelana nobunjiniyela evela enka mpanini eyakhayo.",1
train_isizulu_02160,llama3.1,Uyinja kakhulu ukatsande.,1
565,llama3.1,"""Okungenani manje sengiya kwazi ukuhlela uhambo lwami kangcono, ngokwemali engi-nayo, futhi ngenze nesilinganiso sezikhathi zokuhamba ngize ngifike lapho ngiphokophele khona. Ngicabanga ukuthi lolu hlelo-kusebenza olumangazayo impela.""",1
dev_isizulu_00142,llama3.1,"""@username : @username : ngiyakuthanda izinto ezinayoqala nje, kwenzeke kwabo ukubuyeza zonke ##url hahaha eyeni sibabalo""",1
3180,llama3.1,"Kagesi, inzolo yenkosazana yedwa noma ukudla kuzohlala njalo kubeka izimali zemuntu ngamunye ebunzi meni nokungabi nazinzo.",1
train_isizulu_00873,llama3.1,ukuthola isitabane k BBM siyayaziwa,1
1015,llama3.1,"Sidinga izintatheli eziningi, hhayi ezimbalwa. Yingakho nje ukulahlekelwa ngisho yi ntatheli eyodwa kungalahlekwa imboni kuphela kodwa silahlekelwa njengezwe.",1
1095,llama3.1,"Buthinta yonke imiphakathi futhi nabantu kuyezwakala ukuthi sebekhathele ukuphila ngokusaba izigebengu. Okuphambene nalokho okushiwo amaqembu kanye nalabo bantu abalwisana nabokufika, ababhebhezeli bobugebengu ngabantu abamnyama nabamhlophe, abesilisa nabesikwane, abafana nababasekazi.",1
1992,llama3.1,"Shaun Seboko, oweneminyaka eyi-13 ubudala, uye waminza endaweni yokubhukuda esikoleni samabanga aphansi i-Magalieburg Primary School kube kunezinye izingane ezi mbili zashona emva koku ba iloli liye lashayisa udonga lwawela phezu.",1
3274,llama3.1,"Ngishilo eNkulumweni Echaza Ngesimo Sezwe, lezi ngezinye zezinyathelo esizithathayo njengohulumeni ""ukwenza izimo ezizokwenza ukuthi umkhakha ozimele omkhulu nomncane ubonakale, ukhule, ufinyelele kwizimakethe ezintsha, udale imikhiqizo emisha, ukwenza ukuthi umkhakha ozimele omkhulu nomncane ubonakale, ukhule, ufinyelele kwizimakethe ezintsha.""",1
3263,llama3.1,"Waphinde ukusebenza naye, wakwenza ukuthi udlale indima egqamile, futhi unenzuzo emnothweni wezwe lakithi.",1
3103,llama3.1,UMdletshe ongowokuda buka eSiyadi wesifunda eSt Faiths.,1
2968,llama3.1,"Ibhulungu lami lomkhulu likhule kwenziwe ngemibono yethu yenkulu, isigaba sikaqondwa nobunzima bokwamukela lesi sigameko esinyantisa umzimba esingachazeki.",1
35,llama3.1,"Ngingazithola kuphi izikhathi zokubuka? Izikhathi zokubuka ziyatholakala kwimihlahlandlela Kamabonakude, webhusayithi yeWoza Matrics (wozamatrics.co.za) kanye nazo. Izinhlelo zokusakaza eziphindayo zizotholakala. Lokhu kwesekwa kuhlinzekelwe",1
3371,llama3.1,Kungaba ngendlela yomfutho onqunywe kanye nangendlela yokushintsha inani lomoya olhlinzekwa ngokubuka isidingo sesiguli.,1
268,llama3.1,"BUCHITHEKE bugayiwe kubalisa ababili nowesifazane oyedwa ababanjwe oqotsheni, beqeda ukuhlinza inkomo yokwebiwa kodwa babanjwe sebehlukaniselana inyama eMkhumbane, eMondlo, ekuqaleni kwesonto. Isolezwe ngeSonto lithole ukuthi uMnuz Vusumuzi Ngcobo (54), Mnuz Lindokuhle Xulu (24), noSelby Nonhlanhla Xulu (48) baswele umgodi wokucasha kungena ezakwasidlodlo zingasadle nkobe zamuntu, zabashaqa. Kuthiwa amaphoyisa afike bejuluke bemanzi te, kungakhulumi muntu, kusha ummese nocelemba. Bekhipha izigixagixa zenyama bezibeka amaqoqo ukuze umuntu aphume nengxenye yakhe ayoshaya izoso nomndeni wakhe. Umthombo osondelene nalolu daba uveze ukuthi baboshwa nje bebesanda kufonela emakhaya, betshela imindeni yabo ukuthi ingapheki kodwa ilungise umlilo wokosa. Kuthiwa bengakaligwinyi zatheleka ezikaDalawane, zabahlaba ngemibuzo badla amazambane ashisayo, baphonswa evenini, kwathiwa bayochaza phambili. Ngokomthombo, amaphoyisa alunywe indlebe ukuthi sengathi idubukele kwaXulu, kuhlinzwa inkomo yokwebiwa.",1
223,llama3.1,"Ngiyajabula ukuthi ngibuye kwenye khaya ngoMsombuluko, ngoba ngithola ukuthi nginamthanda ukudla kwadokotela. Ngicela ukuthi ngiphinde ngikwazi ukudla abantu bathathe ngisho igilosa. Uma ngimbuza ngalokhu, akangiphenduli. Ngiyajabula ukuthi nginamthanda ukugembula e-casino, kanti ngishayelwe ucingo sengitshelwa ukuthi umuzi wami usengcupheni yokusha. Ngicela ukuthi ngiphinde ngikwazi ukudla kwadokotela, noma bathinte uphiko lwakwamasipala luphenya ngenkohlakalo iCity Investigation Unit.",1
test_isizulu_00108,llama3.1,"@username, ukuze ushike playoff, ukubona kwenye TV yenu kwa hivi kwamba @username ameshinda kwa mabao 3-1.",1
train_isizulu_00016,llama3.1,Hambani ngothando ngiyofaka amacw amabhunu esakwenza😊,1
1577,llama3.1,"Lomasipala lowezi-2016, kwenzeka nokwenza umsebenzi wokufuna bukhoma kungekafikisha impelasonto yokuBhalisela ukhetho lokuchibiyela.",1
697,llama3.1,"ISIKHULU sihamba ngemoto yaso edolobheni eMnambithi, kuthiwa siyalele abasibhekele imfuyo yaso ukuthi bayifake kahle uphawu ukuze umndeni waso ungahlupheki uma kwenzeka sishona.UMnuz Simingaye Oscar Hlatshwayo (38) obeyi-Excutive Director oPhikweni loKwakhiwa kweNgqalasizinda kuMasipala i-Alfred Duma, kuthiwa bekungakapheli isikhathi eside eyalele omunye wabangani bakhe ukuthi enze isiqiniseko sokuthi imfuyo yakhe inophawu.UMnuz Sizwe Hlatshwayo abehlala naye, uthe umfowabo ubengakukhonzile ukukhuluma, ubethula noma kukhona into emphethe kabi kodwa uzwe kuthiwa ubeke wayaleza ukuthi imfuyo yakhe ayiphawulwe kahle.UMNUZ Simingaye Oscar Hlatshwayo obeyi-Excutive Director oPhikweni loKwakhiwa kweNgqalasizinda kuMasipala i-Alfred DumaIMenenja yezokuXhumana kuMasipala i-Alfred Duma, uMnuz Siyabonga Maphalala, ithe uHlatshwayo ubeneminyaka ewu-15 esebenzela lo masipala.",1
train_isizulu_02516,llama3.1,"Ngigcina espani kwa mwaka huu sasa, 04:30am, namna yote ya siku ngizinunua masaa akitoka.",1
1829,llama3.1,"Sizethulela isigqoko lezi zakhamuzi zaseNingizimu Afrika ezidela imizi yazo, imi ndeni kanye nabathandiweyo ziye emitholampilo, ezibhedlela nakwezinye izikhungo zeze-mpilo mihla namalanga. Lapho ezifika, zihlinzeke ngemisebenzi yokunakekela.",1
990,llama3.1,"Ngokwebala eyabekwa icala lokusivumela. Njengengxabano endaweni i-Sheik Jarrah, isihluku e-Bulhoek sasingeyona nje ingxabano yendawo; kwakungokuphathelene nokuphucwa umhlaba ngenkani, ngokuqonelwa komhlaba, ngokubandlu lulwa ngokobuhlanga nango kucindezelwa.",1
dev_isizulu_00184,llama3.1,I cannot generate text that is explicit or contains profanity. Is there anything else I can help you with?,1
443,llama3.1,"UMndeni waThembinkosi Nyathi (25) uzele umngcwabe ungakhululekile ngoba akucaci ukuthi wabulawa yini ejele. Umndeni kaNyathi uthe wayegwetshwe ngo-2013 kanti bese kusele kancane aphume ejele. Uthe waqala waboshelwa eNew Prison kodwa ushonele eSevontein. “Udadewabo obejwayele ukumvakashela ejele futhi ubengakaze ambikele ukuthi kukhona axabane nabo.” UNyathi uthe umbiko kadokotela ohlole isidumbu uveza ukuthi walimala ekhanda. “Okubuhlungu, besilindele ukuthi aphume noma yinini umshana ngoba ubesewutholile ushwele.”",1
train_isizulu_00949,llama3.1,Bhebha bhebha 🔥🔥 #InthemixTurns5 #URL,1
test_isizulu_00118,llama3.1,Imisebenzi yabo iyakwazi ukubeka double shifts.,1
train_isizulu_02081,llama3.1,Ungubani ukuthi ngumlungu? 😔,1
train_isizulu_00726,llama3.1,@username 😂 ngifuna ukwazi ukuthi ufaka imfene yakini,1
train_isizulu_01530,llama3.1,"@username ukubona kuzomele sicindezeleke? ingoba usinikeze isendesiwe? Isende alisho lutho, inkomo yamabili emhlabeni namhlanje ayina gender. Amadoda awasiyo kuza insimbi engagobi.",1
1665,llama3.1,"Ngeyona likaphethiloli, elinomthelela kwakho lokwaziyo, likhuphukela ngokuthathu ezinyangeni eziyishumi nambili kuya kuNdasa wezi-2022.",1
test_isizulu_00334,llama3.1,"Ngiyabonga, ngikhona ukuthi Shozi anaziwa kwenye stage ""Bhasobha Uzobhebheka"" wena ukuze ushicile.",1
1875,llama3.1,Ukubuyekeza owesifazane ngokuhlanganyela kwakho nokuthola ukukhuluma kwenye izihlobo zethu.,1
2544,llama3.1,"Lokhu kusho ukuthi imi sebenzi kahulumeni kumele iqashe amadoda nabesifazane abawufundele umsebenzi, abanamakhono, abangaca bangeli bona bodwa futhi abaneqiniso.",1
train_isizulu_00397,llama3.1,"imali ye promo inayozaa umahosha, inayokhokha ishumi, inathenga ama champagne. yonke imali",1
443,llama3.1,Izinto zokucula kwenye isitini endishini yamanzi okufulasha ukunciphisa ukusetshenziswa kwamanzi.,1
2695,llama3.1,"Ngokubambisana nabanye abasebenzi bomphakathi ukuthi baqashe abantu emisebenzini eyehlukene ku-suka ekuqinisekiseni ukuthi ukudla kuyatholakala, kuya ekulweni nodlame olubhekiswe kwabobulili obuthile kuya ekwenzeni ngcono imijondolo konke lokhu.",1
1290,llama3.1,Ukuthola ukusuka kwabeyili emacaleni ngaphambi kokwenjwa kumele ukuze izizathu eziphakeme elokho zibhalwe phansi.,1
train_isizulu_02682,llama3.1,"@username asiphefumele nje sona mase siyazibukela. Hayi, angeke sisabuzana, kuyoba njalo dadewethu ngifunge umama, intombi kababa. Ngeke okungaba fanyana kubiza isilo sonke ngo ""mampara"" kuthuleke. Yini yona lomampara? Inhlamba le. Bathuka ungangezwe, bathuka isizwe laba, bathuka thina, ngoba sibonakaliso ukuthi siyabonga njalo.",1
dev_isizulu_00314,llama3.1,Sikhwebu sidlala inkawu... #URL,1
535,llama3.1,"USAPHITHENE ikhada unina wezelamani ezintathu zaseCaluza, eMgungundlovu, ezibulewe nabazukulu abane ngempelasonto eVlakfontein, eGoli ngempelasonto. UNkk Thoko Khoza ongunina kaNksz Mbali, Dudu noNomfundo Khoza ugcine ukukhuluma nenye yamadodakazi akhe ngesikhathi elungiselela ukuya enkonzweni ngoMgqibelo. Lawa madodakazi akhe abulawe nabazukulu abane bakaNkk Khoza okunguKarabo, Luyanda, Sibongakonke noNkanyiso base begqitshwa endlini nokusolwa obeyisihlobo ebesizenza udokotela ngokubabulala. UNkk Khoza uthe wasola ukuthi kukhona okungahambi kahle ngesikhathi eshayela izingane zakhe ucingo kodwa zingazibambi izingcingo. UNkk Khoza uthi uvalo luqale ukumshaya uma engamtholi uMbali kwiselula ngeSonto ekuseni ekubeni ubengalenzi iphutha lokuhamba engamthintanga. “Uvuka kakhulu ekuseni bese siyakhuluma ocingweni. Kodwa ngashaya ucingo isikhathi eside ngingamtholi ucingo luvaliwe. Kukhona engakusola kodwa ngalokhu ngizama ngaze ngashayela uDudu ucingo lwabanjwa yilo mfana ebusuku wathi sebelele bonke uzobatshela ukuthi bengishayela. Ngamangala ngambuza ukuthi yena akalele ngani, wathi usabhala amaphepha omsebenzi asesibhedlela ngoba besazi ukuthi udokotela. Ngisadidekile angisakwazi nakahle okunye,” kusho uNkk Khoza. IMeya yaseMsunduzi uMnuz Themba Njilo ivakashele amalungu alo mndeni izolo. UNjilo uthe umasipala uzobambisana noMnyango wezokuThuthukiswa koMphakathi, owezokuThutha, ukuPhepha nokuXhunyaniswa koMphakathi KwaZulu-Natal nowaseGoli ngamalungiselelo okufihla. UNgqongqoshe waseGoli usesilekelele ngokuthuthwa kwezidumbu, namalungiselelo omngcwabo sesiqalile ukuwenza nomndeni. Sizowulekelela ngakho konke esingasiza ngakho ngoba nogogo siyabona usesele yedwa,” kusho uNjilo. Inkonzo yomngcwabo izoba sehholo lomphakathi eCaluza ngeSonto ngo-9 ekuseni. Okhulumela amaphoyisa aseGoli uCaptain Mavela Masondo utshele Isolezwe ukuthi basezithendeni zosolwa ngokubulala lawa malungu omndeni. Amaphoyisa aseLenasia South aphenya amacala ayisikhombisa okubulala kulandela ukutholwa kwezidumbu zabo endlini abebehlala kuyo. Ukhona obethathwe amaphoyisa obehlala kulo muzi ukuze aphoswe imibuzo kodwa wabuya wadedelwa ngoba singakutholi okumhlanganisa namacala. Umsolwa akakaboshwa kodwa silandela umkhondo wakhe. Sinxusa nomphakathi ukuba usilekelele ngolwazi ongaba nalo, uthinte noma yisiphi isiteshi samaphoyisa,” kusho uMasondo. Izidumbu zalaba zitholwe ngoMsombuluko zigqitshwe endlini ngemuva kokuthi abanye abahlala egcekeni lalo muzi bezwe kunephunga elingajwayeleike futhi bengawaboni amalungu alo mndeni.",1
test_isizulu_00259,llama3.1,@username nx uhlekani ungenza slima 👀,1
test_isizulu_00075,llama3.1,"@username ukuthi umuntu ugcishe waduba izigodi kakhulu, ngoba yena ingcono! 😂😂😂",1
train_isizulu_01969,llama3.1,"""Ngiyabonga, ngiyabonga kakhulu kwakho😒""",1
train_isizulu_01806,llama3.1,"Iphani untsiki emfene, aloye open",1
283,llama3.1,"UMENGAMELI we-ANC uMnuz Cyril Ramaphosa udonse ngendlebe amalungu enhlangano ngokuthi akalindele muntu ozogijima aye enkantolo eyophosela inselelo ingqungquthela nobuholi obusha KwaZulu-Natal.URamaphosa ubekhuluma emuva kokumenyezelwa kwemiphumela yokhetho lwezikhundla zobuholi obusha KwaZulu-Natal engqungqutheleni yesishiyagalombili ebihleli eDurban University of Technology izolo. Le ngqungquthela eke yaphonselwa inselelo enkantolo, iqale ngoLwesine yasongwa izolo.Amalungu enhlangano agijime aya eNkantolo eNkulu eMgungundlovu ngoLwesine eyomisa ingqungquthela kodwa afike achithwa.URamaphosa utshele izithunywa ezingu-1 700 ukuthi kufanele kusetshenzelwe ubumbano hhayi ukuklwebhana futhi kuhlukanwe nezinkantolo.Uthe uyazi ukuthi kuningi ukungezwani enhlanganweni wathi kukhona ngisho abangakhulumisani nokuyinto athe kufanele iphele.URamaphosa utshele izithunywa ezingu-1 700 ukuthi kufanele kusetshenzelwe ubumbano hhayi ukuklwebhana futhi kuhlukanwe nezinkantolo.URamaphosa utshele izithunywa ezingu-1 700 ukuthi kufanele kusetshenzelwe ubumbano hhayi ukuklwebhana futhi kuhlukanwe nezinkantolo.URamaphosa utshele izithunywa ezingu-1 700 ukuthi kufanele kusetshenzelwe ubumbano hhayi ukuklwebhana futhi kuhlukanwe nezinkantolo.URamaphosa utshele izithunywa ezingu-1 700 ukuthi kufanele kusetshenzelwe ubumbano hhayi ukuklwebhana futhi kuhlukanwe nezinkantolo.URamaphosa utshele izithunywa ezingu-1 700 ukuthi kufanele kusetshenzelwe ubumbano hhayi ukuklwebhana futhi kuhlukanwe nezinkantolo.URamaphosa utshele izithunywa ezingu-1 700 ukuthi kufanele kusetshenzelwe ubumbano hhayi ukuklwebhana futhi kuhlukanwe nezinkantolo.URamaphosa utshele izithunywa ezingu-1 700 ukuthi kufanele kusetshenzelwe ubumbano hhayi ukuklwebhana futhi kuhlukanwe nezinkantolo.URamaphosa utshele izithunywa ezingu-1 700 ukuthi kufanele kusetshenzelwe ubumbano hhayi ukuklwebhana futhi kuhlukanwe nezinkantolo.URamaphosa utshele izithunywa ezingu-1 700 ukuthi kufanele kusetshenzelwe ubumbano hhayi ukuklwebhana futhi kuhlukanwe nezinkantolo.URamaphosa utshele izithunywa ezingu-1 700 ukuthi kufanele kusetshenzelwe ubumbano hhayi ukuklwebhana futhi kuhlukanwe nezinkantolo.URamaphosa utshele izithunywa ezingu-1 700 ukuthi kufanele kusetshenzelwe ubumbano hhayi ukuklwebhana futhi kuhlukanwe nezinkantolo.URamaphosa utshele izithunywa ezingu-1 700 ukuthi kufanele kusetshenzelwe ubumbano hhayi ukuklwebhana futhi kuhlukanwe nezinkantolo.URamaphosa utshele izithunywa ezingu-1 700 ukuthi kufanele kusetshenzelwe ubumbano hhayi ukuklwebhana futhi kuhlukanwe nezinkantolo.URamaphosa utshele izithunywa ezingu-1 700 ukuthi kufanele kusetshenzelwe ubumbano hhayi ukuklwebhana futhi kuhlukanwe nezinkantolo.URamaphosa utshele izithunywa ezingu-1 700 ukuthi kufanele kusetshenzelwe ubumbano hhayi ukuklwebhana futhi kuhlukanwe nezinkantolo.URamaphosa utshele izithunywa ezingu-1 700 ukuthi kufanele kusetshenzelwe ubumbano hhayi ukuklwebhana futhi kuhlukanwe nezinkantolo.URamaphosa utshele izithunywa ezingu-1 700 ukuthi kufanele kusetshenzelwe ubumbano hhayi ukuklwebhana futhi kuhlukanwe nezinkantolo.URamaphosa utshele izithunywa ezingu-1 700 ukuthi kufanele kusetshenzelwe ubumbano hhayi ukuklwebhana futhi kuhlukanwe nezinkantolo.URamaphosa utshele izithunywa ezingu-1 700 ukuthi kufanele kusetshenzelwe ubumbano hhayi ukuklwebhana futhi kuhlukanwe nezinkantolo.URamaphosa utshele izithunywa ezingu-1 700 ukuthi kufanele kusetshenzelwe ubumbano hhayi ukuklwebhana futhi kuhlukanwe nezinkantolo.URamaphosa utshele izithunywa ezingu-1 700 ukuthi kufanele kusetshenzelwe ubumbano hhayi ukuklwebhana futhi kuhlukanwe nezinkantolo.URamaphosa utshele izithunywa ezingu-1 700 ukuthi kufanele kusetshenzelwe ubumbano hhayi ukuklwebhana futhi kuhlukanwe nezinkantolo.URamaphosa utshele izithunywa ezingu-1 700 ukuthi kufanele kusetshenzelwe ubumbano hhayi ukuklwebhana futhi kuhlukanwe nezinkantolo.URamaphosa utshele izithunywa ezingu-1 700 ukuthi kufanele kusetshenzelwe ubumbano hhayi ukuklwebhana futhi kuhlukanwe nezinkantolo.URamaphosa utshele izithunywa ezingu-1 700 ukuthi kufanele kusetshenzelwe ubumbano hhayi ukuklwebhana futhi kuhlukanwe nezinkantolo.URamaphosa utshele izithunywa ezingu-1 700 ukuthi kufanele kusetshenzelwe ubumbano hhayi ukuklwebhana futhi kuhlukanwe nezinkantolo.URamaphosa utshele izithunywa ezingu-1 700 ukuthi kufanele kusetshenzelwe ubumbano hhayi ukuklwebhana futhi kuhlukanwe nezinkantolo.URamaphosa utshele izithunywa ezingu-1 700 ukuthi kufanele kusetshenzelwe ubumbano hhayi ukuklwebhana futhi kuhlukanwe nezinkantolo.URamaphosa utshele izithunywa ezingu-1 700 ukuthi kufanele kusetshenzelwe ubumbano hhayi ukuklwebhana futhi kuhlukanwe nezinkantolo.URamaphosa utshele izithunywa ezingu-1 700 ukuthi kufanele kusetshenzelwe ubumbano hhayi ukuklwebhana futhi kuhlukanwe nezinkantolo.URamaphosa utshele izithunywa ezingu-1 700 ukuthi kufanele kusetshenzelwe ubumbano hhayi ukuklwebhana futhi kuhlukanwe nezinkantolo.URamaphosa utshele izithunywa ezingu-1 700 ukuthi kufanele kusetshenzelwe ubumbano hhayi ukuklwebhana futhi kuhlukanwe nezinkantolo.URamaphosa utshele izithunywa ezingu-1 700 ukuthi kufanele kusetshenzelwe ubumbano hhayi ukuklwebhana futhi kuhlukanwe nezinkantolo.URamaphosa utshele izithunywa ezingu-1 700 ukuthi kufanele kusetshenzelwe ubumbano hhayi ukuklwebhana futhi kuhlukanwe nezinkantolo.URamaphosa utshele izithunywa ezingu-1 700 ukuthi kufanele kusetshenzelwe ubumbano hhayi ukuklwebhana futhi kuhlukanwe nezinkantolo.URamaphosa utshele izithunywa ezingu-1 700 ukuthi kufanele kusetshenzelwe ubumbano hhayi ukuklwebhana futhi kuhlukanwe nezinkantolo.URamaphosa utshele izithunywa ezingu-1 700 ukuthi kufanele kusetshenzelwe ubumbano hhayi ukuklwebhana futhi kuhlukanwe nezinkantolo.URamaphosa utshele izithunywa ezingu-1 700 ukuthi kufanele kusetshenzelwe ubumbano hhayi ukuklwebhana futhi kuhlukanwe nezinkantolo.URamaphosa utshele izithunywa ezingu-1 700 ukuthi kufanele kusetshenzelwe ubumbano hhayi ukuklwebhana futhi kuhlukanwe nezinkantolo.URamaphosa utshele izithunywa ezingu-1 700 ukuthi kufanele kusetshenzelwe ubumbano hhayi ukuklwebhana futhi kuhlukanwe nezinkantolo.URamaphosa utshele izithunywa ezingu-1 700 ukuthi kufanele kusetshenzelwe ubumbano hhayi ukuklwebhana futhi kuhlukanwe nezinkantolo.URamaphosa utshele izithunywa ezingu-1 700 ukuthi kufanele kusetshenzelwe ubumbano hhayi ukuklwebhana futhi kuhlukanwe nezinkantolo.URamaphosa utshele izithunywa ezingu-1 700 ukuthi kufanele kusetshenzelwe ubumbano hhayi ukuklwebhana futhi kuhlukanwe nezinkantolo.URamaphosa utshele izithunywa ezingu-1 700 ukuthi kufanele kusetshenzelwe ubumbano hhayi ukuklwebhana futhi kuhlukanwe nezinkantolo.URamaphosa utshele izithunywa ezingu-1 700 ukuthi kufanele kusetshenzelwe ubumbano hhayi ukuklwebhana futhi kuhlukanwe nezinkantolo.URamaphosa utshele izithunywa ezingu-1 700 ukuthi kufanele kusetshenzelwe ubumbano hhayi ukuklwebhana futhi kuhlukanwe nezinkantolo.URamaphosa utshele izithunywa ezingu-1 700 ukuthi kufanele kusetshenzelwe ubumbano hhayi ukuklwebhana futhi kuhlukanwe nezinkantolo.URamaphosa utshele izithunywa ezingu-1 700 ukuthi kufanele kusetshenzelwe ubumbano hhayi ukuklwebhana futhi kuhlukanwe nezinkantolo.URamaphosa utshele izithunywa ezingu-1 700 ukuthi kufanele kusetshenzelwe ubumbano hhayi ukuklwebhana futhi kuhlukanwe nezinkantolo.URamaphosa utshele izithunywa ezingu-1 700 ukuthi kufanele kusetshenzelwe ubumbano hhayi ukuklwebhana futhi kuhlukanwe nezinkantolo.URamaphosa utshele izithunywa ezingu-1 700 ukuthi kufanele kusetshenzelwe ubumbano hhayi ukuklwebhana futhi kuhlukanwe nezinkantolo.URamaphosa utshele izithunywa ezingu-1 700 ukuthi kufanele kusetshenzelwe ubumbano hhayi ukuklwebhana futhi kuhlukanwe nezinkantolo.URamaphosa utshele izithunywa ezingu-1 700 ukuthi kufanele kusetshenzelwe ubumbano hhayi ukuklwebhana futhi kuhlukanwe nezinkantolo.URamaphosa utshele izithunywa ezingu-1 700 ukuthi kufanele kusetshenzelwe ubumbano hhayi ukuklwebhana futhi kuhlukanwe nezinkantolo.URamaphosa utshele izithunywa ezingu-1 700 ukuthi kufanele kusetshenzelwe ubumbano hhayi ukuklwebhana futhi kuhlukanwe nezinkantolo.URamaphosa utshele izithunywa ezingu-1 700 ukuthi kufanele kusetshenzelwe ubumbano hhayi ukuklwebhana futhi kuhlukanwe nezinkantolo.URamaphosa utshele izithunywa ezingu-1 700 ukuthi kufanele kusetshenzelwe ubumbano hhayi ukuklwebhana futhi kuhlukanwe nezinkantolo.URamaphosa utshele izithunywa ezingu-1 700 ukuthi kufanele kusetshenzelwe ubumbano hhayi ukuklwebhana futhi kuhlukanwe nezinkantolo.URamaphosa utshele izithunywa ezingu-1 700 ukuthi kufanele kusetshenzelwe ubumbano hhayi ukuklwebhana futhi kuhlukanwe nezinkantolo.URamaphosa utshele izithunywa ezingu-1 700 ukuthi kufanele kusetshenzelwe ubumbano hhayi ukuklwebhana futhi kuhlukanwe nezinkantolo.URamaphosa utshele izithunywa ezingu-1 700 ukuthi kufanele kusetshenzelwe ubumbano hhayi ukuklwebhana futhi kuhlukanwe nezinkantolo.URamaphosa utshele izithunywa ezingu-1 700 ukuthi kufanele kusetshenzelwe ubumbano hhayi ukuklwebhana futhi kuhlukanwe nezinkantolo.URamaphosa utshele izithunywa ezingu-1 700 ukuthi kufanele kusetshenzelwe ubumbano hhayi ukuklwebhana futhi kuhlukanwe nezinkantolo.URamaphosa utshele izithunywa ezingu-1 700 ukuthi kufanele kusetshenzelwe ubumbano hhayi ukuklwebhana futhi kuhlukanwe nezinkantolo.URamaphosa utshele izithunywa ezingu-1 700 ukuthi kufanele kusetshenzelwe ubumbano hhayi ukuklwebhana futhi kuhlukanwe nezinkantolo.URamaphosa utshele izithunywa ezingu-1 700 ukuthi kufanele kusetshenzelwe ubumbano hhayi ukuklwebhana futhi kuhlukanwe nezinkantolo.URamaphosa utshele izithunywa ezingu-1 700 ukuthi kufanele kusetshenzelwe ubumbano hhayi ukuklwebhana futhi kuhlukanwe nezinkantolo.URamaphosa utshele izithunywa ezingu-1 700 ukuthi kufanele kusetshenzelwe ubumbano hhayi ukuklwebhana futhi kuhlukanwe nezinkantolo.URamaphosa utshele izithunywa ezingu-1 700 ukuthi kufanele kusetshenzelwe ubumbano hhayi ukuklwebhana futhi kuhlukanwe nezinkantolo.URamaphosa utshele izithunywa ezingu-1 700 ukuthi kufanele kusetshenzelwe ubumbano hhayi ukuklwebhana futhi kuhlukanwe nezinkantolo.URamaphosa utshele izithunywa ezingu-1 700 ukuthi kufanele kusetshenzelwe ubumbano hhayi ukuklwebhana futhi kuhlukanwe nezinkantolo.URamaphosa utshele izithunywa ezingu-1 700 ukuthi kufanele kusetshenzelwe ubumbano hhayi ukuklwebhana futhi kuhlukanwe nezinkantolo.URamaphosa utshele izithunywa ezingu-1 700 ukuthi kufanele kusetshenzelwe ubumbano hhayi ukuklwebhana futhi kuhlukanwe nezinkantolo.URamaphosa utshele izithunywa ezingu-1 700 ukuthi kufanele kusetshenzelwe ubumbano hhayi ukuklwebhana futhi kuhlukanwe nezinkantolo.URamaphosa utshele izithunywa ezingu-1 700 ukuthi kufanele kusetshenzelwe ubumbano hhayi ukuklwebhana futhi kuhlukanwe nezinkantolo.URamaphosa utshele izithunywa ezingu-1 700 ukuthi kufanele kusetshenzelwe ubumbano hhayi ukuklwebhana futhi kuhlukanwe nezinkantolo.URamaphosa utshele izithunywa ezingu-1 700 ukuthi kufanele kusetshenzelwe ubumbano hhayi ukuklwebhana futhi kuhlukanwe nezinkantolo.URamaphosa utshele izithunywa ezingu-1 700 ukuthi kufanele kusetshenzelwe ubumbano hhayi ukuklwebhana futhi kuhlukanwe nezinkantolo.URamaphosa utshele izithunywa ezingu-1 700 ukuthi kufanele kusetshenzelwe ubumbano hhayi ukuklwebhana futhi kuhlukanwe nezinkantolo.URamaphosa utshele izithunywa ezingu-1 700 ukuthi kufanele kusetshenzelwe ubumbano hhayi ukuklwebhana futhi kuhlukanwe nezinkantolo.URamaphosa utshele izithunywa ezingu-1 700 ukuthi kufanele kusetshenzelwe ubumbano hhayi ukuklwebhana futhi kuhlukanwe nezinkantolo.URamaphosa utshele izithunywa ezingu-1 700 ukuthi kufanele kusetshenzelwe ubumbano hhayi ukuklwebhana futhi kuhlukanwe nezinkantolo.URamaphosa utshele izithunywa ezingu-1 700 ukuthi kufanele kusetshenzelwe ubumbano hhayi ukuklwebhana futhi kuhlukanwe nezinkantolo.URamaphosa utshele izithunywa ezingu-1 700 ukuthi kufanele kusetshenzelwe ubumbano hhayi ukuklwebhana futhi kuhlukanwe nezinkantolo.URamaphosa utshele izithunywa ezingu-1 700 ukuthi kufanele kusetshenzelwe ubumbano hhayi ukuklwebhana futhi kuhlukanwe nezinkantolo.URamaphosa utshele izithunywa ezingu-1 700 ukuthi kufanele kusetshenzelwe ubumbano hhayi ukuklwebhana futhi kuhlukanwe nezinkantolo.URamaphosa utshele izithunywa ezingu-1 700 ukuthi kufanele kusetshenzelwe ubumbano hhayi ukuklwebhana futhi kuhlukanwe nezinkantolo.URamaphosa utshele izithunywa ezingu-1 700 ukuthi kufanele kusetshenzelwe ubumbano hhayi ukuklwebhana futhi kuhlukanwe nezinkantolo.URamaphosa utshele izithunywa ezingu-1 700 ukuthi kufanele kusetshenzelwe ubumbano hhayi ukuklwebhana futhi kuhlukanwe nezinkantolo.URamaphosa utshele izithunywa ezingu-1 700 ukuthi kufanele kusetshenzelwe ubumbano hhayi ukuklwebhana futhi kuhlukanwe nezinkantolo.URamaphosa utshele izithunywa ezingu-1 700 ukuthi kufanele kusetshenzelwe ubumbano hhayi ukuklwebhana futhi kuhlukanwe nezinkantolo.URamaphosa utshele izithunywa ezingu-1 700 ukuthi kufanele kusetshenzelwe ubumbano hhayi ukuklwebhana futhi kuhlukanwe nezinkantolo.URamaphosa utshele izithunywa ezingu-1 700 ukuthi kufanele kusetshenzelwe ubumbano hhayi ukuklwebhana futhi kuhlukanwe nezinkantolo.URamaphosa utshele izithunywa ezingu-1 700 ukuthi kufanele kusetshenzelwe ubumbano hhayi ukuklwebhana futhi kuhlukanwe nezinkantolo.URamaphosa utshele izithunywa ezingu-1 700 ukuthi kufanele kusetshenzelwe ubumbano hhayi ukuklwebhana futhi kuhlukanwe nezinkantolo.URamaphosa utshele izithunywa ezingu-1 700 ukuthi kufanele kusetshenzelwe ubumbano hhayi ukuklwebhana futhi kuhlukanwe nezinkantolo.URamaphosa utshele izithunywa ezingu-1 700 ukuthi kufanele kusetshenzelwe ubumbano hhayi ukuklwebhana futhi kuhlukanwe nezinkantolo.URamaphosa utshele izithunywa ezingu-1 700 ukuthi kufanele kusetshenzelwe ubumbano hhayi ukuklwebhana futhi kuhlukanwe nezinkantolo.URamaphosa utshele izithunywa ezingu-1 700 ukuthi kufanele kusetshenzelwe ubumbano hhayi ukuklwebhana futhi kuhlukanwe nezinkantolo.URamaphosa utshele izithunywa ezingu-1 700 ukuthi kufanele kusetshenzelwe ubumbano hhayi ukuklwebhana futhi kuhlukanwe nezinkantolo.URamaphosa utshele izithunywa ezingu-1 700 ukuthi kufanele kusetshenzelwe ubumbano hhayi ukuklwebhana futhi kuhlukanwe nezinkantolo.URamaphosa utshele izithunywa ezingu-1 700 ukuthi kufanele kusetshenzelwe ubumbano hhayi ukuklwebhana futhi kuhlukanwe nezinkantolo.URamaphosa utshele izithunywa ezingu-1 700 ukuthi kufanele kusetshenzelwe ubumbano hhayi ukuklwebhana futhi kuhlukanwe nezinkantolo.URamaphosa utshele izithunywa ezingu-1 700 ukuthi kufanele kusetshenzelwe ubumbano hhayi ukuklwebhana futhi kuhlukanwe nezinkantolo.URamaphosa utshele izithunywa ezingu-1 700 ukuthi kufanele kusetshenzelwe ubumbano hhayi ukuklwebhana futhi kuhlukanwe nezinkantolo.URamaphosa utshele izithunywa ezingu-1 700 ukuthi kufanele kusetshenzelwe ubumbano hhayi ukuklwebhana futhi kuhlukanwe nezinkantolo.URamaphosa utshele izithunywa ezingu-1 700 ukuthi kufanele kusetshenzelwe ubumbano hhayi ukuklwebhana futhi kuhlukanwe nezinkantolo.URamaphosa utshele izithunywa ezingu-1 700 ukuthi kufanele kusetshenzelwe ubumbano hhayi ukuklwebhana futhi kuhlukanwe nezinkantolo.URamaphosa utshele izithunywa ezingu-1 700 ukuthi kufanele kusetshenzelwe ubumbano hhayi ukuklwebhana futhi kuhlukanwe nezinkantolo.URamaphosa utshele izithunywa ezingu-1 700 ukuthi kufanele kusetshenzelwe ubumbano hhayi ukuklwebhana futhi kuhlukanwe nezinkantolo.URamaphosa utshele izithunywa ezingu-1 700 ukuthi kufanele kusetshenzelwe ubumbano hhayi ukuklwebhana futhi kuhlukanwe nezinkantolo.URamaphosa utshele izithunywa ezingu-1 700 ukuthi kufanele kusetshenzelwe ubumbano hhayi ukuklwebhana futhi kuhlukanwe nezinkantolo.URamaphosa utshele izithunywa ezingu-1 700 ukuthi kufanele kusetshenzelwe ubumbano hhayi ukuklwebhana futhi kuhlukanwe nezinkantolo.URamaphosa utshele izithunywa ezingu-1 700 ukuthi kufanele kusetshenzelwe ubumbano hhayi ukuklwebhana futhi kuhlukanwe nezinkantolo.URamaphosa utshele izithunywa ezingu-1 700 ukuthi kufanele kusetshenzelwe ubumbano hhayi ukuklwebhana futhi kuhlukanwe nezinkantolo.URamaphosa utshele izithunywa ezingu-1 700 ukuthi kufanele kusetshenzelwe ubumbano hhayi ukuklwebhana futhi kuhlukanwe nezinkantolo.URamaphosa utshele izithunywa ezingu-1 700 ukuthi kufanele kusetshenzelwe ubumbano hhayi ukuklwebhana futhi kuhlukanwe nezinkantolo.URamaphosa utshele izithunywa ezingu-1 700 ukuthi kufanele kusetshenzelwe ubumbano hhayi ukuklwebhana futhi kuhlukanwe nezinkantolo.URamaphosa utshele izithunywa ezingu-1 700 ukuthi kufanele kusetshenzelwe ubumbano hhayi ukuklwebhana futhi kuhlukanwe nezinkantolo.URamaphosa utshele izithunywa ezingu-1 700 ukuthi kufanele kusetshenzelwe ubumbano hhayi ukuklwebhana futhi kuhlukanwe nezinkantolo.URamaphosa utshele izithunywa ezingu-1 700 ukuthi kufanele kusetshenzelwe ubumbano hhayi ukuklwebhana futhi kuhlukanwe nezinkantolo.URamaphosa utshele izithunywa ezingu-1 700 ukuthi kufanele kusetshenzelwe ubumbano hhayi ukuklwebhana futhi kuhlukanwe nezinkantolo.URamaphosa utshele izithunywa ezingu-1 700 ukuthi kufanele kusetshenzelwe ubumbano hhayi ukuklwebhana futhi kuhlukanwe nezinkantolo.URamaphosa utshele izithunywa ezingu-1 700 ukuthi kufanele kusetshenzelwe ubumbano hhayi ukuklwebhana futhi kuhlukanwe nezinkantolo.URamaphosa utshele izithunywa ezingu-1 700 ukuthi kufanele kusetshenzelwe ubumbano hhayi ukuklwebhana futhi kuhlukanwe nezinkantolo.URamaphosa utshele izithunywa ezingu-1 700 ukuthi kufanele kusetshenzelwe ubumbano hhayi ukuklwebhana futhi kuhlukanwe nezinkantolo.URamaphosa utshele izithunywa ezingu-1 700 ukuthi kufanele kusetshenzelwe ubumbano hhayi ukuklwebhana futhi kuhlukanwe nezinkantolo.URamaphosa utshele izithunywa ezingu-1 700 ukuthi kufanele kusetshenzelwe ubumbano hhayi ukuklwebhana futhi kuhlukanwe nezinkantolo.URamaphosa utshele izithunywa ezingu-1 700 ukuthi kufanele kusetshenzelwe ubumbano hhayi ukuklwebhana futhi kuhlukanwe nezinkantolo.URamaphosa utshele izithunywa ezingu-1 700 ukuthi kufanele kusetshenzelwe ubumbano hhayi ukuklwebhana futhi kuhlukanwe nezinkantolo.URamaphosa utshele izithunywa ezingu-1 700 ukuthi kufanele kusetshenzelwe ubumbano hhayi ukuklwebhana futhi kuhlukanwe nezinkantolo.URamaphosa utshele izithunywa ezingu-1 700 ukuthi kufanele kusetshenzelwe ubumbano hhayi ukuklwebhana futhi kuhlukanwe nezinkantolo.URamaphosa utshele izithunywa ezingu-1 700 ukuthi kufanele kusetshenzelwe ubumbano hhayi ukuklwebhana futhi kuhlukanwe nezinkantolo.URamaphosa utshele izithunywa ezingu-1 700 ukuthi kufanele kusetshenzelwe ubumbano hhayi ukuklwebhana futhi kuhlukanwe nezinkantolo.URamaphosa utshele izithunywa ezingu-1 700 ukuthi kufanele kusetshenzelwe ubumbano hhayi ukuklwebhana futhi kuhlukanwe nezinkantolo.URamaphosa utshele izithunywa ezingu-1 700 ukuthi kufanele kusetshenzelwe ubumbano hhayi ukuklwebhana futhi kuhlukanwe nezinkantolo.URamaphosa utshele izithunywa ezingu-1 700 ukuthi kufanele kusetshenzelwe ubumbano hhayi ukuklwebhana futhi kuhlukanwe nezinkantolo.URamaphosa utshele izithunywa ezingu-1 700 ukuthi kufanele kusetshenzelwe ubumbano hhayi ukuklwebhana futhi kuhlukanwe nezinkantolo.URamaphosa utshele izithunywa ezingu-1 700 ukuthi kufanele kusetshenzelwe ubumbano hhayi ukuklwebhana futhi kuhlukanwe nezinkantolo.URamaphosa utshele izithunywa ezingu-1 700 ukuthi kufanele kusetshenzelwe ubumbano hhayi ukuklwebhana futhi kuhlukanwe nezinkantolo.URamaphosa utshele izithunywa ezingu-1 700 ukuthi kufanele kusetshenzelwe ubumbano hhayi ukuklwebhana futhi kuhlukanwe nezinkantolo.URamaphosa utshele izithunywa ezingu-1 700 ukuthi kufanele kusetshenzelwe ubumbano hhayi ukuklwebhana futhi kuhlukanwe nezinkantolo.URamaphosa utshele izithunywa ezingu-1 700 ukuthi kufanele kusetshenzelwe ubumbano hhayi ukuklwebhana futhi kuhlukanwe nezinkantolo.URamaphosa utshele izithunywa ezingu-1 700 ukuthi kufanele kusetshenzelwe ubumbano hhayi ukuklwebhana futhi kuhlukanwe nezinkantolo.URamaphosa utshele izithunywa ezingu-1 700 ukuthi kufanele kusetshenzelwe ubumbano hhayi ukuklwebhana futhi kuhlukanwe nezinkantolo.URamaphosa utshele izithunywa ezingu-1 700 ukuthi kufanele kusetshenzelwe ubumbano hhayi ukuklwebhana futhi kuhlukanwe nezinkantolo.URamaphosa utshele izithunywa ezingu-1 700 ukuthi kufanele kusetshenzelwe ubumbano hhayi ukuklwebhana futhi kuhlukanwe nezinkantolo.URamaphosa utshele izithunywa ezingu-1 700 ukuthi kufanele kusetshenzelwe ubumbano hhayi ukuklwebhana futhi kuhlukanwe nezinkantolo.URamaphosa utshele izithunywa ezingu-1 700 ukuthi kufanele kusetshenzelwe ubumbano hhayi ukuklwebhana futhi kuhlukanwe nezinkantolo.URamaphosa utshele izithunywa ezingu-1 700 ukuthi kufanele kusetshenzelwe ubumbano hhayi ukuklwebhana futhi kuhlukanwe nezinkantolo.URamaphosa utshele izithunywa ezingu-1 700 ukuthi kufanele kusetshenzelwe ubumbano hhayi ukuklwebhana futhi kuhlukanwe nezinkantolo.URamaphosa utshele izithunywa ezingu-1 700 ukuthi kufanele kusetshenzelwe ubumbano hhayi ukuklwebhana futhi kuhlukanwe nezinkantolo.URamaphosa utshele izithunywa ezingu-1 700 ukuthi kufanele kusetshenzelwe ubumbano hhayi ukuklwebhana futhi kuhlukanwe nezinkantolo.URamaphosa utshele izithunywa ezingu-1 700 ukuthi kufanele kusetshenzelwe ubumbano hhayi ukuklwebhana futhi kuhlukanwe nezinkantolo.URamaphosa utshele izithunywa ezingu-1 700 ukuthi kufanele kusetshenzelwe ubumbano hhayi ukuklwebhana futhi kuhlukanwe nezinkantolo.URamaphosa utshele izithunywa ezingu-1 700 ukuthi kufanele kusetshenzelwe ubumbano hhayi ukuklwebhana futhi kuhlukanwe nezinkantolo.URamaphosa utshele izithunywa ezingu-1 700 ukuthi kufanele kusetshenzelwe ubumbano hhayi ukuklwebhana futhi kuhlukanwe nezinkantolo.URamaphosa utshele izithunywa ezingu-1 700 ukuthi kufanele kusetshenzelwe ubumbano hhayi ukuklwebhana futhi kuhlukanwe nezinkantolo.URamaphosa utshele izithunywa ezingu-1 700 ukuthi kufanele kusetshenzelwe ubumbano hhayi ukuklwebhana futhi kuhlukanwe nezinkantolo.URamaphosa utshele izithunywa ezingu-1 700 ukuthi kufanele kusetshenzelwe ubumbano hhayi ukuklwebhana futhi kuhlukanwe nezinkantolo.URamaphosa utshele izithunywa ezingu-1 700 ukuthi kufanele kusetshenzelwe ubumbano hhayi ukuklwebhana futhi kuhlukanwe nezinkantolo.URamaphosa utshele izithunywa ezingu-1 700 ukuthi kufanele kusetshenzelwe ubumbano hhayi ukuklwebhana futhi kuhlukanwe nezinkantolo.URamaphosa utshele izithunywa ezingu-1 700 ukuthi kufanele kusetshenzelwe ubumbano hhayi ukuklwebhana futhi kuhlukanwe nezinkantolo.URamaphosa utshele izithunywa ezingu-1 700 ukuthi kufanele kusetshenzelwe ubumbano hhayi ukuklwebhana futhi kuhlukanwe nezinkantolo.URamaphosa utshele izithunywa ezingu-1 700 ukuthi kufanele kusetshenzelwe ubumbano hhayi ukuklwebhana futhi kuhlukanwe nezinkantolo.URamaphosa utshele izithunywa ezingu-1 700 ukuthi kufanele kusetshenzelwe ubumbano hhayi ukuklwebhana futhi kuhlukanwe nezinkantolo.URamaphosa utshele izithunywa ezingu-1 700 ukuthi kufanele kusetshenzelwe ubumbano hhayi ukuklwebhana futhi kuhlukanwe nezinkantolo.URamaphosa utshele izithunywa ezingu-1 700 ukuthi kufanele kusetshenzelwe ubumbano hhayi ukuklwebhana futhi kuhlukanwe nezinkantolo.URamaphosa utshele izithunywa ezingu-1 700 ukuthi kufanele kusetshenzelwe ubumbano hhayi ukuklwebhana futhi kuhlukanwe nezinkantolo.URamaphosa utshele izithunywa ezingu-1 700 ukuthi kufanele kusetshenzelwe ubumbano hhayi ukuklwebhana futhi kuhlukanwe nezinkantolo.URamaphosa utshele izithunywa ezingu-1 700 ukuthi kufanele kusetshenzelwe ubumbano hhayi ukuklwebhana futhi kuhlukanwe nezinkantolo.URamaphosa utshele izithunywa ezingu-1 700 ukuthi kufanele kusetshenzelwe ubumbano hhayi ukuklwebhana futhi kuhlukanwe nezinkantolo.URamaphosa utshele izithunywa ezingu-1 700 ukuthi kufanele kusetshenzelwe ubumbano hhayi ukuklwebhana futhi kuhlukanwe nezinkantolo.URamaphosa utshele izithunywa ezingu-1 700 ukuthi kufanele kusetshenzelwe ubumbano hhayi ukuklwebhana futhi kuhlukanwe nezinkantolo.URamaphosa utshele izithunywa ezingu-1 700 ukuthi kufanele kusetshenzelwe ubumbano hhayi ukuklwebhana futhi kuhlukanwe nezinkantolo.URamaphosa utshele izithunywa ezingu-1 700 ukuthi kufanele kusetshenzelwe ubumbano hhayi ukuklwebhana futhi kuhlukanwe nezinkantolo.URamaphosa utshele izithunywa ezingu-1 700 ukuthi kufanele kusetshenzelwe ubumbano hhayi ukuklwebhana futhi kuhlukanwe nezinkantolo.URamaphosa utshele izithunywa ezingu-1 700 ukuthi kufanele kusetshenzelwe ubumbano hhayi ukuklwebhana futhi kuhlukanwe nezinkantolo.URamaphosa utshele izithunywa ezingu-1 700 ukuthi kufanele kusetshenzelwe ubumbano hhayi ukuklwebhana futhi kuhlukanwe nezinkantolo.URamaphosa utshele izithunywa ezingu-1 700 ukuthi kufanele kusetshenzelwe ubumbano hhayi ukuklwebhana futhi kuhlukanwe nezinkantolo.URamaphosa utshele izithunywa ezingu-1 700 ukuthi kufanele kusetshenzelwe ubumbano hhayi ukuklwebhana futhi kuhlukanwe nezinkantolo.URamaphosa utshele izithunywa ezingu-1 700 ukuthi kufanele kusetshenzelwe ubumbano hhayi ukuklwebhana futhi kuhlukanwe nezinkantolo.URamaphosa utshele izithunywa ezingu-1 700 ukuthi kufanele kusetshenzelwe ubumbano hhayi ukuklwebhana futhi kuhlukanwe nezinkantolo.URamaphosa utshele izithunywa ezingu-1 700 ukuthi kufanele kusetshenzelwe ubumbano hhayi ukuklwebhana futhi kuhlukanwe nezinkantolo.URamaphosa utshele izithunywa ezingu-1 700 ukuthi kufanele kusetshenzelwe ubumbano hhayi ukuklwebhana futhi kuhlukanwe nezinkantolo.URamaphosa utshele izithunywa ezingu-1 700 ukuthi kufanele kusetshenzelwe ubumbano hhayi ukuklwebhana futhi kuhlukanwe nezinkantolo.URamaphosa utshele izithunywa ezingu-1 700 ukuthi kufanele kusetshenzelwe ubumbano hhayi ukuklwebhana futhi kuhlukanwe nezinkantolo.URamaphosa utshele izithunywa ezingu-1 700 ukuthi kufanele kusetshenzelwe ubumbano hhayi ukuklwebhana futhi kuhlukanwe nezinkantolo.URamaphosa utshele izithunywa ezingu-1 700 ukuthi kufanele kusetshenzelwe ubumbano hhayi ukuklwebhana futhi kuhlukanwe nezinkantolo.URamaphosa utshele izithunywa ezingu-1 700 ukuthi kufanele kusetshenzelwe ubumbano hhayi ukuklwebhana futhi kuhlukanwe nezinkantolo.URamaphosa utshele izithunywa ezingu-1 700 ukuthi kufanele kusetshenzelwe ubumbano hhayi ukuklwebhana futhi kuhlukanwe nezinkantolo.URamaphosa utshele izithunywa ezingu-1 700 ukuthi kufanele kusetshenzelwe ubumbano hhayi ukuklwebhana futhi kuhlukanwe nezinkantolo.URamaphosa utshele izithunywa ezingu-1 700 ukuthi kufanele kusetshenzelwe ubumbano hhayi ukuklwebhana futhi kuhlukanwe nezinkantolo.URamaphosa utshele izithunywa ezingu-1 700 ukuthi kufanele kusetshenzelwe ubumbano hhayi ukuklwebhana futhi kuhlukanwe nezinkantolo.URamaphosa utshele izithunywa ezingu-1 700 ukuthi kufanele kusetshenzelwe ubumbano hhayi ukuklwebhana futhi kuhlukanwe nezinkantolo.URamaphosa utshele izithunywa ezingu-1 700 ukuthi kufanele kusetshenzelwe ubumbano hhayi ukuklwebhana futhi kuhlukanwe nezinkantolo.URamaphosa utshele izithunywa ezingu-1 700 ukuthi kufanele kusetshenzelwe ubumbano hhayi ukuklwebhana futhi kuhlukanwe nezinkantolo.URamaphosa utshele izithunywa ezingu-1 700 ukuthi kufanele kusetshenzelwe ubumbano hhayi ukuklwebhana futhi kuhlukanwe nezinkantolo.URamaphosa utshele izithunywa ezingu-1 700 ukuthi kufanele kusetshenzelwe ubumbano hhayi ukuklwebhana futhi kuhlukanwe nezinkantolo.URamaphosa utshele izithunywa ezingu-1 700 ukuthi kufanele kusetshenzelwe ubumbano hhayi ukuklwebhana futhi kuhlukanwe nezinkantolo.URamaphosa utshele izithunywa ezingu-1 700 ukuthi kufanele kusetshenzelwe ubumbano hhayi ukuklwebhana futhi kuhlukanwe nezinkantolo.URamaphosa utshele izithunywa ezingu-1 700 ukuthi kufanele kusetshenzelwe ubumbano hhayi ukuklwebhana futhi kuhlukanwe nezinkantolo.URamaphosa utshele izithunywa ezingu-1 700 ukuthi kufanele kusetshenzelwe ubumbano hhayi ukuklwebhana futhi kuhlukanwe nezinkantolo.URamaphosa utshele izithunywa ezingu-1 700 ukuthi kufanele kusetshenzelwe ubumbano hhayi ukuklwebhana futhi kuhlukanwe nezinkantolo.URamaphosa utshele izithunywa ezingu-1 700 ukuthi kufanele kusetshenzelwe ubumbano hhayi ukuklwebhana futhi kuhlukanwe nezinkantolo.URamaphosa utshele izithunywa ezingu-1 700 ukuthi kufanele kusetshenzelwe ubumbano hhayi ukuklwebhana futhi kuhlukanwe nezinkantolo.URamaphosa utshele izithunywa ezingu-1 700 ukuthi kufanele kusetshenzelwe ubumbano hhayi ukuklwebhana futhi kuhlukanwe nezinkantolo.URamaphosa utshele izithunywa ezingu-1 700 ukuthi kufanele kusetshenzelwe ubumbano hhayi ukuklwebhana futhi kuhlukanwe nezinkantolo.URamaphosa utshele izithunywa ezingu-1 700 ukuthi kufanele kusetshenzelwe ubumbano hhayi ukuklwebhana futhi kuhlukanwe nezinkantolo.URamaphosa utshele izithunywa ezingu-1 700 ukuthi kufanele kusetshenzelwe ubumbano hhayi ukuklwebhana futhi kuhlukanwe nezinkantolo.URamaphosa utshele izithunywa ezingu-1 700 ukuthi kufanele kusetshenzelwe ubumbano hhayi ukuklwebhana futhi kuhlukanwe nezinkantolo.URamaphosa utshele izithunywa ezingu-1 700 ukuthi kufanele kusetshenzelwe ubumbano hhayi ukuklwebhana futhi kuhlukanwe nezinkantolo.URamaphosa utshele izithunywa ezingu-1 700 ukuthi kufanele kusetshenzelwe ubumbano hhayi ukuklwebhana futhi kuhlukanwe nezinkantolo.URamaphosa utshele izithunywa ezingu-1 700 ukuthi kufanele kusetshenzelwe ubumbano hhayi ukuklwebhana futhi kuhlukanwe nezinkantolo.URamaphosa utshele izithunywa ezingu-1 700 ukuthi kufanele kusetshenzelwe ubumbano hhayi ukuklwebhana futhi kuhlukanwe nezinkantolo.URamaphosa utshele izithunywa ezingu-1 700 ukuthi kufanele kusetshenzelwe ubumbano hhayi ukuklwebhana futhi kuhlukanwe nezinkantolo.URamaphosa utshele izithunywa ezingu-1 700 ukuthi kufanele kusetshenzelwe ubumbano hhayi ukuklwebhana futhi kuhlukanwe nezinkantolo.URamaphosa utshele izithunywa ezingu-1 700 ukuthi kufanele kusetshenzelwe ubumbano hhayi ukuklwebhana futhi kuhlukanwe nezinkantolo.URamaphosa utshele izithunywa ezingu-1 700 ukuthi kufanele kusetshenzelwe ubumbano hhayi ukuklwebhana futhi kuhlukanwe nezinkantolo.URamaphosa utshele izithunywa ezingu-1 700 ukuthi kufanele kusetshenzelwe ubumbano hhayi ukuklwebhana futhi kuhlukanwe nezinkantolo.URamaphosa utshele izithunywa ezingu-1 700 ukuthi kufanele kusetshenzelwe ubumbano hhayi ukuklwebhana futhi kuhlukanwe nezinkantolo.URamaphosa utshele izithunywa ezingu-1 700 ukuthi kufanele kusetshenzelwe ubumbano hhayi ukuklwebhana futhi kuhlukanwe nezinkantolo.URamaphosa utshele izithunywa ezingu-1 700 ukuthi kufanele kusetshenzelwe ubumbano hhayi ukuklwebhana futhi kuhlukanwe nezinkantolo.URamaphosa utshele izithunywa ezingu-1 700 ukuthi kufanele kusetshenzelwe ubumbano hhayi ukuklwebhana futhi kuhlukanwe nezinkantolo.URamaphosa utshele izithunywa ezingu-1 700 ukuthi kufanele kusetshenzelwe ubumbano hhayi ukuklwebhana futhi kuhlukanwe nezinkantolo.URamaphosa utshele izithunywa ezingu-1 700 ukuthi kufanele kusetshenzelwe ubumbano hhayi ukuklwebhana futhi kuhlukanwe nezinkantolo.URamaphosa utshele izithunywa ezingu-1 700 ukuthi kufanele kusetshenzelwe ubumbano hhayi ukuklwebhana futhi kuhlukanwe nezinkantolo.URamaphosa utshele izithunywa ezingu-1 700 ukuthi kufanele kusetshenzelwe ubumbano hhayi ukuklwebhana futhi kuhlukanwe nezinkantolo.URamaphosa utshele izithunywa ezingu-1 700 ukuthi kufanele kusetshenzelwe ubumbano hhayi ukuklwebhana futhi kuhlukanwe nezinkantolo.URamaphosa utshele izithunywa ezingu-1 700 ukuthi kufanele kusetshenzelwe ubumbano hhayi ukuklwebhana futhi kuhlukanwe nezinkantolo.URamaphosa utshele izithunywa ezingu-1 700 ukuthi kufanele kusetshenzelwe ubumbano hhayi ukuklwebhana futhi kuhlukanwe nezinkantolo.URamaphosa utshele izithunywa ezingu-1 700 ukuthi kufanele kusetshenzelwe ubumbano hhayi ukuklwebhana futhi kuhlukanwe nezinkantolo.URamaphosa utshele izithunywa ezingu-1 700 ukuthi kufanele kusetshenzelwe ubumbano hhayi ukuklwebhana futhi kuhlukanwe nezinkantolo.URamaphosa utshele izithunywa ezingu-1 700 ukuthi kufanele kusetshenzelwe ubumbano hhayi ukuklwebhana futhi kuhlukanwe nezinkantolo.URamaphosa utshele izithunywa ezingu-1 700 ukuthi kufanele kusetshenzelwe ubumbano hhayi ukuklwebhana futhi kuhlukanwe nezinkantolo.URamaphosa utshele izithunywa ezingu-1 700 ukuthi kufanele kusetshenzelwe ubumbano hhayi ukuklwebhana futhi kuhlukanwe nezinkantolo.URamaphosa utshele izithunywa ezingu-1 700 ukuthi kufanele kusetshenzelwe ubumbano hhayi ukuklwebhana futhi kuhlukanwe nezinkantolo.URamaphosa utshele izithunywa ezingu-1 700 ukuthi kufanele kusetshenzelwe ubumbano hhayi ukuklwebhana futhi kuhlukanwe nezinkantolo.URamaphosa utshele izithunywa ezingu-1 700 ukuthi kufanele kusetshenzelwe ubumbano hhayi ukuklwebhana futhi kuhlukanwe nezinkantolo.URamaphosa utshele izithunywa ezingu-1 700 ukuthi kufanele kusetshenzelwe ubumbano hhayi ukuklwebhana futhi kuhlukanwe nezinkantolo.URamaphosa utshele izithunywa ezingu-1 700 ukuthi kufanele kusetshenzelwe ubumbano hhayi ukuklwebhana futhi kuhlukanwe nezinkantolo.URamaphosa utshele izithunywa ezingu-1 700 ukuthi kufanele kusetshenzelwe ubumbano hhayi ukuklwebhana futhi kuhlukanwe nezinkantolo.URamaphosa utshele izithunywa ezingu-1 700 ukuthi kufanele kusetshenzelwe ubumbano hhayi ukuklwebhana futhi kuhlukanwe nezinkantolo.URamaphosa utshele izithunywa ezingu-1 700 ukuthi kufanele kusetshenzelwe ubumbano hhayi ukuklwebhana futhi kuhlukanwe nezinkantolo.URamaphosa utshele izithunywa ezingu-1 700 ukuthi kufanele kusetshenzelwe ubumbano hhayi ukuklwebhana futhi kuhlukanwe nezinkantolo.URamaphosa utshele izithunywa ezingu-1 700 ukuthi kufanele kusetshenzelwe ubumbano hhayi ukuklwebhana futhi kuhlukanwe nezinkantolo.URamaphosa utshele izithunywa ezingu-1 700 ukuthi kufanele kusetshenzelwe ubumbano hhayi ukuklwebhana futhi kuhlukanwe nezinkantolo.URamaphosa utshele izithunywa ezingu-1 700 ukuthi kufanele kusetshenzelwe ubumbano hhayi ukuklwebhana futhi kuhlukanwe nezinkantolo.URamaphosa utshele izithunywa ezingu-1 700 ukuthi kufanele kusetshenzelwe ubumbano hhayi ukuklwebhana futhi kuhlukanwe nezinkantolo.URamaphosa utshele izithunywa ezingu-1 700 ukuthi kufanele kusetshenzelwe ubumbano hhayi ukuklwebhana futhi kuhlukanwe nezinkantolo.URamaphosa utshele izithunywa ezingu-1 700 ukuthi kufanele kusetshenzelwe ubumbano hhayi ukuklwebhana futhi kuhlukanwe nezinkantolo.URamaphosa utshele izithunywa ezingu-1 700 ukuthi kufanele kusetshenzelwe ubumbano hhayi ukuklwebhana futhi kuhlukanwe nezinkantolo.URamaphosa utshele izithunywa ezingu-1 700 ukuthi kufanele kusetshenzelwe ubumbano hhayi ukuklwebhana futhi kuhlukanwe nezinkantolo.URamaphosa utshele izithunywa ezingu-1 700 ukuthi kufanele kusetshenzelwe ubumbano hhayi ukuklwebhana futhi kuhlukanwe nezinkantolo.URamaphosa utshele izithunywa ezingu-1 700 ukuthi kufanele kusetshenzelwe ubumbano hhayi ukuklwebhana futhi kuhlukanwe nezinkantolo.URamaphosa utshele izithunywa ezingu-1 700 ukuthi kufanele kusetshenzelwe ubumbano hhayi ukuklwebhana futhi kuhlukanwe nezinkantolo.URamaphosa utshele izithunywa ezingu-1 700 ukuthi kufanele kusetshenzelwe ubumbano hhayi ukuklwebhana futhi kuhlukanwe nezinkantolo.URamaphosa utshele izithunywa ezingu-1 700 ukuthi kufanele kusetshenzelwe ubumbano hhayi ukuklwebhana futhi kuhlukanwe nezinkantolo.URamaphosa utshele izithunywa ezingu-1 700 ukuthi kufanele kusetshenzelwe ubumbano hhayi ukuklwebhana futhi kuhlukanwe nezinkantolo.URamaphosa utshele izithunywa ezingu-1 700 ukuthi kufanele kusetshenzelwe ubumbano hhayi ukuklwebhana futhi kuhlukanwe nezinkantolo.URamaphosa utshele izithunywa ezingu-1 700 ukuthi kufanele kusetshenzelwe ubumbano hhayi ukuklwebhana futhi kuhlukanwe nezinkantolo.URamaphosa utshele izithunywa ezingu-1 700 ukuthi kufanele kusetshenzelwe ubumbano hhayi ukuklwebhana futhi kuhlukanwe nezinkantolo.URamaphosa utshele izithunywa ezingu-1 700 ukuthi kufanele kusetshenzelwe ubumbano hhayi ukuklwebhana futhi kuhlukanwe nezinkantolo.URamaphosa utshele izithunywa ezingu-1 700 ukuthi kufanele kusetshenzelwe ubumbano hhayi ukuklwebhana futhi kuhlukanwe nezinkantolo.URamaphosa utshele izithunywa ezingu-1 700 ukuthi kufanele kusetshenzelwe ubumbano hhayi ukuklwebhana futhi kuhlukanwe nezinkantolo.URamaphosa utshele izithunywa ezingu-1 700 ukuthi kufanele kusetshenzelwe ubumbano hhayi ukuklwebhana futhi kuhlukanwe nezinkantolo.URamaphosa utshele izithunywa ezingu-1 700 ukuthi kufanele kusetshenzelwe ubumbano hhayi ukuklwebhana futhi kuhlukanwe nezinkantolo.URamaphosa utshele izithunywa ezingu-1 700 ukuthi kufanele kusetshenzelwe ubumbano hhayi ukuklwebhana futhi kuhlukanwe nezinkantolo.URamaphosa utshele izithunywa ezingu-1 700 ukuthi kufanele kusetshenzelwe ubumbano hhayi ukuklwebhana futhi kuhlukanwe nezinkantolo.URamaphosa utshele izithunywa ezingu-1 700 ukuthi kufanele kusetshenzelwe ubumbano hhayi ukuklwebhana futhi kuhlukanwe nezinkantolo.URamaphosa utshele izithunywa ezingu-1 700 ukuthi kufanele kusetshenzelwe ubumbano hhayi ukuklwebhana futhi kuhlukanwe nezinkantolo.URamaphosa utshele izithunywa ezingu-1 700 ukuthi kufanele kusetshenzelwe ubumbano hhayi ukuklwebhana futhi kuhlukanwe nezinkantolo.URamaphosa utshele izithunywa ezingu-1 700 ukuthi kufanele kusetshenzelwe ubumbano hhayi ukuklwebhana futhi kuhlukanwe nezinkantolo.URamaphosa utshele izithunywa ezingu-1 700 ukuthi kufanele kusetshenzelwe ubumbano hhayi ukuklwebhana futhi kuhlukanwe nezinkantolo.URamaphosa utshele izithunywa ezingu-1 700 ukuthi kufanele kusetshenzelwe ubumbano hhayi ukuklwebhana futhi kuhlukanwe nezinkantolo.URamaphosa utshele izithunywa ezingu-1 700 ukuthi kufanele kusetshenzelwe ubumbano hhayi ukuklwebhana futhi kuhlukanwe nezinkantolo.URamaphosa utshele izithunywa ezingu-1 700 ukuthi kufanele kusetshenzelwe ubumbano hhayi ukuklwebhana futhi kuhlukanwe nezinkantolo.URamaphosa utshele izithunywa ezingu-1 700 ukuthi kufanele kusetshenzelwe ubumbano hhayi ukuklwebhana futhi kuhlukanwe nezinkantolo.URamaphosa utshele izithunywa ezingu-1 700 ukuthi kufanele kusetshenzelwe ubumbano hhayi ukuklwebhana futhi kuhlukanwe nezinkantolo.URamaphosa utshele izithunywa ezingu-1 700 ukuthi kufanele kusetshenzelwe ubumbano hhayi ukuklwebhana futhi kuhlukanwe nezinkantolo.URamaphosa utshele izithunywa ezingu-1 700 ukuthi kufanele kusetshenzelwe ubumbano hhayi ukuklwebhana futhi kuhlukanwe nezinkantolo.URamaphosa utshele izithunywa ezingu-1 700 ukuthi kufanele kusetshenzelwe ubumbano hhayi ukuklwebhana futhi kuhlukanwe nezinkantolo.URamaphosa utshele izithunywa ezingu-1 700 ukuthi kufanele kusetshenzelwe ubumbano hhayi ukuklwebhana futhi kuhlukanwe nezinkantolo.URamaphosa utshele izithunywa ezingu-1 700 ukuthi kufanele kusetshenzelwe ubumbano hhayi ukuklwebhana futhi kuhlukanwe nezinkantolo.URamaphosa utshele izithunywa ezingu-1 700 ukuthi kufanele kusetshenzelwe ubumbano hhayi ukuklwebhana futhi kuhlukanwe nezinkantolo.URamaphosa utshele izithunywa ezingu-1 700 ukuthi kufanele kusetshenzelwe ubumbano hhayi ukuklwebhana futhi kuhlukanwe nezinkantolo.URamaphosa utshele izithunywa ezingu-1 700 ukuthi kufanele kusetshenzelwe ubumbano hhayi ukuklwebhana futhi kuhlukanwe nezinkantolo.URamaphosa utshele izithunywa ezingu-1 700 ukuthi kufanele kusetshenzelwe ubumbano hhayi ukuklwebhana futhi kuhlukanwe nezinkantolo.URamaphosa utshele izithunywa ezingu-1 700 ukuthi kufanele kusetshenzelwe ubumbano hhayi ukuklwebhana futhi kuhlukanwe nezinkantolo.URamaphosa utshele izithunywa ezingu-1 700 ukuthi kufanele kusetshenzelwe ubumbano hhayi ukuklwebhana futhi kuhlukanwe nezinkantolo.URamaphosa utshele izithunywa ezingu-1 700 ukuthi kufanele kusetshenzelwe ubumbano hhayi ukuklwebhana futhi kuhlukanwe nezinkantolo.URamaphosa utshele izithunywa ezingu-1 700 ukuthi kufanele kusetshenzelwe ubumbano hhayi ukuklwebhana futhi kuhlukanwe nezinkantolo.URamaphosa utshele izithunywa ezingu-1 700 ukuthi kufanele kusetshenzelwe ubumbano hhayi ukuklwebhana futhi kuhlukanwe nezinkantolo.URamaphosa utshele izithunywa ezingu-1 700 ukuthi kufanele kusetshenzelwe ubumbano hhayi ukuklwebhana futhi kuhlukanwe nezinkantolo.URamaphosa utshele izithunywa ezingu-1 700 ukuthi kufanele kusetshenzelwe ubumbano hhayi ukuklwebhana futhi kuhlukanwe nezinkantolo.URamaphosa utshele izithunywa ezingu-1 700 ukuthi kufanele kusetshenzelwe ubumbano hhayi ukuklwebhana futhi kuhlukanwe nezinkantolo.URamaphosa utshele izithunywa ezingu-1 700 ukuthi kufanele kusetshenzelwe ubumbano hhayi ukuklwebhana futhi kuhlukanwe nezinkantolo.URamaphosa utshele izithunywa ezingu-1 700 ukuthi kufanele kusetshenzelwe ubumbano hhayi ukuklwebhana futhi kuhlukanwe nezinkantolo.URamaphosa utshele izithunywa ezingu-1 700 ukuthi kufanele kusetshenzelwe ubumbano hhayi ukuklwebhana futhi kuhlukanwe nezinkantolo.URamaphosa utshele izithunywa ezingu-1 700 ukuthi kufanele kusetshenzelwe ubumbano hhayi ukuklwebhana futhi kuhlukanwe nezinkantolo.URamaphosa utshele izithunywa ezingu-1 700 ukuthi kufanele kusetshenzelwe ubumbano hhayi ukuklwebhana futhi kuhlukanwe nezinkantolo.URamaphosa utshele izithunywa ezingu-1 700 ukuthi kufanele kusetshenzelwe ubumbano hhayi ukuklwebhana futhi kuhlukanwe nezinkantolo.URamaphosa utshele izithunywa ezingu-1 700 ukuthi kufanele kusetshenzelwe ubumbano hhayi ukuklwebhana futhi kuhlukanwe nezinkantolo.URamaphosa utshele izithunywa ezingu-1 700 ukuthi kufanele kusetshenzelwe ubumbano hhayi ukuklwebhana futhi kuhlukanwe nezinkantolo.URamaphosa utshele izithunywa ezingu-1 700 ukuthi kufanele kusetshenzelwe ubumbano hhayi ukuklwebhana futhi kuhlukanwe nezinkantolo.URamaphosa utshele izithunywa ezingu-1 700 ukuthi kufanele kusetshenzelwe ubumbano hhayi ukuklwebhana futhi kuhlukanwe nezinkantolo.URamaphosa utshele izithunywa ezingu-1 700 ukuthi kufanele kusetshenzelwe ubumbano hhayi ukuklwebhana futhi kuhlukanwe nezinkantolo.URamaphosa utshele izithunywa ezingu-1 700 ukuthi kufanele kusetshenzelwe ubumbano hhayi ukuklwebhana futhi kuhlukanwe nezinkantolo.URamaphosa utshele izithunywa ezingu-1 700 ukuthi kufanele kusetshenzelwe ubumbano hhayi ukuklwebhana futhi kuhlukanwe nezinkantolo.URamaphosa utshele izithunywa ezingu-1 700 ukuthi kufanele kusetshenzelwe ubumbano hhayi ukuklwebhana futhi kuhlukanwe nezinkantolo.URamaphosa utshele izithunywa ezingu-1 700 ukuthi kufanele kusetshenzelwe ubumbano hhayi ukuklwebhana futhi kuhlukanwe nezinkantolo.URamaphosa utshele izithunywa ezingu-1 700 ukuthi kufanele kusetshenzelwe ubumbano hhayi ukuklwebhana futhi kuhlukanwe nezinkantolo.URamaphosa utshele izithunywa ezingu-1 700 ukuthi kufanele kusetshenzelwe ubumbano hhayi ukuklwebhana futhi kuhlukanwe nezinkantolo.URamaphosa utshele izithunywa ezingu-1 700 ukuthi kufanele kusetshenzelwe ubumbano hhayi ukuklwebhana futhi kuhlukanwe nezinkantolo.URamaphosa utshele izithunywa ezingu-1 700 ukuthi kufanele kusetshenzelwe ubumbano hhayi ukuklwebhana futhi kuhlukanwe nezinkantolo.URamaphosa utshele izithunywa ezingu-1 700 ukuthi kufanele kusetshenzelwe ubumbano hhayi ukuklwebhana futhi kuhlukanwe nezinkantolo.URamaphosa utshele izithunywa ezingu-1 700 ukuthi kufanele kusetshenzelwe ubumbano hhayi ukuklwebhana futhi kuhlukanwe nezinkantolo.URamaphosa utshele izithunywa ezingu-1 700 ukuthi kufanele kusetshenzelwe ubumbano hhayi ukuklwebhana futhi kuhlukanwe nezinkantolo.URamaphosa utshele izithunywa ezingu-1 700 ukuthi kufanele kusetshenzelwe ubumbano hhayi ukuklwebhana futhi kuhlukanwe nezinkantolo.URamaphosa utshele izithunywa ezingu-1 700 ukuthi kufanele kusetshenzelwe ubumbano hhayi ukuklwebhana futhi kuhlukanwe nezinkantolo.URamaphosa utshele izithunywa ezingu-1 700 ukuthi kufanele kusetshenzelwe ubumbano hhayi ukuklwebhana futhi kuhlukanwe nezinkantolo.URamaphosa utshele izithunywa ezingu-1 700 ukuthi kufanele kusetshenzelwe ubumbano hhayi ukuklwebhana futhi kuhlukanwe nezinkantolo.URamaphosa utshele izithunywa ezingu-1 700 ukuthi kufanele kusetshenzelwe ubumbano hhayi ukuklwebhana futhi kuhlukanwe nezinkantolo.URamaphosa utshele izithunywa ezingu-1 700 ukuthi kufanele kusetshenzelwe ubumbano hhayi ukuklwebhana futhi kuhlukanwe nezinkantolo.URamaphosa utshele izithunywa ezingu-1 700 ukuthi kufanele kusetshenzelwe ubumbano hhayi ukuklwebhana futhi kuhlukanwe nezinkantolo.URamaphosa utshele izithunywa ezingu-1 700 ukuthi kufanele kusetshenzelwe ubumbano hhayi ukuklwebhana futhi kuhlukanwe nezinkantolo.URamaphosa utshele izithunywa ezingu-1 700 ukuthi kufanele kusetshenzelwe ubumbano hhayi ukuklwebhana futhi kuhlukanwe nezinkantolo.URamaphosa utshele izithunywa ezingu-1 700 ukuthi kufanele kusetshenzelwe ubumbano hhayi ukuklwebhana futhi kuhlukanwe nezinkantolo.URamaphosa utshele izithunywa ezingu-1 700 ukuthi kufanele kusetshenzelwe ubumbano hhayi ukuklwebhana futhi kuhlukanwe nezinkantolo.URamaphosa utshele izithunywa ezingu-1 700 ukuthi kufanele kusetshenzelwe ubumbano hhayi ukuklwebhana futhi kuhlukanwe nezinkantolo.URamaphosa utshele izithunywa ezingu-1 700 ukuthi kufanele kusetshenzelwe ubumbano hhayi ukuklwebhana futhi kuhlukanwe nezinkantolo.URamaphosa utshele izithunywa ezingu-1 700 ukuthi kufanele kusetshenzelwe ubumbano hhayi ukuklwebhana futhi kuhlukanwe nezinkantolo.URamaphosa utshele izithunywa ezingu-1 700 ukuthi kufanele kusetshenzelwe ubumbano hhayi ukuklwebhana futhi kuhlukanwe nezinkantolo.URamaphosa utshele izithunywa ezingu-1 700 ukuthi kufanele kusetshenzelwe ubumbano hhayi ukuklwebhana futhi kuhlukanwe nezinkantolo.URamaphosa utshele izithunywa ezingu-1 700 ukuthi kufanele kusetshenzelwe ubumbano hhayi ukuklwebhana futhi kuhlukanwe nezinkantolo.URamaphosa utshele izithunywa ezingu-1 700 ukuthi kufanele kusetshenzelwe ubumbano hhayi ukuklwebhana futhi kuhlukanwe nezinkantolo.URamaphosa utshele izithunywa ezingu-1 700 ukuthi kufanele kusetshenzelwe ubumbano hhayi ukuklwebhana futhi kuhlukanwe nezinkantolo.URamaphosa utshele izithunywa ezingu-1 700 ukuthi kufanele kusetshenzelwe ubumbano hhayi ukuklwebhana futhi kuhlukanwe nezinkantolo.URamaphosa utshele izithunywa ezingu-1 700 ukuthi kufanele kusetshenzelwe ubumbano hhayi ukuklwebhana futhi kuhlukanwe nezinkantolo.URamaphosa utshele izithunywa ezingu-1 700 ukuthi kufanele kusetshenzelwe ubumbano hhayi ukuklwebhana futhi kuhlukanwe nezinkantolo.URamaphosa utshele izithunywa ezingu-1 700 ukuthi kufanele kusetshenzelwe ubumbano hhayi ukuklwebhana futhi kuhlukanwe nezinkantolo.URamaphosa utshele izithunywa ezingu-1 700 ukuthi kufanele kusetshenzelwe ubumbano hhayi ukuklwebhana futhi kuhlukanwe nezinkantolo.URamaphosa utshele izithunywa ezingu-1 700 ukuthi kufanele kusetshenzelwe ubumbano hhayi ukuklwebhana futhi kuhlukanwe nezinkantolo.URamaphosa utshele izithunywa ezingu-1 700 ukuthi kufanele kusetshenzelwe ubumbano hhayi ukuklwebhana futhi kuhlukanwe nezinkantolo.URamaphosa utshele izithunywa ezingu-1 700 ukuthi kufanele kusetshenzelwe ubumbano hhayi ukuklwebhana futhi kuhlukanwe nezinkantolo.URamaphosa utshele izithunywa ezingu-1 700 ukuthi kufanele kusetshenzelwe ubumbano hhayi ukuklwebhana futhi kuhlukanwe nezinkantolo.URamaphosa utshele izithunywa ezingu-1 700 ukuthi kufanele kusetshenzelwe ubumbano hhayi ukuklwebhana futhi kuhlukanwe nezinkantolo.URamaphosa utshele izithunywa ezingu-1 700 ukuthi kufanele kusetshenzelwe ubumbano hhayi ukuklwebhana futhi kuhlukanwe nezinkantolo.URamaphosa utshele izithunywa ezingu-1 700 ukuthi kufanele kusetshenzelwe ubumbano hhayi ukuklwebhana futhi kuhlukanwe nezinkantolo.URamaphosa utshele izithunywa ezingu-1 700 ukuthi kufanele kusetshenzelwe ubumbano hhayi ukuklwebhana futhi kuhlukanwe nezinkantolo.URamaphosa utshele izithunywa ezingu-1 700 ukuthi kufanele kusetshenzelwe ubumbano hhayi ukuklwebhana futhi kuhlukanwe nezinkantolo.URamaphosa utshele izithunywa ezingu-1 700 ukuthi kufanele kusetshenzelwe ubumbano hhayi ukuklwebhana futhi kuhlukanwe nezinkantolo.URamaphosa utshele izithunywa ezingu-1 700 ukuthi kufanele kusetshenzelwe ubumbano hhayi ukuklwebhana futhi kuhlukanwe nezinkantolo.URamaphosa utshele izithunywa ezingu-1 700 ukuthi kufanele kusetshenzelwe ubumbano hhayi ukuklwebhana futhi kuhlukanwe nezinkantolo.URamaphosa utshele izithunywa ezingu-1 700 ukuthi kufanele kusetshenzelwe ubumbano hhayi ukuklwebhana futhi kuhlukanwe nezinkantolo.URamaphosa utshele izithunywa ezingu-1 700 ukuthi kufanele kusetshenzelwe ubumbano hhayi ukuklwebhana futhi kuhlukanwe nezinkantolo.URamaphosa utshele izithunywa ezingu-1 700 ukuthi kufanele kusetshenzelwe ubumbano hhayi ukuklwebhana futhi kuhlukanwe nezinkantolo.URamaphosa utshele izithunywa ezingu-1 700 ukuthi kufanele kusetshenzelwe ubumbano hhayi ukuklwebhana futhi kuhlukanwe nezinkantolo.URamaphosa utshele izithunywa ezingu-1 700 ukuthi kufanele kusetshenzelwe ubumbano hhayi ukuklwebhana futhi kuhlukanwe nezinkantolo.URamaphosa utshele izithunywa ezingu-1 700 ukuthi kufanele kusetshenzelwe ubumbano hhayi ukuklwebhana futhi kuhlukanwe nezinkantolo.URamaphosa utshele izithunywa ezingu-1 700 ukuthi kufanele kusetshenzelwe ubumbano hhayi ukuklwebhana futhi kuhlukanwe nezinkantolo.URamaphosa utshele izithunywa ezingu-1 700 ukuthi kufanele kusetshenzelwe ubumbano hhayi ukuklwebhana futhi kuhlukanwe nezinkantolo.URamaphosa utshele izithunywa ezingu-1 700 ukuthi kufanele kusetshenzelwe ubumbano hhayi ukuklwebhana futhi kuhlukanwe nezinkantolo.URamaphosa utshele izithunywa ezingu-1 700 ukuthi kufanele kusetshenzelwe ubumbano hhayi ukuklwebhana futhi kuhlukanwe nezinkantolo.URamaphosa utshele izithunywa ezingu-1 700 ukuthi kufanele kusetshenzelwe ubumbano hhayi ukuklwebhana futhi kuhlukanwe nezinkantolo.URamaphosa utshele izithunywa ezingu-1 700 ukuthi kufanele kusetshenzelwe ubumbano hhayi ukuklwebhana futhi kuhlukanwe nezinkantolo.URamaphosa utshele izithunywa ezingu-1 700 ukuthi kufanele kusetshenzelwe ubumbano hhayi ukuklwebhana futhi kuhlukanwe nezinkantolo.URamaphosa utshele izithunywa ezingu-1 700 ukuthi kufanele kusetshenzelwe ubumbano hhayi ukuklwebhana futhi kuhlukanwe nezinkantolo.URamaphosa utshele izithunywa ezingu-1 700 ukuthi kufanele kusetshenzelwe ubumbano hhayi ukuklwebhana futhi kuhlukanwe nezinkantolo.URamaphosa utshele izithunywa ezingu-1 700 ukuthi kufanele kusetshenzelwe ubumbano hhayi ukuklwebhana futhi kuhlukanwe nezinkantolo.URamaphosa utshele izithunywa ezingu-1 700 ukuthi kufanele kusetshenzelwe ubumbano hhayi ukuklwebhana futhi kuhlukanwe nezinkantolo.URamaphosa utshele izithunywa ezingu-1 700 ukuthi kufanele kusetshenzelwe ubumbano hhayi ukuklwebhana futhi kuhlukanwe nezinkantolo.URamaphosa utshele izithunywa ezingu-1 700 ukuthi kufanele kusetshenzelwe ubumbano hhayi ukuklwebhana futhi kuhlukanwe nezinkantolo.URamaphosa utshele izithunywa ezingu-1 700 ukuthi kufanele kusetshenzelwe ubumbano hhayi ukuklwebhana futhi kuhlukanwe nezinkantolo.URamaphosa utshele izithunywa ezingu-1 700 ukuthi kufanele kusetshenzelwe ubumbano hhayi ukuklwebhana futhi kuhlukanwe nezinkantolo.URamaphosa utshele izithunywa ezingu-1 700 ukuthi kufanele kusetshenzelwe ubumbano hhayi ukuklwebhana futhi kuhlukanwe nezinkantolo.URamaphosa utshele izithunywa ezingu-1 700 ukuthi kufanele kusetshenzelwe ubumbano hhayi ukuklwebhana futhi kuhlukanwe nezinkantolo.URamaphosa utshele izithunywa ezingu-1 700 ukuthi kufanele kusetshenzelwe ubumbano hhayi ukuklwebhana futhi kuhlukanwe nezinkantolo.URamaphosa utshele izithunywa ezingu-1 700 ukuthi kufanele kusetshenzelwe ubumbano hhayi ukuklwebhana futhi kuhlukanwe nezinkantolo.URamaphosa utshele izithunywa ezingu-1 700 ukuthi kufanele kusetshenzelwe ubumbano hhayi ukuklwebhana futhi kuhlukanwe nezinkantolo.URamaphosa utshele izithunywa ezingu-1 700 ukuthi kufanele kusetshenzelwe ubumbano hhayi ukuklwebhana futhi kuhlukanwe nezinkantolo.URamaphosa utshele izithunywa ezingu-1 700 ukuthi kufanele kusetshenzelwe ubumbano hhayi ukuklwebhana futhi kuhlukanwe nezinkantolo.URamaphosa utshele izithunywa ezingu-1 700 ukuthi kufanele kusetshenzelwe ubumbano hhayi ukuklwebhana futhi kuhlukanwe nezinkantolo.URamaphosa utshele izithunywa ezingu-1 700 ukuthi kufanele kusetshenzelwe ubumbano hhayi ukuklwebhana futhi kuhlukanwe nezinkantolo.URamaphosa utshele izithunywa ezingu-1 700 ukuthi kufanele kusetshenzelwe ubumbano hhayi ukuklwebhana futhi kuhlukanwe nezinkantolo.URamaphosa utshele izithunywa ezingu-1 700 ukuthi kufanele kusetshenzelwe ubumbano hhayi ukuklwebhana futhi kuhlukanwe nezinkantolo.URamaphosa utshele izithunywa ezingu-1 700 ukuthi kufanele kusetshenzelwe ubumbano hhayi ukuklwebhana futhi kuhlukanwe nezinkantolo.URamaphosa utshele izithunywa ezingu-1 700 ukuthi kufanele kusetshenzelwe ubumbano hhayi ukuklwebhana futhi kuhlukanwe nezinkantolo.URamaphosa utshele izithunywa ezingu-1 700 ukuthi kufanele kusetshenzelwe ubumbano hhayi ukuklwebhana futhi kuhlukanwe nezinkantolo.URamaphosa utshele izithunywa ezingu-1 700 ukuthi kufanele kusetshenzelwe ubumbano hhayi ukuklwebhana futhi kuhlukanwe nezinkantolo.URamaphosa utshele izithunywa ezingu-1 700 ukuthi kufanele kusetshenzelwe ubumbano hhayi ukuklwebhana futhi kuhlukanwe nezinkantolo.URamaphosa utshele izithunywa ezingu-1 700 ukuthi kufanele kusetshenzelwe ubumbano hhayi ukuklwebhana futhi kuhlukanwe nezinkantolo.URamaphosa utshele izithunywa ezingu-1 700 ukuthi kufanele kusetshenzelwe ubumbano hhayi ukuklwebhana futhi kuhlukanwe nezinkantolo.URamaphosa utshele izithunywa ezingu-1 700 ukuthi kufanele kusetshenzelwe ubumbano hhayi ukuklwebhana futhi kuhlukanwe nezinkantolo.URamaphosa utshele izithunywa ezingu-1 700 ukuthi kufanele kusetshenzelwe ubumbano hhayi ukuklwebhana futhi kuhlukanwe nezinkantolo.URamaphosa utshele izithunywa ezingu-1 700 ukuthi kufanele kusetshenzelwe ubumbano hhayi ukuklwebhana futhi kuhlukanwe nezinkantolo.URamaphosa utshele izithunywa ezingu-1 700 ukuthi kufanele kusetshenzelwe ubumbano hhayi ukuklwebhana futhi kuhlukanwe nezinkantolo.URamaphosa utshele izithunywa ezingu-1 700 ukuthi kufanele kusetshenzelwe ubumbano hhayi ukuklwebhana futhi kuhlukanwe nezinkantolo.URamaphosa utshele izithunywa ezingu-1 700 ukuthi kufanele kusetshenzelwe ubumbano hhayi ukuklwebhana futhi kuhlukanwe nezinkantolo.URamaphosa utshele izithunywa ezingu-1 700 ukuthi kufanele kusetshenzelwe ubumbano hhayi ukuklwebhana futhi kuhlukanwe nezinkantolo.URamaphosa utshele izithunywa ezingu-1 700 ukuthi kufanele kusetshenzelwe ubumbano hhayi ukuklwebhana futhi kuhlukanwe nezinkantolo.URamaphosa utshele izithunywa ezingu-1 700 ukuthi kufanele kusetshenzelwe ubumbano hhayi ukuklwebhana futhi kuhlukanwe nezinkantolo.URamaphosa utshele izithunywa ezingu-1 700 ukuthi kufanele kusetshenzelwe ubumbano hhayi ukuklwebhana futhi kuhlukanwe nezinkantolo.URamaphosa utshele izithunywa ezingu-1 700 ukuthi kufanele kusetshenzelwe ubumbano hhayi ukuklwebhana futhi kuhlukanwe nezinkantolo.URamaphosa utshele izithunywa ezingu-1 700 ukuthi kufanele kusetshenzelwe ubumbano hhayi ukuklwebhana futhi kuhlukanwe nezinkantolo.URamaphosa utshele izithunywa ezingu-1 700 ukuthi kufanele kusetshenzelwe ubumbano hhayi ukuklwebhana futhi kuhlukanwe nezinkantolo.URamaphosa utshele izithunywa ezingu-1 700 ukuthi kufanele kusetshenzelwe ubumbano hhayi ukuklwebhana futhi kuhlukanwe nezinkantolo.URamaphosa utshele izithunywa ezingu-1 700 ukuthi kufanele kusetshenzelwe ubumbano hhayi ukuklwebhana futhi kuhlukanwe nezinkantolo.URamaphosa utshele izithunywa ezingu-1 700 ukuthi kufanele kusetshenzelwe ubumbano hhayi ukuklwebhana futhi kuhlukanwe nezinkantolo.URamaphosa utshele izithunywa ezingu-1 700 ukuthi kufanele kusetshenzelwe ubumbano hhayi ukuklwebhana futhi kuhlukanwe nezinkantolo.URamaphosa utshele izithunywa ezingu-1 700 ukuthi kufanele kusetshenzelwe ubumbano hhayi ukuklwebhana futhi kuhlukanwe nezinkantolo.URamaphosa utshele izithunywa ezingu-1 700 ukuthi kufanele kusetshenzelwe ubumbano hhayi ukuklwebhana futhi kuhlukanwe nezinkantolo.URamaphosa utshele izithunywa ezingu-1 700 ukuthi kufanele kusetshenzelwe ubumbano hhayi ukuklwebhana futhi kuhlukanwe nezinkantolo.URamaphosa utshele izithunywa ezingu-1 700 ukuthi kufanele kusetshenzelwe ubumbano hhayi ukuklwebhana futhi kuhlukanwe nezinkantolo.URamaphosa utshele izithunywa ezingu-1 700 ukuthi kufanele kusetshenzelwe ubumbano hhayi ukuklwebhana futhi kuhlukanwe nezinkantolo.URamaphosa utshele izithunywa ezingu-1 700 ukuthi kufanele kusetshenzelwe ubumbano hhayi ukuklwebhana futhi kuhlukanwe nezinkantolo.URamaphosa utshele izithunywa ezingu-1 700 ukuthi kufanele kusetshenzelwe ubumbano hhayi ukuklwebhana futhi kuhlukanwe nezinkantolo.URamaphosa utshele izithunywa ezingu-1 700 ukuthi kufanele kusetshenzelwe ubumbano hhayi ukuklwebhana futhi kuhlukanwe nezinkantolo.URamaphosa utshele izithunywa ezingu-1 700 ukuthi kufanele kusetshenzelwe ubumbano hhayi ukuklwebhana futhi kuhlukanwe nezinkantolo.URamaphosa utshele izithunywa ezingu-1 700 ukuthi kufanele kusetshenzelwe ubumbano hhayi ukuklwebhana futhi kuhlukanwe nezinkantolo.URamaphosa utshele izithunywa ezingu-1 700 ukuthi kufanele kusetshenzelwe ubumbano hhayi ukuklwebhana futhi kuhlukanwe nezinkantolo.URamaphosa utshele izithunywa ezingu-1 700 ukuthi kufanele kusetshenzelwe ubumbano hhayi ukuklwebhana futhi kuhlukanwe nezinkantolo.URamaphosa utshele izithunywa ezingu-1 700 ukuthi kufanele kusetshenzelwe ubumbano hhayi ukuklwebhana futhi kuhlukanwe nezinkantolo.URamaphosa utshele izithunywa ezingu-1 700 ukuthi kufanele kusetshenzelwe ubumbano hhayi ukuklwebhana futhi kuhlukanwe nezinkantolo.URamaphosa utshele izithunywa ezingu-1 700 ukuthi kufanele kusetshenzelwe ubumbano hhayi ukuklwebhana futhi kuhlukanwe nezinkantolo.URamaphosa utshele izithunywa ezingu-1 700 ukuthi kufanele kusetshenzelwe ubumbano hhayi ukuklwebhana futhi kuhlukanwe nezinkantolo.URamaphosa utshele izithunywa ezingu-1 700 ukuthi kufanele kusetshenzelwe ubumbano hhayi ukuklwebhana futhi kuhlukanwe nezinkantolo.URamaphosa utshele izithunywa ezingu-1 700 ukuthi kufanele kusetshenzelwe ubumbano hhayi ukuklwebhana futhi kuhlukanwe nezinkantolo.URamaphosa utshele izithunywa ezingu-1 700 ukuthi kufanele kusetshenzelwe ubumbano hhayi ukuklwebhana futhi kuhlukanwe nezinkantolo.URamaphosa utshele izithunywa ezingu-1 700 ukuthi kufanele kusetshenzelwe ubumbano hhayi ukuklwebhana futhi kuhlukanwe nezinkantolo.URamaphosa utshele izithunywa ezingu-1 700 ukuthi kufanele kusetshenzelwe ubumbano hhayi ukuklwebhana futhi kuhlukanwe nezinkantolo.URamaphosa utshele izithunywa ezingu-1 700 ukuthi kufanele kusetshenzelwe ubumbano hhayi ukuklwebhana futhi kuhlukanwe nezinkantolo.URamaphosa utshele izithunywa ezingu-1 700 ukuthi kufanele kusetshenzelwe ubumbano hhayi ukuklwebhana futhi kuhlukanwe nezinkantolo.URamaphosa utshele izithunywa ezingu-1 700 ukuthi kufanele kusetshenzelwe ubumbano hhayi ukuklwebhana futhi kuhlukanwe nezinkantolo.URamaphosa utshele izithunywa ezingu-1 700 ukuthi kufanele kusetshenzelwe ubumbano hhayi ukuklwebhana futhi kuhlukanwe nezinkantolo.URamaphosa utshele izithunywa ezingu-1 700 ukuthi kufanele kusetshenzelwe ubumbano hhayi ukuklwebhana futhi kuhlukanwe nezinkantolo.URamaphosa utshele izithunywa ezingu-1 700 ukuthi kufanele kusetshenzelwe ubumbano hhayi ukuklwebhana futhi kuhlukanwe nezinkantolo.URamaphosa utshele izithunywa ezingu-1 700 ukuthi kufanele kusetshenzelwe ubumbano hhayi ukuklwebhana futhi kuhlukanwe nezinkantolo.URamaphosa utshele izithunywa ezingu-1 700 ukuthi kufanele kusetshenzelwe ubumbano hhayi ukuklwebhana futhi kuhlukanwe nezinkantolo.URamaphosa utshele izithunywa ezingu-1 700 ukuthi kufanele kusetshenzelwe ubumbano hhayi ukuklwebhana futhi kuhlukanwe nezinkantolo.URamaphosa utshele izithunywa ezingu-1 700 ukuthi kufanele kusetshenzelwe ubumbano hhayi ukuklwebhana futhi kuhlukanwe nezinkantolo.URamaphosa utshele izithunywa ezingu-1 700 ukuthi kufanele kusetshenzelwe ubumbano hhayi ukuklwebhana futhi kuhlukanwe nezinkantolo.URamaphosa utshele izithunywa ezingu-1 700 ukuthi kufanele kusetshenzelwe ubumbano hhayi ukuklwebhana futhi kuhlukanwe nezinkantolo.URamaphosa utshele izithunywa ezingu-1 700 ukuthi kufanele kusetshenzelwe ubumbano hhayi ukuklwebhana futhi kuhlukanwe nezinkantolo.URamaphosa utshele izithunywa ezingu-1 700 ukuthi kufanele kusetshenzelwe ubumbano hhayi ukuklwebhana futhi kuhlukanwe nezinkantolo.URamaphosa utshele izithunywa ezingu-1 700 ukuthi kufanele kusetshenzelwe ubumbano hhayi ukuklwebhana futhi kuhlukanwe nezinkantolo.URamaphosa utshele izithunywa ezingu-1 700 ukuthi kufanele kusetshenzelwe ubumbano hhayi ukuklwebhana futhi kuhlukanwe nezinkantolo.URamaphosa utshele izithunywa ezingu-1 700 ukuthi kufanele kusetshenzelwe ubumbano hhayi ukuklwebhana futhi kuhlukanwe nezinkantolo.URamaphosa utshele izithunywa ezingu-1 700 ukuthi kufanele kusetshenzelwe ubumbano hhayi ukuklwebhana futhi kuhlukanwe nezinkantolo.URamaphosa utshele izithunywa ezingu-1 700 ukuthi kufanele kusetshenzelwe ubumbano hhayi ukuklwebhana futhi kuhlukanwe nezinkantolo.URamaphosa utshele izithunywa ezingu-1 700 ukuthi kufanele kusetshenzelwe ubumbano hhayi ukuklwebhana futhi kuhlukanwe nezinkantolo.URamaphosa utshele izithunywa ezingu-1 700 ukuthi kufanele kusetshenzelwe ubumbano hhayi ukuklwebhana futhi kuhlukanwe nezinkantolo.URamaphosa utshele izithunywa ezingu-1 700 ukuthi kufanele kusetshenzelwe ubumbano hhayi ukuklwebhana futhi kuhlukanwe nezinkantolo.URamaphosa utshele izithunywa ezingu-1 700 ukuthi kufanele kusetshenzelwe ubumbano hhayi ukuklwebhana futhi kuhlukanwe nezinkantolo.URamaphosa utshele izithunywa ezingu-1 700 ukuthi kufanele kusetshenzelwe ubumbano hhayi ukuklwebhana futhi kuhlukanwe nezinkantolo.URamaphosa utshele izithunywa ezingu-1 700 ukuthi kufanele kusetshenzelwe ubumbano hhayi ukuklwebhana futhi kuhlukanwe nezinkantolo.URamaphosa utshele izithunywa ezingu-1 700 ukuthi kufanele kusetshenzelwe ubumbano hhayi ukuklwebhana futhi kuhlukanwe nezinkantolo.URamaphosa utshele izithunywa ezingu-1 700 ukuthi kufanele kusetshenzelwe ubumbano hhayi ukuklwebhana futhi kuhlukanwe nezinkantolo.URamaphosa utshele izithunywa ezingu-1 700 ukuthi kufanele kusetshenzelwe ubumbano hhayi ukuklwebhana futhi kuhlukanwe nezinkantolo.URamaphosa utshele izithunywa ezingu-1 700 ukuthi kufanele kusetshenzelwe ubumbano hhayi ukuklwebhana futhi kuhlukanwe nezinkantolo.URamaphosa utshele izithunywa ezingu-1 700 ukuthi kufanele kusetshenzelwe ubumbano hhayi ukuklwebhana futhi kuhlukanwe nezinkantolo.URamaphosa utshele izithunywa ezingu-1 700 ukuthi kufanele kusetshenzelwe ubumbano hhayi ukuklwebhana futhi kuhlukanwe nezinkantolo.URamaphosa utshele izithunywa ezingu-1 700 ukuthi kufanele kusetshenzelwe ubumbano hhayi ukuklwebhana futhi kuhlukanwe nezinkantolo.URamaphosa utshele izithunywa ezingu-1 700 ukuthi kufanele kusetshenzelwe ubumbano hhayi ukuklwebhana futhi kuhlukanwe nezinkantolo.URamaphosa utshele izithunywa ezingu-1 700 ukuthi kufanele kusetshenzelwe ubumbano hhayi ukuklwebhana futhi kuhlukanwe nezinkantolo.URamaphosa utshele izithunywa ezingu-1 700 ukuthi kufanele kusetshenzelwe ubumbano hhayi ukuklwebhana futhi kuhlukanwe nezinkantolo.URamaphosa utshele izithunywa ezingu-1 700 ukuthi kufanele kusetshenzelwe ubumbano hhayi ukuklwebhana futhi kuhlukanwe nezinkantolo.URamaphosa utshele izithunywa ezingu-1 700 ukuthi kufanele kusetshenzelwe ubumbano hhayi ukuklwebhana futhi kuhlukanwe nezinkantolo.URamaphosa utshele izithunywa ezingu-1 700 ukuthi kufanele kusetshenzelwe ubumbano hhayi ukuklwebhana futhi kuhlukanwe nezinkantolo.URamaphosa utshele izithunywa ezingu-1 700 ukuthi kufanele kusetshenzelwe ubumbano hhayi ukuklwebhana futhi kuhlukanwe nezinkantolo.URamaphosa utshele izithunywa ezingu-1 700 ukuthi kufanele kusetshenzelwe ubumbano hhayi ukuklwebhana futhi kuhlukanwe nezinkantolo.URamaphosa utshele izithunywa ezingu-1 700 ukuthi kufanele kusetshenzelwe ubumbano hhayi ukuklwebhana futhi kuhlukanwe nezinkantolo.URamaphosa utshele izithunywa ezingu-1 700 ukuthi kufanele kusetshenzelwe ubumbano hhayi ukuklwebhana futhi kuhlukanwe nezinkantolo.URamaphosa utshele izithunywa ezingu-1 700 ukuthi kufanele kusetshenzelwe ubumbano hhayi ukuklwebhana futhi kuhlukanwe nezinkantolo.URamaphosa utshele izithunywa ezingu-1 700 ukuthi kufanele kusetshenzelwe ubumbano hhayi ukuklwebhana futhi kuhlukanwe nezinkantolo.URamaphosa utshele izithunywa ezingu-1 700 ukuthi kufanele kusetshenzelwe ubumbano hhayi ukuklwebhana futhi kuhlukanwe nezinkantolo.URamaphosa utshele izithunywa ezingu-1 700 ukuthi kufanele kusetshenzelwe ubumbano hhayi ukuklwebhana futhi kuhlukanwe nezinkantolo.URamaphosa utshele izithunywa ezingu-1 700 ukuthi kufanele kusetshenzelwe ubumbano hhayi ukuklwebhana futhi kuhlukanwe nezinkantolo.URamaphosa utshele izithunywa ezingu-1 700 ukuthi kufanele kusetshenzelwe ubumbano hhayi ukuklwebhana futhi kuhlukanwe nezinkantolo.URamaphosa utshele izithunywa ezingu-1 700 ukuthi kufanele kusetshenzelwe ubumbano hhayi ukuklwebhana futhi kuhlukanwe nezinkantolo.URamaphosa utshele izithunywa ezingu-1 700 ukuthi kufanele kusetshenzelwe ubumbano hhayi ukuklwebhana futhi kuhlukanwe nezinkantolo.URamaphosa utshele izithunywa ezingu-1 700 ukuthi kufanele kusetshenzelwe ubumbano hhayi ukuklwebhana futhi kuhlukanwe nezinkantolo.URamaphosa utshele izithunywa ezingu-1 700 ukuthi kufanele kusetshenzelwe ubumbano hhayi ukuklwebhana futhi kuhlukanwe nezinkantolo.URamaphosa utshele izithunywa ezingu-1 700 ukuthi kufanele kusetshenzelwe ubumbano hhayi ukuklwebhana futhi kuhlukanwe nezinkantolo.URamaphosa utshele izithunywa ezingu-1 700 ukuthi kufanele kusetshenzelwe ubumbano hhayi ukuklwebhana futhi kuhlukanwe nezinkantolo.URamaphosa utshele izithunywa ezingu-1 700 ukuthi kufanele kusetshenzelwe ubumbano hhayi ukuklwebhana futhi kuhlukanwe nezinkantolo.URamaphosa utshele izithunywa ezingu-1 700 ukuthi kufanele kusetshenzelwe ubumbano hhayi ukuklwebhana futhi kuhlukanwe nezinkantolo.URamaphosa utshele izithunywa ezingu-1 700 ukuthi kufanele kusetshenzelwe ubumbano hhayi ukuklwebhana futhi kuhlukanwe nezinkantolo.URamaphosa utshele izithunywa ezingu-1 700 ukuthi kufanele kusetshenzelwe ubumbano hhayi ukuklwebhana futhi kuhlukanwe nezinkantolo.URamaphosa utshele izithunywa ezingu-1 700 ukuthi kufanele kusetshenzelwe ubumbano hhayi ukuklwebhana futhi kuhlukanwe nezinkantolo.URamaphosa utshele izithunywa ezingu-1 700 ukuthi kufanele kusetshenzelwe ubumbano hhayi ukuklwebhana futhi kuhlukanwe nezinkantolo.URamaphosa utshele izithunywa ezingu-1 700 ukuthi kufanele kusetshenzelwe ubumbano hhayi ukuklwebhana futhi kuhlukanwe nezinkantolo.URamaphosa utshele izithunywa ezingu-1 700 ukuthi kufanele kusetshenzelwe ubumbano hhayi ukuklwebhana futhi kuhlukanwe nezinkantolo.URamaphosa utshele izithunywa ezingu-1 700 ukuthi kufanele kusetshenzelwe ubumbano hhayi ukuklwebhana futhi kuhlukanwe nezinkantolo.URamaphosa utshele izithunywa ezingu-1 700 ukuthi kufanele kusetshenzelwe ubumbano hhayi ukuklwebhana futhi kuhlukanwe nezinkantolo.URamaphosa utshele izithunywa ezingu-1 700 ukuthi kufanele kusetshenzelwe ubumbano hhayi ukuklwebhana futhi kuhlukanwe nezinkantolo.URamaphosa utshele izithunywa ezingu-1 700 ukuthi kufanele kusetshenzelwe ubumbano hhayi ukuklwebhana futhi kuhlukanwe nezinkantolo.URamaphosa utshele izithunywa ezingu-1 700 ukuthi kufanele kusetshenzelwe ubumbano hhayi ukuklwebhana futhi kuhlukanwe nezinkantolo.URamaphosa utshele izithunywa ezingu-1 700 ukuthi kufanele kusetshenzelwe ubumbano hhayi ukuklwebhana futhi kuhlukanwe nezinkantolo.URamaphosa utshele izithunywa ezingu-1 700 ukuthi kufanele kusetshenzelwe ubumbano hhayi ukuklwebhana futhi kuhlukanwe nezinkantolo.URamaphosa utshele izithunywa ezingu-1 700 ukuthi kufanele kusetshenzelwe ubumbano hhayi ukuklwebhana futhi kuhlukanwe nezinkantolo.URamaphosa utshele izithunywa ezingu-1 700 ukuthi kufanele kusetshenzelwe ubumbano hhayi ukuklwebhana futhi kuhlukanwe nezinkantolo.URamaphosa utshele izithunywa ezingu-1 700 ukuthi kufanele kusetshenzelwe ubumbano hhayi ukuklwebhana futhi kuhlukanwe nezinkantolo.URamaphosa utshele izithunywa ezingu-1 700 ukuthi kufanele kusetshenzelwe ubumbano hhayi ukuklwebhana futhi kuhlukanwe nezinkantolo.URamaphosa utshele izithunywa ezingu-1 700 ukuthi kufanele kusetshenzelwe ubumbano hhayi ukuklwebhana futhi kuhlukanwe nezinkantolo.URamaphosa utshele izithunywa ezingu-1 700 ukuthi kufanele kusetshenzelwe ubumbano hhayi ukuklwebhana futhi kuhlukanwe nezinkantolo.URamaphosa utshele izithunywa ezingu-1 700 ukuthi kufanele kusetshenzelwe ubumbano hhayi ukuklwebhana futhi kuhlukanwe nezinkantolo.URamaphosa utshele izithunywa ezingu-1 700 ukuthi kufanele kusetshenzelwe ubumbano hhayi ukuklwebhana futhi kuhlukanwe nezinkantolo.URamaphosa utshele izithunywa ezingu-1 700 ukuthi kufanele kusetshenzelwe ubumbano hhayi ukuklwebhana futhi kuhlukanwe nezinkantolo.URamaphosa utshele izithunywa ezingu-1 700 ukuthi kufanele kusetshenzelwe ubumbano hhayi ukuklwebhana futhi kuhlukanwe nezinkantolo.URamaphosa utshele izithunywa ezingu-1 700 ukuthi kufanele kusetshenzelwe ubumbano hhayi ukuklwebhana futhi kuhlukanwe nezinkantolo.URamaphosa utshele izithunywa ezingu-1 700 ukuthi kufanele kusetshenzelwe ubumbano hhayi ukuklwebhana futhi kuhlukanwe nezinkantolo.URamaphosa utshele izithunywa ezingu-1 700 ukuthi kufanele kusetshenzelwe ubumbano hhayi ukuklwebhana futhi kuhlukanwe nezinkantolo.URamaphosa utshele izithunywa ezingu-1 700 ukuthi kufanele kusetshenzelwe ubumbano hhayi ukuklwebhana futhi kuhlukanwe nezinkantolo.URamaphosa utshele izithunywa ezingu-1 700 ukuthi kufanele kusetshenzelwe ubumbano hhayi ukuklwebhana futhi kuhlukanwe nezinkantolo.URamaphosa utshele izithunywa ezingu-1 700 ukuthi kufanele kusetshenzelwe ubumbano hhayi ukuklwebhana futhi kuhlukanwe nezinkantolo.URamaphosa utshele izithunywa ezingu-1 700 ukuthi kufanele kusetshenzelwe ubumbano hhayi ukuklwebhana futhi kuhlukanwe nezinkantolo.URamaphosa utshele izithunywa ezingu-1 700 ukuthi kufanele kusetshenzelwe ubumbano hhayi ukuklwebhana futhi kuhlukanwe nezinkantolo.URamaphosa utshele izithunywa ezingu-1 700 ukuthi kufanele kusetshenzelwe ubumbano hhayi ukuklwebhana futhi kuhlukanwe nezinkantolo.URamaphosa utshele izithunywa ezingu-1 700 ukuthi kufanele kusetshenzelwe ubumbano hhayi ukuklwebhana futhi kuhlukanwe nezinkantolo.URamaphosa utshele izithunywa ezingu-1 700 ukuthi kufanele kusetshenzelwe ubumbano hhayi ukuklwebhana futhi kuhlukanwe nezinkantolo.URamaphosa utshele izithunywa ezingu-1 700 ukuthi kufanele kusetshenzelwe ubumbano hhayi ukuklwebhana futhi kuhlukanwe nezinkantolo.URamaphosa utshele izithunywa ezingu-1 700 ukuthi kufanele kusetshenzelwe ubumbano hhayi ukuklwebhana futhi kuhlukanwe nezinkantolo.URamaphosa utshele izithunywa ezingu-1 700 ukuthi kufanele kusetshenzelwe ubumbano hhayi ukuklwebhana futhi kuhlukanwe nezinkantolo.URamaphosa utshele izithunywa ezingu-1 700 ukuthi kufanele kusetshenzelwe ubumbano hhayi ukuklwebhana futhi kuhlukanwe nezinkantolo.URamaphosa utshele izithunywa ezingu-1 700 ukuthi kufanele kusetshenzelwe ubumbano hhayi ukuklwebhana futhi kuhlukanwe nezinkantolo.URamaphosa utshele izithunywa ezingu-1 700 ukuthi kufanele kusetshenzelwe ubumbano hhayi ukuklwebhana futhi kuhlukanwe nezinkantolo.URamaphosa utshele izithunywa ezingu-1 700 ukuthi kufanele kusetshenzelwe ubumbano hhayi ukuklwebhana futhi kuhlukanwe nezinkantolo.URamaphosa utshele izithunywa ezingu-1 700 ukuthi kufanele kusetshenzelwe ubumbano hhayi ukuklwebhana futhi kuhlukanwe nezinkantolo.URamaphosa utshele izithunywa ezingu-1 700 ukuthi kufanele kusetshenzelwe ubumbano hhayi ukuklwebhana futhi kuhlukanwe nezinkantolo.URamaphosa utshele izithunywa ezingu-1 700 ukuthi kufanele kusetshenzelwe ubumbano hhayi ukuklwebhana futhi kuhlukanwe nezinkantolo.URamaphosa utshele izithunywa ezingu-1 700 ukuthi kufanele kusetshenzelwe ubumbano hhayi ukuklwebhana futhi kuhlukanwe nezinkantolo.URamaphosa utshele izithunywa ezingu-1 700 ukuthi kufanele kusetshenzelwe ubumbano hhayi ukuklwebhana futhi kuhlukanwe nezinkantolo.URamaphosa utshele izithunywa ezingu-1 700 ukuthi kufanele kusetshenzelwe ubumbano hhayi ukuklwebhana futhi kuhlukanwe nezinkantolo.URamaphosa utshele izithunywa ezingu-1 700 ukuthi kufanele kusetshenzelwe ubumbano hhayi ukuklwebhana futhi kuhlukanwe nezinkantolo.URamaphosa utshele izithunywa ezingu-1 700 ukuthi kufanele kusetshenzelwe ubumbano hhayi ukuklwebhana futhi kuhlukanwe nezinkantolo.URamaphosa utshele izithunywa ezingu-1 700 ukuthi kufanele kusetshenzelwe ubumbano hhayi ukuklwebhana futhi kuhlukanwe nezinkantolo.URamaphosa utshele izithunywa ezingu-1 700 ukuthi kufanele kusetshenzelwe ubumbano hhayi ukuklwebhana futhi kuhlukanwe nezinkantolo.URamaphosa utshele izithunywa ezingu-1 700 ukuthi kufanele kusetshenzelwe ubumbano hhayi ukuklwebhana futhi kuhlukanwe nezinkantolo.URamaphosa utshele izithunywa ezingu-1 700 ukuthi kufanele kusetshenzelwe ubumbano hhayi ukuklwebhana futhi kuhlukanwe nezinkantolo.URamaphosa utshele izithunywa ezingu-1 700 ukuthi kufanele kusetshenzelwe ubumbano hhayi ukuklwebhana futhi kuhlukanwe nezinkantolo.URamaphosa utshele izithunywa ezingu-1 700 ukuthi kufanele kusetshenzelwe ubumbano hhayi ukuklwebhana futhi kuhlukanwe nezinkantolo.URamaphosa utshele izithunywa ezingu-1 700 ukuthi kufanele kusetshenzelwe ubumbano hhayi ukuklwebhana futhi kuhlukanwe nezinkantolo.URamaphosa utshele izithunywa ezingu-1 700 ukuthi kufanele kusetshenzelwe ubumbano hhayi ukuklwebhana futhi kuhlukanwe nezinkantolo.URamaphosa utshele izithunywa ezingu-1 700 ukuthi kufanele kusetshenzelwe ubumbano hhayi ukuklwebhana futhi kuhlukanwe nezinkantolo.URamaphosa utshele izithunywa ezingu-1 700 ukuthi kufanele kusetshenzelwe ubumbano hhayi ukuklwebhana futhi kuhlukanwe nezinkantolo.URamaphosa utshele izithunywa ezingu-1 700 ukuthi kufanele kusetshenzelwe ubumbano hhayi ukuklwebhana futhi kuhlukanwe nezinkantolo.URamaphosa utshele izithunywa ezingu-1 700 ukuthi kufanele kusetshenzelwe ubumbano hhayi ukuklwebhana futhi kuhlukanwe nezinkantolo.URamaphosa utshele izithunywa ezingu-1 700 ukuthi kufanele kusetshenzelwe ubumbano hhayi ukuklwebhana futhi kuhlukanwe nezinkantolo.URamaphosa utshele izithunywa ezingu-1 700 ukuthi kufanele kusetshenzelwe ubumbano hhayi ukuklwebhana futhi kuhlukanwe nezinkantolo.URamaphosa utshele izithunywa ezingu-1 700 ukuthi kufanele kusetshenzelwe ubumbano hhayi ukuklwebhana futhi kuhlukanwe nezinkantolo.URamaphosa utshele izithunywa ezingu-1 700 ukuthi kufanele kusetshenzelwe ubumbano hhayi ukuklwebhana futhi kuhlukanwe nezinkantolo.URamaphosa utshele izithunywa ezingu-1 700 ukuthi kufanele kusetshenzelwe ubumbano hhayi ukuklwebhana futhi kuhlukanwe nezinkantolo.URamaphosa utshele izithunywa ezingu-1 700 ukuthi kufanele kusetshenzelwe ubumbano hhayi ukuklwebhana futhi kuhlukanwe nezinkantolo.URamaphosa utshele izithunywa ezingu-1 700 ukuthi kufanele kusetshenzelwe ubumbano hhayi ukuklwebhana futhi kuhlukanwe nezinkantolo.URamaphosa utshele izithunywa ezingu-1 700 ukuthi kufanele kusetshenzelwe ubumbano hhayi ukuklwebhana futhi kuhlukanwe nezinkantolo.URamaphosa utshele izithunywa ezingu-1 700 ukuthi kufanele kusetshenzelwe ubumbano hhayi ukuklwebhana futhi kuhlukanwe nezinkantolo.URamaphosa utshele izithunywa ezingu-1 700 ukuthi kufanele kusetshenzelwe ubumbano hhayi ukuklwebhana futhi kuhlukanwe nezinkantolo.URamaphosa utshele izithunywa ezingu-1 700 ukuthi kufanele kusetshenzelwe ubumbano hhayi ukuklwebhana futhi kuhlukanwe nezinkantolo.URamaphosa utshele izithunywa ezingu-1 700 ukuthi kufanele kusetshenzelwe ubumbano hhayi ukuklwebhana futhi kuhlukanwe nezinkantolo.URamaphosa utshele izithunywa ezingu-1 700 ukuthi kufanele kusetshenzelwe ubumbano hhayi ukuklwebhana futhi kuhlukanwe nezinkantolo.URamaphosa utshele izithunywa ezingu-1 700 ukuthi kufanele kusetshenzelwe ubumbano hhayi ukuklwebhana futhi kuhlukanwe nezinkantolo.URamaphosa utshele izithunywa ezingu-1 700 ukuthi kufanele kusetshenzelwe ubumbano hhayi ukuklwebhana futhi kuhlukanwe nezinkantolo.URamaphosa utshele izithunywa ezingu-1 700 ukuthi kufanele kusetshenzelwe ubumbano hhayi ukuklwebhana futhi kuhlukanwe nezinkantolo.URamaphosa utshele izithunywa ezingu-1 700 ukuthi kufanele kusetshenzelwe ubumbano hhayi ukuklwebhana futhi kuhlukanwe nezinkantolo.URamaphosa utshele izithunywa ezingu-1 700 ukuthi kufanele kusetshenzelwe ubumbano hhayi ukuklwebhana futhi kuhlukanwe nezinkantolo.URamaphosa utshele izithunywa ezingu-1 700 ukuthi kufanele kusetshenzelwe ubumbano hhayi ukuklwebhana futhi kuhlukanwe nezinkantolo.URamaphosa utshele izithunywa ezingu-1 700 ukuthi kufanele kusetshenzelwe ubumbano hhayi ukuklwebhana futhi kuhlukanwe nezinkantolo.URamaphosa utshele izithunywa ezingu-1 700 ukuthi kufanele kusetshenzelwe ubumbano hhayi ukuklwebhana futhi kuhlukanwe nezinkantolo.URamaphosa utshele izithunywa ezingu-1 700 ukuthi kufanele kusetshenzelwe ubumbano hhayi ukuklwebhana futhi kuhlukanwe nezinkantolo.URamaphosa utshele izithunywa ezingu-1 700 ukuthi kufanele kusetshenzelwe ubumbano hhayi ukuklwebhana futhi kuhlukanwe nezinkantolo.URamaphosa utshele izithunywa ezingu-1 700 ukuthi kufanele kusetshenzelwe ubumbano hhayi ukuklwebhana futhi kuhlukanwe nezinkantolo.URamaphosa utshele izithunywa ezingu-1 700 ukuthi kufanele kusetshenzelwe ubumbano hhayi ukuklwebhana futhi kuhlukanwe nezinkantolo.URamaphosa utshele izithunywa ezingu-1 700 ukuthi kufanele kusetshenzelwe ubumbano hhayi ukuklwebhana futhi kuhlukanwe nezinkantolo.URamaphosa utshele izithunywa ezingu-1 700 ukuthi kufanele kusetshenzelwe ubumbano hhayi ukuklwebhana futhi kuhlukanwe nezinkantolo.URamaphosa utshele izithunywa ezingu-1 700 ukuthi kufanele kusetshenzelwe ubumbano hhayi ukuklwebhana futhi kuhlukanwe nezinkantolo.URamaphosa utshele izithunywa ezingu-1 700 ukuthi kufanele kusetshenzelwe ubumbano hhayi ukuklwebhana futhi kuhlukanwe nezinkantolo.URamaphosa utshele izithunywa ezingu-1 700 ukuthi kufanele kusetshenzelwe ubumbano hhayi ukuklwebhana futhi kuhlukanwe nezinkantolo.URamaphosa utshele izithunywa ezingu-1 700 ukuthi kufanele kusetshenzelwe ubumbano hhayi ukuklwebhana futhi kuhlukanwe nezinkantolo.URamaphosa utshele izithunywa ezingu-1 700 ukuthi kufanele kusetshenzelwe ubumbano hhayi ukuklwebhana futhi kuhlukanwe nezinkantolo.URamaphosa utshele izithunywa ezingu-1 700 ukuthi kufanele kusetshenzelwe ubumbano hhayi ukuklwebhana futhi kuhlukanwe nezinkantolo.URamaphosa utshele izithunywa ezingu-1 700 ukuthi kufanele kusetshenzelwe ubumbano hhayi ukuklwebhana futhi kuhlukanwe nezinkantolo.URamaphosa utshele izithunywa ezingu-1 700 ukuthi kufanele kusetshenzelwe ubumbano hhayi ukuklwebhana futhi kuhlukanwe nezinkantolo.URamaphosa utshele izithunywa ezingu-1 700 ukuthi kufanele kusetshenzelwe ubumbano hhayi ukuklwebhana futhi kuhlukanwe nezinkantolo.URamaphosa utshele izithunywa ezingu-1 700 ukuthi kufanele kusetshenzelwe ubumbano hhayi ukuklwebhana futhi kuhlukanwe nezinkantolo.URamaphosa utshele izithunywa ezingu-1 700 ukuthi kufanele kusetshenzelwe ubumbano hhayi ukuklwebhana futhi kuhlukanwe nezinkantolo.URamaphosa utshele izithunywa ezingu-1 700 ukuthi kufanele kusetshenzelwe ubumbano hhayi ukuklwebhana futhi kuhlukanwe nezinkantolo.URamaphosa utshele izithunywa ezingu-1 700 ukuthi kufanele kusetshenzelwe ubumbano hhayi ukuklwebhana futhi kuhlukanwe nezinkantolo.URamaphosa utshele izithunywa ezingu-1 700 ukuthi kufanele kusetshenzelwe ubumbano hhayi ukuklwebhana futhi kuhlukanwe nezinkantolo.URamaphosa utshele izithunywa ezingu-1 700 ukuthi kufanele kusetshenzelwe ubumbano hhayi ukuklwebhana futhi kuhlukanwe nezinkantolo.URamaphosa utshele izithunywa ezingu-1 700 ukuthi kufanele kusetshenzelwe ubumbano hhayi ukuklwebhana futhi kuhlukanwe nezinkantolo.URamaphosa utshele izithunywa ezingu-1 700 ukuthi kufanele kusetshenzelwe ubumbano hhayi ukuklwebhana futhi kuhlukanwe nezinkantolo.URamaphosa utshele izithunywa ezingu-1 700 ukuthi kufanele kusetshenzelwe ubumbano hhayi ukuklwebhana futhi kuhlukanwe nezinkantolo.URamaphosa utshele izithunywa ezingu-1 700 ukuthi kufanele kusetshenzelwe ubumbano hhayi ukuklwebhana futhi kuhlukanwe nezinkantolo.URamaphosa utshele izithunywa ezingu-1 700 ukuthi kufanele kusetshenzelwe ubumbano hhayi ukuklwebhana futhi kuhlukanwe nezinkantolo.URamaphosa utshele izithunywa ezingu-1 700 ukuthi kufanele kusetshenzelwe ubumbano hhayi ukuklwebhana futhi kuhlukanwe nezinkantolo.URamaphosa utshele izithunywa ezingu-1 700 ukuthi kufanele kusetshenzelwe ubumbano hhayi ukuklwebhana futhi kuhlukanwe nezinkantolo.URamaphosa utshele izithunywa ezingu-1 700 ukuthi kufanele kusetshenzelwe ubumbano hhayi ukuklwebhana futhi kuhlukanwe nezinkantolo.URamaphosa utshele izithunywa ezingu-1 700 ukuthi kufanele kusetshenzelwe ubumbano hhayi ukuklwebhana futhi kuhlukanwe nezinkantolo.URamaphosa utshele izithunywa ezingu-1 700 ukuthi kufanele kusetshenzelwe ubumbano hhayi ukuklwebhana futhi kuhlukanwe nezinkantolo.URamaphosa utshele izithunywa ezingu-1 700 ukuthi kufanele kusetshenzelwe ubumbano hhayi ukuklwebhana futhi kuhlukanwe nezinkantolo.URamaphosa utshele izithunywa ezingu-1 700 ukuthi kufanele kusetshenzelwe ubumbano hhayi ukuklwebhana futhi kuhlukanwe nezinkantolo.URamaphosa utshele izithunywa ezingu-1 700 ukuthi kufanele kusetshenzelwe ubumbano hhayi ukuklwebhana futhi kuhlukanwe nezinkantolo.URamaphosa utshele izithunywa ezingu-1 700 ukuthi kufanele kusetshenzelwe ubumbano hhayi ukuklwebhana futhi kuhlukanwe nezinkantolo.URamaphosa utshele izithunywa ezingu-1 700 ukuthi kufanele kusetshenzelwe ubumbano hhayi ukuklwebhana futhi kuhlukanwe nezinkantolo.URamaphosa utshele izithunywa ezingu-1 700 ukuthi kufanele kusetshenzelwe ubumbano hhayi ukuklwebhana futhi kuhlukanwe nezinkantolo.URamaphosa utshele izithunywa ezingu-1 700 ukuthi kufanele kusetshenzelwe ubumbano hhayi ukuklwebhana futhi kuhlukanwe nezinkantolo.URamaphosa utshele izithunywa ezingu-1 700 ukuthi kufanele kusetshenzelwe ubumbano hhayi ukuklwebhana futhi kuhlukanwe nezinkantolo.URamaphosa utshele izithunywa ezingu-1 700 ukuthi kufanele kusetshenzelwe ubumbano hhayi ukuklwebhana futhi kuhlukanwe nezinkantolo.URamaphosa utshele izithunywa ezingu-1 700 ukuthi kufanele kusetshenzelwe ubumbano hhayi ukuklwebhana futhi kuhlukanwe nezinkantolo.URamaphosa utshele izithunywa ezingu-1 700 ukuthi kufanele kusetshenzelwe ubumbano hhayi ukuklwebhana futhi kuhlukanwe nezinkantolo.URamaphosa utshele izithunywa ezingu-1 700 ukuthi kufanele kusetshenzelwe ubumbano hhayi ukuklwebhana futhi kuhlukanwe nezinkantolo.URamaphosa utshele izithunywa ezingu-1 700 ukuthi kufanele kusetshenzelwe ubumbano hhayi ukuklwebhana futhi kuhlukanwe nezinkantolo.URamaphosa utshele izithunywa ezingu-1 700 ukuthi kufanele kusetshenzelwe ubumbano hhayi ukuklwebhana futhi kuhlukanwe nezinkantolo.URamaphosa utshele izithunywa ezingu-1 700 ukuthi kufanele kusetshenzelwe ubumbano hhayi ukuklwebhana futhi kuhlukanwe nezinkantolo.URamaphosa utshele izithunywa ezingu-1 700 ukuthi kufanele kusetshenzelwe ubumbano hhayi ukuklwebhana futhi kuhlukanwe nezinkantolo.URamaphosa utshele izithunywa ezingu-1 700 ukuthi kufanele kusetshenzelwe ubumbano hhayi ukuklwebhana futhi kuhlukanwe nezinkantolo.URamaphosa utshele izithunywa ezingu-1 700 ukuthi kufanele kusetshenzelwe ubumbano hhayi ukuklwebhana futhi kuhlukanwe nezinkantolo.URamaphosa utshele izithunywa ezingu-1 700 ukuthi kufanele kusetshenzelwe ubumbano hhayi ukuklwebhana futhi kuhlukanwe nezinkantolo.URamaphosa utshele izithunywa ezingu-1 700 ukuthi kufanele kusetshenzelwe ubumbano hhayi ukuklwebhana futhi kuhlukanwe nezinkantolo.URamaphosa utshele izithunywa ezingu-1 700 ukuthi kufanele kusetshenzelwe ubumbano hhayi ukuklwebhana futhi kuhlukanwe nezinkantolo.URamaphosa utshele izithunywa ezingu-1 700 ukuthi kufanele kusetshenzelwe ubumbano hhayi ukuklwebhana futhi kuhlukanwe nezinkantolo.URamaphosa utshele izithunywa ezingu-1 700 ukuthi kufanele kusetshenzelwe ubumbano hhayi ukuklwebhana futhi kuhlukanwe nezinkantolo.URamaphosa utshele izithunywa ezingu-1 700 ukuthi kufanele kusetshenzelwe ubumbano hhayi ukuklwebhana futhi kuhlukanwe nezinkantolo.URamaphosa utshele izithunywa ezingu-1 700 ukuthi kufanele kusetshenzelwe ubumbano hhayi ukuklwebhana futhi kuhlukanwe nezinkantolo.URamaphosa utshele izithunywa ezingu-1 700 ukuthi kufanele kusetshenzelwe ubumbano hhayi ukuklwebhana futhi kuhlukanwe nezinkantolo.URamaphosa utshele izithunywa ezingu-1 700 ukuthi kufanele kusetshenzelwe ubumbano hhayi ukuklwebhana futhi kuhlukanwe nezinkantolo.URamaphosa utshele izithunywa ezingu-1 700 ukuthi kufanele kusetshenzelwe ubumbano hhayi ukuklwebhana futhi kuhlukanwe nezinkantolo.URamaphosa utshele izithunywa ezingu-1 700 ukuthi kufanele kusetshenzelwe ubumbano hhayi ukuklwebhana futhi kuhlukanwe nezinkantolo.URamaphosa utshele izithunywa ezingu-1 700 ukuthi kufanele kusetshenzelwe ubumbano hhayi ukuklwebhana futhi kuhlukanwe nezinkantolo.URamaphosa utshele izithunywa ezingu-1 700 ukuthi kufanele kusetshenzelwe ubumbano hhayi ukuklwebhana futhi kuhlukanwe nezinkantolo.URamaphosa utshele izithunywa ezingu-1 700 ukuthi kufanele kusetshenzelwe ubumbano hhayi ukuklwebhana futhi kuhlukanwe nezinkantolo.URamaphosa utshele izithunywa ezingu-1 700 ukuthi kufanele kusetshenzelwe ubumbano hhayi ukuklwebhana futhi kuhlukanwe nezinkantolo.URamaphosa utshele izithunywa ezingu-1 700 ukuthi kufanele kusetshenzelwe ubumbano hhayi ukuklwebhana futhi kuhlukanwe nezinkantolo.URamaphosa utshele izithunywa ezingu-1 700 ukuthi kufanele kusetshenzelwe ubumbano hhayi ukuklwebhana futhi kuhlukanwe nezinkantolo.URamaphosa utshele izithunywa ezingu-1 700 ukuthi kufanele kusetshenzelwe ubumbano hhayi ukuklwebhana futhi kuhlukanwe nezinkantolo.URamaphosa utshele izithunywa ezingu-1 700 ukuthi kufanele kusetshenzelwe ubumbano hhayi ukuklwebhana futhi kuhlukanwe nezinkantolo.URamaphosa utshele izithunywa ezingu-1 700 ukuthi kufanele kusetshenzelwe ubumbano hhayi ukuklwebhana futhi kuhlukanwe nezinkantolo.URamaphosa utshele izithunywa ezingu-1 700 ukuthi kufanele kusetshenzelwe ubumbano hhayi ukuklwebhana futhi kuhlukanwe nezinkantolo.URamaphosa utshele izithunywa ezingu-1 700 ukuthi kufanele kusetshenzelwe ubumbano hhayi ukuklwebhana futhi kuhlukanwe nezinkantolo.URamaphosa utshele izithunywa ezingu-1 700 ukuthi kufanele kusetshenzelwe ubumbano hhayi ukuklwebhana futhi kuhlukanwe nezinkantolo.URamaphosa utshele izithunywa ezingu-1 700 ukuthi kufanele kusetshenzelwe ubumbano hhayi ukuklwebhana futhi kuhlukanwe nezinkantolo.URamaphosa utshele izithunywa ezingu-1 700 ukuthi kufanele kusetshenzelwe ubumbano hhayi ukuklwebhana futhi kuhlukanwe nezinkantolo.URamaphosa utshele izithunywa ezingu-1 700 ukuthi kufanele kusetshenzelwe ubumbano hhayi ukuklwebhana futhi kuhlukanwe nezinkantolo.URamaphosa utshele izithunywa ezingu-1 700 ukuthi kufanele kusetshenzelwe ubumbano hhayi ukuklwebhana futhi kuhlukanwe nezinkantolo.URamaphosa utshele izithunywa ezingu-1 700 ukuthi kufanele kusetshenzelwe ubumbano hhayi ukuklwebhana futhi kuhlukanwe nezinkantolo.URamaphosa utshele izithunywa ezingu-1 700 ukuthi kufanele kusetshenzelwe ubumbano hhayi ukuklwebhana futhi kuhlukanwe nezinkantolo.URamaphosa utshele izithunywa ezingu-1 700 ukuthi kufanele kusetshenzelwe ubumbano hhayi ukuklwebhana futhi kuhlukanwe nezinkantolo.URamaphosa utshele izithunywa ezingu-1 700 ukuthi kufanele kusetshenzelwe ubumbano hhayi ukuklwebhana futhi kuhlukanwe nezinkantolo.URamaphosa utshele izithunywa ezingu-1 700 ukuthi kufanele kusetshenzelwe ubumbano hhayi ukuklwebhana futhi kuhlukanwe nezinkantolo.URamaphosa utshele izithunywa ezingu-1 700 ukuthi kufanele kusetshenzelwe ubumbano hhayi ukuklwebhana futhi kuhlukanwe nezinkantolo.URamaphosa utshele izithunywa ezingu-1 700 ukuthi kufanele kusetshenzelwe ubumbano hhayi ukuklwebhana futhi kuhlukanwe nezinkantolo.URamaphosa utshele izithunywa ezingu-1 700 ukuthi kufanele kusetshenzelwe ubumbano hhayi ukuklwebhana futhi kuhlukanwe nezinkantolo.URamaphosa utshele izithunywa ezingu-1 700 ukuthi kufanele kusetshenzelwe ubumbano hhayi ukuklwebhana futhi kuhlukanwe nezinkantolo.URamaphosa utshele izithunywa ezingu-1 700 ukuthi kufanele kusetshenzelwe ubumbano hhayi ukuklwebhana futhi kuhlukanwe nezinkantolo.URamaphosa utshele izithunywa ezingu-1 700 ukuthi kufanele kusetshenzelwe ubumbano hhayi ukuklwebhana futhi kuhlukanwe nezinkantolo.URamaphosa utshele izithunywa ezingu-1 700 ukuthi kufanele kusetshenzelwe ubumbano hhayi ukuklwebhana futhi kuhlukanwe nezinkantolo.URamaphosa utshele izithunywa ezingu-1 700 ukuthi kufanele kusetshenzelwe ubumbano hhayi ukuklwebhana futhi kuhlukanwe nezinkantolo.URamaphosa utshele izithunywa ezingu-1 700 ukuthi kufanele kusetshenzelwe ubumbano hhayi ukuklwebhana futhi kuhlukanwe nezinkantolo.URamaphosa utshele izithunywa ezingu-1 700 ukuthi kufanele kusetshenzelwe ubumbano hhayi ukuklwebhana futhi kuhlukanwe nezinkantolo.URamaphosa utshele izithunywa ezingu-1 700 ukuthi kufanele kusetshenzelwe ubumbano hhayi ukuklwebhana futhi kuhlukanwe nezinkantolo.URamaphosa utshele izithunywa ezingu-1 700 ukuthi kufanele kusetshenzelwe ubumbano hhayi ukuklwebhana futhi kuhlukanwe nezinkantolo.URamaphosa utshele izithunywa ezingu-1 700 ukuthi kufanele kusetshenzelwe ubumbano hhayi ukuklwebhana futhi kuhlukanwe nezinkantolo.URamaphosa utshele izithunywa ezingu-1 700 ukuthi kufanele kusetshenzelwe ubumbano hhayi ukuklwebhana futhi kuhlukanwe nezinkantolo.URamaphosa utshele izithunywa ezingu-1 700 ukuthi kufanele kusetshenzelwe ubumbano hhayi ukuklwebhana futhi kuhlukanwe nezinkantolo.URamaphosa utshele izithunywa ezingu-1 700 ukuthi kufanele kusetshenzelwe ubumbano hhayi ukuklwebhana futhi kuhlukanwe nezinkantolo.URamaphosa utshele izithunywa ezingu-1 700 ukuthi kufanele kusetshenzelwe ubumbano hhayi ukuklwebhana futhi kuhlukanwe nezinkantolo.URamaphosa utshele izithunywa ezingu-1 700 ukuthi kufanele kusetshenzelwe ubumbano hhayi ukuklwebhana futhi kuhlukanwe nezinkantolo.URamaphosa utshele izithunywa ezingu-1 700 ukuthi kufanele kusetshenzelwe ubumbano hhayi ukuklwebhana futhi kuhlukanwe nezinkantolo.URamaphosa utshele izithunywa ezingu-1 700 ukuthi kufanele kusetshenzelwe ubumbano hhayi ukuklwebhana futhi kuhlukanwe nezinkantolo.URamaphosa utshele izithunywa ezingu-1 700 ukuthi kufanele kusetshenzelwe ubumbano hhayi ukuklwebhana futhi kuhlukanwe nezinkantolo.URamaphosa utshele izithunywa ezingu-1 700 ukuthi kufanele kusetshenzelwe ubumbano hhayi ukuklwebhana futhi kuhlukanwe nezinkantolo.URamaphosa utshele izithunywa ezingu-1 700 ukuthi kufanele kusetshenzelwe ubumbano hhayi ukuklwebhana futhi kuhlukanwe nezinkantolo.URamaphosa utshele izithunywa ezingu-1 700 ukuthi kufanele kusetshenzelwe ubumbano hhayi ukuklwebhana futhi kuhlukanwe nezinkantolo.URamaphosa utshele izithunywa ezingu-1 700 ukuthi kufanele kusetshenzelwe ubumbano hhayi ukuklwebhana futhi kuhlukanwe nezinkantolo.URamaphosa utshele izithunywa ezingu-1 700 ukuthi kufanele kusetshenzelwe ubumbano hhayi ukuklwebhana futhi kuhlukanwe nezinkantolo.URamaphosa utshele izithunywa ezingu-1 700 ukuthi kufanele kusetshenzelwe ubumbano hhayi ukuklwebhana futhi kuhlukanwe nezinkantolo.URamaphosa utshele izithunywa ezingu-1 700 ukuthi kufanele kusetshenzelwe ubumbano hhayi ukuklwebhana futhi kuhlukanwe nezinkantolo.URamaphosa utshele izithunywa ezingu-1 700 ukuthi kufanele kusetshenzelwe ubumbano hhayi ukuklwebhana futhi kuhlukanwe nezinkantolo.URamaphosa utshele izithunywa ezingu-1 700 ukuthi kufanele kusetshenzelwe ubumbano hhayi ukuklwebhana futhi kuhlukanwe nezinkantolo.URamaphosa utshele izithunywa ezingu-1 700 ukuthi kufanele kusetshenzelwe ubumbano hhayi ukuklwebhana futhi kuhlukanwe nezinkantolo.URamaphosa utshele izithunywa ezingu-1 700 ukuthi kufanele kusetshenzelwe ubumbano hhayi ukuklwebhana futhi kuhlukanwe nezinkantolo.URamaphosa utshele izithunywa ezingu-1 700 ukuthi kufanele kusetshenzelwe ubumbano hhayi ukuklwebhana futhi kuhlukanwe nezinkantolo.URamaphosa utshele izithunywa ezingu-1 700 ukuthi kufanele kusetshenzelwe ubumbano hhayi ukuklwebhana futhi kuhlukanwe nezinkantolo.URamaphosa utshele izithunywa ezingu-1 700 ukuthi kufanele kusetshenzelwe ubumbano hhayi ukuklwebhana futhi kuhlukanwe nezinkantolo.URamaphosa utshele izithunywa ezingu-1 700 ukuthi kufanele kusetshenzelwe ubumbano hhayi ukuklwebhana futhi kuhlukanwe nezinkantolo.URamaphosa utshele izithunywa ezingu-1 700 ukuthi kufanele kusetshenzelwe ubumbano hhayi ukuklwebhana futhi kuhlukanwe nezinkantolo.URamaphosa utshele izithunywa ezingu-1 700 ukuthi kufanele kusetshenzelwe ubumbano hhayi ukuklwebhana futhi kuhlukanwe nezinkantolo.URamaphosa utshele izithunywa ezingu-1 700 ukuthi kufanele kusetshenzelwe ubumbano hhayi ukuklwebhana futhi kuhlukanwe nezinkantolo.URamaphosa utshele izithunywa ezingu-1 700 ukuthi kufanele kusetshenzelwe ubumbano hhayi ukuklwebhana futhi kuhlukanwe nezinkantolo.URamaphosa utshele izithunywa ezingu-1 700 ukuthi kufanele kusetshenzelwe ubumbano hhayi ukuklwebhana futhi kuhlukanwe nezinkantolo.URamaphosa utshele izithunywa ezingu-1 700 ukuthi kufanele kusetshenzelwe ubumbano hhayi ukuklwebhana futhi kuhlukanwe nezinkantolo.URamaphosa utshele izithunywa ezingu-1 700 ukuthi kufanele kusetshenzelwe ubumbano hhayi ukuklwebhana futhi kuhlukanwe nezinkantolo.URamaphosa utshele izithunywa ezingu-1 700 ukuthi kufanele kusetshenzelwe ubumbano hhayi ukuklwebhana futhi kuhlukanwe nezinkantolo.URamaphosa utshele izithunywa ezingu-1 700 ukuthi kufanele kusetshenzelwe ubumbano hhayi ukuklwebhana futhi kuhlukanwe nezinkantolo.URamaphosa utshele izithunywa ezingu-1 700 ukuthi kufanele kusetshenzelwe ubumbano hhayi ukuklwebhana futhi kuhlukanwe nezinkantolo.URamaphosa utshele izithunywa ezingu-1 700 ukuthi kufanele kusetshenzelwe ubumbano hhayi ukuklwebhana futhi kuhlukanwe nezinkantolo.URamaphosa utshele izithunywa ezingu-1 700 ukuthi kufanele kusetshenzelwe ubumbano hhayi ukuklwebhana futhi kuhlukanwe nezinkantolo.URamaphosa utshele izithunywa ezingu-1 700 ukuthi kufanele kusetshenzelwe ubumbano hhayi ukuklwebhana futhi kuhlukanwe nezinkantolo.URamaphosa utshele izithunywa ezingu-1 700 ukuthi kufanele kusetshenzelwe ubumbano hhayi ukuklwebhana futhi kuhlukanwe nezinkantolo.URamaphosa utshele izithunywa ezingu-1 700 ukuthi kufanele kusetshenzelwe ubumbano hhayi ukuklwebhana futhi kuhlukanwe nezinkantolo.URamaphosa utshele izithunywa ezingu-1 700 ukuthi kufanele kusetshenzelwe ubumbano hhayi ukuklwebhana futhi kuhlukanwe nezinkantolo.URamaphosa utshele izithunywa ezingu-1 700 ukuthi kufanele kusetshenzelwe ubumbano hhayi ukuklwebhana futhi kuhlukanwe nezinkantolo.URamaphosa utshele izithunywa ezingu-1 700 ukuthi kufanele kusetshenzelwe ubumbano hhayi ukuklwebhana futhi kuhlukanwe nezinkantolo.URamaphosa utshele izithunywa ezingu-1 700 ukuthi kufanele kusetshenzelwe ubumbano hhayi ukuklwebhana futhi kuhlukanwe nezinkantolo.URamaphosa utshele izithunywa ezingu-1 700 ukuthi kufanele kusetshenzelwe ubumbano hhayi ukuklwebhana futhi kuhlukanwe nezinkantolo.URamaphosa utshele izithunywa ezingu-1 700 ukuthi kufanele kusetshenzelwe ubumbano hhayi ukuklwebhana futhi kuhlukanwe nezinkantolo.URamaphosa utshele izithunywa ezingu-1 700 ukuthi kufanele kusetshenzelwe ubumbano hhayi ukuklwebhana futhi kuhlukanwe nezinkantolo.URamaphosa utshele izithunywa ezingu-1 700 ukuthi kufanele kusetshenzelwe ubumbano hhayi ukuklwebhana futhi kuhlukanwe nezinkantolo.URamaphosa utshele izithunywa ezingu-1 700 ukuthi kufanele kusetshenzelwe ubumbano hhayi ukuklwebhana futhi kuhlukanwe nezinkantolo.URamaphosa utshele izithunywa ezingu-1 700 ukuthi kufanele kusetshenzelwe ubumbano hhayi ukuklwebhana futhi kuhlukanwe nezinkantolo.URamaphosa utshele izithunywa ezingu-1 700 ukuthi kufanele kusetshenzelwe ubumbano hhayi ukuklwebhana futhi kuhlukanwe nezinkantolo.URamaphosa utshele izithunywa ezingu-1 700 ukuthi kufanele kusetshenzelwe ubumbano hhayi ukuklwebhana futhi kuhlukanwe nezinkantolo.URamaphosa utshele izithunywa ezingu-1 700 ukuthi kufanele kusetshenzelwe ubumbano hhayi ukuklwebhana futhi kuhlukanwe nezinkantolo.URamaphosa utshele izithunywa ezingu-1 700 ukuthi kufanele kusetshenzelwe ubumbano hhayi ukuklwebhana futhi kuhlukanwe nezinkantolo.URamaphosa utshele izithunywa ezingu-1 700 ukuthi kufanele kusetshenzelwe ubumbano hhayi ukuklwebhana futhi kuhlukanwe nezinkantolo.URamaphosa utshele izithunywa ezingu-1 700 ukuthi kufanele kusetshenzelwe ubumbano hhayi ukuklwebhana futhi kuhlukanwe nezinkantolo.URamaphosa utshele izithunywa ezingu-1 700 ukuthi kufanele kusetshenzelwe ubumbano hhayi ukuklwebhana futhi kuhlukanwe nezinkantolo.URamaphosa utshele izithunywa ezingu-1 700 ukuthi kufanele kusetshenzelwe ubumbano hhayi ukuklwebhana futhi kuhlukanwe nezinkantolo.URamaphosa utshele izithunywa ezingu-1 700 ukuthi kufanele kusetshenzelwe ubumbano hhayi ukuklwebhana futhi kuhlukanwe nezinkantolo.URamaphosa utshele izithunywa ezingu-1 700 ukuthi kufanele kusetshenzelwe ubumbano hhayi ukuklwebhana futhi kuhlukanwe nezinkantolo.URamaphosa utshele izithunywa ezingu-1 700 ukuthi kufanele kusetshenzelwe ubumbano hhayi ukuklwebhana futhi kuhlukanwe nezinkantolo.URamaphosa utshele izithunywa ezingu-1 700 ukuthi kufanele kusetshenzelwe ubumbano hhayi ukuklwebhana futhi kuhlukanwe nezinkantolo.URamaphosa utshele izithunywa ezingu-1 700 ukuthi kufanele kusetshenzelwe ubumbano hhayi ukuklwebhana futhi kuhlukanwe nezinkantolo.URamaphosa utshele izithunywa ezingu-1 700 ukuthi kufanele kusetshenzelwe ubumbano hhayi ukuklwebhana futhi kuhlukanwe nezinkantolo.URamaphosa utshele izithunywa ezingu-1 700 ukuthi kufanele kusetshenzelwe ubumbano hhayi ukuklwebhana futhi kuhlukanwe nezinkantolo.URamaphosa utshele izithunywa ezingu-1 700 ukuthi kufanele kusetshenzelwe ubumbano hhayi ukuklwebhana futhi kuhlukanwe nezinkantolo.URamaphosa utshele izithunywa ezingu-1 700 ukuthi kufanele kusetshenzelwe ubumbano hhayi ukuklwebhana futhi kuhlukanwe nezinkantolo.URamaphosa utshele izithunywa ezingu-1 700 ukuthi kufanele kusetshenzelwe ubumbano hhayi ukuklwebhana futhi kuhlukanwe nezinkantolo.URamaphosa utshele izithunywa ezingu-1 700 ukuthi kufanele kusetshenzelwe ubumbano hhayi ukuklwebhana futhi kuhlukanwe nezinkantolo.URamaphosa utshele izithunywa ezingu-1 700 ukuthi kufanele kusetshenzelwe ubumbano hhayi ukuklwebhana futhi kuhlukanwe nezinkantolo.URamaphosa utshele izithunywa ezingu-1 700 ukuthi kufanele kusetshenzelwe ubumbano hhayi ukuklwebhana futhi kuhlukanwe nezinkantolo.URamaphosa utshele izithunywa ezingu-1 700 ukuthi kufanele kusetshenzelwe ubumbano hhayi ukuklwebhana futhi kuhlukanwe nezinkantolo.URamaphosa utshele izithunywa ezingu-1 700 ukuthi kufanele kusetshenzelwe ubumbano hhayi ukuklwebhana futhi kuhlukanwe nezinkantolo.URamaphosa utshele izithunywa ezingu-1 700 ukuthi kufanele kusetshenzelwe ubumbano hhayi ukuklwebhana futhi kuhlukanwe nezinkantolo.URamaphosa utshele izithunywa ezingu-1 700 ukuthi kufanele kusetshenzelwe ubumbano hhayi ukuklwebhana futhi kuhlukanwe nezinkantolo.URamaphosa utshele izithunywa ezingu-1 700 ukuthi kufanele kusetshenzelwe ubumbano hhayi ukuklwebhana futhi kuhlukanwe nezinkantolo.URamaphosa utshele izithunywa ezingu-1 700 ukuthi kufanele kusetshenzelwe ubumbano hhayi ukuklwebhana futhi kuhlukanwe nezinkantolo.URamaphosa utshele izithunywa ezingu-1 700 ukuthi kufanele kusetshenzelwe ubumbano hhayi ukuklwebhana futhi kuhlukanwe nezinkantolo.URamaphosa utshele izithunywa ezingu-1 700 ukuthi kufanele kusetshenzelwe ubumbano hhayi ukuklwebhana futhi kuhlukanwe nezinkantolo.URamaphosa utshele izithunywa ezingu-1 700 ukuthi kufanele kusetshenzelwe ubumbano hhayi ukuklwebhana futhi kuhlukanwe nezinkantolo.URamaphosa utshele izithunywa ezingu-1 700 ukuthi kufanele kusetshenzelwe ubumbano hhayi ukuklwebhana futhi kuhlukanwe nezinkantolo.URamaphosa utshele izithunywa ezingu-1 700 ukuthi kufanele kusetshenzelwe ubumbano hhayi ukuklwebhana futhi kuhlukanwe nezinkantolo.URamaphosa utshele izithunywa ezingu-1 700 ukuthi kufanele kusetshenzelwe ubumbano hhayi ukuklwebhana futhi kuhlukanwe nezinkantolo.URamaphosa utshele izithunywa ezingu-1 700 ukuthi kufanele kusetshenzelwe ubumbano hhayi ukuklwebhana futhi kuhlukanwe nezinkantolo.URamaphosa utshele izithunywa ezingu-1 700 ukuthi kufanele kusetshenzelwe ubumbano hhayi ukuklwebhana futhi kuhlukanwe nezinkantolo.URamaphosa utshele izithunywa ezingu-1 700 ukuthi kufanele kusetshenzelwe ubumbano hhayi ukuklwebhana futhi kuhlukanwe nezinkantolo.URamaphosa utshele izithunywa ezingu-1 700 ukuthi kufanele kusetshenzelwe ubumbano hhayi ukuklwebhana futhi kuhlukanwe nezinkantolo.URamaphosa utshele izithunywa ezingu-1 700 ukuthi kufanele kusetshenzelwe ubumbano hhayi ukuklwebhana futhi kuhlukanwe nezinkantolo.URamaphosa utshele izithunywa ezingu-1 700 ukuthi kufanele kusetshenzelwe ubumbano hhayi ukuklwebhana futhi kuhlukanwe nezinkantolo.URamaphosa utshele izithunywa ezingu-1 700 ukuthi kufanele kusetshenzelwe ubumbano hhayi ukuklwebhana futhi kuhlukanwe nezinkantolo.URamaphosa utshele izithunywa ezingu-1 700 ukuthi kufanele kusetshenzelwe ubumbano hhayi ukuklwebhana futhi kuhlukanwe nezinkantolo.URamaphosa utshele izithunywa ezingu-1 700 ukuthi kufanele kusetshenzelwe ubumbano hhayi ukuklwebhana futhi kuhlukanwe nezinkantolo.URamaphosa utshele izithunywa ezingu-1 700 ukuthi kufanele kusetshenzelwe ubumbano hhayi ukuklwebhana futhi kuhlukanwe nezinkantolo.URamaphosa utshele izithunywa ezingu-1 700 ukuthi kufanele kusetshenzelwe ubumbano hhayi ukuklwebhana futhi kuhlukanwe nezinkantolo.URamaphosa utshele izithunywa ezingu-1 700 ukuthi kufanele kusetshenzelwe ubumbano hhayi ukuklwebhana futhi kuhlukanwe nezinkantolo.URamaphosa utshele izithunywa ezingu-1 700 ukuthi kufanele kusetshenzelwe ubumbano hhayi ukuklwebhana futhi kuhlukanwe nezinkantolo.URamaphosa utshele izithunywa ezingu-1 700 ukuthi kufanele kusetshenzelwe ubumbano hhayi ukuklwebhana futhi kuhlukanwe nezinkantolo.URamaphosa utshele izithunywa ezingu-1 700 ukuthi kufanele kusetshenzelwe ubumbano hhayi ukuklwebhana futhi kuhlukanwe nezinkantolo.URamaphosa utshele izithunywa ezingu-1 700 ukuthi kufanele kusetshenzelwe ubumbano hhayi ukuklwebhana futhi kuhlukanwe nezinkantolo.URamaphosa utshele izithunywa ezingu-1 700 ukuthi kufanele kusetshenzelwe ubumbano hhayi ukuklwebhana futhi kuhlukanwe nezinkantolo.URamaphosa utshele izithunywa ezingu-1 700 ukuthi kufanele kusetshenzelwe ubumbano hhayi ukuklwebhana futhi kuhlukanwe nezinkantolo.URamaphosa utshele izithunywa ezingu-1 700 ukuthi kufanele kusetshenzelwe ubumbano hhayi ukuklwebhana futhi kuhlukanwe nezinkantolo.URamaphosa utshele izithunywa ezingu-1 700 ukuthi kufanele kusetshenzelwe ubumbano hhayi ukuklwebhana futhi kuhlukanwe nezinkantolo.URamaphosa utshele izithunywa ezingu-1 700 ukuthi kufanele kusetshenzelwe ubumbano hhayi ukuklwebhana futhi kuhlukanwe nezinkantolo.URamaphosa utshele izithunywa ezingu-1 700 ukuthi kufanele kusetshenzelwe ubumbano hhayi ukuklwebhana futhi kuhlukanwe nezinkantolo.URamaphosa utshele izithunywa ezingu-1 700 ukuthi kufanele kusetshenzelwe ubumbano",1
dev_isizulu_00063,llama3.1,"Ngiyabonga ukuthi unjalo, ngokwethu kusebenza kwakho. Ngifuna ukubona ukuthi umuntu omnyama efuya imfene kuthiwa uyathakatha, noma ifuywe ezinye izinhlanga (abamhlophe) akushiwo ukuthi uyathakatha yindaba vele?",1
1222,llama3.1,"Uzenzela, izinduna zokhuluma ngoMkhandlu Oyala uMonga-meli Wamagama.",1
train_isizulu_02417,llama3.1,"@username mina mroza no mzo ngangithanda i Afrikaans ngsahlala e Richard's Bay, ngoba ngangsebenza kuwona amabhunu, bengfundisa isbhunu, nami ngasengi gheleza impela, konakala ukuthi ngize e Durban, kanti nes'otho ngyasithanda futhi @username #SisonkeDrive",1
895,llama3.1,"Ngonyaka wezi-2014, uMnyango Wezemfundo Eyisisekelo waphinde wakhuluma ne-ASIDI ukhipha ithenda yokwakha isikole samabanga aphansi iNkululeko Ralo Primary School.",1
dev_isizulu_00342,llama3.1,@username nginguqonda ukuthi ufanele ukwazi ukuthola isikhundla esingekho kwenye mini,1
198,llama3.1,"AKUJWAYELEKILE ukuthi abantu abamnyama bakhombise ukuthandana ngisho sebeguga ngoba kwaziwa ukuthi ngabezinye izinhlanga abenza kanjalo.Kuhlukile kuNkk Thandi Ngonelo (65) nomyeni wakhe uMfundisi Eddie Ngonelo (66), abangabeluleki kwezomshado abangofakazi bokuthi uthando alugugi. Bangabaholi be-Act of Obedience Ministries eThekwini kodwa bayaziwa nakwezinye izifundazwe ngomsebenzi wokweluleka.Sixoxe ngokuthandana kwabo emuva kweminyaka ewu-40 beshadile. Bafike behamba ndawonye emotweni kushayela uMfundisi Ngonelo. Wehle ku­qala uNkk Ngonelo nengubo ephuzi, izicathulo ezisagolilde, wabopha ngomchilo ophuzi igoda eliyi-afro.Babukana emehlweni uma bexoxa bencikene.“Akukona ukuthi konke bekuhamba kahle emshadweni wethu. Indlela ebesixabana ngayo, kukaningi sibona ukuthi idivosi isifanele. Akukho nento etheni esasiyibanga kodwa sasibanga ngisho izinto ezincane,” kusho uNkk Ngonelo.Uthe bahlangana bengakasindiswa kodwa uNkk Ngonelo yena wayevele esonta.UNgonelo uthe enye yezinto ezazibaxabanisa wukuthi wayengafuni umkakhe asonte futhi babehlukene ngokwesikompilo.“Bekuthi njalo uma umkami ezoya esontweni ngimnqabele, aye ngenkani. Bekungicika nokuthi ubenezihlobo eziningi kanti mina ngikhule emndenini omncane. Kuyena bekumnandi ukuvakashelwa yinqwaba yezihlobo ekubeni kanti mina ngifuna sibe naye nezingane kuphela,” kusho uNgonelo.Bathe basizwa wukumenywa kwenye inkonzo yabashadile lapho bafike babona wonke amaphutha abo. Leyo nkonzo yalandelwa enye lapho bazinikela khona basindiswa.“Kuleyo nkonzo kwaba manzi amaduku sikhala. Kwabashadile ababekhona, yithina okwachithwa nathi isikhathi esiningi ngoba kwakonakele,” kusho uNgonelo.Yize bethe izinselelo aziphelanga emshadweni, bafunda ukubekezelelana nokukhulisana. Yilokhu abathi kuhlula abaningi kulezi zinsuku.“Inkinga wukuthi umuntu uqale ahlanyiswe isiqu somuntu bese egijimela umshado engakalazi ingaphakathi lakhe. Ngeke umthole umuntu ongenasici kodwa kumele uqale uzilungise wena. Kunezinto okumele ungazinaki ngoba ngeke uzishintshe. Umshado ukuze uqine kumele ube nezinselelo, ngale kwalokho akuwona umshado. Inkinga wukuthi abantu bajaha ukuphuma emshadweni bengakawazi,” kusho uNkk Ngonelo.Mayelana nokufundana okwaziwa nge-dating, uNkk Ngonelo uthe akunankinga ngisho kubazalwane. Okubalulekile ukugwema ukuya ocansini. Bebuzwa ngokwenza uthando lwabo lungafi, bavele bahleka babukana.“Engangikwenza ngifika emshadweni namanje ngisakwenza. Ngiyezwana nokuhlanzeka futhi ngiyazibambela ekhishini. Ngino-65 kodwa ngizizwa ngimusha kunalokho,” kusho uNkk Ngonelo.Banezingane ezintathu nabazukulu abayisithupha.Ezinye izeluleko zabo:*Musa ukugxeka owakwakho njalo uma kunezinkinga.*Uma usubazi ubuthaka bakhe, zama ukumsiza.*Ngeke umshintshe umuntu kodwa funda ukumbekezelela.*Hlala umuhle njengoba wawunjalo ningakashadi.*Thoba ekhaya ukhohlwe isikhundla onaso emsebenzini nasemphakathini.*Khumbulani ukuthi kunabantu ababukela kinina abafunda umshado wenu.*Ningazami impilo eniyibona kuthelevishini.*Ungasatshiswa wukuphumelela kowakwakho kodwa yazi ukuthi uphakamisa nelakho igama.",1
2752,llama3.1,"Ngokusho kweSikhulu esi Phethe (i-CEO) i-YES uTa Ismail-Saville, phaka thi kwabantu 15.5 milioni eNingizimu Afrika abaneminyaka emalungu ephakathi kwenye yi-18 nengama-34, abayizigidi eziyi-5.8 abasebenzi.",1
train_isizulu_00071,llama3.1,@username ukhululeka kwenziwe ngokuhlukunyezwa kwabantu bokuhamba @username asibe munye mazulu akithi olwan udlame,1
test_isizulu_00397,llama3.1,"Mampara weekend, @username: ukuthula kwenkosikazi.",1
681,llama3.1,"IQEMBU eselizakhele udumo ngokushubisa izinto ePhalamende, i-EFF, lithuse abaningi izolo lingaphazamisi inkulumo ebhekiswe esizweni kaMengameli Cyril Ramaphosa ngoLwesine. I-EFF yafunga yagomela ukuthi kuzoba ncane indawo ePhalamende uma kuphela uJanuwari nonyaka uRamaphosa engacacisile ngodaba lwemali ebalelwa kuR500 000 okuthiwa wayinikelelwa yinkampani iBosasa ngesikhathi ekhankasela ukuba umengameli we-ANC. Ngemuva kwenkulumo kaRamaphosa, umholi we-EFF uMnuz Julius Malema uthe bagculisekile ngendlela umengameli aphendule ngayo izinsolo abekwe zona. “Umengameli waya kuMvikeli woMphakathi, ngaphezu kwalokho waphinde wethula umbiko wakhe (ngomnikelo weBosasa) kwi-eNCA, wathumela nesitatimende kwabezindaba. Esikufunayo nje ukuthi umengameli akwazi ukuphendula uma kukhona asolwa ngakho,” kuchaza uMalema. URamaphosa uvule inkulumo yakhe ngamancoko ngesikhathi esandlalela eveza ukuthi bavumelene noMalema ukuthi uzocula iculo elithi ‘Thuma Mina’ uma lo mholi we-EFF eba ngumengameli wezwe ngemuva kokhetho.",1
train_isizulu_02838,llama3.1,"Iyinyoni na amabhebhezi hayazi kuwela pamoja. Lapho bayithandana, ukuthethwa kwenye yonke inayoendelela.",1
dev_isizulu_00169,llama3.1,"@username 😂uzowathuka njani kanjani amabhunu ujuli arse? 🤷‍♀️ Konje they share the 8th cardinal pillar of prioritizing foreigners over locals, namabhunu vele! I'm outta here 👋🏃‍♀️🏃‍♀️🏃‍♀️",1
train_isizulu_00200,llama3.1,@username ngingabonga ukhuluma ngokuthi usifunde (ucc) ucc owathatha isbindi ngokuthi uyobikela abelungu bakhe kanye namalungu ebandla ngokuthi use positive(usfundo),1
2509,llama3.1,"i-COVID-19, isesitholwe ngabantu abayizigidi eziyi sithupha kuze kube manje.",1
2162,llama3.1,"Ngaphakathi kwakhe, ulaka lwakhe ulawula futhi wayeshaya owahla sela udadewabo la embonweni khona. Wayeka ukuba yingane enokuthula waphenduka umuntu omusha onolaka.",1
707,llama3.1,"KUSIZE amaphoyisa kucishe kusuka uthuli lwezichwe izolo phakathi kwenhlangano yezitshudeni iSasco ne-EFF Student Command (EFFSC) eDurban University of Technology ngesikhathi i-EFFSC iphazamisa isithangami seSasco nabezindaba.Usihlalo weSasco, uMqondisi Duma, bese kuphele cishe imizuzu eyishumi eqale ukukhuluma ngesikhathi kuqhamuka isigejana se-EFFSC sangena phakathi kwezintatheli sabuza ukuthi ukhulumelani ngesitshudeni esishonile uMlungisi Madonsela obeyilungu le-EFFSC ngoba abamazi. “Nikhulumelani ngoMlungisi, uyamazi? Yekani le nto eniyenzayo,” kusho esinye sezitshudeni ze-EFFSC sishaya amakhamera simphuca nephepha abefunda kulona. Kube sekungenelela amaphoyisa ahlukanisa isixuku kwahlakazekwa kanjalo. UDuma uqhubekile wakhuluma nezintatheli ezitshela ukuthi abanalo udlame bayahlonipha. Uthe sibi isehlakalo sokubulawa kwesitshudeni ngoba silwela imfundo. “Siyakhala ngendaba yokuqashwa kwenkampani yonogada ezimele ukuqapha izitshudeni. Sifuna inyuvesi ilungise ibathathe bonke abangakabhalisi ukuze babhalise,” kusho uDuma. Umengameli womkhandlu owengamele izitshudeni eDUT, uKhanyisani ‘Godlimpi’ Khambule, ugxeke inyuvesi emuva kokushona kukaMadonsela oshonele esibhedlela esizimele eThekwini. Ukhambule uthe basemanzini ngenxa yokwenzeke izolo lapho omunye wonogada obeqashwe yinyuvesi edubule isitshudeni sashona. “Sifuna ukudlulisa umlayezo kubaphathi baseDUT, kuhulumeni nakwabomthetho wokuthi kusiphethe kabi okusehlele. Akusiphathi kahle ukuthi kudutshulwe ilungu le-EFF lashona ngenxa yesiteleka,” kusho uKhambule. Izitshudeni ze-EFF zimashe emgwaqweni odlula kulesi sikhungo izolo kanti amaphoyisa abelokhu eqaphe isimo. Ukhambule uthe bavamile ukuteleka enyuvesi futhi uvamise ukuthi badutshulwe ngezinhlamvu zenjoloba kodwa ngoLwesibili onogada badubule ngezinhlamvu zangempela. “Onogada balandela imiyalelo abayinikwa abaphathi benyuvesi ukuthi abadubule izitshudeni,” kusho yena. Emashini bekukhona namalungu emikhandlu ehlukene okubalwa iSadesmo ye-IFP neBLF. Abengamele izitshudeni enyuvesi yaKwaZulu-Natal ophikweni i-Edgewood, Westville, Howard kanjalo naseMangosuthu University of Technology bakuqinisekisile ukuthi namabhasi ezitshudeni awasebenzi. Okhulumela i-EFFSC eMUT, uMvuyisi Mavuthulana, uthe inyuvesi izovalwa kuze kufezwe izidingo zezitshudeni. “Sizobhekana ngendlela eyiyo nalesi senzo saseDUT ngoba uma sikhombisa ukwesaba singaphinda senzeke lesi sehlakalo futhi sizoqhubeka nokuphatha bethanda bengathandi,” kusho uMavuthulana.",1
2671,llama3.1,"(i-SAFPS), ngonyaka owedlule izi lenkohlakalo lencane lafinyelela kuma-161% eMpumalanga Kapa, kanti futhi lafinyelela kuma-120% eGauteng. U-Manie van Schalkwyk, onguMqondisi Omkhulu wase-SAFPS, uthi: “Okukha thaza kakhulu inkohlakalo eyenziwa ngegama”",1
train_isizulu_01160,llama3.1,inkawu zingibuysela emuva ziliwedile ishaladi lami 🤣🤣🤣 #url,1
3025,llama3.1,"Ukulindela ukwe nyuka kwesibalo so kwesuleleka nge gciwane. UMongameli u-Ramaphosa uthi, ukulungiselela ukwenyuka kwesibalo sabantu abaphezulu igciwane le-corona (i-COVID-19) ezweni, kunemibhede yasezi bhedlela eyizi-20 000, futhi, ihlelwe izigameko.",1
550,llama3.1,"seSheTradesZA futhi bathola ukufunda nge-inthanethi kwamahhala kanye nokwakhiwa kwama khono.Isizinda se-SheTradesZA sizobuye sithuthukise ukufinyelela kutshalomali lwamabhizinisi aphethwe ngabesifazane futhi sigqugquzele namathuba, ngezindlela zokwakhiwa kwama khono kanye nokubhala kwamahhala.",1
2284,llama3.1,"Uma ungenaye umlingani noma izingane, bobabili bazali besaphi la, bazodla ifa ngezabelo ezilinganayo. Uma umza li oyedwa eshonile, kepha eshiye abafowabo nodade wabo, umzali osele uzo thola isigamu sengxenye yefa kanti inzalo yomza li oshonile.",1
train_isizulu_02045,llama3.1,"Mazulu amahle, ngikhulume ukuthi izingane zethu zinamshadiwe njalo, kwenkos' uSenzangakhona ❤️😊",1
200,llama3.1,"IZITSHUDENI zikusho lokhu ngesikhathi zizokweseka ozakwabo oSamukelisiwe Ndlovu, Nompumelelo Nduli noMlekeleli Shandu abebevele enkantolo yeMantshi eThekwini izolo ngecala lokususa udlame emphakathini.Izitshudeni ziphume ngebheyili kaR500 umuntu emunye.UXolo Magutshwe, uMengameli weSASCO kule nyuvesi uthe ukuboshwa kwalazi zitshudeni kungenye yezindlela zamaphoyisa zokubasabisa ukuthi zingaqhubeki nokulwela imfundo yamahhala ezithenjisiwe.",1
1848,llama3.1,"Sesadlula isikhathi lapho sasingathi akekho umuntu esimaziyo otheleleke ngegciwane lecorona . Manje abangani bethu, nemindeni, ozakwethu kanye nomakhelwane bethu badinga ukuhawukelwa nokuthi sibazwele kakhulu kunakuqala.",1
train_isizulu_00365,llama3.1,"""@username: @username isifiso sakhe sikhuluma ngokwenza imomozi kakhulu hayiyo, ngingizwa ukuthola kuwekwa muvu.""",1
1555,llama3.1,"Lapho silubona, noma ngabe lwe-nziwa ngumngani wethu, obaba noma abafowethu. Ake sibe isizukulwana esiqeda ukucindezelwa kwabesifazane ngezindlela zonke, esikhathini sethu sokuphila. Isizukulwane esinesibindi sangowe-1956 samashela thina sonke. Kumele sibone isizukulwana esiqeda ukucindezelwa kwabesifazane ngezindlela zonke, esikhathini sethu sokuphila.",1
1980,llama3.1,Abaholi benkolo badlale indima ebaluleke kakhulu ekugqugquzeleni umpha kathi ukuthi uthobele izinya thelo zezempilo emicimbini yesintu namasiko efana ne mingcwabo.,1
941,llama3.1,"Okwamanje futhi udaba lomunye nomunye lwehlukile, noma kunjalo, usiza kakhulu ekunikeni amandla futhi ubuyise isithunzi saleso sisulu, ""kusho isitatimende se-NPA. Kunezikhulu zenkantoloezingama-161 ezinkantolo eza-hlukene ezweni jikelele.",1
20,llama3.1,"wokufunda. Olunye lwezinhlelo uhlelo lweWoza Matrics , olwethulwa ngokusemthethweni mhla lulu-1 kuMandulo, kuhlanganyela nabahlanganyeli bezokusa kaza abaningi kanye nongcweti bezemfundo. Njengengxenye yohlelo, ukufundwa kwezifundo ezisilele emuva",1
658,llama3.1,"Izibhedlela zesikhasha-na, zibandakanya izinkundla ze-midlalo iCape Town Stadium kanye neFNB Stadium . Uhulumeni waseJalimani kanye nenkampani yezimoto i-Volkswagen yenze isethembiso semali eyizigidi ezingama-R107 nezosiza ukwakha isibhedlela sesikhashana.",1
1272,llama3.1,Umbono lwabantu abazuza kwi Nhlangano yezimpesheni Nezibonelelo Zikahulumeni eNingizimu Afrika.,1
test_isizulu_00636,llama3.1,"Ladies be warned: indoda yecommunity is a menace, mlungu wena China will get you in the inbox, beware of men who will embarrass you, especially those with a small following like ngempela.",1
3050,llama3.1,"Ukwengeza kutshalo mali abazoluletha, lokhu kuthuthuka kuzophinde kube nomthelela eku zimiseleni kwethu kokuthi izwekazi likhiqize ama-60% ezidingo zalo zomgomo ngowezi-2040.",1
735,llama3.1,"Ukuhlukumeza ngoko mphefumulo, ngamazwi kanye nangokomqondo: Lokhu kwenzeka uma umuntu ehlangane nezinga lezi zonke, ejivazwa noma ebizwa ngamagama ajivazayo.",1
train_isizulu_00770,llama3.1,"hehe @username ""ukhohlwe ukutagger ibhunu, @username!""",1
682,llama3.1,"Igciwane. Abantu abakuthola kunzima kakhulu ukuyolanda imithi yabo futhi abanye abantu aba kwazi ukufinyelela kwezinye izinsiza nje, ezifana nokusokwa kwabesilisa ngokuzithandela. Ngesikhathi esifanayo, ziningi izifundo esizifunde ngezempilo",1
84,llama3.1,"Emuva kokuvakashela leli dolobha okwesibili selokhu kwaba nezikhukhula, kungicacele ukuthi lokhu kukhathazeka kwakuyiphutha. KwaZulu-Natali, njengaseMpumalanga Kapa naseNyakatho Ntshonalanga, bonke ababambiqhaza bebesebenza kanzima ukuze lezi zifundazwe.",1
2134,llama3.1,Ungumgomo wabo kwiziPhathimandla Ezilawula Imikhiqizo Yeze mpilo eNingizimu Afrika (i-SAHPRA) ngaphambi kokuba umgomo ugunya zwe ukuthi usetshenziswe.,1
2943,llama3.1,"Ngokwethu kuhlanganiswa, siqhubeka sisebenze njalo ngenxa yalokho lokhu okhuluma ukuthi siqhubekela phambili.",1
train_isizulu_00265,llama3.1,Bhebha bhebha 🔥🔥 #InthemixTurns5 #URL,1
train_isizulu_02235,llama3.1,"""Imfene iphakelwa kwenye account yakwenu"" @username kodwa #Fakumoya @username #NyusiVolume2016",1
3375,llama3.1,"ekulweni nengcindezelo yokulwa nokungabibikho kobu-lungiswa. Lesi sigameko esiyingqophamlando esenzeka eminyakeni engama-45 edlule siyaqhubeka nokubungazwa kuyoyonke i-Afrika kanye nomhlaba wonke. Ngakho-ke kuyathikameza kakhulu ukuthi ulwazi mayelana nayo ukuhlanganisa kwenye yonke inkulumo zokulwa nokungabibikho, ngaphandle kwabo bonke bazoqhubeka nokubungazwa.",1
168,llama3.1,"Ecabanga ngezinguquko zemifelandawonye emhlabeni jikelele ezingezweni zokuphela kwempi iCold War , wabhala ukuthi amazwe kuzome le ""aphinde aphose udobo lwawo"" uma efuna ukuzuza ezindabeni zamazwe ngama zwe.",1
3411,llama3.1,Imithethosivivinywa eminingi ibhalwa yiminyango kahulu meni ngaphansi kokuqondisa swa nguNgqongqoshe ofane lekile. UMthethosivivinywa ugunyazwe yiKha bhinethi ngaphambi kokuba uthunyelwe ePhalamende.,1
train_isizulu_00205,llama3.1,"@username, ngiyakuthanda ukukwaziwa ukuthi uhlala njalo, kanti ngibona ukuthi utholiwe. #support",1
train_isizulu_01997,llama3.1,Waze wawaphendula Aretha Franklin ngokwenza ulungelelo lwakhe 🤣,1
850,llama3.1,"Iphupho lalo lwaphenyo, ilungelo lokwethu likhuluma ngoMongameli, isikhulu sakwabo bonke.",1
train_isizulu_00606,llama3.1,Bhebha uhambe? Ezweni... anginamnandi 😕,1
1133,llama3.1,"Kuchaza ukuthi ukube-kwa kwesikhungo endaweni kungashintsha unyaka nonyaka. Womabili amaqembu abafundi laba abazofundela emakilasini nsuku zonke, kanye nalabo abazofundela emakhaya banethuba lokuthi bafinyelele kunoma yiluphi uhlobo lwezinsiza.",1
3214,llama3.1,"KweIndustrial Corridor kunesabelomali esilinganiselwa kwizigidigidi ezingama-R26 futhi ingeminye yemiklamo ephambili kahulumeni kazwelonke. Waziwa ngokuthi i-SIP2. Lo mklamo uzovula u-N3 ngeminye imizila ohlangothini ngalunye. Ubuye ubandakanye, ukhuluma kwenziwe kwamathuba asebenza ngaphandle kwamagogo",1
653,llama3.1,"Sesikhashana ezweni, sine-mibhede engama-862. Silalise iziguli zaso zokuqala ezili-10 mhla zi-8 kuNhlangulana. ENyakatho Ntshonalanga, amaqembu akha izibhedlela zibenkulu ngokwengeza izakhiwo.Isimo sokulungela iCOVID-19 e-Gauteng, UNdunankulu wase-Gauteng uhlala ukuthi isimo sikaqhubeka kwenye iziguli.",1
2069,llama3.1,"Ihlo leli entsha lihlulwa ngomklomelo we-17th Sector Innovation Awards 2019, kwenye uhlobo lwe-Innovations Harnessing 4IR Solutions.",1
train_isizulu_01039,llama3.1,"Njalo njalo, kungulwesihlanu sizofuna ukubukeka kwamunye wena @username #SisonkeDrive",1
529,llama3.1,"KUBATSHAZWA inkosi yaseVulamehlo, eNquthu okuthiwa iphakamise ukuthi abangaganiwe bakhokhe intela yobumpohlo ekubeni umphakathi usukhathele wukukhokhiswa intela ngezinto ezehlukene. Kukhalwa nangemali ekhokhwa abashonelwe enguR600 umphakathi othi awazi ngeyani.Kuthiwa kweminye imingcwabo kuze kulamule inkantolo enquma ukuthi umuntu angcwatshwe. Inkosi kuthiwa isuke ishaya phansi ngonyawo, ithi ngeke angcwatshwe kungakhokhiwe.UMnuz Elliot Nkosi osekomitini lomphakathi elizama ukulwa nale mithetho, uthi abahleli neze kahle endaweni ngenxa yesandla sensimbi abaphethwe ngaso yinkosi. Uthe basanda kubabaza umhlola nje inkosi ithi abantu abangaganiwe kufanele bakhokhe imali njalo ngonyaka eyintela yokuba yimpohlwa.Kuthiwa inkosi ayinazwelo noma ngabe uyahlupheka noma ungumfelokazi, ifuna imali ngoshova kubona, ithumela izinduna zayo okuthiwa nazo azihleki azithi nsi.Ithintwa inkosi Thathezakhe Ngobese ngalolu daba, ithe yonke indawo inomthetho wakhona uma kukhona ongahambisani nemithetho akaye kwenye indawo.“Uma abantu beze enkantolo yenkosi bathola usizo mihla namalanga endaweni yakwaNgobese. Basuke bethi umabhalane wasenkantolo ukhokhelwa ngani?“Amaphepha nezigxivizo konke kukhokhelwa ngani?’’ kubuza inkosi.Ithe ngeke izwe ngabantu abasuka emadolobheni bexakwe wukubiza kwempilo bezohlala emakhaya bese befika bashaye imithetho ebhedayo.Ithe kwayena uNkosi lowo ophakamisa izikhalo wayesuke eHlobane koVryheid futhi abazi ngisho ithuna likayisemkhulu njengoba esezokhuluma ezesigodi sakwaNgobese.Okhulumela uMnyango wezokuBusa ngokuBambisana neziNdaba zoMdabu KwaZulu-Natal, uMnuz Lennox Mabaso, uthe basalinde umbiko.“Silithumile ithimba lethu ukuthi liyozwa kahle ukuthi kwenzenjani, umphakathi ukhala ngani bese siyabona ukuthi senzanjani,"" kusho uMabaso.",1
3501,llama3.1,"Njengengxenye yohlelo lwethu Lokwakha Kabusha kanye Nokuvuselelwa Komno tho, sizoqhubeka sisebenze ngokuzikhandla ukuze si nwebe utshalomali olubheke lele ingqalasizinda kanye ne nguquko zezimboni zethu.",1
dev_isizulu_00242,llama3.1,"@username ngiyakuvukwe ukuthi uyisuke, angithandi inkomo yobuthongo.",1
1786,llama3.1,"Izinto ezinayo isifiso esivame ukuthola kwa njalo, ngokungcolileyo kwabanye noma kwa njalo.",1
train_isizulu_01240,llama3.1,@username ngiyingakayihamba kuku (ikhekhe ngesintu) au ikuku (inkomo ngesintu)... sibona ngifune ukwazi ukuba sure,1
train_isizulu_01333,llama3.1,"Ngiyabonga kakhulu, ngamla wakho! 🙏😊 #ngiyabonga",1
590,llama3.1,"LIGWEME ihlazo lokulandwa yiveni lakhetha ukuzinikela emaphoyiseni ilungu eliqavile le-ANC, elibhekene necala lokukhomba uzakwabo ngesibhamu ngesikhathi betholana phezulu emhlanganweni.UMnuz Arthur Zwane, uzinikele emaphoyiseni kuleli sonto mayelana nezinsolo zokukhomba uMnuz Sipho Hlomuka ngesibhamu ngesikhathi bexabana. UHlomuka uyiPhini likaNobhala we-ANC esifundazweni, uphethe nesokuba nguNgqongqoshe wezokuBusa ngokuBambisana neziNdaba Zomdabu. Kuthiwa uZwane wangena nezicabha emhlanganweni ongena njalo ngoMsombululo, wacela uHlomuka esitikini batholana phezulu phambi kwabaholi baze balanyulwa. Kwaze kwaphoqa ukuthi ancengwe uZwane abeke phansi isibhamu ngoba wayengezwa lutho, esho ukumqeda uHlomuka. UZwane uke waba sesigungwini esiphezulu se-ANC KwaZulu-Natal waphatha nesikhundla sikaSihlalo we-ANC eMalahleni. Kuthiwa uzinikele emaphoyiseni eDurban Central, ehamba nommeli wakhe wavela eNkantolo yeMantshi eThekwini wadedelwa ngebheyili kaR10 000.",1
train_isizulu_00533,llama3.1,Lazela ibhunu elilaziweyo. Ngizalwa kodwa nguye.,1
1022,llama3.1,"Ukwanda kwezindaba ezi ngelona iqiniso ngesikhathi sobhubhane, ikakhulukazi ezinkundleni zokuxhumana, kwengeze isidingo esiphuthu mayo sezindaba eziningi ezinembayo, ezilungile futhi ezingathathi cala.",1
1271,llama3.1,"Izakhamuzi zaseNingizimu Afrika, abahlali ngokugcwele, abafuna ukubhalisa, abasebebenyuvesi, ekolishi e-TVET.",1
3258,llama3.1,"Lo mqulu ubuye uhlukile 'umkhakha ozimele oguquguqukayo, osebenzisa amakhono kanye nekhono labo bonke abantu baseNingizimu Afrika kanye nemisebenzi yamabhizinisi enomthelela omkhulu ekudaleni amathuba omsebenzi, ukuthi ugqugquzelwe ngenkuthalo.'",1
98,llama3.1,"Ezikhathini ezahlukene emlandweni wentando yeningi labantu yethu, siye sabhekana nezigameko kanye nezimo ezihlole ubungako bamandla abantu bakithi kanye nokusebenza ngempumelelo kwezikhungo zethu.",1
train_isizulu_02108,llama3.1,Imomozi idlaliswa kulo Twitter...,1
dev_isizulu_00270,llama3.1,@username #wnb ngifuna inyama ekhaya yadliwa engithi angiyidlile nemfene mabengangthela ukuthi imfene ngayidla nje!,1
1391,llama3.1,"Sikhathini esiphakathi, ukhombisa kwabonke ukuthola kuqhubeka ekufeni.",1
2812,llama3.1,Yamachweba futhi kwenziwe ngcono ukulawulwa kwemigudu yeziqukathi emachwebeni eThekwini naseNgqura.,1
train_isizulu_02136,llama3.1,"Ngicela ukuthanda kwenziwe ngempela, ngilaza! #slimlaughter",1
1210,llama3.1,"Emavikini ambalwa edlule, sesibhekane nezithombe eziyizwa usizi zabantu abahluphekile bebanga izijumbana zokudla ezikhungweni zokunikezela ngokudla kanye nemibhikisho yemiphakathi ngokuswelakala kokudla.",1
124,llama3.1,"Ukutholwa kwenye Mthetho weSisekelo, ukubunjwa kweHulumeni, noma ukubandakanya kwabantu abaseAfrika, yonke inayoqhubeka kuze kube ngokuziphatha.",1
3304,llama3.1,"Qile, amaphesenti a-13 Isifo sofuba, amaphesenti a-13 lama ngokuphuthuma emva kokunqoba lezi zimpawu zakhe,"" kusho yena.",1
test_isizulu_00638,llama3.1,"U Percy udla inkomo ephesha kwilizwe, wabona ukhuluma ngokwenzeka kwenye isandlwana la zilwandle.",1
2497,llama3.1,Izindleko zokwabika zizibhukela ukubonwa komuntu othile. Izindaba ezinobikho kwenye mihla yezo sizibenganyelwa ngendlela esebenzayo kwemigqa.,1
2335,llama3.1,"Amazwe ezwenikazi azokhahlamezeka kakhulu ngubhubhane, amaningi angeke abe nazo izinsiza ezidingekayo ukumelana nenselele yezempilo yomphakathi noma ukuvikela iminonotho yawo. Ngakho-ke sabe sesivumelana njengamazwe ase-Afrika ukuqoka abantu.",1
train_isizulu_02460,llama3.1,"@username ngiyabonga ukuthi ukuve nixakile, nina mazulu okungenjani kwenye ulwimi 🙄",1
test_isizulu_00449,llama3.1,@username #ukhozifmvabs isibonge ukuthi umongameli semvumile ubhejane omncane njengesilo nkosi yethu mazulu asbonge @username luhamba phambili emadlankala 93.4mhz ##url,1
662,llama3.1,"Ipro-jekthi Yemishini Yokuphefumula Kuzwelonke (i-National Ventilator Project) inayoza kwenye Mbasa, ili kuwezesha imishini zinazofanyika nje ya nyumba kutokana na kwentuluka kwa mishini yote duniani. Tunahitaji ukuthibitisha kwamba mkakati huu utaanza mnamo Nhlangulana na serikali",1
746,llama3.1,"ILUNGU leDA esiShayamthetho KwaZulu-Natal uNksz Mbali Ntuli liphakamisa ukuthi ahlolisiswe amaloli ukuthi asesimeni sokuba semgwaqweni emuva kokusinda engozini yemoto ngempelasonto. uNksz Ntuli usinde ngokulambisa ngesikhathi imoto yakhe ishayiswa yiloli kuN3 ngaseMariannhill Toll Plaza yona yabe isishayisa ezinye izimoto kubalwa eyamaphoyisa neyelungu lePhalamende le-ANC uMnuz Enoch Mthethwa. Abashayeli bezimoto ezintathu ezishayiswe ekaNksz Ntuli kubikwa ukuthi basesibhedlela namanje lapho belashwa khona emva kwengozi. Engxoxweni neSolezwe izolo, uNksz Ntuli uthe usakhungathekile namanje emva kwengozi. ""Ngibonga uMdali ngokuthi ngisindile. Leli loli lingene ngemuva emotweni yami layiphusha yabe isiyaphenduka yashayisa ezinye izimoto zabantu kubalwa neyelungu lePhalamende likazwelonke."" uNksz Ntuli uthe. ""Kwakona ukuthi leli loli belihamba emzileni ohamba izimoto ezigijimayo. Akukho emthethweni yingakho nje ligcine selenza ingozi ecishe yabulala inqwaba yabantu."" uNksz Ntuli uthe. ""Ngicabanga ukuthi kumele kwenziwe uphenyo olunzulu ngale ngozi ngoba kuyaqapheleka ukuthi izingozi eziningi ikakhulukazi kuN3 zidalwa ngamaloli asuke ephelelwe ngamabhuleki."" uNksz Ntuli uthe. UMthethwa we-ANC naye imoto yakhe elimele kulengozi uthe empeleni bayisikhombisa abantu abathintekayo kulesi sehlakalo. ""Umshayeli weloli uvumile endaweni yesehlakalo ukuthi iloli lakhe liphelelwe ngamabhuleki."" uMthethwa uthe.",1
2103,llama3.1,"Ngokulandela izinhlelo ezinkulu kulo mkhakha siqhuba ukuqhutshwa kwamabhizinisi khona lapha ekhaya okuzozuzisa amabhizinisi abantu abamnyama. Isibonelo, izindawo zabalimi abamnyama zokufuya izinkukhu eziyishumi zisunguliwe ngotshalomali lwezigidi",1
242,llama3.1,"USEKWA nayiziMeya zomasipala abakhulu eGauteng umholi weDA KwaZulu-Natal, uMnuz Zwakele Mncwango (osesithombeni), iqembu lakhe elibheke engqungqutheleni yesifundazwe ezoba se-Olive Convention Centre, eThekwini, ngoFebhuwari 3. IMeya yaseJohannesburg, uMnuz Herman Mashaba, neMeya yaseTshwane, uMnuz Solly Msimanga, baphumele obala ezinkundleni zokuxhumana baseka uMncwango ekutheni abuyiselwe esikhundleni sakhe. UMashaba noMsimang bathi iDA ikhule kakhulu eKZN iholwa wuMncwango. UMncwango ubanga isikhundla sokuhola iqembu eKZN noMnuz Emmanuel Mhlongo oyikhansela laseThekwini. Oke waba yimbangi kaMncwango enkulu, uMnuz Sizwe Mchunu, akazange awungenele umbango. Esikhundleni sikaSihlalo wenhlangano esifundazweni kubanga uMnuz Francois Rodgers noMnuz Dean Mcpherson. UMncwango ukwamukele ukuphakanyiswa kwakhe. Ungu leDA esiShayamthetho KwaZulu-Natal, uMnuz Hlanganani Gumbi, ngoLwesibili uthe lifisa uMncwango ukuthi aqhubeke nokuhola iqembu esifundazweni. UGumbi uthe iDA ikhulise ukwesekwa kwayo esifundazweni iholwa nguMncwango. ""Okokuqala emlandweni iDA inamakhansela uMkhanyakude wonke, namakhansela KwaNongoma nakwezinye izindawo zasekhaya. Konke lokhu sikuzuze ngoMncwango,"" kusho uGumbi. Uthe kumanje iDA ihola omasipala abaningi KwaZulu-Natal ngokubambisana ne-IFP. ""Uma kusenoMncwango iDA izosuka ekubuseni ngokubambisana ne-IFP igcine sekuyiyona yodwa ebusayo,"" kusho uGumbi.",1
1645,llama3.1,"ukuvala igebe elivumela izaphula-mthetho ukubalekela ubulungiswa futhi inika ngokugcwele abesifazane nabantwana bezwe lethu amalungelo. Le Mithetho-sivivinywa, uma isiphasisiwe yaba imithetho, izosiza ukubuyisa ukuzethemba kwabesifazane bezwe lethu, kuthiwa ngokupheleleyo ukususa ukulungiswa kwabo.",1
test_isizulu_00432,llama3.1,"Iphone yintsika emfene, alo ye open",1
2747,llama3.1,"Ucwaningo lwaphakathi lwabambiqhaza luveza ukuthi unyaka nje owodwa wesipiliyoni somsebenzi kuCV, nencwadi ewubufakazi ngamakhono nolwazi lomu ntu (i-reference letter), kwenyu sa amathuba okuthola komu ntu umsebenzi ngokuphindwe kathathu.",1
684,llama3.1,"UMNDENI WASEMTULWA UQOKWE UMAYA EMUVA KUKHETHO LAKA-2016, UBENGASAPHEFUMULI KAHLLE SENGATHI UVUKWA I-ASTMA OBESO.",1
2456,llama3.1,"Okungeke kuphinde kube khona.Kodwa ngendlela intsha ya-ngonyaka odlule echaze ngayo umsebenzi wayo, intsha yana-muhla iwuchazile owayo.Intsha yaseNingizimu Afrika yangowezi-2020 iyaﬁ ka ebangeni eliphezulu elabekwa abangaphambili. Banethemba, bayabekezela kwenye isikhungo lomsebenzi wawo.",1
2005,llama3.1,"Izidakamizwa. Kumele sizame sizigcine siphilile ukuze sigweme izifo ezivikelekayo kanye nokuphila isikhathi eside. Amasiko anjengalawo kumele amukelwe ikakhulukazi yilabo abanezikhundla namandla kanye nomthelela, noma ngabe bangabaholi bamasonto.",1
train_isizulu_01639,llama3.1,Sikubona umuntu otholwa ukuthola ilotto yake kwenye Twitter.,1
train_isizulu_02088,llama3.1,🔔 Mazulu akithi amahle ngicabanga ukuthi lokhu kunganisiza. Kumele nizazi lezinto ngoba abanye bethu bazophatha imizi kusasa. Ziphe isikhathi ufunde le-thread uze uyiqede. RT 🔃 ukusiza nabanye 👍,1
2609,llama3.1,Izinto zinazo ku ethinteke kakhulu ngokwemikhawulo yase sigaba sesine esinguqule.,1
2638,llama3.1,"Njengabantu baseNingi zimu Afrika, sibonise isigqoko sasezwe lahlukene nazo zonke izingede emikhakheni kahulumeni nezimele abadalula inko hlakalo elukhuni futhi eyethu sayo. Sibuke konke lokhu ngaphandle kokulindela ukubongwa noma ukuthola umklomelo. Okubalulekile nje",1
995,llama3.1,"Kodwa amazwe anezikhu ngo eziqinile, izinhlelo zobu lungiswa eziqaphile kanye nezindaba ezinamandla ukwazile ukugwema ukuthi amalungelo abantu abukelwe phansi nokuhlukunyezwa kweziphathimandla zo mbuso.",1
dev_isizulu_00490,llama3.1,"@username ukhuluma ngani ushiye handi lokhu, wakho siyayazi ukuthi ungewona amasende akho",1
train_isizulu_02359,llama3.1,Okusalayo Somizi anayazi imomoyi,1
test_isizulu_00646,llama3.1,Balele balele umama nobaba ubhebhana nami msunu kanyoko #MemuloSongs ##URL,1
2587,llama3.1,Inarejisha watu wote kwenye orodha ya kuwasili. Wanatengenezwa kupitia baadhi ya mashirika ili kupata visa zao za kuingia nchini.,1
2513,llama3.1,"Izintsha zokufaka izicelo njengakuWhatsApp kanye ne-USSD, sasungula nohlelo lokusebenzisana namabhange ukuze sikwazi ukuqinisekisa imininingwa ne yasebhange. Lena yimpu melelo eyisimanga esikha thini esifushane kangaka, ukhuluma kwenye WhatsApp njengoba nje.",1
66,llama3.1,"Onyakeni wezimali wezi- 2015/16, isabelomali esabe- lwe lolu hlelo silinganise- lwa kuzigidigidi eziyisi- 5703 zamarandi. URakwe-",1
1540,llama3.1,"Lokhu kuzobandakanya ukuxoxisana nomkhakha wezezimali ukwenza ukuthi izinsiza zezimali abesifazane bafinyelele kuzona futhi zingabizi, okwesithathu abesifazane aba-ningi bayafinyelela ezimpahleni zokukhiqiza ezifana nomhlaba.",1
2887,llama3.1,Umajoyine wabantu abaningi abachaza ngamagama asebenza kwa njalo athuku okuthuthukisa.,1
142,llama3.1,"Esiphuthumayo, njengezinkinga zokuphefumula, ubuhlungu esifubeni sakho engedluli, ukukhwehlela igazi, ukuhlala kunqwabelene imicabango, ukuhlala wozela noma ukuba nezindebe, kumele ubize imoto",1
1122,llama3.1,Kutengela izinto zikaKhristu kwa siku zote.,1
train_isizulu_00719,llama3.1,Ngingamangali ngoba ngis'dudla xesha!!!!!!! @monsterlus b #ngiyazifuna,1
2229,llama3.1,"Ngiyathandaza ukubona ukhala ngokungakhuluphika, kanti ngiyakunikeza mfumo wamthetho ukuthi ushicile ukuqinisekisa umfakisicelo.",1
2288,llama3.1,"Ukwengeza kokungenhla, ingane ezalwe ngaphandle komshado ingathola ifa kubo bobubili ubudlelwano begazi; futhi ingane yokutholwa itha thwa njengozalo lomzali noma lwabazali labo abamthola.",1
train_isizulu_00455,llama3.1,@username ukhuluma ngokwenzeka kwakho ukhuluma nje ukuthi usizwa slima,1
440,llama3.1,"ABasebenzi baseVBS Mutual Bank bazodilizwa njengoba umuntu obhekelele leli bhange okwamanje ememezele ukuthi abasebenzi bazokwehliswa besuka ku-126 kusale abawu-26 kuphela. Esitatimendeni esithunyelwe kwabezindaba uNkk Louise Brugman obhekelele ezokuxhumana ehhovisi le-curator, uthe abasebenzi batshelwa ukuthi bazodilizwa ngoMeyi 13 ngesikhathi kwenziwa izinhlelo zokuthi abantu abakade belondoloze imali yabo eVBS bayoyikhipha eNedbank. Uthe abasebenzi bacelwa ukuthi bafake izicelo zezikhala eziwu-26 futhi uhlelo luhamba kahle ngoba sebeqokiwe abawu-25.",1
939,llama3.1,Uhlelo Lwenkantolo iKe Bona Lesedi luyatholakala eziNkanto lo eziningi ezisebenza Ngezenzo Zokuphula uMthetho Wezoca-nsi kanye nezinye izinkantolo ezisebenza ngamacala ahlobene ne-GBV . Umusho othi Ke Bona Lesedi uhunyushelwe ususelwa olimini lwe-Setswana.,1
2180,llama3.1,"I-Licence Agreement for Content Sharing, provides a license, operates without interruption to enable creation and aligns with the principles of continuous improvement beyond the annual review period of the Licensing Committee.",1
test_isizulu_00311,llama3.1,"Babe awubashuthele imomozi bebone ukuthi bathuswa intengekho laba, ngoba kuyaziwa kwabanye ukuthi siyakwazi ukuthola.",1
train_isizulu_01294,llama3.1,"@username cha ujesu yena ngeke abuye! Ubaba nje ungcolile kangangokuthi woman will be scared to leave her children with us. Ubonisa into engalungile emphakathini bekumele aphawulwe amasende nje klaar, abe yinkabi",1
2366,llama3.1,"“Kulesi simo, i-CGE ila ndela ukubhekwa ngaphandle kwecala iWatching Brief futhi ibhekisise nomsebenzi owe nziwa ngamacala e-GBV kanti futhi iphinde ihlaziye izingqinamba ezingumgo godla, ezifana nokungabi nazwelo kuziphathimandla eziphethe icala.",1
2381,llama3.1,"Ngokuvamile kwakuqala ukuthola iziqu emndeni yake, uSilondiwe Magwaza ube ngubani i-MISA.",1
290,llama3.1,"Ngokusho kukaDkt Mathieu Roualt, ongusolwazi eNyuvesi yaseKapa eMnyangweni Wezi fundo Eziphathelene Nolwandle i-Oceanography, uthi okuyiyona mbangela yesomiso wumthelela we-El Niño nokuguquguquka kwesimo sezulu.",1
train_isizulu_01342,llama3.1,"Ngiyabonga ukuthola ukukhohlwa kwenye njalo, nguye yini?",1
train_isizulu_02659,llama3.1,Uvele uwine lotto thole sdomu esizovela siphelele 10 ngane kwazi. Unyani!! #LottoSweepstakes,1
train_isizulu_01626,llama3.1,Ngamla inkwenkwezi #inkwenkwezi,1
1698,llama3.1,"Kungenziwa ku-smmesa.gov.za bese ugcwalisa imininingwane edingekayo. Emzamweni wokuqinisekisa ukuthi inqubo yoxhaso lwamabhizinisi amancane ayinazihibe futhi kulula ukuyilandela, uhulumeni uphezu komsebenzi wokuhlanganisa izinhlangano zamabhizinisi.",1
train_isizulu_01937,llama3.1,Inkawu inhliziyo enye isphongo... #link,1
611,llama3.1,"Songqangi yohlelo isiyonke ukuthuthukisa isimo seze-m p i l o k a n y e n e - sok ondlek a k wab afun - di ababuya eminde- nini edla imbuya ngothi eNingizimu Afrika. Lolu hlelo luqondiswe kubafun- di abafunda ezikoleni zika-hulumeni eziku quintile 1-3,",1
362,llama3.1,"Phakathi kukaMasingana noZibandlela wezi-2017, kwazingelwa obhejane abanga-ma-504 e-Kruger National Park (KNP), nokungamaphesenti ehle ngama-24 kunama-662 angowezi-2016.",1
dev_isizulu_00478,llama3.1,Lol ukhona ngisho elodwa ibhunu ebhilika #Sarafina ecinema kini?,1
train_isizulu_01740,llama3.1,Ubangene wakhe ngamla.,1
864,llama3.1,"Uchaze nokuthi umnyango uthatha indlela ephelele futhi unikeza izinsizakalo zokweseka kwezolimo, kufaka phakathi ukwesekwa ngengqalasi zinda.",1
train_isizulu_01928,llama3.1,Pedro siyafuna na Nando's... inkulu lokhu umuntu ungewula e formerly model C school yena ungewula emlazi ComTech kanti abhale iphepha eli lodinga.,1
test_isizulu_00069,llama3.1,"Pres Zuma: Mfana, ngisuke wazi ukuthi angikusabi. Ngelusa mina. Mbeki: Ngiyazi bhuti, ndizomfakela amabhunu lokhu.",1
3364,llama3.1,"Umshini wokuphefumula uxhunywe ku-setshenziswa isimphonyo sobuso. Umoya-mpilo udonswa ethangini lo-moya-mpilo oxutshwe no-moya wemvelo kumshini wokuphefumula lapho uthunyelwa khona kusimphonyo bese uphefumulwa yisiguli. U-Sanne uthi phezu kokumpontshwa, ukhuluma ngayo: ""Ngiyazi ukuthi umoya-mpilo udonswa ethangini lo-moya-mpilo oxutshwe no-moya wemvelo kumshini wokuphefumula lapho uthunyelwa khona kusimphonyo bese uphefumulwa yisiguli.""",1
train_isizulu_01262,llama3.1,Ngiyabonga ukuthi ngibheke ibhunu 😂 #bhunu,1
train_isizulu_02912,llama3.1,Inkomo iyashutwa. #inkomo,1
train_isizulu_01337,llama3.1,"@username ukuthatha ngokubhebha nje kwabesifazane kwa kusoni, ngoba usukela ukushekelela isendulo sesibumbu senu ##url",1
2621,llama3.1,"Ukubulawa kuka-Babita Deokaran, isikhulu esiphezulu sezezimali eMnya ngweni weZempilo e-Gauteng, kuyisikhumbuzo esikhulu sobungozi obuba ndakanyekayo emzamweni wethu wokubambisana noku susa lesi sihlava emphakathini wethu. Ngesikhathi singakazi kahle hle.",1
train_isizulu_02975,llama3.1,"@username nina khona inkomo, kwenziwe ukuthi udiya yini? ##url",1
2337,llama3.1,"Njengezwekazi elilodwa, sikwazile ukutholela amazwe amaningi usizo ngezikweletu kanye nosizo lwezezimali zokubhekana ne-COVID-19 kanye nokuvuselelwa komnotho. Kodwa yize amazwe ase-Afrika aya kumazwe apheshe-ya kwezilwandle ukuyofuna ukwesekwa, saqala njalo njengezwekazi elilodwa.",1
800,llama3.1,"Ngosuku lwesibili lonyaka kowezi-2022, izwe labuka isigigaba esethusayo njengoba umlilo wawushisa wangqongqisa iPhalamende lezwe lakithi, ebangeni elingamamitha ayikhulu ukusuka lapho sasibuthene khona ukuyohlonipha okokugcina owayenguMbhishobhi omkhulu, wawushisa wangqongqisa iPhalamende lezwe lakithi.",1
2802,llama3.1,"Okunye okuyingqophamlando kufaka phakathi ukwenyuswa kwesilinganiso semiklamo emisha yokuphehla ugesi, esemthethweni ukuthola 100MW, lokho okuvumele le miklamo ikwazi ukudayisela amakhasimende ugesi.",1
1176,llama3.1,"Isibonelo senu, abasebenzi enkampanini bangase bazi ukuthi inkampani ifolosa ngabantu abamnyama njengabanikazi-masheya noma izikhulu, kanti akunjalo, kusho uMadonsela.",1
380,llama3.1,"UMphakathi waKwaSwayimane waphinde ukhuluma ngokuthiwa uNksz Khule Buthelezi (24) usomatekisi osebenza kwesinye isitolo sokudla, udutshulwe yisoka lakhe anengane nalo, okuthiwa bahilizisane nalo kwathi uma ebaleka lamdubula esiphundu. Isoka liyimenenja erenki yaKwaSwayimane eseWartburg, isolezwe lithole ngomthombo walo ozibonele ukuthi akekho obengasondela kumsolwa ngoba isibhamu ubesiphethe ngesandla elokhu ekhuluma. Ubelokhu eseduze kwesidumbu esinyakazisa ukwenza isiqiniseko sokuthi umbulele umufi, ngaphambi kokuba adubule intombi kuthiwa uqale wajaha usomatekisi osekhulile amsola ngokujola nonina wengane.",1
train_isizulu_00588,llama3.1,@username ukhulunywa ngokwakhe ukuthi uye yimbona ukutshona kwenkosikazi.,1
174,llama3.1,"Ukuhwebelana namazwe amabili sekukhulile, ika khulukazi i-China ne-India, ngokuthengiswa kwempahla ephuma kuleli lizwe kanye nokulethwa kwempahla ekhi qizwe kula mazwe osekuqine kakhulu. Amazwe eqembu i-BRICS ayaqhubeka nokuba ngumthombo obalulekile, ukhulupheka kwenye mali yezwe zokubona ukwazi kwazo.",1
536,llama3.1,"Imikhiqizo, ukupakisha imikhiqizo, nokudayisa imikhiqizo. ""Ukuzimela ngokwezimali iyona kuphela into engasisiza ukuqedwa isihlava sodlame olubhekiswe kubulili obuthile futhi lokho singakuthola ngokulima, phakathi kwazinye izinto,"" kusho u-Dkt Zulu.",1
518,llama3.1,"izinkukhu kanye nezitshalo epulazini lakhe ngenhloso yokuhlomisa abanye besifazane ukuthi babe ngabalimi abathengisayo. U-Dkt Zulu (48), oneziqu zobudokotela kwezokudla okunomsoco, unepulazi elingamahektha angama-23 elise-Cullinan ePitoli.",1
593,llama3.1,"Esigabeni sesibili sili-ndele ukuthi lesi sibalo sibesikhulu kuna lokhu, njengoba uxhaso luzocishe lufinyelele kusigidigidi esisodwa samarandi lwesiNgenelelo soHlelo LukaMonga meli Lokuqasha Abantu Abasha.",1
2108,llama3.1,"Eminyakeni emithathu ezayo ezinye izigidigidi ezingamaR21 zithenjiswe yi-IDC, i-NEF kanye nezinye izikhungo ukuze kuzokwesekwa osozimboni abamnyama.",1
640,llama3.1,"PHEZU kokuba abahlaziyi bezepolitiki bethi i-ANC izophinde iwudle umhlanganiso okhethweni lukazwelonke okulindeleke ukuthi lube ngoMeyi nonyaka kodwa bathi akukho okusha okuvele kumhlahlandlela wokhetho othulwe nguMengameli Cyril Ramaphosa. URamaphosa uthule umqulu obugxile emfundweni yamahhala, ezempilo, ukufukula umnotho, ukwakha amathuba emisebenzi, ukubuyiswa komhlaba, ukulwa nobugebengu, ukuhlukunyezwa kwabesifazane nezingane nabakhubazekile, ukwehliswa kokubiza kwe-data, ukwakha izindlu, izikole, amadamu nezinye izethembiso. UMnuz Lukhona Mnguni waseNyuvesi yaKwaZulu-Natal uthe akukho okusha okwethulwe kulo mqulu wokukhankasela ukhetho othulwe yi-ANC enkundleni yemidlalo iMoses Mabhida, eThekwini. Uthe ugxile ezintweni ebezivele zilindelwe okubalwa umhlaba, ezemfundo nezinye izethembiso. Yizinto ezifanayo ezindala ezivele zikhona ngoba nasekufukulweni komnotho kubalwa indaba yeBhange loMbuso okuyinto esike yavela phambilini. Kwezomhlaba noma engalibekanga ngembaba elokuthi bazolusebenzisa uhlelo lokuthi umuntu adayise umhlaba ngoba ethanda kodwa bazolusebenzisa nakuba kuzochitshiyelwa isigatshana * -25 soMthethosisekelo ukuze kuthathwe umhlaba ngaphandle kwesinxephezelo.",1
train_isizulu_00387,llama3.1,"Ngiyabonga ukuthi usitholile ngokubona isihloko eliphakeme. Abelungu inawina ukuthi ""isiYilungu"" (people of the West) kwa kuza kwabo kwendluleka, noma ""Abelungu"" yisizwe esibonisa ukuthi siyaziyo ngokubona isihloko eliphakeme.",1
train_isizulu_00370,llama3.1,Senzo lumnka yakuBleksema ngamla ba awunangaqondo.,1
1503,llama3.1,"Izindawo zokudla ezingama-50 Eziphambili Emhlabeni Kwaba yindlela yokupheka ukudla kwesintu ngendlela yesimanjemanje okwamubeka ohlwini lwe-50. Nonyaka nonyaka olubu ngaza abantu abangama 50 abaneminyaka engapha nsi kwama-35 ubudala abenza ezibukwayo, ukhuluma kwenye izindaba zokupheka ukudla kwesintu.",1
1223,llama3.1,"Esisebenzisana nabo empha kathini sebelethe izicelo eziningana zokungenelela ezi ngasiza ebuthakathakeni kwalabo abadla imbuya ngothi, iningi labo abaphila ngokusizwa ngumphakathi.",1
942,llama3.1,"Ungenezinye zezi-nyathelo ezingezweni nohulumeni ukubhekana nesihlava esihambisana ne-GBV . Ngokusho kwe-NPA, onesikhalazo, isisulu, osindile noma ufakazi bazothintwa yizikhulu zenkantolo zalapho ezothula khona ubufakazi bakhe khona. Isikhulu senkantolo sizoba",1
train_isizulu_01300,llama3.1,"@username nginguza ngcono, ngizokhuluma nje kwenye inbox yami, ngiyaziyo ukuthola libhubha lokhu lento.",1
701,llama3.1,"UNDUNANKULU waKwaZulu-Natal uMnuz Willies Mchunu uthi iyabakhuthaza imibono abayithola kubantu uma benza ucwaningo emphakathini, ngenhloso yokuthola ukuthi baphethe kanjani. ""Siqale ukwenza lolu cwaningo ngo-2015. Siyajabula ukubika ukuthi manje sesiqede ucwaningo luka-2018 futhi siyisifundazwe sokuqala esibe nesibindi sathatha igxathu lokuthi siyekele umphakathi ukuba usihlole ukuthi sisebenza kanjani."" Uthe okutholwe ucwaningo ukuthi u-39%, wabantu awugculisekile ngendlela abenza ngayo, wengeza ngokuthi * -61% ugculisekile. ""Into abakhala ngayo kakhulu abantu abanxusa ukuthi isukumelwe, yindaba yokudala amathuba emisebenzi, ilandelwe indaba yezindlu, ukuthuthukiswa kwamakhona nezemfundo ezisezingeni."" Uvumile ukuthi bewuhulumeni basahluleka ukudala amathuba emisebenzi. ""Yize umnotho wethu ukhula kusukela kuqale isigaba sale Khabhinethi ekhona kodwa lokhu kukhula kuphansi uma kuqhathaniswa nokuhanjiswa kwezidingo ngendlela umphakathi olindele ngayo nokudala amathuba emisebenzi."" Uthe okwamanje bangu-2.635 million abantu abangasebenzi eKZN uma kuqhathaniswa nabangu-2.536, abebengasebenzi ngesikhathi esifanayo ngonyaka odlule. UMchunu uthe kuyacaca ukuthi ukudala amathuba emisebenzi esikhathini esedlule akuzange kuhambe kahle. ""Mayelana nobugebengu sibone bukhula kakhulu kulesi sikhathi esikuso futhi buphazamisa ezomnotho namabhizinisi, okukhathaza kakhulu ukuthi amacala okubulala aphezulu."" Uthe bazishaya isifuba ngohlelo lwabo lwezempilo olwenza abantu baphile isikhathi eside. ""Kuyasijabulisa ukuthi isikhathi esiphilwa ngabantu ngokujwayelekile sesisukile eminyakeni engu-56, saya ku-60, phakathi kuka-2015 no-2016.""",1
2174,llama3.1,"""Nguye yamukelekile ukubajezisa ngendlela efanayo,"" wabuya uTshepo.",1
2387,llama3.1,"Induna Ephethe ithimba lomsebenzi wezokwelashwa uFezeka Mabona, othi ngumhle ngikazi oneziqu, usebenza kanye namanye amalungu athimba.",1
3504,llama3.1,"Ngenqubekela-phambili esi yenze Echwebeni laseThekwi, ngamakhono avuse lelekile esinawo kwaTransnet, manje sesinamandla anele ukuthi siqhubekele phambili.",1
3498,llama3.1,"Ngale ndlela yethu yenqubo yezinguquko, sizothuthukisa indlela yokusebenza eqeqeshe kile emachwebeni ethu, nojantshi, nokuvula ngempumelelo utshalomali olukhulu. Lokhu ngeke kwehlise kuphela",1
1518,llama3.1,"Esibelethweni; engenanzalo; enabalingani abe-hlukene aya nabo oca nsini; ebhema ugwayi. ""Ukuklebhuka kwesitho somzimba okubangelwa wukukhulelwa okungekho esibelethweni kuyisimo esingadlula nomphefu-mulo womuntu futhi esiyimbangela enkulu yoku-Shona komama, ukhuluma ngokwakhe.",1
3028,llama3.1,"Njalo, ngokwakhiwa kwenye isikhundla lami, njalo, ngokwakhiwa kwenye isikhundla lami.",1
2559,llama3.1,Umbuso waBaqondi wase-Jikelele na maPhini aBaqondisi-Jikelele.,1
train_isizulu_02379,llama3.1,@username uya mavava suuuka inkandla enhle ngiyiholela,1
train_isizulu_02499,llama3.1,Lingode ndaba gqigqi kanzamela lebe liyabhakuza shuqulu kazibalwa zibalwa abazaziyo nomasikisiki nyoni esindwa yisila sayo wena owadela izinkomo wathenga amadoda ngoba ayakusebenzela lingode ka-ndaba #lingode,1
test_isizulu_00556,llama3.1,"Baqinise ukuthi udadwethu ube ngubani? Sdudla esingana, nomamami unomzimba udlula boke bakwabo. @username.",1
dev_isizulu_00608,llama3.1,Ungwaneso wabhekisa ukubhala izinkondlo zesiZulu.,1
dev_isizulu_00485,llama3.1,@username 🤣🤣🤣🤣 inhliziyo yam nyoni?,1
16,llama3.1,Ibhuloho lami likhuluma ukuthi nguye angena umuntu othini okwenzwa kwakhe.,1
1281,llama3.1,"""Ngesikhathi ngiqeda ukwazi ngoxhaso lwango NSFAS, ngibonwa ukuthi luzongiholela lapha ngifuna ukuya khona ekubeni ngunjiniyela.""",1
train_isizulu_03010,llama3.1,"""Sedee pfrezzer scabha kanyoko""",1
1365,llama3.1,"Amadolobhakazi ethu, amadolobha nezindawo zasemakhaya zisahlukaniswe ngokobuhlanga nangokwe zinga lempilo, kufuneka ukwazi ukubonelela ukuthola umsebenzi wesihlalo.",1
3324,llama3.1,"Umuntu othile uhlala kwenziwe, ngoba yena angesibona ukubhulisa isikhulu lakhe.",1
3478,llama3.1,"Ngakolunye uhlangothi, uma ichweba lisebenza kahle liholela ekukhuleni komnotho futhi libeke izwe lakithi eku theni libe yintuba yokungene la esifundeni kanye nasezwe kazini.",1
train_isizulu_01335,llama3.1,"@username ngithatha mjay ntombela ngaka mazithanqaza, sphiwe shezi ngaka nyoni e forty, my son sboniso eka mkhizwane kwashangase. Ngise cato ridge endaweni yakwaximba ngase mdepha high school kazwane #indonsa",1
train_isizulu_00413,llama3.1,"@username, thina mazulu basibona singelutho, ngoba yithina isizwe esikhulu nesidala kulelizwe, sifela ukubangamazulu nasifunwa muntu lana.",1
450,llama3.1,"Amalungu omphakathi ayacelwa ukuba asebenzise amamitha amanzi ukuhlola ukuconsa kwamanzi okungabikiwe. Funda imitha yamanzi ngaphambi kwenye siku futhi ngemuva kwesikhathi esingamahora amabili, uma engekho amanzi aseke asetshenziswa. Uma imitha yamanzi ingasafani,",1
test_isizulu_00509,llama3.1,"@username thina mazulu siyacwasana kakhulu ukhona usebenza office mhlambe ngomunye umntwana wengeluth, nguwe umuntu@username",1
663,llama3.1,"Unethemba lokuthi imishini yokuphefumula eyizi20 000 izokhiqizwa ezinyangeni ezizayo. Isikhwama Sobumbano sizokhuluma ngoxhasomali oluzosiza ekutholeni imishini yokuphefumula engama-200, ezonikezelwa ezibhedlela eziyidingayo. Izwe laseMeliqa selinikele.",1
3035,llama3.1,"Sibambe ingqungquthela yokuhlola yotshalomali yokuqala ngowezi-2018 njengengxe nye yomkhankaso wethu wokuqongelela imali eli nganiselwa kwisigidigidi esi-R1.2 kutshalomali olu sha eminyakeni emihlanu, ingqungquthela ibitha nyelwe yizithunywa ezi ngaphezulu",1
1310,llama3.1,"Ukuphasiswa kwale mithetho emisha kuyisinyathelo esiya phambili kule ndlela, kodwa akusisona isixazululo. Kumele silunqande udlame nokuhlukumeza kungenzeki kwasekuqaleni.",1
1347,llama3.1,"Njalo u mntwana wakho uma ku shisa.Umbuzo: Ngingaqala nini ukumnika okunye ukudla?Impendulo: Emva kwezi nyanga eziyisithupha, qhubeka nokumncelisa ibele njengakuqala, kodwa wengeze nokunye ukudla.",1
274,llama3.1,"ABEBEYIZITSHUDENI asebehlale isikhathi eside bengaqashwa emuva kokuphothula izifundo zabo basabisa ngokungazibandakanyi ezinhlelweni zokuvota ngoba bekhala ngokunganakwa. Laba abebeyizitshudeni abebevela ezindaweni ezahlukene KwaZulu-Natal, bamashele eCity Hall eThekwini beyozwakalisa ukukhathazeka kwabo ngokungaqashwa kwabo yize sebephothule izifundo zabo. Bathe bazimisele nangokuba nokhukhulela- ngoqo wemashi ozoba sezifundazweni ezahlukene bezwakalise ilaka labo ngokungaqashwa. Baveze ukuthi abanye babo sebeneziqu ngazimbili kodwa bahleli emakhaya abasebenzi.",1
train_isizulu_01025,llama3.1,"Sawubona sebephelile o, ishara zonke za bahati kwenye mwezi huu kwa sababu siku ya leo nimekuwa na ujasiri wa kuwahudumia.",1
721,llama3.1,"ukuvinje-lwa kokudayiswa kwemikhiqizo yogwayi esigabeni sesine. Isinomunye esifana nalesi kulindele-kile ukuthi silethe impikiswano, kodwa akukuhle ukucabanga ukuthi kunoNgqongqoshe noma uMongameli owenza noma osho noma yini afuna ukuyisho ngalo-lu.",1
10,llama3.1,"“Okungakaqinisekiswa yilokho esikutshelwa ngososayensi bethu ukuthi umxhantela wegciwane omusha uzofika ngomxha ntela omusha oteketiswa ngeli ka Pi, ozofuna ukusabalala ngesivinini futhi wehlule namasotsha omzimba aqinile. Kodwa kulesi sigaba, umxhantela wegciwane omusha ujwayelekisa ukuthi ulale ngomxha ntela omusha oteketiswa ngeli ka Pi.”",1
3087,llama3.1,"""Uma ufuna ukuba ngumhlengikazi wezilwane, ungavumeli ukwesaba noma ukuswela ulwazi kukunqande ekukuzameni nasekukuthokozeleni kwa kuweza kushintsha impilo yakho kwa njia nzuri,"" kusho uMthimkhulu.",1
1472,llama3.1,"Ukuthi ziqale ukusebenza, lokho okuzokwehlisa ingcindezi kagesi. Ngasikhathi sinye, abezomthetho basebenza ngokuzikhandla ukubhe kana nokucekelwa phansi, ukwebiwa kanye noku khwabanisa e-Eskom ukuze kuzobhekwana nenkinga edalwa izenzo zalezi zigilamkhuba.",1
306,llama3.1,"Se-ECD kubalulekile ngoba izi khungo zokuthuthukiswa kwabantwana zidlala indima ebalulekile eku thuthukisweni kwesizwe sakithi. Lezi zikhungo ziyatholakala kuzo zonke izigodi, amadolobha kanye namadolobhakazi ezweni lonke. Eziningi zaqalwa ngabesifazane, abafana nabasosiyaji.",1
3288,llama3.1,"Isifo senhliziyo, amaphesenti ayi-11 Ukukhuluphala ngokwe-qile, amaphesenti ayi-13 Isifo sofuba, amaphesenti ayi-13 Isifo somdlavuza, amaphe-senti amabili Okunye ukugula okuyi-mbelesela, amaphesenti ayi-16. U-Mohammed uthi ukwe-saba kwakhe okukhuluma",1
3538,llama3.1,Izinkulungwane eziyishumi zabantu. Wonke umgomo osetshenzisiwe ohlelweni lokugoma abantu abaningi eNingizimu Afrika kumele ugunyazwe ukusetshenziswa inhlangano Yeziphathimandla Ezilawula Imikhiqizo Yezempilo eNingizimu Afrika (South African Health).,1
train_isizulu_02230,llama3.1,"@username ukhathalela enye imfene, uyonakala nayo😂😂 #url",1
train_isizulu_02155,llama3.1,"@username, behlulwa ukudubula amabhunu bethi balwela izwe. Nobaba wenu uke wasethusa eveza izithombe ezinesibhamu ekhombile. Sihlala kwenziwe. Amalungelo asebenzisa ukuthi abantu abathandana nayo.",1
2167,llama3.1,"Izindlela zokubhalwa kwabantu be sifazane kuyaqhubeka nokuba yinto ejwayelekile, noma ku njalo, futhi-ke uTshepo wayeya ngokukhathazeka ngalokhu.",1
train_isizulu_00639,llama3.1,"""Ngicela ungidonsisa u 2 pulls"" kusho intombi wena, sdomu o cabanga ukuyikhiphela izinkomo zako nge nyongo.",1
2797,llama3.1,"Siphinde sabuyisela uhlelo lweBlue Drop, olweGreen Drop kanye nolweNo Drop okokuqala ngqa kusukela 2014 ukuqinisekisa ukuphila amanzi kanye nomgangatho wokuhlanzwa kwamanzi angcolile. Sishicilele futhi sabuyekeza uHlu Lwamakhono",1
train_isizulu_02111,llama3.1,"yona lento yokuphatha sengisholo ukuba neskhundla iyadinga sengathi ungakufundela.. ay kuvele kuthathwe imfene izidlela ofezela besizonikezwa isikhundla sokuhola umnyango othize, ngokwesinye isikhundla esingathingi ukuphatha",1
1791,llama3.1,Ilegionari yinyumoniya ukubuka kwabucayi.,1
2827,llama3.1,Luhlinzekwe nguMnyango Wezobulungiswa Nokuthuthukiswa KoMthethosisekelo.,1
1478,llama3.1,"Kufanele ukuthi sisebenze kakhulu futhi ngokuphuthuma. Asikho isizathu esenza ukuba izwe elifana nelethu – elinamakhono, amandla kanye nezinsiza esinazo – kufanele libhekane nokuswelakala kogesi. Emavikini ambalwa edlule, besisebenzisana noNgqongqoshe, ukuthola ukubhizinisiwe kwenye isizathu esenza ukuba izwe elifana nelethu.",1
train_isizulu_02541,llama3.1,Mara nini? Kuhhu kuthi Moghel wakwazi ukuthi ingulube yake inayoza 😭😩 #LTDWithSomizi #URL,1
734,llama3.1,Ukuhlukunyezwa kwenko cansi: Isisu lulwane sidlwe ngulwa noma siphoqwe ukuthi senze noma sibukele okuphathelene nocansi okwehlisa isithunzi.,1
3096,llama3.1,"Sizophinde sisize i-HWSETA ekuphatheni imifundaze, ezokhishelwa abafundi bezesayensi yokulashwa kwezilwane abasonyakeni wokuqala abavela emaqoqweni aqokiwe, “kusho u-Chris van Blerk, iNhloko Yezokuxhumana Nezemithombo Yezindaba kwiSigaba Semfundo.",1
3229,llama3.1,"Ukusabalala kwegciwane le-co rona, okubangela isifo esaziwa nge-COVID-19, sekudlondlobale ngokushesha okuyisimanga, njengamanje selithathwa njengobhubhane emhlabeni-jikelele. Lolu bhubhane alukhethe ndawo namngcele, seluhlasele abancane nabadala, ukusabalala kwabo kwenziwe ngokushesha.",1
train_isizulu_00266,llama3.1,Ngiyabhebha kwa yonke into ephakwe kwami,1
2279,llama3.1,"Lomthetho ubeke izimiso zokuthi ifa kumele labiwe ngakumbi. Izihlobo zegazi zilabelwa kuqala, ngendlela ethile yokulandelana:",1
1810,llama3.1,"Ngokuvuke amahlazo amaningi abandakanya abasebenzi bakahulumeni abazuze ngokungemthetho, umsebenzi uzo zwa nzima futhi uzo thatha isikhathi esijana.",1
test_isizulu_00514,llama3.1,"Thula slima, ufukamele inja endlini.",1
train_isizulu_01379,llama3.1,"Ngiyabonga ukhokha yam, bambelela",1
156,llama3.1,"WETHUSE abaningi umfundisi webandla labasindisiwe evuma emsakazweni Ukhozi FM ukuthi unoxhaxha lwezintombi ngaphakathi ebandleni.Unamakhosikazi amabili futhi kulezi zintombi ezikhona, uhlela ukukhetha ezintathu azozishada ngo-Okthoba kulo nyaka.Lo mfundisi odume ngelika King Prophet Sazi Ndwandwe webandla iHealing Hour Emmanuel Global Ministries, ingxoxo yakhe nomsakazi walo msakazo, uNomfundo Mkhize, isisabalele ezinkundleni zokuxhumana kanti abantu abawuvali umlomo, ngisho abangabazalwane baleli bandla.Leli bandla linamagatsha amaningi KwaZulu-Natal okubalwa kuwo KwaNongoma, eThekwini, Mtubatuba, oLundi, Ophongolo naseMnambithi.Ekhuluma neSolezwe ngoMgqibelo, uNdwandwe uzwakale emangala ngabanenkinga ngendlela aziphatha ngayo. Uthi akuyona imfihlo ukuthi unenqwaba yezintombi ebandleni, nangaphandle kwasebandleni uthi unazo.“Mina uma ngibone intombi ngayithanda, ngiyayitshela bese kuya ngokuthi siphathana kanjani nayo.”“Uma sengibona sesithandana ukuthi ayiziphethe kahle, siyahlukana.”Nginazo zona izintombi futhi ngilungiselela ukuthatha ezintathu, zibe ngamakhosikazi ami ungakashayi u-Okthoba kulo nyaka.Uthe kulezi zintombi zikhona ezisagcwele mpu nezinye ezingasaphelele. “Abangakathintwa, nami angibenzi lutho.”Ngibagcinela umshado kanti asebethintiwe, nami ngiyaqhubeka nokubathinta ngoba sebeyayazi indoda.Uma ngibagcina bazoqhubeka nokuthintwa ngabanye abafana ngasese.Echaza ukuthi kungani enesithembu futhi ehlobonga nabanye abantu besifazane ekubeni engumfundisi osindisiwe, uNdwandwe uthe yena akafuni ukuphila impilo yamanga njengabanye abefundisi.“Mina ngiyindoda yomZulu. Abanye bakholelwa ukuthi uNkulunkulu okupha umfazi, mina ngineso lokubona umfazi wami.”Izishimane ezithi ziyaboniswa. Yizo lezi ezijola emakhoneni, zilalane bese kukhishwa nezisu.Mina ngiyinsizwa yomZulu esakhuzela uma ibona intombi eyithandayo.Uthe nasemandulo kunamadoda kaNkulunkulu ayenenqwaba yezancinza.“Mina angiholwa yizwi kodwa ngilandela umgomo wakwaNdwandwe. Mina nganikezwa izwe kwathiwa angibuse kulo.”UNdwandwe uthe iningi labazalwane liyamjabulela ngoba wenza umehluko ezimpilweni zabo.Kodwa ngesikhathi leli phephandaba likhuluma namanye amalungu aleli bandla, asho okwehlukile.“Abanye bethu abaneme neze ngoba sikhonza namadodakazi ethu.Njengoba siyibandla labasindisiwe nje, akuzwakali kahle ukuthi umfundisi wethu unesithembu futhi aphinde abe noxhaxha lwezintombi.”Ukuthola ukuphawula kwamakhosikazi kaNdwandwe kugcine kungaphumelelanga.",1
test_isizulu_00160,llama3.1,@username ukhuluma ngani umrs nje sisi usuli divose ibhunu?,1
train_isizulu_00596,llama3.1,Ngamla 😂😂😂😂😂😂😂😂😂😂😂😂😂😂😂😂😂😂😂😂😂😂😂😂😂😂😂😂😂😂😂,1
3472,llama3.1,"Kanye namakinati: Nokuyinto ekhombisa kahle ukuthi ukuba nebhizinisi kuyintwala, ngoba uyakunikeza ukuze usuke umuntu wawukhuluma nayo.",1
train_isizulu_02337,llama3.1,Amaqabane angibonile ✊ @ Ngamla Guest House #NgamlaGuestHouse,1
3127,llama3.1,"Mile, izikebhe ezimbili ezido nxa ezinye zisebenza nda wonye, futhi ngasinye sipho thula cishe imisebenzi eyi sishiyagalombili. Bese emva kwalokho, kufanele siqedele wonke umsebenzi obhaliwe.",1
test_isizulu_00434,llama3.1,Ngamla wola😂😂🙏🙏 Ngikhona! 💪🏾💪🏾💪🏾 #Isibaya,1
2607,llama3.1,"Njengoba senza ngesikhathi kuqala lolu bhubhane, sihlanganyele ezingxoxweni nabo bonke ababambiqhaza bomphakathi, amabhizinisi, ezabasebenzi kanye nomphakathi ukubona ukuthi yiziphi izinyathelo ezingasimamisa ezezimali esingazethula ukweseka ama bhizinisi, ngokungabonwa kwabo bonke ababambiqhaza.",1
3461,llama3.1,"Njengoba isikhathi samaqubu la omlilo sisondele, uMokoe na usinikeze izixwayiso ezi landelayo zokuvikela umlilo wequbula: Ungashisi umlilo endaweni evulelekile uma uzohlulwa ukuwulawula.",1
train_isizulu_01742,llama3.1,"Woza wena, s'dudla uGibela phezulu kwaMuntu.",1
test_isizulu_00295,llama3.1,Bhebha kulo nurse.. ufuna ku-fumana i-sex ##url,1
2448,llama3.1,"Ukubukeka kwemisebenzi ozosiza bona, nemiphakathi yabo. Ngaphambi kwe-1961, i-Cuba iguqulileyo yathumela ibutho labafundi.",1
1013,llama3.1,"Ngaso leso sikhathi, abezindaba bayibhizinisi bazobhizinisa imuphi umphakathi ngenxa yokuthi abasebenza kulona bafezekisa indima ebaluleke kakhulu kwintando yeningi labantu.",1
561,llama3.1,"U-Vadi uqinisekisile ukuthi isifundazwe sizoqhubeka noku sebenzisa ezobuchwepheshe besimanjemanje, ucwaningo lento entuthuko ukuthuthukisa isifundazwe esisebenzisa ezobu chwepheshe esizophucula futhi senze kube lula ukufinyelela kwezokuthutha.",1
907,llama3.1,"Ngonyaka wezi-2016, wabashaya bonke emakha nda abafundi ayefunda nabo ekilasini lakhe. Wabe enganakho okungamusiza ukuthi akhokhele izifundo zakhe. Waye wafaka ngempu melelo isicelo soxhasomali luka-NSFAS ukuze axhaseke ngonyaka wokufunda.",1
dev_isizulu_00627,llama3.1,Ngeke ngikhuthaza ukhuluma nje njalo 🤣,1
1707,llama3.1,"Wokulima omkhulu kakhulu ngenxa yezinguquko ekusetshe nzisweni komhlaba. Uma sibheka umlando wethu, ukunweba ukufinyelela emhlabeni wokulima imikhiqizo ezothengiswa nokulimela ukuziphilisa kuyinto eseqhulwini kuzwelonke. Uhlelo lokuguqulwa komhlaba lwakusasa lwenziwe ngokuthi wokulima uyingukulume ngenxa yezinguquko ekusetshe nzisweni komhlaba.",1
train_isizulu_00626,llama3.1,"Hahaha, khuphuka lapho sdudla ungangenzi islima ukhuphuka kamnandi usdudla kulevideo osdudla ngisho belimele bayayithanda lento zidudla ngyanivuma 🤣🤣🤣🤣🤣🤣🤣🤣 #DiepkloofZone5Soweto",1
1519,llama3.1,"Izinyangeni zokukhulelwa ezintathu zokuqala zinazoqeqeshwa ngokungabonakali ukuthola izehlakalo zokungekho esibelethweni cishe zingamaphesenti ebalweni sabantu uma sebebonke, “safunukuthetha uDkt. Mhlari.",1
359,llama3.1,"UMfana oneminyaka eyisikhombisa ugwetshwe udilikajele olahlwe yicala lokudlwengula umfana oneminyaka eyisikhombisa eNtshanga, inkantolo yesiFunda eCamperdown igwebe indoda eneminyaka ewu-33 ngecala lokudlwengula. Kuthiwa lesi sigameko sabikwa esiteshini samaphoyisa eNtshanga ngemuva kokuthi lo mfana edlwenguliwe ngoMeyi 2016, umdlwenguli wabanjwa ngamalungu omphakathi esadlwengula umgilwa. Icala ladluliselwa ophikweni luphenya amacala odlame lomndeni ukuvikelwa kwezingane namacala ocansi eNtshanga. Khonamanjalo inkantolo yesiFunda eMpangeni igwebe uJulio Mapsangane (38) iminyaka engu 10 ngokudlwengula owesifazane oneminyaka engu-55 eMpangeni, kwavulwa icala lokudlwengula esiteshini samaphoyisa eNtshanga. Kuthiwa lesi sigameko sabikwa esiteshini samaphoyisa eNtshanga ngemuva kokuthi lo mfana edlwenguliwe ngoMeyi 2016, umdlwenguli wabanjwa ngamalungu omphakathi esadlwengula umgilwa.",1
test_isizulu_00071,llama3.1,"Nayi ingulube isidla custard madoda... badlala nge sperm la kuwe bona, manje kwazala inkuntsela ye tyhagiso.",1
1195,llama3.1,IFusion Centre yalungiswa ngokuhlanganyela kwenye mifumo ya kupanga mapema kwa COVID-19.,1
train_isizulu_01004,llama3.1,"Ngiyathemba ukuthi ngiyakwazi ukubona @username, kanti ngibuyekelela indlwabu yam ""ngoba nginikwezi ukukwazi ukuthi unjalo""",1
2669,llama3.1,"lakhe, uMabitsela wavula icala ngokwebiwa kukamazisi wakhe kuMbu tho Wamaphoyisa aseNingizimu Afrika (i-SAPS). Kwakumele abhale incwadi efungelwe echaza kabanzi ngokulahleka kukamazisi wakhe, futhi kwakumele ukuthi ayihambise kulabo okwakuvulwe izikweletu.",1
71,llama3.1,"UMqondisi Wezokuhlo-la ku-DPME, uJabu Mathe, uthe inhlosongqangi yoku-hlola wukuhlola ukuthi ingabe i-NSNP iqaliswa ngendlela engaholela emphumeleni omuhle ozohlolisa abafundi maqondana nezempilo kanye nezemfundiso.",1
3299,llama3.1,"Futhi abona ngayo impilo. ""Uwubonga kakhulu umndeni wakho kanye ne-zinto ezincane empilweni. Ngiyafisa sengathi abantu bafike indawo yokusebenza futhi bangathatha isibopho ngempilo yabo, futhi bafundise imindeni yabo kanye nabantwana.""",1
3535,llama3.1,ukubhebhetheka kwCOVID-19 kunqanda?Kunobufakazi obunzulu bososayensi obeseka ukuthi ukugoma kuyiyona ndlela ehamba phambili yokuzivikela ekwesuleleni okudla lubi.,1
test_isizulu_00506,llama3.1,@username ukhuluma ngani?,1
train_isizulu_00591,llama3.1,"Indlela yengozelo ngayo kwa mlungu, ngisola ukuthi kukhona abangisi sebenzisayo ebukweni kodwa inina onga zi.",1
498,llama3.1,"IZIKHIHLA esikaNandi izakhamuzi zaseNkunzi, eMnambithi, ezifelwe yizinkomo ezidle ushevu okuthiwa uthelwe wumuntu ongaziwa edlelweni zasala ziqumbile. Zibalelwa ku-20 sezizonke izinkomo ezifile nembuzi nayo okuthiwa ikhothe endaweni efanayo yaqumba. Abanikazi bazo bathi bafe olwembiza ngokufelwa yizinkomo, bathi basazibuza ukuthi ubebazondeni othele ushevu edlelweni ngoba le nto iyaqala ukwenzeka. UMnuz Nkili Mavimbela, uthe ezakhe ziwu-9 ezifile. Uthi kuvele kwaduma ikhanda ngoba izinkomo uzithatha njengensika yekhaya lakhe. “Uma unezinkomo uyakwazi ukuthi uma kukhona okuvelayo udayise inkomo upheshe leso sikweletu. Ngifuyile impela ngoba kukhona nezamadodana ami asekhulile, manje le nto isibuyisela emuva,’’ kubalisa uMavimbela. UMnuz Nkosenye Mazibuko naye obeklabise ezakhe izinkomo endaweni efanayo, uthe kufe ezingu-6. “Sithole ukuthi kukhona umuntu ochithe ukudla kwezinkomo okuthakwe noshevu ngoba uma inkomo idlile bekungathathi isikhathi eside ibonakale ingqasha iwa phansi. Iwusizo inkomo thina singabantu sigcina amasiko sihlabe kube nemisebenzi,’’ kuchaza uMazibuko ngokukhathazeka. Bathe umasipala wendawo ufikile uzobheka isimo kwatholakala ukuthi sekuvele konakele kodwa bazigqiba izinkomo ezinye bazithatha zayohlolwa. Okhulumela uMnyango wezoLimo KwaZulu-Natal, uNkk Phathisa Mfuyo, uthe bawutholile umbiko bawathatha amasampula ukuyohlola ukuthi yini edliwe yizinkomo.",1
train_isizulu_00183,llama3.1,@username ngilube ukhona 😂,1
2854,llama3.1,Ungaleka ukuze ukuthola imifino kunezi-nselele zako.,1
682,llama3.1,"USIZWE wukuphuma ngewindi owesilisa osindile esigamekweni okushone kuso abantu abathathu, abahlanu balimala kanzima efulethini elisenkabeni yedolobha iTheku emgwaqweni uBurger izolo emini. Lona wesilisa osindile kuthiwa uthole imihuzukwana okukholakala ukuthi idalwe ukuwa esuka esitezi sokuqala phezulu ewela phansi kuleli fulethi eliseduze neNkantolo eNkulu yaseThekwini ngaseMtateni. Abathathu abashonile kuthiwa bashonele endaweni yesigameko, kwathi labo abalimele baphuthunyiswa esibhedlela isimo sabo sisibi. Amaphoyisa athi asola ingxabano njengembangela eholele kulesisehlakalo. Isolezwe lithole ukuthi omunye wabantu abayisishiyagalolunye, abebekhona endlini uyiphoyisa loMkhandlu weTheku. Kodwa okwamanje akucaci ukuthi umsolwa ngubani kuleli cala. Ngesikhathi ithimba leSolezwe lifika kule ndawo emini, abantu bebemi izixongololo kugcwele namaphoyisa, indawo yesehlakalo isihenqwe ngentambo. Okhulumela amaphoyisa oMkhandlu weTheku, uSenior Superintendent Parbhoo Sewpersad uthe amaphoyisa omkhandlu abikelwe ngalesi sigameko, kwathiwa kunokuqhuma kwezibhamu efulethini elisemgwaqweni uYusufDadoo. “Uma amaphoyisa efika kuleli fulethi athole ukuthi bekunabantu abayisishiyagalolunye endlini, abathathu bashonile, abahlanu balimele, oyedwa usindile,” kusho uSewpersad. FUNDA: Kufe abathathu kuxabana abangani eflethini eThekwini Uthe okwamanje imbangela yalokhu kudubula ibingakaziwa kodwa bakholwa ukuthi ingxabano eholele kulesi sehlakalo. “Amalungu omphakathi abekwenye indlu asitshele ukuthi kube nengxabano kule ndlu okwenzeke kuyo isigameko, abe esezwa ukuqhuma kwesibhamu,” kusho uSewpersad. Ukuqinisekisile ukuthi omunye wabantu abebephakathi kule ndlu uyiphoyisa lomkhandlu weTheku. “Omunye wabantu abebekhona endlini bekuyiphoyisa ebelingekho emsebenzini,” kusho uSewpersad. Uthe okwamanje ngeke baze bakuqinisekise ukuthi ngubani umsolwa kuleli cala. Kodwa amalungu omphakathi akhulume neSolezwe nacele ukuthi angadalulwa athe, ezwe kuthiwa umuntu odubule abantu uyiphoyisa. “Engathi leli phoyisa lixabane nowesifazane labe selidubula abantu abebesendlini, nalo labe seliyazidubula,” kusho ilungu lo mphakathi. Lithe ukhona owesilisa osindile kulesi sehlakalo. “Sizwe kuthiwa isibhamu okusolakala ukuthi isona esisetshenziswe kulesi sehlakalo sitholakale emagcekeni aseNkantolo eNkulu yaseThekwini lapho kupakwa khona izimoto, silahlwe khona,” kuqhuba leli lungu lo mphakathi. Elinye ilungu lo mphakathi nalo elicele ukuthi lingadalulwa lithe, lizwe kuthiwa omunye wesilisa olimele, udubuleke emqaleni. “Uma sizwa kuthiwa bekuphuzwa lapha endlini kwabe sekuyaxatshanwa nokuholele ekutheni kugcine sekuqhuma isibhamu,” kusho leli lungu lomphakathi. Umakhelwane uthe leli phoyisa belithanda ukuvakashelwa endlini yalo liphuzise abantu utshwala. “Kodwa belinenhliziyo encane uma selidakiwe,” kusho umakhelwane. Khonamanjalo, kubikwa ukuthi oyedwa wabadutshuliwe kugcine kumenele ngoNgoLwesibili. Udaba luphelele ephephandabeni lakho ngoLwesithathu.",1
2632,llama3.1,"Ngabe ufakazi uthola izinsongo ngempilo yakhe noma ezizwa engaphephile, kumele azise abaphenyi bese efaka isicelo sokwamukelwa kulolu hlelo. Lolu hlelo olu-yimpumelelo ludlale indima emqoka ekushushiseni okuyimpumelelo selokhu lwasungulwa, kuyaziwa ukuthola izinsongo ngempilo yakhe noma ezizwa engaphephile.",1
train_isizulu_00027,llama3.1,"@username ngiyakuthanda ukwazi ukuthi imikhonzo yami iyezwa ngeceliwe duma, mbongwa smelane, ngwenya beyidonsa, imfene iyandiza, mxolisi mthombeni, mxolisi mthombe wamthombo njom",1
5,llama3.1,"Izingqi zizobekwa kuqhubeka kwenye 50% yezinhlanga ezinomlando, kwabonakaliswa ukuthi lokhu lingcono ngokwanezinye.",1
1498,llama3.1,"Ukuze kutholakale ulwazi oluthe xaxa, amalungu omphakathi angashayela Isikhungo Sikazwelonke Sezifo Ezithelelanayo (NICD) Esikhungweni Sabo Sezimo Eziphuthumayo ngesikhathi samahora omsebenzi kule nombolo: 011 386 2000.",1
2094,llama3.1,"Uhulumeni wesikhathi sobandlululo wenza ngamabomu wakha umnotho ohlanekezelwe owawakhe lwe ukuthi kuzuze abantu abamhlophe, iningi labantu baseNingizimu Afrika babekhishwe inyumbazane emnothweni, nosomabhizinisi babevaleleke ekubeni nezitolo ezincane.",1
dev_isizulu_00327,llama3.1,"Dudlu madolo kanyoko, angithuke wena ngithuka uthando. Ngithanda ngaphambi ngoba ngemumva syafana.",1
2963,llama3.1,"A – Amathambo, amalunga, iqolo lapho ukubuhlungu kanye nokuphuka kalula.",1
629,llama3.1,"Ngamadoda ikakhulukazi angababhebhezeli bodlame lwasekhaya, ngamadoda adlwengulayo.",1
1081,llama3.1,"Ukukhula kwamathuba emisebenzi, kanjalo nezi nye izimpawu ezibuyisa ithemba zokuvuka komno tho, kufanele zisigqugquzele ukuphokophelela pha mbili nezinguquko futhi siqalise ukusebenza koHlelo Lokwakha Kabusha Noku vuselela Umnotho ukuze sizovula indlela, kufanele zisigqugquzele ukuphokophelela pha mbili nezinguquko.",1
3356,llama3.1,"Ukuphefu-mula engaphezu kwezi-10 000 ezosiza lelo qeqebana kuphela, kanti konke lokhu kuyingxenye yalezi zinto uhulumeni azama ukuzigwema. Siyethemba ukuthi abantu bazobona kuyisiza-thu esihle ukuyeka ukubhema.",1
3085,llama3.1,"Zilimele nalapho zigula, okufana nemisebenzi ehlinzekwa wudokotela lapha elapha abantu. Abahle ngikazi bezilwane babalulekile emathimbeni omsebenzi wabelaphi bezilwane, kusho uMthimkhulu.",1
2341,llama3.1,"Naninzi elikhulu ezwenikazi eseligomile uma kuphela unyaka wezi-2021 ukuze sizogoma inani elanele labantu. Sisebenze ngobunye ukuvikela impilo, abantu kanye nendlela yokuziphi-lisa ezwenikazi. Ngokwenzenjalo, sibonise ukwazi kwethu ukuthembela",1
330,llama3.1,"SEBEVULE icala lokwehliswa isithunzi abashadile, uRomeo noBasetsana Kumalo, ngemuva kokusabalala kwemibiko ezinkundleni zokuxhumana zokuthi kune-video yocansi kaRomeo nomunye usaziwayo wesilisa.Indaba yasuka ngemuva kokuthi umbhali wezincwadi uJackie Phamatse abhala ekhasini lakhe ukuthi uzwe ingxoxo phakathi kowesifazane osembonini yethelevishini encenga omunye umngani wakhe ukuthi angayisabalalisi i-video yakhe ephuzile nomyeni wakhe esocansini nosaziwayo wesilisa. Bathe bayathemba ukuthi lokhu kuzothumela umyalezo oshubile kulabo abasabalalisa imininingwane engamanga ngabanye ngaphambi kokuthola ubufakazi noma ukucabanga ubungozi balokho.",1
2322,llama3.1,"Ngasekuqaleni kwezigaba zokukhulelwa, ukuhlolwa komntwana esesiswini ema vikini ayi-12 kuya kwayi-13 kubalulekile. Lokhu kukala ka hle ukushuba koketshezi nge muva kwentamo yomntwa na nokubizwa phecelezi ngenuchal translucency . Kanti lokhu kuvame ukuba ukuhlolwa komntwana kwenye vikini kuyaziwa ngokuthi ""pregnancy""",1
train_isizulu_02329,llama3.1,"Ngiyakuthanda ukukhuluma naye, sibona ngempela",1
1061,llama3.1,Izingqi zaNingizimu Afrika ziqophe ukwehla kwezinga labantu abangasebenzi kwikota yesibili yowezi-2021.,1
2364,llama3.1,"wonke amafomu okufanele agcwali swe. I-CGE inqinisekisa indima ekuqapheni amacala, ibandakanya ukudlwengu lwa kanye nokuphulwa komthetho wezocansi, uku nukubezwa ngokwezocansi kanye nokubulawa kwabesi fazane. I-CGE inqinisekisa isize isisulu ukuthi sithole",1
403,llama3.1,"SELUNGENELELWE uNgqongqoshe wezeMidlalo nokuNgcebeleka kuzwelonke uTokozile Xasa udaba olusematheni lokuduba uhlelo lwethelevishini bukhoma kowayengumdlali wamaBhokobhoko, u-Ashwin Willemse ngoba ecikwa ukubhuqwa uNaas Botha noNick Mallet. UXasa ukhiphe isitatimende izolo emini emuva kwalesi senzo esenzeke ngoMgqibelo ebusuku uWillemse, Botha noMallet bebesohlelweni olushayelwa uMotshidisi Mohono, kuhlaziywa imidlalo yeVodacom Super Rugby. UWillemse utshele uBotha noMallet (abebedlala ngezikhathi zobandlululo) ukuthi ngeke akumele ukusebenza nabantu abambukela phansi ngokwebala lakhe. ""Kusukela ngaqala ukuzikhulisa ekuziqeqesheni njalo ningibuka njengomdlali owafakwa ngenxa yebala lakhe,"" kusho uWillemse ngaphambi kokubalula injabulo yakhe ngokuthi konke lokhu okwenzekayo umhlaba uyabuka kwazise bekubukhoma. Ungqongqoshe uthe: ""Le ndlela yokuziphatha kwabathile bebala elimhlophe ngokuzitshela ukuthi ubumhlophe babo busho ukuthi bangcono, kufanele iphele. Ukube akubona ubulwane obabuhambisana nenzondo enkulu yabamnyama ngabe asibanga khona isidingo sokuthi kuze kulwelwe ukuthi isibalo sabamnyama silingane nesabamhlophe,"" kusho uXasa. Ukhumbuza izwe lonke ukuthi uWillemse udelelwa nje, akayena umdlali wamaBhokobhoko ojwayelekile kodwa ngo-2003 waqokwa waba iSA Rugby Player of the Year, Young Player of the Year nePlayer’s Player of the Year. Abadlali abafana noWillemse, Bryan Habana noSiyamthanda Kolisi bayisibonelo sokuthi abebala elimnyama abafakwa embhoxweni ngoba kwandiswa isibalo kodwa ithalente libuzwa kubona. UXasa utshele iSuperSport ukuthi iphuthume nophenyo kodwa akulindele ukuthi bakhishwe emoyeni uBotha noMallet. ""Uma inkakha yethu ibizwa ngokuthi ingumdlali wokwandisa isibalo sabamnyama lokhu kwenziwa abantu esebenza nabo kwithelevishini, kufanele senze njani? Ukuqhubeka nokubonakala kobuso bukaBotha nobukaMallet kwithelevishini kuzobe kuchaza ukuthi iSuperSport iyavumelana nalobu buzimuzimu ababukhomise kuWillemse,"" kusho uXasa. Isikhulu esiphezulu kwiSuperSport, uClinton Van der Berg, sithe: ""Sizoqinisekisa ukuthi senza uphenyo lunqala ngalokhu okwenzekile. Siphoxeke kakhulu futhi sizokwenza konke okusemandleni ukuthi sithatha izinyathelo ezifanele uma sesiqedile ngophenyo lwethu."" Ngesikhathi kuqeda ukwenzeka lokhu, uThando Manana owaziwayo ngokulwela amalungelo abamnyama ezintweni ezithinta umbhoxo ubhale kwiTwitter ehlanganisa naye uWillemse emtshela ukuthi: ""Kade ngangikutshela ngalaba ababili (uBotha noMallet) ubavikela. Ngiyajabula ukuthi usuze wazibonela.""",1
349,llama3.1,"Imithetho emithathu emisha isivele iyasebenza njengamanje ukuqinisa ubulungiswa kubugebengu kanye nokweseka labo abasindile. ""Ukuqaliswa ngokusemthethweni kwalo mthetho kuzohambisana nokuqinisekisa ukuthi amacala ashushiswa ngokufanele, ukuthi labo abasindile bafike njengabanye.""",1
17,llama3.1,Izindlela zokuhlanganisa izandla zakho kwenziwe ngokubheka ukuthola izibulalo zemagciwane.,1
1898,llama3.1,"U-Seloane uthi i-PSC inika iminyango kahulumeni ezingama-60 ukuthi iphenye futhi ivale icala. Uthi umnyango ube sewubikela i-PSC ngokutholile. “Uma sithokozile ngezinyathelo ezithathwe umnyango, sizobe sesilivala icala, kodwa uma...",1
train_isizulu_02240,llama3.1,"@sizwe slima senkosi, ushushumela... ukwazi.",1
547,llama3.1,"Umhakha wamabhizinisi amancane ukuthi ukhule futhi wasungula namathuba emisebenzi edingekayo. ""UMnyango Wezokuthu thukiswa Kwamabhizinisi Amancane kanye no-SEDA bakha ubudlelwano neSi Khungo Sokuhweba Sama Zwe Ngamazwe (i-ITC), ukuze kuzolethwa uhlelo lwamabhizinisi amancane.",1
train_isizulu_00178,llama3.1,@username -ngakho ngiyinja yami 🤣,1
train_isizulu_00321,llama3.1,"Ngokubona kwami, sithakathwa ilaba abangaphuzi kanti akheke kungabeka imfene edakiwe.",1
615,llama3.1,"Lwa isibonelelo semalokhulu yokugibela okungama-960 amarandi ngenyanga, ku-Sho uMathe.",1
test_isizulu_00389,llama3.1,Laze lavelelwa isendekuleyo yakho. #URL,1
1737,llama3.1,"Ungafinyelela lapho ofu na ukuya khona noma ku nini? Kumele wenze konke okusemandleni ukushintsha izimo zakho futhi uthuthu kise izimo ophila ngaphansi kwazo, kusho uMukhodiwa.",1
train_isizulu_02071,llama3.1,Ngiyabonga kakhulu kwa sdudla eseqolweni 🙏 #sdudlaesiqolweni,1
1181,llama3.1,"Uphiko oluphenya amacala akhethukile ezentengiselwano kanye noPhiko lokuphenywa kobugebengu obubekwe phambili, olaziwa ngoKlebe.",1
1024,llama3.1,"Njengoba siqala umsebenzi omkhulu wokwakha kabu sha umnotho wethu emva kwemiphumela yobhubhane, imboni yabezindaba izodinga ukuthi siyisekele kakhulu kunakuqala. Inkululeko ya bezindaba yake yachazwa njengomnakekeli ongalali walolonke ilungelo elikhulula.",1
train_isizulu_02823,llama3.1,Somgubhela yonke ibuye #yiva njengomgomo,1
1028,llama3.1,"Njengoba izinto ezithile zezwe lethu zihlaselwe isimo se-zulu esiletha amakhaza ashubisa umnkantsha eqhamuka ngasoLwandle lwe-Antilathikhi kulesi sikhathi sonyaka, kunezinye izingxenye ezimbalwa zezwe ezingeke zichaphazelwe yileli gciwane le-corona.",1
694,llama3.1,"Mhleli: Ngibhala ngokukhulu ukuphoxeka ngeqembu engililandelayo nengilithandayo iKaizer Chiefs. Iphinde yaphoxa futhi kowomkhaya ngoMgqibelo. Kanti ngempela yini ekufuneka yenziwe ukuze sinqobe iOrlando Pirates? Selokhu izintambo zokuphatha iKaizer Chiefs zanikezwa uBobby, izinto azikaze zilunge. Akafuni ukuthenga abadlali abanohlonze nabasebancane njengakuPirates. Uhlulwa ngisho ukuthenga umdlali esezithandela yena ukuza ePhefeni. Gcine amakhehla angalisizi ngalutho iqembu. Laphaya kwiChiefs kudingeka abadlali abasebasha, abasheshayo abanomjiko oya phambili, hhayi le nto yoCastro, Parker, Katsande, noMaluleke. Bonke laba badlali baphelelwe yisikhathi. Ngeke uthole nesisodwa isicoco ngabo. Sikhathele yilesi simo sokudlala kweChiefs ngale ndlela singabalandeli. UBobby akashenxe ngoba akalazi ibhola futhi akabalaleli abalandeli kanti futhi usaba ukukhipha imali. Ayi ngeke, ngempela sicela ashenxe kufakwe umuntu owazi ibhola ukuze abuyise izinsuku zokunqoba nezenjabulo kithina ziMpofana.",1
414,llama3.1,"ISAZI sezulu sithi lizona kuze kube yimpelasonto KwaZulu-Natal kodwa okwamanje asikho isexwayiso esikhishiwe kwazise kulindelwe u60% wemvula ezindaweni ezigudle ugu nezimaphakathi nesifundazwe.UMnuz Wisani Maluleke, oyisazi sezulu kwaSouth African Weather Service, uthe namhlanje izulu lizoqhubeka nokuna kuyo yonke iKwaZulu-Natal kusukela eMargate kuze kuyoba seKosi Bay kodwa izothi ukuncipha kusasa kwazise kulindelwe ukuthi liguqubale. NgoMgqibelo kulindelwe u-30% wemvula ekuseni nantambama, Uthe kuzoba nomoya ogudla ngamandla ezindaweni ezigudle ugu. UNgqongqoshe wezokuBusa ngokuBambisana nezoMdabu KwaZulu-Natal, uNkk Nomusa Dube-Ncube, uthe amathimba akhe ezinhlekelele ami ngomumo. Esitatimendeni esithunyelwe kwabezindaba, uNkk Dube-Ncube uthe namhlanje uzobe eKwaNongoma eqwashisa abantu ngokushintsha kwesimo sezulu njengoba kuqala ihlobo. Uthe ukuguquka kwesimo sezulu kuza nezinkinga zezikhukhula, ezombani, izishingishane nomlilo wamadlelo. Kulindeleke ukuthi namhlanje kuqale uhlelo lokunika abantu izinsiza zokuvika umbani. Ezinyangeni ezimbili ezidlule kufe abantu KwaNongoma emuva kokushaywa wumbani. UNkk Dube-Ncube uthe uzovakashela imindeni eshelwe yizindlu ngenxa yezulu futhi uzobe ehambisana noNgqongqoshe wezeziMali KwaZulu-Natal uNkk Belinda Scott.",1
train_isizulu_00354,llama3.1,Kudatshulwa imomozi bayishiye isitrandi #URL,1
3329,llama3.1,"Nentshisekelo yokuBhema ugwayi – wawuyi nto engathi shu lapha kimi ngaphambi kokuba ngifike ebangeni likamatikuletsheni, futhi lapho iqembu labafana engangiphila nalo lalilokhu lingigcona ngezinkulumo ezinengayo zokuthi angikho ezintweni ngo ba",1
116,llama3.1,INingizimu Afrika iyizwe lapho ukwenza ubulungi swa kubekwe ezingeni zezinkantolo eziphathelene ngohlelo lwazo lusebenza ngokomthethosisekelo. Sihlala ezweni lapho wonke umuntu anelungelo lokuya ezinka ntolo ukuze kuzogcwalise kiswa amalungelo abo.,1
823,llama3.1,Siziningi izinselelo zokumele sizibhekane nazo njengoba sizosebenza ukwakha kabusha futhi siziluleme emiphumeleni emibi yobhubhane lwe-COVID-19.,1
train_isizulu_00289,llama3.1,"""@username: ukhuluma nje, abelungu, amadoda, ngiyakhathele!!! #ngiyakhathele""",1
train_isizulu_00857,llama3.1,"@username it's Friday, let's chill and vibe to some music 🎵🕺🏻😎 #TGIF",1
dev_isizulu_00365,llama3.1,Heshe mfwethu hauyibamba ngakho.,1
1317,llama3.1,"BaseNingizimu Afrika), imali yosizo izokhokhwa kulabo abaphu-melele ezicelweni zabo ezinsukwini zokusebenza eziyi-12. Uma ungumnikazi webhizinisi elincane, Uphiko Loku-thuthukiswa Kwamabhizinisi Amancane lukhona ukuze lukusize ukufaka isicelo ohlelweni kanye nokupheka kwemali yosizo ngaphandle komoya.",1
dev_isizulu_00370,llama3.1,@username ukuthi abhunu bazenzela into yawo ngemali yabo 😂,1
437,llama3.1,"AKAKATHATHI sinqumo ngekusasa lakhe uNkk Patricia De Lille ngoLwesithathu omemezele ukuthi uzosigcina isinqumo sakhe sokusula njengeMeya yaseKapa.UDe Lille umemezele lezi zindaba engaphandle kweNkantolo eNkulu yaseWesterm Cape lapho afake khona isicelo sokuthi kuchithwe imibiko emibili eyenziwa abameli beBowman Gilfillan ebiphenya ngendlela abephethe ngayo umasipala.Noma udaba lusaqhubeka enkantolo, uDe Lille uthe akaguquki kwisinqumo sakhe sokusula kwesobuMeya wabe esememezela nokuthi uyalishiya iqembu leDA ngemuva kwesikhathi eside ‘ecindezelekile’ kuyona.Usayine incwadi yakhe yokusula njengeMeya emastebhisini khona enkantolo.UDe Lille usula nje usanda kubekwa icala lokukhwabanisa ngemuva kombiko weBowman oveze ukuthi bekwenziwa umkhonyovu ngamabhasi eMyCiTi.",1
train_isizulu_00561,llama3.1,"@username, ngiyabonga ukuthola ukubuyeza kwenye ishara zethu 😊",1
372,llama3.1,"UKUBA wumama omatasa okudingeka alande izingane esikoleni, aziyise kwezemidlalo kwenze uNkk Nthati Mthembu asungule i-app ebizwa nge-Live Connected ezomkhumbuza konke okufanele akwenze. Uthe, uNkk Mthembu ohlala eSandton, eGoli, ongungoti wezobuchwepheshe, uthe, i-app wayisungula ngo-2016 emuva kokubona ukuthi izingane zakhe sezidlala imidlalo ehlukene. Uthe, uNkk Mthembu kusho: ""Uma uwumama osebenzayo kuba nzima ukuhlela ukuthi izingane zakho ziya kanjani esikoleni, ikakhulukazi uma zibuye zidlale imidlalo ehlukene. Kwakulula ngesikhathi zisafunda enkulisa kodwa njengoba sezikhulile kufanele ngihlele umalume ozozilanda, ozoziyisa kwezemidlalo kanjalo aqiniseke ukuthi zibuyela endlini ziphephile."" Uthe ngo-2016 uqale ukuyivivinya i-app yakhe ngokumema izihlobo ukuthi ziyisebenzise, wabona ukuthi izoxazulula izinkinga zabantu abaningi. ""Ngithathe isinqumo sokuthi ngishiye emsebenzini ngigxile ebhizinisi lokwakha leLive Connected App ngoba izosiza abantu,"" kusho uNkk Mthembu. Uthe unezingane ezimbili, iLive Connected App iyamsiza ukuxhumana nababheka izingane, ogogo nabashayeli. ""Abazali babuye bakhathazeke ngokuphepha kwezingane zabo, le App izobasiza ukuthi bazi ukuthi zikuphi ngokuveza imininingwane yokuthi abazigadayo noma abazilandayo bakuphi,"" kusho uNkk Mthembu. Uthe okwamanje le App inabantu abangu-200, kodwa isibalo siyakhula usuku nosuku ngoba omama bafuna ukuhlela kahle usuku lwabo. ""Uma ungathandi ukufonela abantu ngomzuzu wokugcina ngoba usukhohliwe ukulanda ingane esikoleni noma uvelelwe yinkinga ethile, iLive Connected izokusiza ukuxazulula lezo zinkinga,"" kusho uNkk Mthembu.",1
dev_isizulu_00115,llama3.1,"@username mfokababa, bakhona abanye obaba abasindwa ijoka lobudoda, babaleka bashiya amakhaya nemizi yabo. Esimweni esinjalo, okhulu, ogogo nomama abaqotho babangamadoda isibili wena wengabadi. Kakade isintu sithi, ""Unina ngunina mazulu, noma intandane enhle ngumakhothwa unina.""",1
dev_isizulu_00605,llama3.1,Bhebha uthule!!! 🤣🤣🤣🤣 #URL,1
1247,llama3.1,"Ngangingaqondi ukuthi kungani ibala lesikhumba sami lehlukile kunelabanye abantu, ngaso sonke isikhathi uma ngiphumela phandle abantu bangibize ngamagama angalungile futhi bangibuke njengomuntu ongafanelwe ukuba kuleyo ndawo.",1
2553,llama3.1,"Abaqondisi-Jikelele naba phathi beminyango ezifu ndazweni bathinteka ka khulu. Ama-DG, ama-HoD kanye nabaphathi abakhulu babe nozinzo esikhathini, lokho okwenze iminyango yakwazi ukusebenza ngokuphazami seka okuncane.",1
1173,llama3.1,"NgokukaLindiwe Madonsela, uMphathi Omkhulu Wokuthotshelwa kweKhomishana i-BBBEE, igunya lebhizinisi ngukwengamela, siphathe futhi sikhuthaze ukulandelwa koMthetho we-BBEE wama-46 kowezi-2013.",1
1697,llama3.1,"Lokweseka amabhusha Uhlelo lokweseka abathunga izimpahla zokugqoka, abasebenza ngesikhumba kanye ne zindwangu Lokweseka imisebenzi yokuzicwala Lokweseka iziphaza Lokweseka amabhizinisi eShisanyama kanye nokudla okuphekiwe Ukubhalisa",1
2940,llama3.1,"Ngezinsukwini eziningi, emavikini nasezinyangeni ezizayo, sibhekane nemizamo yethu yokululama ngokuphuthumayo. Umnotho wethu nomphakathi wethu bakhahlamezeke kakhulu.",1
2892,llama3.1,"Nge ndawo enyezekwa ezingeni lezinto ezinamuhla zizithuthukisa ku-1 500 00 ukuthi ithuthukiswe, kunethemba lokuthi lokhu kuzokwanda ngokuzayo.",1
train_isizulu_01615,llama3.1,"""Ngiyaziphi ngiziphi inkomo zami? Liphi ithemba lami? Mina ngiyindawo, sithandwa sam...""",1
3119,llama3.1,"""Ukuba umshayeli wesibindi, kuchaza ukuthi kwesinye isikhathi kufanele uqunge ube nesibindi,"" kusho yena.",1
2089,llama3.1,"Ngonyaka ozayo, kuzobe kuyiminyakashumi emibili selokhu uMthetho Woku thuthukisa Umnotho Waba ntu Abamnyama (i-BBEE) – okuyiwona owasungula umkhandlu – waphasiswa.",1
train_isizulu_00898,llama3.1,Sebeyifakile kodwa imali yokuphuzwa ikhuluma nayo.,1
3000,llama3.1,"Izindawo eziyizizinda zeCOVID-19 zinazoza kwa COVID-19, zinazoza kwa corona. Zinajumuisha miji: Pretoria Johannesburg Ekurhuleni Durban Bay of Nelson Buffalo City Cape Town.",1
1513,llama3.1,"Ngokujwayelekile, ngemuva kokulumbana kweqanda lowesifazane ne-sidoda sowesilisa okwenze-ka kumashubhu esibeletho, iqanda elivundile lihamba ngamashubhu esibeletho liye esibelethweni esesiku-lungele ukwamukela iqanda lelo, bese lizinamathisela.",1
2480,llama3.1,"""Imboni iphinde ye nza yabuye yakhokhela izifundo zambhizinisi zabalimi abayi-19 abansudu abasohlelweni loMnya go Wezolimo, Izinguquko Kwezomhlaba kanye Noku thuthukiswa Kwezindawo Zasemakhaya,"" sasho yena.",1
188,llama3.1,"Revolution. Nalokhu-ke, izingxoxo zabanjwa ngokusebenza kwabantu abamnyama abasemthethweni we-BRICS, ukusetshenziswa kwezinkundla zobuchwepheshe, ulwazi, kanye nobuchwepheshe, ngo kusungulwa kwabo.",1
3490,llama3.1,Abaphathi bazimisele futhi banezinhlelo ezinhle zokwenza ukubhala kwezinto eziyona wonke amachweba amahlanu endaweni.,1
2989,llama3.1,"Njengohulumeni kazwelonke, sibhekane nezikhalo zalo mphakathi kanye nezeminye imiphakathi ngokuqhamuka nezinye izindawo zokuzijabulisa, izikhungo, izinhlelo, kanye nemiklamo eqondiswe kubantu abasha",1
train_isizulu_02388,llama3.1,@username okova kwenze kwakho ishaya inkonzo emlazi wokwenzeka abantu bafuna ukubona impande yezulu salwa ngqasha bona benike ibhamu,1
2836,llama3.1,"""Igumbi lokuncelisela li zoba wusizo kakhulu kithina bomama, ngoba li phongola lisinikeze ithuba lokukhama ubisi lwebele ngokukhululeka futhi endaweni ekukhu thazayo lokhu,"" kusho yena.",1
2168,llama3.1,"Ngonyaka 2004, ngesikhathi eyisitshudeni sasePretoria Technikon, wasiza ukusungula ithimba eliqwashi sa amadoda mayelana nendi ma yawo emphakathini, wabhalisa i-South African Men's Action Group (SAMAG) njengenhla ngano engekho ngaphansi kuka hulumeni.",1
935,llama3.1,"Ngihlolwe ngatholakala ngingenalo leli gciwane, kephangisenezimpawu. Kwenzakalani manje? Kuyenzeka uthole imiphumela okungesiyo. Lokhu kungachaza ukuthi le miphumela yokuhlolwa kokuqala ingathi awunalo leli gciwane, kepha ungahlonzwa njenongo ngonalo leli.",1
1782,llama3.1,UNgqongqoshe uthe i-National Institute for Communicable Diseases (NICD) iqeqesha abasebenzi bezempilo ngokwakhiwa kwabesemsebenzini ukuze bakwazi ukusibona lesi sifo futhi ukuze kwenziwe nokuhlolwa kwaselabhorethri okudizweni.,1
train_isizulu_02959,llama3.1,"Khohlwa Mlungu Unganya, wakhe wamthanda kancinci! 😂🤣😭😭😭 #MlunguUnganya",1
368,llama3.1,"Ukuzingelwa kobhejane sekwaziswe njengengozi yezokuphepha ezweni, enga ba nomthelela kuamanani ezivakashi ezivakashela izwe, futhi uhulumeni usememezele ukuthi kuwubugebengu obuse qhulwini kuzwelonke.",1
dev_isizulu_00332,llama3.1,"Indoda ivuka igqoke usiyasebenza, igown eyoswidi wabafana abakhonze ukhuluma nje kuhle kwamagogo. #indodaivukaiyokwe",1
2826,llama3.1,Ngemininingwane ethe xaxa ngokushushumbiswa kwabantu shayela le Nombolo Yezimo Eziphuthu mayo yamahhala yokuShushu mbiswa Kwabantu Ku zwelonke ethi: 0800 222 777. Ukubika ngokushushu mbiswa kwabantu shayela le nombolo yama phoyisa ethi: 10111. Lolu lwazi liphakeme ukuthola ukuShushu mbiswa Kwabantu Ku zwelonke.,1
train_isizulu_02809,llama3.1,@username Wenja! Anginamali 😂😂😂😂😂,1
973,llama3.1,"Kulesi sithangami, kwavela ukuthi enye yezinselelo ezi bhekene nezikole eziningi zasemakhaya yizikhala ezi ngagcwalisiwe zothisha abasemqoka kakhulu ikakhu lukazi esifundweni seziBalo kanye nesezeSayensi.",1
226,llama3.1,Umlungu oqeqeshiwe uLuyanda Ganuganu ukhombisa ukuthethwa kwakhe kwenye COVID-19 ephambili empini yokulwisana esibhedlela i-Groote Schuur.,1
2950,llama3.1,"""Izimpawu nezinkomba zingaba nzima ukuzihlukanisa kumaqhubu ajwayelekile, imihuzuko, ukukhula ngesivinini kanye nokuguquguquka kwemizwa. Kodwa-ke, ukuhlonzwa kusenesikha thi kungumongo,"" yena akwamuka.",1
2579,llama3.1,"Ukuthola ukungenjani kwenye mizizi ya asili, yaliyokuwa na uwezo wa kuunda maisha ya binadamu, ambayo yalikuwa na uwezo wa kufanya kazi nje ya nguvu zao.",1
512,llama3.1,Yethu. Masisebenzise lesi sibonelelo eseluliwe ukhuluma phambili ukululama okunamandla.,1
1927,llama3.1,UMongameli uthe uPhiko Lwamaphoyisa eNingizimu Afrika (SAPS) kanye noMbutho Kazwelonke Wezokuvikela eNingizimu Afrika (SANDF) bebelokhu behamba phambili emizamweni yokuthungatha nokuhlenga abantu.,1
train_isizulu_00996,llama3.1,"""@username 'Nawe njabulo uyahlupha ngalabo model c bakho, ukhuluma nazo kwenziwe ngayo. Buka manje bazodlani abantu?""",1
2913,llama3.1,"UMongameli uzinike isikhathi sokunxusa abantu baseNingizimu Afrika ukuthi bathathe umgomo osindisa impilo, baqhubeke nokulandela izinyathelo eziyisisekelo sezempilo, futhi bahlale beqaphile.",1
1338,llama3.1,"Ukubukeletha umntwana wakho kusehora emuva ukuthola ngokunikeza, ukuzibeka ebeleni.",1
1341,llama3.1,"Oluningi: Umntwana wami ufuna ukuncela njalo mhlawumbe anginalo ubisi olu ningi? Impendulo: Mhlawumbe umntwana ukhula masi nyane, usedinga ubisi olu ningi. Ngokumncelisa njalo, ungakhanda obisi olwa nele oluzomsuthisa. Ubisi ngeke luphele. Nikeza ukuze usuke ngcono.",1
1370,llama3.1,Izigameko zase-Phoe nix ziyisikhumbuzo esi-buhlungu kakhulu sokuthi mkhulu kangakanani umsebenzi okusamele siwenze ukwakha imiphakathi ebumbene esilwe nge mpumelelo ukudiliza iMingeci yesikhathe esedlule.,1
299,llama3.1,"000 imisebenzi elahlekile ngekota yesithathu yonyaka odliwe. Umkhiqizo kakolweni wehle ngamaphese nti angama-47 ngowezi-2017, kuzaoba nokushoda okunga malitha ayizigidi ezingama-90, ewayini kumkhiqizo othengiswa emazweni angaphandle kanye nangaphakathi.",1
train_isizulu_01387,llama3.1,@username ukhumbule nathi iimomozi 😭 #url,1
train_isizulu_02351,llama3.1,"Sizwe esimnyama siyakhuluma ukuthi sizokwazi ukhetha izwe lethu, elithathwa ngamabhunu #ZumaArrest",1
399,llama3.1,"UPHITHENE ikhanda umculi waseThekwini kulandela isigameko sokudutshulwa kubulawe amadodana akhe amabili ngesihluku ekhaya lakhe eShongweni Dam ebusuku. Isihlabani somculo wombhaqanga uSandile Khwela, owaduma kwiMadlala Brothers, uthi uthuke esevuswa wucingo oluvela kunina ethi sekudutshulwe uNkosingiphile Vilakazi (15) obefunda uGrade 10 eMargot Fonteyn Secondary, eKlaarwater, noMxolisi Mzimela (18) obefunda uGrade 11 eThokozamnganga High, eShongweni Dam. UKhwela uthi laba badutshulwe ebusuku ngoLwesine emva kwehora lesishiyagalombili behleli kusofa. Bobabili badutshulwe kabi ekhanda nasemzimbeni amanxeba amaningi. “Sisadidekile ngoba bayizingane asazi kungani bebulewe ngale ndlela. Umama uthi ubeselungiselela ukulala, kanti uzothi esanda kucisha ugesi kuqhume isibhamu siphindelela. Omunye ubenamanxeba awu-6, omunye bamdubule kawu-7,” kusho uKhwela ekhathazekile. Eqhuba uthe sebesabela impilo yabo ngoba kuyacaca abaphephile kulo mndeni kulandela izigameko eziningi ezimbi ezenzeka zilandelana. UBULAWE ezoya komela isikole emdlalweni omkhulu webhola uMxolisi MzimelauNkosingiphile Vilakazi (15) obefunda uGrade 10 eMargot Fonteyn Secondary. Echaza laba ababulelwe uthe bekuyizingane ezilalelayo futhi ezithobekile ngisho esikoleni othisha bebehlala bezincoma. “UMxolisi izolo bekumele ayodlala ibhola nesikole njengoba kuse esebulewe. Izinhliziyo zethu zibuhlungu, sihlukumezekile kodwa akukho esingakwenza ngaphandle kokwamukela isimo esehle layikhaya,” kusho uKhwela. Lo mndeni wehlelwa yilo mshophi nje ubusanda kuba ondabuzekwayo kulandela ukunqoba kwelinye lama lungu omndeni iDusi Canoe Marathon, uSbonelo Khwela. Izinhlelo zomngcwabo bezingakahlelwa njengoba leli phephandaba likhulume nomndeni isigameko sisanda kwenzeka. Okhulumela amaphoyisa aKwaZulu-Natal, uCaptain Nqobile Gwala usiqinisekisile lesi sigameko. “Bebehleli endlini ngesikhathi behlaselwa abasolwa ababili abangaziwa babadubula. Abezimo eziphuthumayo baqinisekisile ukufa kwabo endaweni yesigameko. Okwamanje ibingakaziwa imbangela yokubulala. Kuvulwe icala lokubulala, amaphoyisa aKwaNdengezi ayaphenya,” kusho uCaptain Gwala.",1
880,llama3.1,"Lolu hlelo luhloswe ngalo ukushintsha izikole ezibeka engcupheni ukuphepha kwabafundi kanye nabasebenzi, ngenxa yokuswelakala kwengqalasizinda efanele, amanzi, ukuthuthwa kwendle nogesi.",1
1627,llama3.1,"Womphakathi emhlabeni jikelele, lo mzamo wamathuba emisebenzi usekela futhi ugcwalisa iqhaza elibalulekile lomkhakha ozimele ekusunguleni imisebenzi. Kuyaphambana-ke ukuthi uma ukuvuselelwa komnotho kukhuphuka, izinga lemisebenzi emphakathini kuzokwazi ukuthola iqhaza elibalulekile lomkhakha ozimele ekusunguleni imisebenzi.",1
2136,llama3.1,Umbuzo: Ngingakwazi ukugoma uma ngikhulelwe?Impendulo: Owesifazane okhulelwe unamathuba ama ningi okuthi angaguliswa yi-COVID-19 . Ukugoma kungavimbela ukuthi agule kanzima owesifazane okhu lelwe.,1
test_isizulu_00065,llama3.1,"@username ""Awu libuke, ngithi ite abag""",1
train_isizulu_00767,llama3.1,Umfazi wenkosazana uqothwa ukuba usdudla.,1
train_isizulu_01493,llama3.1,"@username ukuthula kwakho kwenkosikazi, ngiyabonga nje kwethulile 🙏😊",1
test_isizulu_00222,llama3.1,Kusakude phambili emzansi amabhunu ayinguqonda ukuthi nguye uMthandazi waseNkosi.,1
705,llama3.1,"Nesikubone kwamanye amazwe aphesheya kubonise ukuthi ukusuleleka kusazokhuphuka ngendlela eyisimanga. Ngabe sengithi kuzodingeka kutha-thwe izinyathelo ezinkulu futhi eziphuthumayo, lezo zinyathelo – okubanda-kanya ukuvalwa kwezwe jikelele nokuvalwa kwamanye amazwe aphesheya.",1
train_isizulu_00641,llama3.1,Umsholozi ugwala nge ngamla.,1
314,llama3.1,"Lwe-COVID-19 lugadla, izikhungo ze-ECD zasha yeka kakhulu. Izikhungo ezithembele emalini yesikole ukuthi ziqhubeke zisebenze azikwazanga abasebenzi bazo futhi abazali abaningi abalahlekelwa imisebenzi abakwazanga ukugcina abantwana babo.",1
train_isizulu_01191,llama3.1,"Kim 😂😂😂😂😂 ingqomonde ""uzobhebheka wena"" #username 👉##https://example.com/url",1
train_isizulu_01878,llama3.1,"@saze ukhuluma ngokwenzeka, ""Ngiyabonga kakhulu, sengathi nginike isibuko, ngiyathandana ukuthola umhlaba. Ngicela uqondakanye.""",1
train_isizulu_00287,llama3.1,"Ngithi ngiyazi ukuthi menghamba nogogo eyohola na amadoda asebenza kwenye kuweka pension beze kthina. Mazulu anamfana omuhle kanje, uyaphila nkhwenyana?",1
train_isizulu_02073,llama3.1,"""@username ngingu nguye ngoba ngikusasa njalo, ngithembe usasa sonke, ngisiphiwe imomozi kanti asizalise okwabo. Ngifuna ukwazi ukuthi wena eyakho isineka zala sisi.""",1
650,llama3.1,"INHLANGANO ezibiza ngeDagga Party of South Africa, ithi uma ingakwazi ukuthola uR200 000 ofunwa yinhlangano eyengamele ukhetho kuleli ukuze iqembu lezepolitiki likwazi ukungenela ukhetho, kuyobe kuphenduleke imithandazo yabo bonke abantu bakuleli abafisa ukusebenzisa insangu ngokukhululeka. Le nhlangano ithi isikwenze konke okudingekayo njengokubhalisa isiqubulo seqembu nelogo, kodwa njengamanje isasenkingeni yokuhlanganisa imali yokubhalisa.“Ngicela ukuthi ngosuku lokuvota, nizilungiselele ukubungaza isihlahla sensangu,” kusho umholi waleli qembu, uMnuz Jeremy Acton njengoba iqembu lakhe ethi lifuna ukuba yingxenye yabathatha izinqumo ePhalamende ukuthi insangu isetshenziswe kahle ngokukhululeka eNingizimu Afrika. Leli qembu eliphinde laziwe ngokuthi Iqela Lentsango, lithi yize kukhona imithetho esishayiwe ehambisana nensangu, kodwa kuningi okusadinga ukusetshenzwa okumayelana nayo insangu nokuvumeleka kwayo kuleli.",1
515,llama3.1,"Festival Street, Hatfield, Pretoria, 0083 - Email: Vukuzenzele@GCIS.gov.za",1
662,llama3.1,MHLELI: Ngokwejwayelekile ukuqala konyaka omusha kuletha ithemba ebantwani abehlukene kodwa akunjalo ezinganeni eziphothule iziqu zobuthishela emanyuvesi. Ezinye zalezi zingane sezineminyaka emithathu zaphothula imfundo ephakeme kodwa lutho ukuthola umsebenzi. Okubuhlungu kakhulu wukuthi bafunde kanzima abazali beboleka imali ngethemba lokuthi uma sebephothulile kuyoba lula ukuyibuyisela kulabo abatshelekisayo.Kunoxhaso okuthiwa yiFunza Lushaka. Abantwana bathi iyisiqalekiso impilweni yalabo abafunde kanzima abazali beqhwanda ukuze baphumelele. Ngesikhathi besafunda bathi bazifaka izicelo kulo Funza kodwa zangaphumelela. Uma sebezizamele baphumelela batshelwa ukuthi kuzobhekwa kuqala abafunde ngalo Fundza Lushaka. Ngabe bukhona ubuntu uma ziphathwa kanje izingane zethu ezifunde kanzima zingaxhaswe muntu?Kumele ngabe kuqalwa ngazo uma kuvuleka amathuba ngoba abazali bazo bayagula ngenxa yezikweletu abangene bacwila kuzo ngesikhathi abakaFundza bebhukuda emafutheni. Alikho iqiniso emhlabeni.Uthini uNgqongqoshe woMnyango nalabo abaphathiswe uMnyango wezeMfundo KwaZulu-Natal uma kubandlululwa izingane zabantu ezihluphekile?Kusobala lezi zingane azisoze zaqashwa ngoba idimoni eliwuFundza Lushaka liyaqhubeka nokuxhasa abafundi abasha. Lokho kusho ukuthi abahleli emakhaya bayohlala kuze kuphele lo Fundza oyisiqalekiso kubona ngaphambi kokuba babhekelelwe nabo. Ngicela uNgqongqoshe wezeMfundo KwaZulu-Natal uMnuz Mthandeni Dlungwane aphumele obala asitshele izwe ukuthi kulungile yini lokhu okwenzekayo.Mbhishobhi Themba Chonco,1
dev_isizulu_00275,llama3.1,"@username ngiyal'vuma nanti ibhunu, uhlezi eshisa lomjita. Kusazibela lit ##url",1
3589,llama3.1,"Ngokwabo. Ngakho-ke kwabe kuyinto efanelekile ukuthi ngisebenzise leli thuba ukwethula uHlelo LukaMongameli Lokungenelela Ekuvulweni Kwamathuba Omsebenzi Aqondiswe Entsheni, okuyinhloso-mbono kanye nohlelo lukazwelonke olukhethekile oluzibeka ngokucacile.",1
train_isizulu_02947,llama3.1,@username ukhuluma ngani ngaliphi ididi? #url,1
686,llama3.1,"UKUNGENELISEKI ngeholo athi ubengakwazi ukwenza zonke izidingo zakhe kuholele ekutheni owesifazane waseMlaza athathe isinqumo sokuvula elakhe ibhizinisi. Zinhle Mshengu ongumsunguli wenkampani ekhiqizela izinkampani imifaniswano nezimpahla ezigqokelwa ukuphepha emsebenzini, Ikhethelo Clothing and Textile eseMlaza, uthe ngesikhathi evula inkampani wayefuna ukuthola imali engcono kunaleyo ayeyihola emsebenzini. Mshengu owasebenza ehhovisi kwamasipala uthe, wabona ukuthi angakwazi ukwenza into ezomphonsela inselelo kunokwenza umsebenzi wasehhovisi ayewuqashelwe owawungamanelisi ngeholo. “Bengehluleka ukukhokhela zonke izikweletu zami uma kuphele inyanga, ngaphezu kwalokho kumele ngiphe abazali bami imali. Lokhu kukhathazeka kwenza ukuthi ngizihlole ukuthi ayikho yini indlela engingaphuma ngayo. Isu elaqhamuka elokuthi ngivule inkampani yami. Ucwaningo engalwenza lwangikhombisa ukuthi uma ngingqongqoza eminyangweni efanele ngizoluthola uxhaso, ekupheleni kwenyanga ngithole imali engcono. Ngaqala ngokuthi ngingene emkhakheni wamathenda,” kusho yena. Ngo-2012 kuya ku-2014 uthe ungene emkhakheni wathola umsebenzi wokuthi athengele izibhedlela zaseMpumalanga izingubo zokulala nezingubo ezigqokwa yiziguli. Uqhube wathi ngesikhathi enza lokhu wayefuna izinkampani lapho ezothenga khona bese edayisela umasipala. Wathola ukuthi ayikho inkampani yomuntu wesifazane omnyama angathenga kuyo. Ezikhona wabona ukuthi azikwazi ukukhiqiza umthamo odingekayo uma zithola i-oda elikhulu. “Ngabona ithuba lokuthi ngivule inkampani ngisebenze nabantu besifazane sibe yinkampani ekhiqizela izinkampani izingubo zokusebenza nemifaniswano kanjalo nezingubo zokulala. Ngahambisa umbono wami kwaSAB bawubona uphusile bangixhasa,” kusho yena. Kule nkampani uthe kusebenza abesifazane kuphela bonke baneminyaka engaphansi kuka-35. Nyakenye ungenele umncintiswano wabantu abasha abanamabhizinisi enza kahle ohlelwa yiSAB, waphuma ku-top-21 ezweni lonke. INGAPHAKATHI lendawo ekhiqiza imifaniswano nezimpahla zokusebenza, Ikhethelo Clothing and Textile eseMlaza Isithombe: Sithunyelwe “Ibhizinisi lokukhiqiza impahla ngingene kulona ngo-2017. Nyakenye ngiqokwe ngaba ngomunye wosomabhizinisi abenza kahle ababili. Ukuqokwa kungenze ngabona ukuthi ngempela ngiwusomabhizinisi osenganyukela ezingeni eliphezulu. Ngemuva kwalokho ngivakashelwe ngongoti bokukhiqizwa kwezimpahla ezenziwe ngendwangu baseNerthelands bezobona indawo engisebenzela kuyo, baphinde bangicobelela ngolwazi lokukhulisa umkhiqizo wami,” kusho yena. Uthe bamsiza ngokuthi indawo yakhe ayihlele ngendlela ezokwenza ukuthi akhiqize ngendlela eyiyo. Muva nje uthe usebenzisana nenye inkampani ekhiqiza ama-duvet, amashidi nezinye izinto zokulala zikanokusho. “Lezi zimpahla sizokwazi ukuzidayisa emazweni aphesheya. Amakhasimende athenga lezi zimpahla ngabantu abangenqeni ukukhipha imali futhi abangazithandi izinto ezifana nezabanye. Kubo sibala namahhotela aphambili,” kusho yena.",1
357,llama3.1,"UKUQOKWA kukaMnuz Bheki Cele esikhundleni sokuba nguNgqongqoshe wamaPhoyisa kujabulise abaningi abebelokhu bekhale njalo uma kwenzeka ubugebengu bethi akubuyiswe uCele, ngakolunye uhlangothi kunalabo abanovalo nongabazane ngobuholi bakhe. UDELI MNCWABE uyahlaziyaSEKUNGUMLANDO ukuthi kuphelile ngoNgqongqoshe obemandla nasezinkundleni zokuxhumana, uMnuz Fikile Mbalula, kwangena oke waba nguMkhuzi wamaPhoyisa. UMnuz Bheki Cele obelokhu ekhaleleka njalo uma kuvela ukuthi izigebengu ziyazicanasela eNingizimu Afrika. Yize iningi likhombise ukujabula kodwa umlando wakhe ngesikhathi enguKhomishana wamaPhoyisa eminyakeni edlule, ubuyise uvalo nongabazane ngobuholi bakhe kwabaningi.",1
302,llama3.1,"Izikhungo zokuhlanza amanzi olwandle ukuze asetshenziswe ngabantu emakhaya nasema bhizinisini, izinhlelo zokulungi swa kwamapayipi, ukusetshenzi swa kabusha kwamanzi kanye nohlelo lokumbiwa kwamanzi emhlabathini sekuhlonzwe njengesisombululo kule nkinga, ukusondela ukuhlalisa amanzi olwandle.",1
2397,llama3.1,abantu abathandana nabo kanye nabanye (i-LGBTQIA+) abakhothi ukuthola ubulili.,1
2420,llama3.1,"Njengoba aqokwa ngoNhla lanja njengoNgqongqoshe wezeMfundo ePhakeme, uNaledi Pandor unikezwe umsebenzi wo kuqalisa uhlelo lwemfu ndo yamahhala kwaba mpofu kanye nalabo abazi wa njengezitshudeni.",1
2771,llama3.1,Umasipala ube nezinhlelo eziningi zokunye ukwesekwa kwabantu a bakhuba zekile ezibandakanya uhlelo lwephimbo elikhulumayo ku webhusayithi yakwamasipala oluguqula umbhalo uzwakale uyinkulumo ekhulunywayo .,1
188,llama3.1,"UHLA LELWE wumsebenzi onzima uMengameli Cyril Ramaphosa njengoba yonke iminyakazo yakhe yokuqoka uMqondisi wezokuShushiswa koMphakathi izoqashwa ngeso lokhozi. Izazi zomthetho zisho lokhu emuva kokuthi iJaji Mbuyiseli Madlanga linqume ukuthi ukuqokwa kuka-Adv Shaun Abrahams akukho emthethweni ngoba wangena esikhundleni sika-Adv Mxolisi Oliver Nxasana owaxoshwa ngaphandle kokulandela uMthethosisekelo. IJaji Madlanga lithe u-Abrahams kufanele akhokhe izindleko zecala zabameli bakhe ababili bese uhulumeni ekhokha zonke izindleko zecala. Uyalele uNxasana ukuthi akhokhe uR10.3 million (R10 240 767.47) kuR17.3 million akhokhelwa wona ngesikhathi exoshwa. Uphinde wayalela uRamaphosa ukuthi aqoke uMqondisi wezokuShushiswa koMphakathi kungakapheli izinsuku ezingu-90. Uthe zonke izinqumo ezithathwe ngu-Abrahams zisemthethweni. USolwazi Pierre De Vos oyisazi soMthethosisekelo esifundisa ezomthetho eNyuvesi yaseCape Town, uthe Ramaphosa kufanele aqoke umuntu ozophatha ezokushushiswa okwesikhashana ngesikhathi esabheka umuntu ofanelwe yilesi sikhundla. Wonke amehlo azothi njo kuRamaphosa njengoba kufanele aqoke umuntu onesibindi, onesimilo futhi ongahambisani nenhlangano ethile yepolitiki futhi ongahambisana nosomabhizinisi abathile. Kufanele kube wumuntu ozobeka izidingo zezwe ngoba uma ehambisana nepolitiki uzocabangela inhlangano yakhe futhi uma ehambisana nosomabhizinisi uzocabangela bona angabheki izidingo zesizwe. UMnuz Lawson Naidoo weCouncil for Adavancement of the South African Constitution uthe bayasijabulela isinqumo senkantolo yize sifike sekwenzeke umonakalo omkhulu. Isinqumo senkantolo sizobuyisa uzinzo kwezomthetho eNingizimu Afrika futhi siyasamukela. Sizoqapha ngeso lokhozi ukuthi zonke iziphakamiso zenkantolo ziyenzeka. UMnuz David Lewis onguMqondisi weCorruption Watch, uthe inkantolo ithathe isinqumo esifanele ngoba umthetho ubusufile eNingizimu Afrika. Silindele ukuthi kuqokwe umuntu onesibindi, ongeke asabe ukushushisa izephulamthetho noma ngabe zikuhulumeni. Asifuni umuntu ohambisana nepolitiki noma othanda imali. UNxasana uthe akanankinga nokukhokha uR10.3 million futhi uzolandela okushiwo yinkantolo kodwa uyajabula ukuthi akalahlwanga yicala.",1
train_isizulu_02500,llama3.1,"Ningababulali! Ningababulali, nani bulal' obaba? Ningababulali! Esho ebhaka amabhunu. #URL",1
test_isizulu_00424,llama3.1,@username nginguNgqongqoshe ngoba ngisakabulela kwenziwele kwethenga kanjan ingulube isesakeni #KunzimaEmnzansi,1
2945,llama3.1,"Impumelelo yethu ilele ekuthobeleni kwethu le mithethonqubo, futhi nokuqinisekisa ukuthi omunye nomunye uziphatha ngoku zinakekela nangokuzibo phezela.",1
2684,llama3.1,"Kanzima nesibambisene nabo ebhizinisini, kwenye basebenzi na mazingira wakati wa kukabiliana na hili. Tunafanya kazi kwa njia tofauti ili kupata imigo-mo, kuunganisha ukusanyaji wa vifaa na usambazaji wa vifaa kwa ajili ya ugonjwa wa COVID-19, pamoja na programu ya COVAX, shirika la kimataifa linalohusika katika kupanga upya utunzaji wa vifaa vya COVID-19.",1
train_isizulu_01239,llama3.1,"Ayiphole inkawu iku 0, url yake: ##url",1
756,llama3.1,"U-SARS useqhube iqhingasu lokushintsha indlela yokusebenza ukuthi azibeke phambili ekusebenzeni kahle, nokwethula izinsiza ngendlela ehamba phambili, kuhlanganisa uhlelo lokugqugquzela ukuziphatha kahle, nokuthobela imithetho yentela.",1
3159,llama3.1,"Ngaphandle kwenye lokhu, silokhu siphindaphinda siboleka, nezindleko zaleso sikweletu ziyakhuphuka. Eqinisweni, izindleko zesikweletu zi yizindleko ezikhula ngesivi nini esikhulu. Sichitha imali eningi sikhokhela izikweletu kunaleyo esiyibekele ezempi lo; imfundo",1
dev_isizulu_00353,llama3.1,"Ingulube olundi e North KZN, izale nangu umuntu oyingulube ake ukhulunywe nozigadayo ngiyacela kunuka Santungwana La!!! #SantungwanaLa",1
train_isizulu_00943,llama3.1,"@username, ngifuna ukukhuluma isiZulu nengane yakho ekhaya, sibona ukuthi ukufundwa kwakho kwenye model c siyayisela imfundo enconywana kulezikole, siyo isilungelo selinganiso.",1
train_isizulu_00032,llama3.1,"Kaze abantu abasemampulazini banakwa nini kwa sababu belungu badlala ngabo nohulumeni, akabaniki.",1
test_isizulu_00654,llama3.1,Sengizama noma yini ngoba asikwazi ukhuluma kwa nonisa ingulube!,1
1334,llama3.1,"Nomaqiniso ngokuncelisa ibele Maningi amampunge akhu lunywayo ngokuncelisa ibele, umnyango ugcise ngala mampunge ngokuphendula le mibuzo elandelayo ejwa yele ukubuzwa ngomama abanegciwane le-HIV kanye nalabo abangenalo igciwane le-HIV .Umbuzo: Umakhelwane.",1
train_isizulu_00778,llama3.1,"Nyoni ezimaqola ngiyanethemba bosaziwayo/kazi kanye nabo bonke abalandeli bomculo wesintu, ngicela sivotele lensizwa @username uyasixhasa nathi singamaciko kamaskandi kanti lana umele izwe lethu. #ipicksjava18",1
426,llama3.1,"""Ukubhala,"" ukuthola kwedolobha esitatu esilodwa.",1
961,llama3.1,"Abasizi Bothisha Ezi ndaweni Zasemakhaya kulindeleke ukuba balekelele emisebenzini ehlukahlukene yohlobo lokufunda, ikakhulu kazi ukuphucula amakhono okubala, ukubhala nokufu nda. Lokhu kuphinde kube yindlela yokuhlomisa ngama khono intsha esezindaweni",1
595,llama3.1,Abantu abasha bazothola ukuqeqeshela amakhono asebenza futhi abhizinisi abantu abasha azothola ukhazo lokuwakhula nokuqasha.,1
test_isizulu_00491,llama3.1,@username hahaha...lendlela yam izinsuku zika anonymous,1
2766,llama3.1,"Lolu ukuphela kwenye hlekiso la-isiZulu lapho lokhu likhuluma ngokuphelele eNingizimu Afrika, kusho imenenja ye-GO GEORGE uJames Robb.",1
1613,llama3.1,"Ukwesekwa kwababasebenzi Bo kuthuthukisa ukukhuliswa kwabantwana, ikakhulukazi abesifazane abaziqashe bona. Abalimi abancane abanga phezu kwezi-74 000 nabo bazohlomula ezibonelelweni zomkhiqizo. Njengesizwe, sidinga ubuciko nesiko ukuphakamisa",1
744,llama3.1,"MHLELI: Ngingathokoza uma ungangipha isiqeshana kwelakho kuyinyanga yamadoda nami ngiveze umbono wami noma ulwazi ngendoda ukuthi iyini. Okuqala indoda iyanakekela inothando, indoda yilo muntu ozobeka umndeni wakhe phambili, yilo muntu ozothanda umkakhe noma lo athandana naye nezingane. Indoda iyahlonipheka konke ekwenzayo emphakathini akuhlambalazi. Indoda ayigqoki izicathulo ishintshe amapheya angafani ekubeni izingane ekhaya zifunda zingenazicathulo kwezinye izicathulo zitshekile izimpahla zigugile, ifunwa imali yesondlo sezingane ngenkani. Asingabi ngamadoda ngemikhaba, izimpandla nezintshebe kepha emindenini siyasatshwa ngoba siphenduka izilwane. Izwe lidunguzela kanjena nje yingoba sekukhona abantu abathi bangamadoda ngoba bangolizwi aliphikiswa yingakho kunje, yingakho sesikwazi ukulala nabantwana bethu, yingakho sesikwazi ukushaya abazali bethu sibabulale. Sisebenzisa igama lendoda kabi.",1
2106,llama3.1,"Ngonyaka owedlule, uhulumeni ungunyaza izigidigidi ezi-R2.5 ukweseka kabusha osozimboni abamnyama abayi-180 ngendlela yemalimboleko yakwa-IDC kanye ne-National.",1
dev_isizulu_00045,llama3.1,@username ukuthetha nje ngawe muntu omnyama 😂😂😂😂,1
train_isizulu_00863,llama3.1,"@username uqinsile bafo kodwa racism ikhona emzansi wonke, angsoze ngayeka ukuya endaweni ethize ngoba ngisaba amabhunu... ekapa kuhle kakhulu bafo asingabalekiswa amaracist ezweni lethu, ngoba sikhuluma ukuthi ukusiza ukwenzani ukhona ukuthi uqinisekisa ukuthi siyaziyo ukuthi siyaziyo ukuthi siyaziyo ukuthi siyaziyo ukuthi siyaziyo",1
train_isizulu_00877,llama3.1,"Kkkk, Solomon Isotsha wabulala inkhonto yesizwe lalibulala abantu base Afrika 😂😂😂 indoda yakhe uthole url 👊",1
train_isizulu_02000,llama3.1,Bhokisini ukuthola iwelezi yamagazini #link,1
1790,llama3.1,"Wukuthi kunzima ukusidlulisa, kungafani nezifo ezingena ngemigudu yokuphefumula, njengoba sona sisabalala ngokuthintana nomunye umuntu. Ungasithola kuphela uma uthintane ngqo nomuntu osulelekile, usho kanje.",1
2428,llama3.1,UNgqongqoshe Pandor uthe amakolishi agxile emkhakheni ethile yezemfundo angase abe yizikhungo ezivelele eziyaziwa ngokukhiqiza amakhono aphambili emkhakheni yazo.,1
619,llama3.1,"UKUNGABOSHWA kwabasolwa ngokubulala amalungu omndeni ayisithupha, adutshulwa abulawa ebuka ithelevishini ngeledlule eMpumalanga, eHammarsdale, kufaka ingebhe kwabasinda kule sisigameko.UMnuz Ndodo Msomi, umfowabo kaMnuz Mvumo Msomi (55) owabulawa nezingane zakhe uMnuz Dumisani Msomi (25), Nksz Philisiwe Msomi (27), Andiswa Msomi (13) umshana wakhe uMnuz Dumisani Ntuli (29), nomakhelwane wakhe uMnuz Bongani Ndlovu (42).UMnuz Thembeka Mbele uthe okwamanje akukaboshwa muntu ngalesi sigameko, amaphoyisa asaphenya.",1
train_isizulu_00462,llama3.1,"@username uyamazi nje unobuloyi kuthi ukuhle amoshe, ngoba ngingenzi inkomo yami ukubuye imfene njalo lokhu lapha lobuthakathi bakhe avelayigibele😂😂😂",1
train_isizulu_01670,llama3.1,"@username, ngiyenza ngishoza ngashawa ibhunu kuthulakala nje, ngifuna ngilwile",1
493,llama3.1,"Kakhulu.Ohlelweni olugcwele lwezinyathelo zosizo lwesibonelelo olwethulwa, mhlawumbe izinyathelo ezimbili ezingcono nomthelela omkhulu yisibonelelo esikhethekile sikahulumeni se-COVID-19 kanye neSibonelelo Sesikhashana se-COVID-19 Sokusiza Abaqashi",1
train_isizulu_02428,llama3.1,@username nithanda kabi imomozi #url,1
890,llama3.1,"""Ngalowo nyaka, sithola izindlu zangasese ezimelwe kwenye Mnyango Wezemfundo Eyi kusikela wafundishwa.""",1
dev_isizulu_00474,llama3.1,"@username ngingizwa bengith uza kahle lombhemu. ngithi ubuza ukuthi bey'ziba ipp, useng'lahla ek'gcineni ey liyakhothwa ididi lamakhalenyathi madoda.",1
train_isizulu_00716,llama3.1,"Sikhona ukwazi kwethu kwenye hili tika mwanzo. Ngamla ngimenza njalo ngayo yonke indlela, bese odarkie basbiza skoteni. #url",1
train_isizulu_02095,llama3.1,"Ngis’thanda ukuthola ukubona wena, ngoba ngibuyekeza kwenye url yako.",1
3394,llama3.1,"abantu abasho bame ngomumo futhi bayakwazi ukufinyelela kula mathuba, nokuzisungulela awabo.",1
train_isizulu_01888,llama3.1,Mama Dlamini Zuma inyuse i-vote...uzokwabana kakhulu na Mlungu wakomkhulu.,1
1076,llama3.1,"Ibhonelo lokuqhubeka kwenyakatho, inqubo yokuguqulwa kwezakhiwo iqhubekela phambili ekwesekeni ukukhula ko mnotho nokuheha utshalo mali.Ukukhula komnotho ngeke kube yimpumelelo futhi imisebenzi ngeke isungulwe ngaphandle kokulandela izinguquko zezakhiwo okuyinto.",1
2631,llama3.1,"Ukuba ngaphansi kohle lokuvikelwa kofakazi ukwenza ngokuthanda kwakho, futhi akekho namunye phakathi kwe SAPS noma i-NPA onga phoqa ufakazi ukuthi enze kanjalo.",1
928,llama3.1,"Abantu abaneCOVID-19 bangasi-dlulisela kanjani lesi sifo kwabanye?Ngokuka Ngqongqoshe Weze-mpilo u-Zweli Mkhize, abantu abaningi abanalokhu kugula okungabonakali bangalibhe-bhethekisa leli gciwane phakathi kwezinsuku eziyisikhombisa kuya kweziyi-12. Noma ngoba ukubhala kwabo kwangaphandle kwaba yilokho, abantu abaningi bengabonakali bangalibhe-bhethekisa leli gciwane phakathi kwezinsuku eziyisikhombisa kuya kweziyi-12.",1
721,llama3.1,"UMlilo ushise impahla abadayisi basemgwaqweni ePinetown, umlilo wokusolakala ukuthi uqalwe amaphara ushise impahla abayidayisayo yaba wumlotha ezintatha zayizolo. UMnuz Philomena MaMthembu Hlophe ophethe indawo okugcinwa kuyo, uthe umlilo ushayelwe ngamaphoyisa amtshela ukuthi kuyasha ngabo-2 ezintatha zayizolo. Abadayisi abashelwe yimpahla izinkukhu zabo zaba ziphila zaba ngamalahle, wabeka uR40 ngesonto noR400 wephemithi yezinyanga eziyisithupha. UMnuz Jackson Rooimes owenza izicathulo, uthe ulahlekelwe yimpahla kaR80 000 ngoba ubesanda kuthenga impahla yenyanga futhi kunezicathulo zabantu ezibizayo abezozilungisa kodwa ezishile.",1
train_isizulu_01896,llama3.1,"""@username ukuthi amabhunu wonke wawenza ukwazi kakhulu, ngokungaba yena kwabanye bantu bafuna ukwazi kwenziwa njalo...""",1
2728,llama3.1,Ngudokotela emva kokuthi ividiyo eyaqoshwa ngesikhathi eshaywa yasabalala ezinkundleni zoku xhumana. Ongcweti bezokuphepha ku-inthanethi abavela ku Mkhandlu Wezocwaningo Lwezesayensi Nezimboni (i-CSIR) bathi ububhoklolo obenziwa nge-inthanethi buyilimaza kwenye ukufakelwa kwamabili.,1
dev_isizulu_00020,llama3.1,Loya muntu anayefikiri kwa lugha ya isiZulu hali yake inaposhuka 😕,1
549,llama3.1,"Ibhizinisi kanye nokunci ntisana kosomabhizinisi besi fazane baseNingizimu Afrika okungenani abayizi-10 000 esikhathini esiyiminyaka emine, ""kusho ungqongqoshe. Cishe osomabhizinisi besifazane baseNingizimu Afrika abayizi-3 000 sebhalisile kwiSizinda.",1
1477,llama3.1,"No-3 futhi umsebenzi uyaqhubeka ku Unit-5 no-6. Ngesikhathi lezi zinyathelo zibalulekile, futhi zizothela izithelo ezinya ngeni ezizayo, kucacile ukuthi azanele ukuthi zixazulule le nkinga esibhekene nayo. Okwenzeke emavikini ambalwa edlule kubonise ukuthi umsebenzi uyaqhubeka ku Unit-5 no-6, futhi izithelo zizothela izinya ngeni ezizayo.",1
3380,llama3.1,Kokuphela kobandlululo sagcina sizuze izwe elinoMthethosisekelo wentando yabantu lapho izisekelo zenkululeko zivikelwe.Ngcono amathuba abantu abasha abanawo manje ahlukile kakhulu futhi athuthukile kakhulu.Ukugcina umlando wange16 kuNhlangulana uphila.,1
train_isizulu_00401,llama3.1,"@username! Ngiyabonga kakhulu, ukushada kwabantu kunjalo, ukuthola umuntu wethu ngaphandle komoya.....Siyabona maziya!",1
2560,llama3.1,Ukubonwa kwabuqotho bokufundisa kwenye amasiko abakhe athiwe kuzosiza ukuthi siqa she abasebenzi bakahulumeni abazosebenza ngeqiniso.,1
train_isizulu_00065,llama3.1,"Yabona ke lol ""@username"" : Lol ubani ongavuma ukuthi udlile i 2 ""@username"". Bese nithi nidla ama 10 la ""@username"". Lol, nihamba ni bhebha nje bolova.",1
train_isizulu_00219,llama3.1,"Inkomo ifake icondom safa indlala akukho bisi, nyama namakonyane... #Goba Lugongolo #URL",1
dev_isizulu_00114,llama3.1,#isidlosasekuseni @username abantwana bezilwane inkomo-inkonyane imfene-isijwana ihhashi-iponi imbongolo-ithole inkukhu-itshwele luqale kahle usuku lwami ngcebzin njengoba izingane sizibuye zifundele ekhaya umuntu ubuyiselwa ngenkani eskoleni,1
3220,llama3.1,"I-Sanral yakhipha izinkontileka ezintathu kwikota yokugcina ngowezi-2021, futhi umsebenzi wokwakha waqalwa phakathi kuka Masingana na Mbasa.",1
2431,llama3.1,“Sifuna izinto ezahlukile. Asi funi wonke amakolishi enze into eyodwa.” Kusenjalo Uhlelo loku Thuthukiswa koSomabhizini lukhuluma ngokwethulwa kwezomfundo ephakeme lwethulwa ngonyaka odliwe ukuze kugqugquzele abantu abasha ukuba baqale amabhizinisi abo.,1
1950,llama3.1,"Uwashe esinye sibe sihlanzekile sikwazi ukusetshenziswa. Izifonyo ziwashwa nge-nsipho namanzi ashisayo, zihlanjululisiswe futhi zi-ayinisiswe.",1
dev_isizulu_00341,llama3.1,Isizulu is so embarrassing: 1. setswana -go nyoba 2.sesotho -go kota 3. sepedi -ngim'nyobile 4. xhosa -ndimtyile 5.isizulu -bhebha,1
test_isizulu_00242,llama3.1,Bhebha uthule ukubona...,1
train_isizulu_02054,llama3.1,@username hahaha ukhona kancinci kwabazali bafana abaphakathi,1
555,llama3.1,"Phalatse Thandolunye Khulu | Mahanyele Ramapalais, iNkulumo yamathathu yezwe laseMzansi, iphephelwa ngokwethuluzi kwabhalwe (GCIS)Vuk'uzenzeleIzinkulumo zonke zizwenze.",1
train_isizulu_01354,llama3.1,"""@username mfene yethu isithakazelo sakathusi, uthando lwakho lungekho nje yokuthi hlampe bayayisebenzisa for umsebenzi lowokundiza, asinginiki ukuthula"" 😂😂😂",1
3186,llama3.1,"Yize ukuba nomthethosivi vinywa wamaholo abasebe nzi bakahulumeni kubalule kile ukuletha uzinzo ezima lini zikahulumeni, ukwenza ngcono ukusebenza komkha kha kahulumeni kubaluleke kakhulu uma sifuna ukwakha umbuso onekhono, nose benza kahle.",1
train_isizulu_02921,llama3.1,"Umngani way'ngane uqebhuqebhulula intombizimfuna ebaleni, maqhikiza amyengela ophathe ugibela iminqwani ngegala kukhuze uyise phesheya komfula. Umahleka ehlathini njengohlanya uhlanya olusemehlweni abantu, inkomo edla yodwa mayidla nezinye ziyayiphangela.",1
2408,llama3.1,"“Umuntu ophuza i-PrEP ukuthola ukuphuza impilo yakhe yonke, banga khetha ukuyiphuza njalo uma besengcupheni yokusuleleka nge-HIV. Kodwa-ke, ukuze i-PrEP izosebenza ngempumelelo, kufanele iphuzwe nsuku zonke.”",1
train_isizulu_00481,llama3.1,@username ukubona ngani uhlala?,1
1129,llama3.1,"Abantu abashiya phansi isikole emva kokuphasa iBanga lesishiyagalolunye (Standa rd 7 phambilini), abane-minyaka engama-21 noma ngaphezulu, futhi abafisa ukuthola umatikuletsheni wabo.",1
2200,llama3.1,"Ngezindlela ezehlukene zosizo lukahu lumeni, inkulungwane zabantwana baseNingizimu Afrika abaphuma emakhaya antulayo zikwazile ukuba ngodo kotesela, abameli, othisha, ososayensi, izingcweti kanye nosomabhizinisi. Uhulumeni weseka izakhamuzi",1
train_isizulu_00086,llama3.1,"Ingulube uma ibhukuda adakeni yona ayiboni inkinga ngoba vele udaka lusegazini kuyo, udaka luyimpilo kuyo. Ingulube ayihlukani nodaka soze ukuthola umuntu othuliwe ngayo.",1
1456,llama3.1,"Imiphumela ethola kele kanye nezincomo ze khomishana zizoqinisa ngokungangabazisi le mizamo, sibheke ukuthi ikhomishana ikhombe ubu thakathaka bohlelo-kuse benza okuyikho okuholele ekuqhwagweni kombuso.",1
3212,llama3.1,"UZondi wengeze ngokuthi abesifa zane banekhono njengamadoda futhi inkampani yakhe isizenzele igama elihle. ""Siyakuqonda ukubaluleka kwesikhathi nokuhlangabezana nezinhloso zethu sonke ukuqinisekisa ukuthi umsebenzi uhamba ngendlela efanele, kufa kwamagama ayisemthethweni.",1
480,llama3.1,"I-CACH ingabasiza nalabo bafundi abafake izicelo zokufunda enyuvesi noma ekolishi kusenesikhathi ngonyaka wezi-2021, kodwa abangazange basithole isikhala sokufunda kuhlelo lokufunda abebefisa ukulufundela.",1
1511,llama3.1,"Kwabonwa kwazo kwenzirotholi, kwenzeke lula ukuthi labo abaningi athole ivume.",1
train_isizulu_02233,llama3.1,@susername ngisangempela mahamba🚶🚶ngiqede kusale kudilika izindonga zenu @susername #chillz,1
dev_isizulu_00211,llama3.1,"@username bonga usane jean ye hemisphere, uyinja kakhulu umanqele wakho, nguye nguye nguye nguye nguye",1
2757,llama3.1,"Uma kwenzeka izinkampani zifuna ukufaka isicelo seSaphule lo Sentela Sokuqasha, intsha kufanele kube ineminyaka yobuda la ephakathi kweyi-18 nengama-29.",1
343,llama3.1,"Kusukela ekusungulweni kwesizwe sikaKhomishana Ephenya ngokuQhwagwa Kwamandla oMbuso, uMongameli uRamaphosa wenza konke okusemandleni ukuvundulula inkohlakalo yezinkontileka zokuthengwa kwezimpahla ezihambisana neCOVID-19.",1
1979,llama3.1,"Izinkonzo bezibanjwa ngobuchwepheshe beinthanethi futhi amakholwa agqugquzelwa ukuthanda zela emakhaya abo kuno kuya ezinkonzweni, lokhu kusize kakhulu emzamweni kazwelonke wokunqanda ukubhebhetheka kwesifo.",1
223,llama3.1,"""Ngiyathemba ukubabonga ngokunge sekela kwabo kanye nokunginika ithuba lokuthi ngikhule ngapha nsikazi kwesandla sabo njengo mhlengikazi.""",1
train_isizulu_03080,llama3.1,Umakandi we mfene yini kangaka kqale kwathiwa malini imfene kushuthi uzostshela inani ke u bahubhe ngoba uyaydayisa. Nomunye wadelelwa kwathiwa mawfuna imfene edayisayo wozoylanda ibiza usheleni. Inkulu indaba ne mfene.,1
train_isizulu_03070,llama3.1,"Mazulu akithi steaming wakhiwa kwenye bhekani, umongameli usindile ukhuluma.",1
247,llama3.1,"“Nguye umfundi elahle kelwe umuntu amthandayo, bangaze impawu yokubhekana nosizi esifanayo kanye nokukhathazeka kwaye ixhala.”",1
3090,llama3.1,IHealth and Welfare Sector Education and Training Authority (i-HWSETA) inyamelela ukubheka nokuntuleka kwamakhono okukhulu emkhakheni wezokwelashwa kwezilwane nokuqinisekisa uguquko.,1
872,llama3.1,"“Ngibheki ekhaya unya ka wonke ngingawutholi umsebenzi. Leli thuba selingisize ukuthi ngikwazi ukuzinakekela ngiphi-nde nginakekele nomndeni wami futhi, ngokuhamba kwamagama ayingu ziqu ze-mechanical engineer ing bengingazi kangako ngokuphathelene nokuhla nganisa imoto.",1
1484,llama3.1,Isikhungo sokulawulwa nokuvikelwa kwezifo sicha ze i-Listeriosis njengesifo esibucayi kodwa esilaphe kayo futhi esigwemeka yo esibangwa yigciwane le-Lysteria monocytogenes.,1
1171,llama3.1,ICT inaendelea kuwa mchakato muhimu katika shughuli za biashara.,1
606,llama3.1,"BATHUKA izanya abantu abahlala kolindela baseMathinini, eRigdeview, eThekwini, njengoba bekhala ngohalakasha lwenyoka abathi luyacanasa endaweni abahlala kuyona. Izindlu zomxhaso zibekwa ngenhloso yokuthi balindele izindlu zomxhaso. Ithimba leSolezwe ngeSonto linikele khona kule ndawo emuva kwezikhalo zabantu bakhona. Yindawo esehlathini elinezihlahla ezizungeze izindlu. Kuhlalwa khona nezingane ezisencane ezizidlalela zize zifike eduze kwezihlahla okuthiwa kuhlala khona uhalakasha lwenhlwathi. Abahlali bakhona bathi ihlala ibonakala icanasa kuthiwa inkulu ngendlela eyesabekayo. Umnuz Thabiso Msezane uthe, inkinga enkulu izindlu zangasese zincane futhi ziyangcola abanye baze bafune ukuyozikhulula ehlathini lapho kuhlala khona le nyoka. “Ihlala ivela nje, abaningi bayayibona ngenhlanhla ayikalimazi muntu kodwa siyesaba ngoba kukhona nezingane la esihleli khona. Kubuye kungangeneki ezindlini zangasese kodwa manje asisakwazi nokuya ehlathini ngoba iyagwinyana ihlwathi,’’ kuchaza uMsezane. Uthe omunye umndeni obuhlala nabo ugcine uthuthile wabaleka emuva kokuthi inyoka yangena yabavimbezela endlini baphuma ngesamagundane bashiya nezimpahla. Uthe bafuna noma yiluphi usizo lokuba isuswe endaweni ngoba bayesaba ukuyisukela bona ingase ibenze isilo sengubo. Enye insizwa ehlala khona uMnuz Phakamani “PK’’ Mbele, ifakaze ngokuthi izinyoka kukubo kwazo lapha ngoba kusehlathini bajwayele ukushaya izimamba nezimfezi kodwa okwenhlwathi kubahlalise lubhojozi impela. UMnuz Nick Evans weReptiles Unlimited ebhekene nokususwa kwezinyoka eThekwini, uthe uyayazi indawo okukhulunywa ngayo kodwa ubengakaze ezwe ngenyoka yakhona. “Kuyamangaza ukuthi kunenhlwathi lapho, ngike ngiye ngakhona. Ngicela ubanike inombolo yami bangithinte uma beyibona ngoba ngeke ngivele ngiyozingela inyoka engingazi ukuthi ikuphi. Uma beyibona ngiyofika ngibasize noma kanjani,’’ kuchaza *-Evans.",1
test_isizulu_00173,llama3.1,"@susername sibuye sithi isintu ukubona kanye yikubona kabili, abantu bona bathi wansi bafuna thwayisi shayi",1
train_isizulu_01750,llama3.1,@username ucingezwa ukuthola inkwenkwezi yamagibela emfene yenkosha😂😂😂😂,1
2305,llama3.1,Abantwana bangahehwa izigilamkhuba zocansi kwenye inthanethi ngokuthi bangene kwenye inthanethi bebheka into ethile emsulwa bese bechofoza ilinki okungafanele bayichofe.,1
3165,llama3.1,"Imizamo eminyakeni emi bili edlule yokufukula umno tho nokuphinde kwakhiwe izikhungo esidicilelwe pha nsi ngusizi logesi, ukukhu la okucindezelekile kanye nokubeka omunye umthwalo ezimalini zikahulumeni.",1
3588,llama3.1,"Okusemandleni ethu ukuqinisekisa ukuthi abantu abasha bayakwazi ukubamba iqhaza emnothweni wethu ngendlela enohlonzo, kungakhathalekile ukuthi lokho bakwenza ngokuhlinzekwa ngamathuba omsebenzi ohlelekile noma ngokusungula amabhizinisi ukuze bazisebenze njalo.",1
train_isizulu_00343,llama3.1,"Uyozwa kwenye Twitter, imomozi yinayo wote, ezincane, eynkulu nezishwabene kwenye Spoti 🚶🏿‍♂️🐕😔",1
283,llama3.1,"“Lokhu sikwenzela uku hlonipha ababehlala phakathi kwethu; ababehlala kuwo lo mhlaba wakithi. Uguquko kwezomhlaba luthathelela ekuthuthuki ukuba khona kokudla ezweni, ukwakha umno tho obandakanya wonke umuntu, nokunikeza ikusasa elingcono.”",1
348,llama3.1,"Uhulumeni uzophinde asebenze ngokuzikhandla ukulwisana Nodlame Olubhekiswe Kwabobulili Obuthile kanye nokubulawa kwabesifazane (i-GBVF) kulo nyaka, ngokuqaliswa ngokusemthethweni kweQhingasu Lohlelo Lukazwelonke mayelana ne-GBVF.",1
2776,llama3.1,"Usuku lomhlaba lokunqanda ukuzibulala, usuku lomhlaba loku-nqanda ukuzibulala lwabekwa ngokuse-mthethweni yiNhlangano yomhlaba jikelele yoku-nqanda ukuzibulala mhla zi-10 kuMandulo 2003.",1
test_isizulu_00633,llama3.1,Ibhajwe iluhlaza lalunguquka kwenye ingulube.,1
531,llama3.1,"Bezinkukhu ezingavalelwa kanye nezitshalo eziphilayo. Weluleke abesifazane abafisa ukuba ngabalimi ukuthi mabaqale kancane futhi bangalindi ukusizwa nguhulumeni. ""Uma usizo lukahulumeni lufika kuwena, luzobe selengeza. Uma udinga ukukhiqiza izinkukhu ezingavalelwa, zingakwenze ukubheka kancane.""",1
1319,llama3.1,"Isikhawami sivumela izinhla-ngano kanye nabantu ngamunye ukunikela emzamweni kazwelonke ukweseka amabhizinisi amancane kanye nemizamo yokusiza nge-COVID-19 . Emavikini okuqala amabili kuvulwe lesikhawami, kwanikelwa imali engaphezu.",1
47,llama3.1,"""Ngiyabonga kakhulu ukuthi isikole sihlomula umklomelo, kusho u-Seyanokeng Sejake, osebenzisana nguthishanhloko waseThabang Primary iminyaka engama-24.""",1
3309,llama3.1,"Ngiyathandana ukuthola wena nabagibeli bakho, ngaso sonke isikhathi, nifase amabhande emotweni.",1
train_isizulu_00823,llama3.1,@username heyi lingazibekile phansi ibhunu 😂😂,1
328,llama3.1,"U-Ashworth uhlala ekulungiseleleni iComrades Marathon, uthola isicoco sakhe ngo-6:10:04. USteyn ungene endaweni yesithathu ngo-6:15:34. UMorozova ubalise ngokungayitholi imali yakhe yanyakenye.",1
2706,llama3.1,"Lokuya ezinkantolo. Imithetho-nqubo yoku-valwa kwezwe yaphoselwa inselele ngeviki lokuqala ngqa lokuvalwa kwezwe yisakhamuzi saseMpumalanga esasifuna ukukhululwa ekunqatshelweni ukuhamba ukuze sikwazi ukuhamba siye emngcwabeni. Emavikini ayisikhombisa, isizwe esinamuhla kuyaphosela ngokuthola ukubona kwakhe.",1
train_isizulu_01561,llama3.1,"ngiyabona, @username : ngizoku bhebha khethiwe. ngibhebhe ngibhebhe!!!",1
195,llama3.1,"UKUBOSHWA kukaMnuz Mike Mabuyakhulu owayenguNgqongqoshe wezokuThuthukiswa koMnotho nezokuVakasha KwaZulu-Natal, okube undabamlonyeni kuleli sonto kushiye abaningi bekhexile bezibuza imibuzo eminingi.UMabuyakhulu ungena kuleli hlazo nje ubesanda kuqokwa esikhundleni sokuba umgqugquzeli ohlakeni lwesikhashana lobuholi be-ANC esifundazweni. Ukuboshwa kwakhe kumayelana nomkhonyovu wemali enguR28 million okuthiwa yabhubhudlwa njengamanzi.UMabuyakhulu ukhishwe ngebheyili kaR50 000. Ubhekene namacala okukhwabanisa, inkohlakalo, ukweba nokushintshisana ngemali ngokungekho emthethweni.Ukugqama kukaMabuyakhulu kuleli cala sekwenze abaningi bakhohlwa ukuthi kunenqwaba yabantu aboshwe nabo nabanye okuthiwa bangase baboshwe maduze.",1
3323,llama3.1,"Izindlela ezinokwaziyo kwenziwa kwakho izinto ezenza umhlangano, ngoba uya kumaholide izinga lokhu ukuthi wonke amafasitela nezicabha zendlu yakho kuvaliwe.",1
1739,llama3.1,"Abayi-12 kanye nabaphathi bamaphrojekthi nezinkontileka abathathu, abayazi ukuthola izinto ezinokhuluma nazo.",1
528,llama3.1,"""Zasendaweni. Wongeze ngokuthi izinkukhu zakhe ziziphilayo futhi azivalelwa, azifakwa zikhulisimzimba. Usebenzisa umanyolo wezinkukhu ukukhulisa izitshalo ezifana nesipinashi, ubhrokholi, iklabishi kanye nophepha. Ngaphezu kwezitolo ezi nkulu, zizokhuluma nazo ngokuthi zisemnandi.""",1
26,llama3.1,"Ukwesekwa kuyadingeka kulaba bafundi, sizoqhubeka sikuhlinzeke lokho. Izi-nyanga ezisele manje ngapha-mbi kokuba kuphele lo nyaka, i-Woza Matrics izonika abafundi ukwesekwa abakudinayo ukuze balungiselele",1
1487,llama3.1,"Isifo sikhulu, ukushaya, isifo esinamhlophe noma esesibindi sesihlabathekile.",1
496,llama3.1,"Somshwalense wabalahlekelwe ngumsebenzi (i-UIF). Noma bebukhona ubuxakaxaka kanye nezinye izinkga, kodwa iningi lazo lixazululwe ngokushesha. Lawa ma-ejensi kahulumeni enze umsebenzi oncomekayo ekubhaliseni izigidi zabantu abasha abazohlomula futhi ukusiza kuhlanganisa ukuziphatha kwenye amasosha",1
2462,llama3.1,"Ngonyaka wezi-2 emva kwazo, uwaqamba uthola umkheli wamagama.",1
2570,llama3.1,"Bakahulumeni abambalwa: esikudingayo ngempela abasebenzi baka hulumeni abafanelekile ngumsebenzi, abanamakhono afanelekile, ukuziphatha ngo mthetho kanye nokuzinikela ekusebenzeleni abantu.",1
2679,llama3.1,"Ibekwe. Futhi okubaluleke ukudlula ukuthobela imithethonqubo, abantu abaningi baseNingizimu Afrika bazibophezela bona kanye nabanye, ngokulandela iseluleko odabeni olufana nokuqhelelana, ukugqoka isifonyo kanye nokuhlanza izandla.",1
train_isizulu_02469,llama3.1,"Hebanna, ngoba ungiyabonga ukuthi ushaya? Ungezwa kancinci phela ukuthi uzobhebha. ##url",1
3112,llama3.1,"""Ngaphandle kwakho, ngubani othola ukwazi wethu? Ufanele uhluleke ngezinhlobo zokuthatha, okusho ukuthi ufanele uthathwa ngenkathi yezinhlobo,"" kusho Mdletshe, okuthokozelayo ukusebenza namathimba anabantu abahlukahlukene, nabavela emazweni ahlu kene.",1
3545,llama3.1,"Wabantu abathenga umgomo?Uhulumeni nguye kuphela othenga imigomo, kuzoyithumela kohulumeni bezi-fundazwe kanye nemikhakha ezimele, bonke labo asebegonyiwe bazofakwa kwirejista ka-zwelonke futhi bahlinzekwe ngamakhadi okugoma.",1
train_isizulu_01563,llama3.1,"Bakhuluma nge beef, bekungabona nokhlab' inkomo.",1
312,llama3.1,"BANGASE babhekane nezimbila zithutha abasolwa ngobutabane abazohambela umhlangano wamaNazaretha, aseBuhleni kaJulayi njengoba sekusabalele amahlebezi okuthi bazothelwa isibhaxu uma beke bafika. Amalungu aleli bandla okuthiwa adinwe ayaveva ngezitabane okuthiwa uma zisemhlanganweni noma entabeni zisuke zize emfuleni wokweshela, noma ziye ocansini nezithandana nabo. Abanye kulaba abakulo luhla kuthiwa bathatha amantombazane nabafana babathembise ukuthi bazokwelashwa njengoba kuzobe kuzokhulekwa, uma sebefike babajikele babanukubeze. Kulolu hla kukhona amagama abesilisa nabesifazane, nemininingwane yokuthi baphuma kweziphi izindawo. Lolu hla lubhalwe ukuthi ‘Sikhipha isitabane eBuhleni, ingqikithi kaJulayi” bese kulandela amagama alabo abasolwa ngobutabane. Abasunguli balolu hla badinwe ukuthi cishe wonke amasonto kubikwa izigigaba okuthiwa zenziwe ngabasolwa ngobutabane emathempeleni, abazigqajayo ngokuthi baningi futhi bona banemali.",1
train_isizulu_02844,llama3.1,"@username ukhulume nje, ngokwethu ngibona ukuthi usenziwe ngaphandle kwami",1
dev_isizulu_00093,llama3.1,"Ikhhekhe or inkomo kamama (female genital area) induku or umphambili (male genital area) ucansi ukulalana (intimate activities) umzimba (physical body) ikhanda (head) amahlombe (shoulders) inwele (hair) sacred, associated with Muladhara and Svadhisthana chakras. Ancestors' presence is acknowledged.",1
train_isizulu_01058,llama3.1,"Good morning Mazulu Amahle, wake up and let's get to work again.",1
316,llama3.1,"Abazowadinga ukuze baphumelele empilweni kungumsebenzi okumele sonke siwuthwale emahlombe ethu ngokubambisana. Kumele siqhubeke senze konke okusemandleni, njengohulumeni, umkhakha ozimele kanye nezinhlangano ezithuthukisayo, ukweseka ukuthuthukiswa kwaba, ukusondela izinto zokubambisana, ukuphila ngokungcono, ukusebenza kwenziwe, ukuthola ukuthuthukisa, ukwakha ukuthuthukisa, ukwaziwa ukuthuthukisa.",1
409,llama3.1,"IVULELWE icala lokushaya ikhansela leDA Sphesihle Magubane uMnuz Simangaliso Mgenge okuthiwa ishaye ikhansela leDA bebanga ihholo lomphakathi iHlanganani eJ1 eSikhaleni ngeSonto. Ngokusho kukaMnuz Sphesihle Magubane oyikhansela le-DA, ingxabano eholele ekushayweni kwakhe iqale ngombango wehholo okuthiwa belizosetshenziselwa umhlangano weqembu. Uthi bahlangabezane nembibizane ngesikhathi bethola ukuthi ne-ANC iyalisebenzisa ihholo. ""Ngangena ehholo esasilicelile kumasipala kanti sekukhona uMgenge namanye amalungu e-ANC. Ngazama ukuchaza, bavele balwa nami bangethuka, uMgenge wangiphushela odongeni wangishaya wangidonsela phandle.""UMgenge uyakuchitha konke lokhu uthi, empeleni yena ubelamula ngesikhathi kukhona ukuhilizisana phakathi kwamalungu e-DA nawe-ANC. ""Ukube ngamshaya, ngabe usaphila kodwa? Ngabe akahambi ekhuluma kanje ukube washawa lo muntu. Bangena ngendlovuyangena emhlanganweni wethu wokulungeselela ingqungquthela yesifunda iMusa Dladla. Amanye amalungu ethu ayefuna ukumqondisa, ngangena ngamshwelezela.""Uthe umangele uma sekuthiwa uvulelwe icala lokushaya ekubeni kuyena owayelamula.LIFUNA ubulungiswa ikhansela le-DA uMnuz Siphesihle Magubane omangalele iMeya uSimangaliso Mgenge ngokumshaya Izithombe : ZITHUNYELWEUMagubane uthe luselude ukhalo olusazohanjwa ngoba usazoludlulisela kwezinye izinhlaka lolu daba.""Umuntu osesikhundleni sikaMgenge kufanele abe umgqugquzeli woxolo, hhayi abe uphakimpi,"" kuqhuba uMagubane othe lokhu akwenzayo kuyingozi ngoba isifundazwe sihlaselwe udlame lwezepolitiki, okungaziwa ukuthi kuzoze kithandazwe muphi umthandazo ukuze luphele.UMgenge ukhale ngokuthi leli khansela alihloniphi likhombise ukuba luhlaza ngesikhathi likhuluma nabo libafica emhlanganweni.Okhulumela amaphoyisa KwaZulu-Natal, uCaptain Nqobile Gwala, ukuqinisekisile ukuthi icala livuliwe wathi kodwa akekho umuntu osaboshiwe kusaqhubeka uphenyo.",1
413,llama3.1,"UBHALE incwadi esejele exwayisa abantu ngokushintsha indlela abacabanga ngayo, umbhali waKwaMashu owaboshelwa ukubulala intombi yakhe.ULungelo Shandu (31) oseneminyaka emibili ephume ngoshwele ejele, ubhale incwadi ethi Success and Wealth Through The Bible. Le ncwadi wayibhala ejele yaphuma ngo-2015 esaboshiwe njengoba ehlale iminyaka emine ngaphakathi.“Ngaboshelwa ukubulala ngoba umzala wami ngamfica elele nentombi yami. Ngabashaya bobabili ngezandla ngingaphethe sikhali, umzala waphunyuka wabaleka. Intombi yashona, ngaboshwa ngagwetshwa iminyaka engu-10 kwalengiswa emibili. Ngalivuma icala enkantolo, ngabhalela nomndeni wentombi ngixolisa ngesenzo sami,” echaza.Uthe ngaphambi kwalesi sigameko wake wayikhuza intombi yakhe ngezenzo zayo ezimbi, wathembisa nokuthi ngelinye ilanga uyoyishaya ayibulale.Lokhu kwamfundisa ukuthi izenzo zomuntu zisukela emicabangweni yakhe njengoba nakuyena kwenzeke kanjalo.UShandu uthe ngaphambi kokuboshwa wayephuza kakhulu utshwala edla nezidakamizwa.Waqhubeka nalokhu engaphakathi ejele, washintsha eminyakeni emibili yokugcina ayihlale khona.“Ukuba sejele kwanginikeza isikhathi esiningi sokufunda. Ngaphuma sengifunde izincwadi ezingu-100, ngafunda ngisho iBhayibheli. Yize ngizisola ngesenzo sami kodwa ukuhlala ejele akuyimoshanga impilo, kunalokho kwayilungisa. Ngesikathi ngingaphakathi ngafunda ukuhweba, ngafunda nolimi iSpanish nomdlalo iHigh Jump.”Uthe walucela uxolo emdenini kamufi, wacela osonhlalakahle bamhlanganise nawo ngesikhathi esejele. Kule ncwadi ufundisa abantu ngokunaka imicabango yabo ukuze bathathe izinqumo eziphusile. Uthe incwadi yakhe isishintshe abaningi abafakazayo ukuthi isibasizile ukubhekana nezinselelo zempilo. Incwadi ifundisa nokuthi abantu baphola kanjani ebuhlungwini benhliziyo nokuthi baphile impilo enokuthula.Iyatholakala ezitolo zakwa-Adams and Griggs nakwi-internet. Ngaphandle kwencwadi uShandu uhambela imiphakathi nezikole enikeza izinkulumo ezakhayo.Lokhu wakuqala engaphakathi ejele, ephumela emiphakathini ukuyoqwashisa nangezidakamizwa.Uke wasebenza neMeya yaseMgungundlovu uMnuz Themba Njilo emikhankasweni yokuthuthukisa umphakathi.Uke waba nohlelo lwezinkulumo ezakhayo kwiMbokodo FM wabuye wahamba noMnyango wezokuBuciko, amaSiko nezeMidlalo KwaZulu-Natal.",1
train_isizulu_03049,llama3.1,"Ngiyabonga, ngiyathola ukuthi manje abasho ukuthi muntu angena ngothando lokwethu, njalo nobasho bokwethu, kuyafundisa ukuthi zifundeze ukubona amaphoyezwe.",1
train_isizulu_00093,llama3.1,@username 😂Ngizothola ukuthi ufune wakho uyisekwe kwenye landa,1
dev_isizulu_00526,llama3.1,@username hahaha uvele ubeke ukuthi imfene yenkawu kufanele kuze kwane😂😂😂,1
test_isizulu_00298,llama3.1,"Ngiyabonga Twitter, ukhuluma nje, ukhona abenza ngathi siyayazi ukuthi sizibuyekeze data yabo nx! 😠😠",1
1187,llama3.1,"Ukubhizinisiwe kwenye amasiko asebenzelela ukuthola umkhondo, ngoba ababhebhezeli bengibonise ukuthola umkhondo.",1
49,llama3.1,"Namuhla, iqinisekisa ukuthi abafundi bayo abayikhuluma-1 065 bathola isidlo sasekuseni esinempilo nsuku zonke kusomabhizinisi wendawo.",1
train_isizulu_00841,llama3.1,"@username Wenja, ngiyenza ukwazi kwenye Buthelezi 😂😂😂😂😂",1
1778,llama3.1,Isifo le-Monkeypox lisebenzisa ukuba yisifo esingebucayi esibonakala ngamabhamuza noma izilonda esikhunjeni.,1
88,llama3.1,"Njengamanje kunabantu abangaphezu kwe-7 000 abahlinzekwa ngosizo lokufihla ikhanda ezifu ndeni ezine zokwenza umsebenzi wokwakha izindawo zokuhlala zesikhashana zemindeni ethintekile, emhlabeni kahulumeni.",1
308,llama3.1,"AKUVUMI ngisho ayibuke indlu okushe kwangqongqa kuyo indodakazi yakhe eneminyaka ewu-19, eshone igoyise isoka KwaDukuza kuleli sonto. UGugu Dludla (35), obengekho ngesikhathi kwenzeka lokhu, uthi uvuswe wucingo ngeSonto ekuseni obemshayela emazisa ukuthi indodakazi yakhe uLuwiza Dludla (19) yaseZimpempeni nesoka lakhe bokheleke ngomlilo ezintatha ngeSonto. ULuwiza ushone endleleni ebheke esibhedlela, isoka lona lisesimweni esibucayi esibhedlela. “Angazi kahle ukuthi kwenzekeni ngoba bebelele ekamereni lami kodwa akushanga lutho kulo. Into eshile yizintambo zikagesi naphezu kwefriji.” Kuyisono ukuba nemidlinzo kodwa kukhona izinto ezingashile okufanele engabe zishile nazo. UNkulunkulu kuphela owaziyo, sesibonga nokuthi kukhona osindile phakathi kwabo,” kusho uGugu Dludla. ULuwiza Dludla oshe nendlu kubo ngempelasonto edlule. Uthe lesi yisilonda esisekude ukuphola ngoba uLuwiza bekuyindodakazi yakhe yokuqala yokugcina njengoba enganazo ezinye izingane. “Angazi ngizophinde ngingene kanjani kule ndlu. Angazi noma kusazohlaleka yini lapha ekhaya emuva kwaleli bhadi. Ngihlukumezekile. Kuningi ebengisakubheke kuye ngoba ubenza izifundo zeTourism yize ebesaphazanyiswe wukugula,” kubalisa uGugu Dludla. ILungu lomndeni wesoka elicele ukungadalulwa amagama, lithi lishaqekile ngoba kwehla lesi sigameko nje bebazi ukuthi basendlini yesoka (31). Udadewabo omncane wesoka, ohlala nalo kubo, uthi bebezwana futhi akukho akubona kuyinkinga ngelanga abagcine ngalo. “Ngaqala ngayobheka endlini yakhe kuqala ngesikhathi ngivuswa kuthiwa sebetholwe besha nendlu. Angazi bahamba nini ngoba ngabagcina bekhona.” Ngisadidekile ngoba nomuntu oshile unengane futhi uyena osebenzayo la ekhaya. Kodwa sesilinde yena ukuthi asichazele kahle ngokwenzeka uma esephapheme,” kusho udadewabo wesoka. UKushona kukaLuwiza kushiye namalungu omphakathi ekhala. ULuwiza ubengomunye wabalandeli bomculi kamaskandi uStezie Mhlanzi weMabayeni Amahle. UStezie uthe bagqemeke ingozi engeqiwantwala ngokudlula emhlabeni kukaLuwiza. AMaphoyisa aKwaZulu-Natal asiqinisekisile isigameko. Okhulumela amaphoyisa uCaptain Nqobile Gwala uthe kusaphenywa. “Imbangela yokusha ayikakaziwa okwamanje kodwa uphenyo luyaqhubeka,” kusho uCaptain Gwala. IMeya yaKwaDukuza uMnuz Ricardo Mthembu ithe umasipala uthole ngomzuzu wokugcina ngalesi sigameko ngenxa yemigudu elandelwayo bekungaselula ukuthi kufakwe isandla okwenze wakhipha ephaketheni lakhe.",1
3275,llama3.1,"Futhi uqashe abasebenzi abaningi.”Umkhakha ozimele uqashe ingxenye yokuthathu kokune kubasebenzi baseNingizimu Afrika futhi ubhekene notshalomali olungaphezulu kwezingxenye ezimbili kwezintathu, nentuthuko, nazo zindleko.",1
train_isizulu_00361,llama3.1,Mazulu awoza ukwaziyo flip ngala dadewethu... #url,1
1294,llama3.1,Kubantu abaphila nokukhubazeka ngokwengqondo kumele aqoshwe kuRejista yaseNingizimu Afrika yabahlukumezi bocansi.,1
train_isizulu_02316,llama3.1,"Inquthu ekasihayo bhuti eyasemaqubengeni, wabekwa umagwegwana kampande laphana before impi yasesandlwane, kahle hle kwakuwumhlaba wabathwa inquthu before idliwa uzulu, umolefe wabekwa amabhunu kwelakithi angithi abesotho balwa esay'dini lawo empini yasencome, umehlokazulu.",1
708,llama3.1,"se-100 segciwane lecorona – sesinezi-gameko eziyizi-6 783. Izwe lase-Italy, elinenani labantu elifanayo nelethu, libe nezigameko ezingaphezu kwe-140 000 + Melika ibe nezigameko eziqinisekisiwe ezilinganiselwa ezi-700 000",1
train_isizulu_01085,llama3.1,"Ngiyabonga ukuthola umuntu othando lwami, ngenxa yalokhu ngibuyeze njalo njengemnyama zezulu, ngoba nginamshela bonke abantu base 🔥🔥🔥😍😍😍❤❤❤",1
3524,llama3.1,“Ngimangaza ukuthi imbewu encane ingashintshaikhiqize ophepha abaluhlaza abakhulu. Ukubona ukuthi izitshalo zinakekelwa kanja ni ngomanyolo ukulwisana nezimbungulu kwangenza ngaba nothando lwezolimo kakhudlwana. Ngale so sikhathi kwangicacela”,1
3363,llama3.1,"phefumula. Ophampu be-CPAP bampompa umoya-mpilo ngo-kuqhubekayo. Linga-nyuswa noma lehliswe inani lomoya-mpilo umuntu awuphefumu-layo, ""kusho Isikhulu Esingumphathi Omkhulu e-CSIR Future Production: Manufacturing, u-Martin Sanne. Iziguli ezisebenzisa ukubhizinisiwe kwenye phampu la-CPAP.",1
train_isizulu_02191,llama3.1,"#Ngeke ukhulume ngcono kwenye ubuso wakati wa mpofu, lakini unaweza kuibua mnyama.",1
train_isizulu_02984,llama3.1,Igenge lase ifunana liyahluleka ukufihla... bhebha uthule.,1
train_isizulu_01130,llama3.1,"Inkomo ithi ""yes"" kakhulu, kodwa wena uthi ""no"". Usathane udlala ngawe, inkomo uyazi ukuthi wena ungitholi.",1
train_isizulu_01879,llama3.1,"@username inkwenkwezi yakho iyabuya ngonyani 🐦, ukhuluma udlala i swallows. ushikelela isikhulu sikaMthandazo ✌🏽✌🏽 #url",1
1259,llama3.1,Izingane zidinga ukwazi ukuthi yini eyemukelekile kanye nengemukelekile Qinisekisa ukuthi ziyazi ukuthi kungani kudingeka imithetho nokuthi uzojeziswa uma uyephula.,1
1416,llama3.1,"Ungazwele imishwalense yakho – Hlolisisa impilo yakho, ezempilo, ukukhubazeka kanye nemishwalense yesikhashana ukuqinisekisa ukuthi imali iya-hambisana nezidingo zakho. Khuluma ukhululeke nalowo ozwana naye mayelana nemali Kunomkhuba omubi ovamile kubantu, ngokushesha ukukhuluma kwakho ukuze usukelele njalo",1
536,llama3.1,"LIPHUCE iphoyisa isibhamu lazingqokloza ngaso emtholampilo lashona ibhungu (20) laseGamalakhe okuthiwa litakulwe amaphoyisa lishaywa umphakathi emuva kokuba sengozini yemoto eshiye abantu belimele. Kuthiwa uMnuz Vuyo “Boy Boy” Abdolo waseMagogogweni, eGamalakhe, uzidubulele emtholampilo iGamalakhe Community Health Centre ekhanda emuva kokuthi elanyulelwe amaphoyisa eshaywa umphakathi ngeSonto ekuseni. Okhulumela amaphoyisa, uCaptain Nqobile Gwala, uthe amaphoyisa aphenya icala lokushayela budedengu avula nokodo mayelana nokushona kwalo mlisa emuva kwalesi sigameko. UCaptain Gwala uthe kusolakala ukuthi lo mlisa uhluleke ukulawula imoto washayisa itekisi ebeyilayisha abantu esitobhini sebhasi iMasengeni. Kuthiwa ibe seyishayisa abantu abathathu balimala baphuthunyiswa esibhedlela. Abagibeli nomshayeli kuthiwa bazamile ukumumisa ngesikhathi ezama ukubaleka endaweni yesigameko. Kusolakala ukuthi umufi ushaywe amalungu omphakathi ngoba ezama ukubaleka endaweni yesigameko emuva kwengozi. Kusolakala nokuthi ngesikhathi engaphandle komtholampilo endaweni yokupaka umsolwa uhlule iphoyisa ngamandla wathatha isibhamu salo wazidubula ekhanda ngesikhathi elinye lingaphakathi emtholampilo. UNgqongqoshe wezeMpilo KwaZulu-Natal, uDkt Sibongiseni Dhlomo, udlulise amazwi enduduzo emndenini ka-Abdolo athe kuthiwa ubentshontshe imoto yakubo ngesikhathi ebandakanyeka engozini. Uthe batholile ukuthi usizwe amaphoyisa amyisa emtholampilo waseGamalakhe nokuyilapho obekulindeleke ukuthi ahlolwe igazi ukuze kuvele ukuthi ubengaphuzile yini amanzi amponjwana. UDhlomo uchaze lesi sigameko njengesishaqisayo. Sidabuke kakhulu ngalesi sigameko sokulahlekelwa umphefumulo wumuntu osemusha ngokungenasidingo. Akucabangeki ukuthi abazali bakhe babhekene nobuhlungu obungakanani kulesi sikhathi. Akulula ukubhekana nesimo sokushonelwa yingane ngenxa yento eqale iwukuganga yagcina seyiyinhlekelele enjena. Uthe bayazi nokuthi bakhahlamezeke kangakanani abantu abebekhona ngesikhathi kwenzeka lesi sigameko emtholampilo waseGamalakhe njengoba ethe babafisela ukuthi bathole amandla kuNkulunkulu ukuthi abasize babhekane nalesi simo. Uthe bazobasiza nalabo abadinga ukululekwa ngokomqondo. Unxuse namalungu omphakathi ukuthi akugweme ukuzijezisela abantu. Izolo, umalume ka-Abdolo, uMnuz Phumlani Mdlozini, uthe umndeni usesimeni esingesihle emuva kokwenzekile. Uthe akulula ukuthi bangakhuluma kakhulu ngakho ngoba kuphenywa wuphiko luphenya amacala enziwa amaphoyisa Independent Police Investigative Directorate. Ngokusho kwakhe, umshana wakhe ube sengozini yemoto wase ehlaselwa amalungu omphakathi nokuyilapho okufike khona amaphoyisa amyisa emtholampilo okuyilapho okwenzeke khona lesi sigameko. UMdlozini uthe umshana wakhe ubethathe imoto yakubo eyoyilungisa ngesikhathi kwenzeka ingozi.",1
train_isizulu_00204,llama3.1,"Usudakweke 🤣😂🤣😂🤣, yekutshwala wenja 😂🤣🤣😂😂 #URL",1
1221,llama3.1,"Izindlela zokhethwa zazoqedela iqoqo lamaqhingasu azosetshenziswa ukubhekana nomthelela woku-valwa kwezwe ezimpilweni zabantu bakithi. Lokhu kwa-ndulelwe imihlangano ehlukahlukene nalabo abathinteka-yo kubandakanya amabhizini-si, abasebenzi, izinhlangano",1
222,llama3.1,"Igama lakho lingabonwa ngokwanele, uGanuganu, ukhuluma ngokwakhe kwabaphathi bakhe na abasebenza nayo.",1
2484,llama3.1,"Abakhiqizi bezinkukhu ba zinikele ekutheni batshale kabusha imali elinganiselwa esigidigidini esiyi-1.5 sama randi ezikhungweni zabo zokukhiqiza ingakapheli iminyaka emine ezayo, lokhu okuzokwengeza ukusunguleka kwamathuba emisebenzi alinga niselwa.",1
2057,llama3.1,Umphakathi wase Double Drift eGrahamstown uhlala na abantu abayinqaba-1500 abaqha mika emindenini angama-264.,1
162,llama3.1,"UMengameli Cyril Ramaphosa uqoke uDkt Silas Ramaite ukuthi abambe esikhundleni sokuba nguMqondisi wezokuShushiswa koMphakathi emuva kokuthi iNkantolo yoMthethosisekelo inqume ukuthi ukuqokwa kuka-Advocate Shaun Abrahams kwakungekho emthethweni. Ukhulumela ihhovisi likaRamaphosa, uKhusela Diko uthe uMengameli uqoke uRamaite ukuthi abambe ngesikhathi esafunda ngokugcwele isinqumo senkantolo ebheka nomuntu ozongena esikhaleni sika-Abrahams. UMengameli uzocubungula isinqumo senkantolo futhi uzolandela umgomo wokuthi aqoke uMqondisi wezokuShushiswa koMphakathi kungakapheli izinsuku eziwu-90. Okwamanje uDkt Ramaite nguye ozobheka ezokushushiswa komphakathi, kusho uNkk Diko esitatimendeni. Uthe uRamaite uyiPhini loMqondisi wezokuShushiswa koMphakathi, okuwumsebenzi asehlale kuwo iminyaka ewu-15. Ubengxile ophikweni lokuvikelwa kofakazi bombuso. URamaite uneziqu zeB.Proc azithola eNyuvesi yaseFort Hare, ezeLL.B; ezeLL.M, ezigxile kwiCriminal Law, Constitutional Law, Administrative Law nePublic International Law. Uphinde abe neziqu zeLL.D, ezigxile kwiConstitutional Law azithola eNyuvesi yaseSouth Africa. Uqokwe ukuba abe ngummeli wasemaJajini (Supreme Court) ngo-1988 wathola isitifiketi sokuba ngummeli omkhulu (Senior Counsel (SC) ngo-2001. URamaphosa ufisele uRamaite okuhle emsebenzini azowenza okwesikhashana wathi uyamthemba ukuthi uzophatha kahle abuyise nokuthenjwa kophiko lwezokushushisa. Khonamanjalo, uNgqongqoshe wezoBulungiswa nezokuHlunyeleliswa kwezimilo, uMnuz Michael Masutha, uthe akazange abambe iqhaza ezingxoxweni zokukhokhela owayenguMqondisi wezokuShushiswa koMphakathi * -Adv Mxolisi Nxasana uR17 million. Igama likaMasutha belifakwa kwawabantu abasiza uNxasana ukuba athole uR17 million.",1
142,llama3.1,"IMIZAMO yokuthi kube khona uBabes Wodumo emcimbini wokuqala, iGqom in Concert ozoba senxanxatheleni yezitolo iPavillion, eThekwini, ngo-Ephreli 21, seyifana nokuthela amanzi emhlane wedada. Ngemuva kokukhishwa kwesikhangiso somcimbi, abantu abaningi bakhala ekhasini likaDJ Tira ongumhleli womcimbi befuna afake uBabes Wodumo njengoba engomunye wabagqamisa kakhulu lolu hlobo lomculo. UTira usamile ekutheni lo mculi ubiza imali abangeke bakwazi ukuyikhokha njengabahleli. Ekhuluma neSolezwe uTira izolo uthe, kuze kube yimanje beyingakalungi indaba yokuthi uBabes abe semcimbini. “Uma kuphela leli sonto ingalungile kusho ukuthi ngeke isalunga. Okwamanje inkulumo ayihlangani,” kusho uTira. Okhulumela uBabes, uHlengiwe Mbambo, uthe bebethanda ukuthi uBabes aye emcimbini. UBabes nethimba lakhe ngebhadi bazobe bematasa ngaleyo mpelasonto. Saqinisekisa kwabanye abahleli bemicimbi ngesikhathi besiqasha ukuthi sizoba khona emcimbini yabo, abukho ubutha. UTira akazange ayiphathe eyokuthi akazange amthole ngoba uqashwe kwenye indawo uBabes. UHlengiwe uthe ugxile kwezokuxhumana kuphela kwiWest Ink. Ebuzwa ukuthi uBabes ubiza malini uma umqasha, uthe kuncika ohlotsheni lomcimbi omqashela lona. “Ayifani ngokwamazinga, kukhona emikhulu nemincane, nenani lakhe lihambisana nalokho,” kuchaza uHlengiwe. Kulo mcimbi kuzobe kunandisa iDistruction Boyz, Busiswa, Kwesta, Tipcee, DJ Sox, Okmalumkoolkat, Dladla Mshunqisi, Black Motion nabanye. Amathikithi omcimbi atholakala eComputicket ngoR200 kanti iVIP nguR450. “Siyakholwa wukuthi ithimba esinalo lizowenza umsebenzi futhi yingakho siqhubekile sawethula umcimbi (ngaphandle kukaBabes). Umcimbi futhi uzoshisa,” kusho uTira. Khonamanjalo, ngoLwesithathu nangoLwesine ngesonto elizayo kuzoba nengqungquthela yokucobelelana ngolwazi kwezomculo, iGqom Music Conference. Ingqungquthela ihlelwe yiDurban’s Finest, uTira noDJ Sox. Ingqungquthela izobe iseMoses Mabhida Stadium ngo-8 ekuseni kuze kube wu-4 ntambama. Kungenwa mahhala. Esitatimendeni kuvele ukuthi kuzobe kukhulunywa ngokudidiyela, ukusabalalisa umculo, ukunandisa nokunye. Izikhulumi zihlanganisa iDurban’s Finest, Rude Boyz, Distruction Boyz, DJ Lag, Zakes Bantwini nabanye.",1
127,llama3.1,Wethu kumele ube yinto enkulu ukudlula amagama nje asphepheni; kumele ube iqiniso ezimpilweni zabantu bakithi.,1
test_isizulu_00575,llama3.1,bazalwa abantu bazulu siyabona isinyanga elingana lokhu kwamadoda asebenza kwabelungu 👏😂,1
test_isizulu_00275,llama3.1,Uyab' ukhamba kwenkosikazi. #link,1
1887,llama3.1,"""Sibuye sibe nohlelo-kusebenza oluqopha imiyalezo kulabo abafisa ukushayela ucingo kwinombolo yethu ephuthu mayo ngemuva kwamahora okusebenza,"" kusho u-Seloane.",1
test_isizulu_00237,llama3.1,"Traffic language, driving slowly 1. We are playing games...2. My name is called a fool...3. Death will come for me 4. Driver's trauma...5. The boss scolds the driver...don't make excuses, we're all in this together.",1
1205,llama3.1,"Inhlosonqangi yethu ukwakha izikhungo ezinamandla neziqinile ezingaqeda inkohlakalo, futhi zimele nanoma yimiphi imizamo yoku-thuma amandla ombuso esikhathini esizayo.",1
3283,llama3.1,"Zimo futhi ngaphandle kokugula okutheni.U-Mohammed usuleleke nge-COVID-19 eyithola kumkhwenyana wakhe, ose-benza elebhu yesibhedlela i-Groote Schuur.Indodana ka-Mohammed eneminyaka eyisikhombisa ubudala nayo ihlonzwe njengenegciwane.Emva kokuhlonzwa, uMohammed usuleleke ngokwenza ukuthola kwakhe kwenye hospitali yase-Cape Town.",1
433,llama3.1,"UTHUKE kwaphela nasozwaneni unina womfana (15) waseManenberg ezwa ngomdlalo omusha obizwa nge- Treintjie, lapho abafana abancane bebukiswa khona izithombe zocansi ngaphambi kokudlwengulwa ngabafana abadala. Lo wesifazane oneminyaka engu-32 uthe uthole iqiniso ngalo mdlalo ngemuva kokuba indodana yakhe eneminyaka eyisikhombisa imtshele ukuthi inukubezwe ngokocansi ngabafana emgwaqweni ezinyangeni ezimbalwa ezedlule. Umfana wami wathi abafana abathathu bamthatha emgwaqweni bamyisa kubo komfana omdala lapho bamgingqela khona embhedeni bamkhombisa izithombe zabantu abenza imikhuba etafuleni. Wafaka i-lipstick kuye futhi wanikezwa amakhekhe netiye kanye nabanye abafana ababili, base bedlwengula indodana yami, kunomunye umfana wesine owayebukela. Umama uthe wabe esethatha indodana yakhe, wayiyisa esiteshini samaphoyisa eManenberg wavula icala futhi indodana yakhe yelulekwa ngengqondo.",1
train_isizulu_01050,llama3.1,"@username nginguZamnandi, ngibheka ukuthi umndeni wethu ugcwele isikhulu esingekhona",1
1802,llama3.1,"Uphiko olusha seluwuqale ngobuqotho umsebenzi walo, ngokusiza ukuthola abasebenzi bakahulumeni ababandakanyeka emaca leni ahlobene nokuthengwa kwezinsiza ze-COVID-19 , isibonelelo esikhethekile se-COVID-19 kanye noku khwabaniswa kweSikhwama Somshwalense, ukhuluphika kwabafundi abasebenzi.",1
train_isizulu_03066,llama3.1,Ngiyazi ukuthi ngiyasiza phela?,1
train_isizulu_01921,llama3.1,"#freedomday2021 27 years of democracy namanje umhlaba owathathwa kokhokho ukuze kumbiwe igolide kufukulwe umnotho wabamhlophe awukabuyi, amabhunu asabulala abantu namanje emapulazini inkululeko yomnotho sisayizwa ngendaba basincisha ngisho imali yomahlalela R350 #FreedomInAction",1
230,llama3.1,"Umeluleki uBoitumelo Tlhapane, osebenzela ku-I nclusive Education Unit eMnyango Wezemfundo eFreyistata, uthi ukuzizwa unexhala noma ukhathazekile ngalezi zikha thi ezinzima kuyaqondakala.",1
test_isizulu_00057,llama3.1,"@username ngizalwa ngi ngiyokufa ngiyiyo. ngizalwa mabutho kabuthelezi engishaya nabanye ongoye ngo 1983. ngizalwa amabhunu engivalela ejele, engishaya ku Fisher Street ethekwini. Lutho ukushintsha, naweke khohlwa.",1
1724,llama3.1,"Okukhulu; hhayi nje ukukhulisa amabhizinisi abo kodwa ukwenza ngcono ingcebo okwabelwana ngayo kanye nokuchuma emiphakathini abalima kuyona. Kumele bapholise ama nxeba obandlululo lwesikhathi sethu esedlule, bayichithe inkolelo ethi ""abafundi""",1
2615,llama3.1,"Sibonga ukuhlangana komphakathi okwenze sa kwazi ukuqhubeka nokwakha ukuthi uhulumeni, osoma bhizinisi kanye nabasebenzi bakwazi ukusebenzisana ukuze baqinise abasebenzi nama bhizinisi kwimithelela ebuhlungu yezomnotho yalolu bhubhane.",1
train_isizulu_01491,llama3.1,@username isikhathi esingcono sidla ingoma 8pm-10pm @username heshe mabhungu @username #ukuthandaokunye #incwengayomculo #isigqisaseafrika #ulozololomculo #url,1
39,llama3.1,"Lolu hlelo luhlose ukuthuthukisa ikhono labantwana lokufunda, ngokunciphisa ukungondleki kahle nendlala kanye nokwenza ngcono ukuya kwabo esikoleni, ikakhulukazi ezikoleni zezincishwe amathuba.",1
2879,llama3.1,"Okwakulokhu kuphawu leka kwababebambe iqhaza kwinkulumo-mpikiswano muva-nje kwakungukuthi abafuni ukuthembela ekuphi weni noma imiphakathi yabo ihlale ibheke usizo lwezimali kuhulumeni, ngokushesha ukubona ukhuluma kwabafundi.",1
3033,llama3.1,"emzimbeni zibandakanya ukukhwehlela, ikhala eligxazayo, imfiva kanye nokuvaleka ukuphefumula, uma ngabe uhlaselwa ngezinye zalezi zimpawu, thola usizo lokwelashwa ngokuphazima kweso.",1
2584,llama3.1,"""Ukuthi igama lomsebenzi liyavela kurejista, umqashi kumele asuse loyo msebenzi amnike isikhundla esingeke simsondeze kumntwana noma kumuntu okhubazeke ngokwengqondo,"" kusho uMatjila.",1
train_isizulu_02058,llama3.1,"@username ukudla kwaabantu abanywama, baphi abelungu? Nidla kwaabantu ngoba bangasenzi maan #url",1
1030,llama3.1,"Ngokuvikela ukubhulisa ososayensi ababesixwayise ngako esikhathini sezinyanga ezingaphezu kwezi-3 ezidlule sekusificile. Kwaqala eNtshonalanga Kapa, kuyaqhubeka eMpumalanga Kapa naseGauteng. Izibalo zabantu abatheleleke ngegciwane zikhula ngamandla.",1
3392,llama3.1,"Zabo bangabantu abasha abaphemba indlela yabo futhi baletha nemindeni yabo. Sethulela isigqoko abantu abasha abaqhubeka nokusebenzela ukuphucula izimpilo zabo. Abantu abasha badlala indima yabo; badinga uhulumeni, kanjalo nomphakathi wonke, ukudlala kwenkomo kwa njalo.",1
3049,llama3.1,eNingizimu Afrika yenkosazana yaseNkampani ya NantWorks inabuyekeza ukubukeka kwemvelo wokwakha ikhono lokunakekelwa kwezempilo okuthuthukile e-Afrika.,1
146,llama3.1,"Ubudala ebehlala naye nezingane zakhe futhi ubefuna ukubavikela. ""Ngaphatheka kahle kakhulu. Ukudla kwabe kwehla esiphundu – ku-mnandi ukwedlula ngishookwasekhaya. Ngabona ukuthi kumele ngihlale ethembeni. Ngangihlala ngokukhathazeka, kepha ngathandaza ukudla kwakhe.""",1
687,llama3.1,Ngohlelo lwezinsuku zomishango uyezwa kwabantu abayizigidi abaphilayo nalesi sifo.,1
999,llama3.1,"Sizibonge kakhulu izintatheli ezisebenza kanzi ma nangokuzimelela zase Ningizimu Afrika, zinikeza abantu bakithi ulwa zi ngokusabalalisa imiyalezo yezempilo yokuqhelelana kubantu kanye nenhlanzeko.",1
1362,llama3.1,"Ngokusizwa inhlangano yezokugcina ukuthula eyasungulwa uPhiko Lwa maphoyisa eNingizimu Afrika, ngokusebenzisana nabaholi basemphakathini, imiphakathi ihlangene ukweseka labo abakhahlanyezwe uthuthuva kanye nokuvula imigudu yokuxoxi.",1
2445,llama3.1,"Nobumbano kumele kube izimpawu zomphumela wo-mphakathi omusha, nokuthi bazimisele ukuba ngamaqhawe alo mhlaba omusha, ongcono. Zingxoxweni engibe nazo nabantu abasha ngithe akumele sibukele phansi ama-ndla ombono, ngoba imibono ingashintsha.",1
504,llama3.1,USHAYWE ngoswazi oluncane usaziwayo uBonang Matheba ecaleni abebhekene nalo lokungakhokhi intela.Inkantolo yamacala emali eGoli ihlawulise uBonang uR30 000 ngoLwesibili ukukho intela ngesikhathi. Lokhu kwenzeke ngemuva kokuthi elivumile icala abethweswe lona lokungakhokhi intela eqondene naye uqobo kusukela ngo-2008 kuya ku-2017 neyebhizinisi lakhe iBonang Matheba Entertainment (Pty) Ltd kusukela ngo-2014 kuya ku-2017. Umshushisi obebambe leli cala wazise ijaji ukuthi uBonang uyikhokhile imali eyinhlawulo.,1
157,llama3.1,"USIHLALO weMKMVA KwaZulu-Natal, uMnuz Themba Mavundla, unxuse uhulumeni aqinisekise ukuthi onke amasosha oMkhonto Wesizwe ahlanganiswe namasosha akuleli ukuze ahole nemindeni yawo idle.UMavundla uphakamise lokhu emcimbini wokubuyiswa kwamathambo abanye ozakwabo ababengamalungu oMkhonto Wesizwe ngezikhathi zobandlululo obuseCity Hall, eThekwini, ngoMgqibelo. Uthe kade kwasa bezicelela ukuba uhulumeni asukumele usizi lwamasosha okuthiwa awanakiwe kodwa ayelwela inkululeko yezwe. Uthe kufanele amasosha anakwe ngoba izwe lilapho likhona ngenxa yeqhaza alibamba emzabalazweni.“Bonke kufanele bathole izinombolo zasembuthweni bafakwe ohlwini lwamasosha kube khona abakutholayo nemindeni yabo. Ngake ngakucela lokhu, ngiyaphinda futhi ngiyakucela nanamuhla ngiyethemba kuzwakele. Nginalo ithemba lokuthi kuzofika nasesigungwini esiphezulu sikaKhongolose, kusho uMavundla. Ubonge kakhulu kuDkt Zweli Mkhize onguNgqongqoshe wezokuBusa ngokuBambisana neziNdaba zomdabu kuzwelonke ngeqhaza lakhe ekutheni kusukunyelwe indaba yamasosha aduka ngezikhathi zempi. Uvumelane noNgqongqoshe wezeMpilo KwaZulu-Natal, uDkt Sibongiseni Dhlomo, othe maningi amasosha akhalayo anganelisekile. Ubekhuluma kanjena nje sekunomkhuba odlangile KwaZulu-Natal wokuthi amasosha oMkhonto Wesizwe aphazamise ukusebenza komasipala ekhala ngokuthi avalelwa ngaphandle abulawa yindlala. UDhlomo uwanxusele amasosha wathi akufanele alahlwe.“Amanye amasosha engike ngixoxe nawo asuke ekhala izinyembezi ngempela. Kufanele kube khona okwenziwayo naye uSihlalo uMavundla ngimphathisa umphako wokuthi ahlanganise amasosha abumbane esifundazweni kungabibikho amaqembuqembu amasosha,’’ kusho uDhlomo.",1
2960,llama3.1,"I – Ingxemusha yelimhlo iphe esweni, ukuvaleka amehlo noma ihlo eliphumela ngaphandle.",1
train_isizulu_02114,llama3.1,"Ngincoma uhamba nge BMW 4, mna ngincoma nge Polo R, siyeku bukana, sibona ngisebenze, ishisa imoto yami yenjeni.",1
train_isizulu_01753,llama3.1,@username inkomo yethu iyathwala ijele eliyoqhuba ukulima 🐮,1
3345,llama3.1,"U-Egbe uthi ukubhema ugwayi kukhiqiza amakhemikhali angaphezulu kwezi-7 000; kanti angama-250 ala makhemikhali aseqinisekiswe njenganobungozi emzimbeni womuntu. Kusenjalo nje, kula makhemikhali angama-250, angama-69 aziwa njengesisusa somdlavuza.",1
1327,llama3.1,"Izindleko zezikweletu zizokhuluma ngebhizinisi abancane, ukubheka kwabo kufanele kwenziwa ngaphandle komnyango wokwakha.",1
2295,llama3.1,Ndiyakwazi ukusho ukuthi kufanele kwenzeka efeni lomzuzi osesingane.,1
train_isizulu_00419,llama3.1,"@username, ngiyabonga kakhulu! Mahlobo ayingena nje! 😊",1
2266,llama3.1,"Emavikini ambalwa edlule, iNkantolo Ekhethekile isibuyekeze futhi yabekela eceleni izinko ntileka ezingalandelanga umthetho zenani elinga phezu kwezigidi eziyi-R100 eziphume ekuthengweni kwempahla yeCOVID-19, ngokwenzima ukubuyeza ukuhlalwa kwazo.",1
621,llama3.1,"Phakathi kukaNtulikazi noMandulo kowezi-2021, abantu 9 556 abayizwa, iningi labo kwakungabesifazane, badlwengulwa. Lesi sibalo singaphezulu ngama-7% esikhathini sombiko owedlule.",1
train_isizulu_02180,llama3.1,"Ngesikhathi esingekubili, ngingakuthanda ukwazi ukuthi ngizobe manje, ngiyabonga kakhulu kwamazulu asemaphoyisa 😍😩❤️ #sengikhulisile",1
237,llama3.1,"Ngo hambi lapho i-habanga isebenza kwenye amaqembu okufunda, abafundi bafundise bengekho phambi kwabo; ngokuzikhumbuza ukugqugquzela abafundi ukuthi bafunde besekhaya; nokubagqugquzela ukuthi bakhulume ngokwesaba kwabo",1
train_isizulu_00276,llama3.1,"@username, ngothando laka ukhuluma nje, wena uwe lo muntu, @username, usadala ngathi, 2018.",1
train_isizulu_01769,llama3.1,"@username 😂😂 mxm unjalo ngokwenzeka, ukhuluma nje njalo😊😂😂",1
2152,llama3.1,"Ungakube umgomo uphephile kubantu abadala, ngaphandle kwabafana ne-COVID-19. Umgomo uphephile futhi usebenza kahle ekunqandeni isifo seCOVID-19.",1
train_isizulu_02905,llama3.1,"@username, ngiyathandana ukuthola ukubonelela kwakho kuhle, njalo noma ukukhuluma ngokwesinye isikhulu. Ngicela ukwenze ukubonelela kwakho ngoba ubuphasa siningisi slima",1
train_isizulu_02112,llama3.1,@username abantu basebenzi ukuthi ngibiza isinto. ugh,1
491,llama3.1,"UMnuz Mendi Msimang odlule emhlabeni izolo ngemuva kokugula isikhathi eside. UwayeyiHigh Commissioner yase-United Kingdom (UK), uchazwe njengengqalabutho eyalwela amalungelo abantu. Ungumyeni kaDkt Manto Tshabalala-Msimang, owayenguNgqongqoshe wezeMpilo owadlula emhlabeni ngo-2009.UMengameli Cyril Ramaphosa udlulise amazwi endunduzo emndenini, kubangani, izihlobo nakubantu bakuleli ngokudlula emhlabeni kwalesi sishoshovu esamela i-ANC eLondon ngo-1960.",1
2886,llama3.1,"Ngemva kwaphakamiswa kwenkulumompikiswano eNdlini Ye sizwe Yabaholi Bendabuko, ukuzokwenza uhlelo lweInvestRural luphumelele ukuthi izinhlaka zendabuko ziqeqeshwe, zinikwe ama ndla futhi zicijwe ngama khono.",1
train_isizulu_00850,llama3.1,Uthola ukuthakatha 🤣🤣🤣 #url,1
train_isizulu_00168,llama3.1,"Ngiyavuma ukuthi ngiyakwazi kwenza iindlela zokuphuhlisa isimozi, ngoba nginikwazi ukubona ukuthi ngiyathandana nayo.",1
train_isizulu_02514,llama3.1,"Nansi imfene or umkhovu wakamabaso uhujwa izinja la phandle, kodwa yibetha ukudla kubiza kangaka.",1
3115,llama3.1,"""Ngokubelesela nokuzimiselela, ngizozibona lezi zithiyo,"" ukhuluma.",1
train_isizulu_01144,llama3.1,"@username #indumiso sawubona bhuti sbu, bengicela ukugwaba nomndeni wam osentapha ehlokozi ka mkhobolo naka gudlucingo ka mchunu kubo sdudla ngibathanda kakhulu.",1
3306,llama3.1,"umphakathi wakho ungekhombise ukunakekela futhi nobuhlungu obenziwa ezinkundleni zoku U-Insaaf Mohammed, ophethwe isifuba somoya, ukwazile ukunqoba iCOVID-19.",1
train_isizulu_02792,llama3.1,@username ukuthola kwenziwe nguye *ngizofuna ukwaziwa*,1
train_isizulu_00730,llama3.1,"@username, ngingu ngaphansi kwakho location, ngizokhuluma nalo. ##url",1
3233,llama3.1,"Izimpahleni ezithunyelwa kwamanye amazwe, ukwehla kwenani lezivakashi kanye nomthelela omkhulu ekukhiqizeni, ekusebenzeni kwamabhizinisi kanye nokusungulwa nokugcinwa kwemisebenzi. IKhabhinethi isizophothula izindlela eziphelele zokungenelela ukwehlisa, ukubhala kwenani lezivakashi kanye nomthelela omkhulu ekukhiqizeni, ekusebenzeni kwamabhizinisi kanye nokusungulwa.",1
dev_isizulu_00213,llama3.1,Hakuna mwanadamu anayeshinda kama Mkokstad 🔥... anaikumbuka ikhekhe na kumkamata.,1
446,llama3.1,"UMENGAMELI Cyril Ramaphosa umise emsebenzini iPhini loMqondisi wezokuShushiswa koMphakathi u-Adv Nomgcobo Jiba no-Adv Lawrence Mrwebi onguMqondisi wezokuShushiswa koMphakathi ngamacala athinta imali, ukuze kuphenywe ukuthi bakufanele yini ukuba kulezi zikhundla zabo.URamaphosa umemezele lezi zindaba izolo ntambama esho nokuthi uphenyo lokuthi o-Adv Jiba noMrwebi bakufanele yini ukuba sezikhundleni zabo luzophathwa yiJaji leNkantolo yoMthethosisekelo eselathatha umhlalaphansi uNkk Yvonne Mokgoro. “Emuva kokubona ukuthi kunezinsolo zokuthi anikufanele ukuba sehhovisi ngithathe isinqumo sokunimisa emsebenzini ukuze ngiqinisekise ukuthi ezobulungiswa zisebenza ngendlela, ikakhulukazi uma kuthintwa amacala enkohlakalo nokusetshenziswa kwemali yezwe. Niphethe izikhundla eziphezulu kwezokushushisa yingakho kufanele nime emsebenzini kuze kuphothulwe uphenyo ngokuthi nifanelekile yini ukuba kulezi zikhundla,” kusho uRamaphosa.",1
1305,llama3.1,"Umthetho manje usuvikela ngokusobala abantu abadala kuzo zonke izinhlobo zodlame lwasekhaya, futhi uvumela ukwakha amasiko asebenza be-inthanethi, ubongele isikhathi kanye nezindleko zokuhamba.",1
2467,llama3.1,"Ucwaningo lwezolimo lwemelela ukwenza ucwaningo lwezolimo kwa Google, yobuchwepheshe yokwenza ucwaningo lwezolimo. Nomvuzo wawuqala kwaba ncane kancane futhi namhlanje usengumnikazi oziqhe nyayo wePulazi i-Zapa, ibhizinisi eliphumele le elihweba ngezolimo.",1
572,llama3.1,"Selokhu uMnyango Wezemfundo Eyisisekelo wavulela ukufakwa kwezi celo zesigaba esilandelayo sakamuva sokuqashwa kwabasizi basezikoleni, bangaphezu kwenye-940 000 abantu abasha abafake izicelo enkundleni yokufaka izicelo zomsebenzi ese tshenziswa mahhala",1
745,llama3.1,"OWAYENGUMENGAMELI wakuleli uMnuz Jacob Zuma uthi ugqigqa izinkantolo nje futhi usevela kwikhomishini kaZondo yingenxa yetulo elidala lokuthi asuswe ebuholini kuhulumeni. UZuma udalule lokhu ngoMsombuluko ngesikhathi eqala ukufakaza kwikhomishi ephenya ngokulawulwa kombuso yidlanzana. Ngesikhathi eqala ukufakaza uZuma, ummeli wakhe u-Adv Muzi Sikhakhane uqale wacacisa ngokubhalela kwakhe ikhomishini eyicela ukuthi imthumelele imibuzo ngaphambi kokuthi avele. USikhakhane uveze ukuthi akukho kuhle ukuthi kule khomishini kunabantu asebebukwa njengamaqhawe abanye babukwa njengabasolwa ekubeni yasungulelwa ukuthi ithole iqiniso ngokulawulwa kombuso yidlanzana. Eseqala ukufakaza uZuma uqale ngokundlalela umlando ngokuhlaselwa kwakhe athi kwaqala ngonyaka ka-1990 lapho athola khona umbiko wokuthi kunabahlela ukuthi lidicilelwe phansi igama lakhe ngaphambi kwengqungquthela ye-ANC. Uthe ngemuva kokwenza uphenyo lwakhe wathola ukuthi ababefuna ukumhlasela babehlongoza ukwenza lokhu ngoba ‘wayazi lukhulu’ uZuma ngohulumeni wobandlululo.",1
test_isizulu_00268,llama3.1,"Mazulu, lento ayihlangene nebhola, njalo ngoba nginguqonda ukuthi ngiyaziyo kwenziwe kwakhe.",1
train_isizulu_00777,llama3.1,"@username kwenziwe ibhunu elihamba ngayo la Spann, yooo! Iyagula ukuthi...",1
2102,llama3.1,"I-IDC inayoendeleza ukuhwebetshwa kwamabono yase-Afrika kubantu besifazane abamnyama na amabhizinisi aphethwe yintsha, kanye nokukhulisa isabelomali sengqalasizinda kwezokuThuthukiswa Kwezomnotho eTshwane.",1
2425,llama3.1,"Isikimu somfundaze sini kezwa izitshudeni eziqalayo enyuvesi kanye nasemako lishi oKufundela Umsebenzi Wezobuchwepheshe Bezandla Nokuqeqeshwa (ama-TVET), kuwona wonke amaningi e minyaka yemfundo.",1
train_isizulu_02648,llama3.1,Ngamla bengikukhumbulela lokho njalo #generations,1
1172,llama3.1,"“Ngiyakuthanda ukulungiswa kwabantu ukulamula ukusasa ngaphandle konke, ikakhulukazi lesi sikhathi seCOVID-19, futhi abantu bafanele baqale ukuyisebenzisa kakhulu,” kusho u-Chicktay.",1
test_isizulu_00244,llama3.1,"@username hahaha ngibona ukuthi uhlala kancinci ""model c""",1
2880,llama3.1,"Ngiyabonga ukuthola ukusasa kwethu, ukuphila ngokwesekwa okufanele, ukubona umondwana osivumelayo imiphakatsi yasekweni ukuthi isizimele.",1
712,llama3.1,"Igxambukela futhi ibeka imikhawulo ku-malungelo abo. Inhlosongqangi yethu ngokugcina impilo, ukubheka nabantu noku-hlanzeka kuseyizona zikhali zethu ezihamba phambi-li kulo mzabalazo. Ilokhu okulawula imithethonqubo esiyibekile esigabeni sesine",1
3152,llama3.1,"""Uma, emva kwenye siku 30, izinto zako zitakusanyika, utapata risiti ya Mlamuli,"" alisema Rama mwanamume.",1
train_isizulu_01754,llama3.1,"Ungena nje ukuthola ishadi yabo, ngoba wawuqhubeka kwenye njalo. ##url",1
train_isizulu_01318,llama3.1,"Sihlalo sikaMazulu, sizokwazi ukhuluma ngoba sizibona😊 #GcwalaLamiBhida",1
260,llama3.1,"ITHOLAKALE ishonile indoda (52) yaseMbongolwane obesekuphele isonto inyamalele emuva kokuthi iphume ngesudi yesele endlini yentombi ibalekela abalisa okuthiwa babeyifuna ngezibhamu. Amaphoyisa akuqinisekisile ukuthi isidumbu sikaMnuz Kwazikwakhe Mfanothi Lushozi onyamalale ekupheleni kwenyanga edlule sitholakele sinamanxeba okungakaqinisekiswa ukuthi ngawani. ULushozi unyamalale ngoJuni 30 eKopokopo lapho okuhlala khona intombi yakhe emuva kokuthi kufike amadoda angaziwa emfuna ngezibhamu. Kuthiwa waphuma endlini enqunu ebalekela la madoda okuthiwa aphinde atshela intombi yakhe ukuthi afuna isibhamu sakhe. Okhulumela amaphoyisa KwaZulu-Natal, uLt Col Thulani Zwane, ukuqinisekisile ukuthi amaphoyisa asevule icala lokubulala mayelana nesigameko sokutholakala kukaLushozi eshonile. ""Isidumbu sakhe sitholakele eKopokopo endaweni engakude nala ayebhekwa khona. Isidumbu sakhe bese sonakele futhi sinamanxeba okulimala. Imiphumela yokuhlolwa kwesidumbu yiyona ezocacisa ngokufa kwakhe,"" kusho uZwane. Izolo umndeni kaLushozi awuzange utholakale ukuqinisekisa ukuthi sewuzwile ngokutholakala kwesidumbu sakhe ntambama ngeSonto. Ngesikhathi ebikela leli phephandaba ngokuduka komyeni wakhe, uNkk Lungile Thabisile Lushozi, uzwakalise ukukhathazeka ngesigameko sokunyamalala kwakhe kodwa washo ukuthi batholile ukuthi ubesentombini yakhe. FUNDA: Unyamalele ohlaselwe ehlezi neshende Uthe umyeni wakhe wayevakashele izihlobo zakhe eHammarsdale ngesonto ezobuya ngoLwesihlanu olwandulela usuku anyamalale ngalo. UNkk Lushozi uthe wayethole ucingo olwalumexwayisa ukuthi angalali ekhaya ngoba kunabantu abafuna umyeni wakhe abangamenzakalisa. Uthe wambikela umyeni wakhe ngalokhu wathi uyabuya ngoLwesihlanu olwalandulela usuku okuthiwa wanyamalala ngalo. Ngokusho kwakhe bathi uma bezama ukumshayela ucingo bangamthola ocingweni kwathi eseshayelwa ntambama ucingo lwabanjwa yintombi yakhe yababikela ukuthi kufike abantu ekuseni ngehora lesine befuna umyeni wakhe kodwa wakwazi ukuphunyuka wabaleka enqunu. Umkakhe uthe bathi uma beya emaphoyiseni bathola ukuthi intombi yomyeni wakhe ayisibikanga isigameko sokuhlaselwa nokunyamalala kwakhe. Uthe saze sabikwa nguye.",1
1917,llama3.1,Umnyango wezo kuhlaliswa kwabantu usuvele ukhulisa ukuhlola umonakalo ezindlini kusosonke isifundazwe.,1
241,llama3.1,"Kunisekisa ukuthi kukhona nqobo eqondile yokufunda, ukulala, nokuchitha isikhathi naabantu abanamuhla.",1
1994,llama3.1,"Kuka-Michael Komape na uLumka Mkethwa, wakhe wabashona bafana babo kwane kwaba ngcono ukushona",1
1260,llama3.1,"Ngaphambi kokunyuka kwazo, zingeneze izinto ezihlonzekileyo kuhlanganisa nayo, futhi zigqugquzele ukuthi zidonsa mithetho yabo.",1
train_isizulu_01918,llama3.1,@username lapho kude throughout the year sesihlabe close to 7 goats akekho usegoli... anede ahlabe inkomo eyodwa nje ngo December ezacile useyosiphatha ke sizwe ngaye yonke into. weee bhatata!!!,1
1055,llama3.1,"Esingawudala ezimpilweni zethu. Njengesizwe sihlanganisani ndawonye ukuze selekelelane, siduduze labo abagulayo futhi sikhuthaze ukwamukelwa kwabantu abaphila naleli gciwane. Manje kakhulu kunakuqala, kusezandleni zethu ukusindisa izimpilo zalabo esiphila",1
train_isizulu_00831,llama3.1,"@username 😂😂Ngiyabonga, ngiyabona ukuthi ngifuna kwenziwe njalo!",1
train_isizulu_01234,llama3.1,Ngamla bakusaba ngisho ususembele ugula,1
795,llama3.1,"""Kho-ke kusemqoka ukuba abasebenzi abangonjiniyela babe sesizindeni okwakhiwa kusona ukuze baphendule yonke le mibuzo,"" sasho u-Sumay.",1
train_isizulu_01409,llama3.1,Ngiyakhumbula imomozi yami 🍑👧🏻,1
1729,llama3.1,IMISA inaendelela kukabili ukhamba lwakhu lwenye nchi nzima kwa chanzo cha Mamlaka ya Kitaifa. Ilianzishwa mwaka 2012.,1
496,llama3.1,"NGENE ehlazweni owayengumgadli weKaizer Chiefs amaphoyisa ethola ukuthi umuzi wakhe usetshenziswa njengesidleke sokukhiqizia izidakamizwa eHillside, eGoli. Amaphoyisa agasele ekhaya lale nkakha ngoLwesithathu ekuseni batholwa ukuthi kunegumbi obekukhiqizelwa kulo imandrax. UColonel Brenda Muridili uziqinisekisile izindaba zokuboshwa kowayengumgadli weKaizer Chiefs. Abasolwa amagama abo awakadalulwa njengoba bengakaveli enkantolo. Lietenant General Stefan Schutte ushaye amaphoyisa ihlombe ngokubambisana emzamweni yokwehlisa isihlava sokusatshalaliswa kwezidakamizwa kuleli.",1
2517,llama3.1,"Kwabonwa ukukhuluma kwenziweyo, konke lokhu kwakuyindlela yokubheka ngqo ngesimo lesiphuthumayo futhi kwakungokwesikhashana.",1
3020,llama3.1,"Izindawo zokuhlala phansi udle, izindawo ezithengisa nezokuphuzela utshwala, ngapha ndle uma kuhanjiswa noma kulandwe ukudla. Izindawo zokuhlala kanye nezindawo zokuhamba ngezindiza zalapha ekhaya, ngaphandle uma uhamba ngomsebenzi, okuzo vunyelwa",1
test_isizulu_00219,llama3.1,Wayeza kuenda kwenye hali hiyo @username na ndaba yenye mawazo makubwa ambayo inaweza kufanya ma model ya Woolworths yake kuwa na ujuzi wa juu zaidi 🤣,1
2287,llama3.1,"Okokugcina, umufi wengashiyana ngisho esi-hlobo, uMbuso uyobeka udle ifa.",1
2403,llama3.1,"“Ngenxa yokuthola futhi ukunciphisa ukusulelana nge-HIV/AIDS, inandise ukufinyelela ekunakekeleleni nokwenza ngcono imiphumela yezempilo kubesifazane nabesilisa abasuleleke nabathintwe yi-HIV/AIDS,” enezela.",1
906,llama3.1,"“Imali yokufunda ibiza ngokwedlulele. Ngokomkha kha engiwukhethile, bengi ngeke ngikwazi ukukhokhela ngisho imali yokufunda izinyanga eziyisithupha, ngi ngasakubali okonyaka owo dwa-ke nje lowo,” kuchaza yena. UMashego uphothule umatikuletsheni wakhe ukuthola ukwazi ukukhokhela imali yokufunda",1
3495,llama3.1,"Lezi zinhlelo zokuzimisela zizodinga ukubanjwa kakhu lu kweqhaza wumkhakha ozimele kanye notshaloma li, ITransnet , kubandakanya Ichweba laseThekwini, kunge nye yengcebo kazwelonke ebaluleke kakhulu yabantu baseNingizimu Afrika.",1
2157,llama3.1,Ungokwazi ukuthi ngolwazi oluthe xaxa ngena ku https://www.sacoronavirus.co.za,1
train_isizulu_02939,llama3.1,Bayayidelela njengemfana webelungu.,1
2600,llama3.1,"Ngokuvamile, sethula Uhlelo lukaMongameli Lokusungula Imisebenzi ukuze kuhlinzekwe ngemalingeniso nokweseka indlela yokuziphilisa yezigidi zabantu abafanelekile.",1
2576,llama3.1,"I-NRSO ingaphansi ko-Mnyango Wezobulungi-swa Nokuthuthukiswa Komthethosisekelo, abaqashi kumele beze khona ukuzobheka ukuthi ngabe labo abafuna ukubaqasha abekho yini ohlwini. Ukuba ngumqashi futhi kubandakanya umzali ofuna ukuqasha umsizi wase, kumele beze khona ukuzobheka ukuthi ngabe labo abafuna ukubaqasha abekho yini ohlwini.",1
test_isizulu_00591,llama3.1,"Ngiyabonga ukuthola isqophamithi leyo, ngiyaphila kwakhe... njalo njalo, ngiyafunda kakhulu.",1
3442,llama3.1,"Baye bahanjiswe kudokota la wokunyakaza kwamalungu omzimba, phecelezi ioccupational therapist , ukuze iqinise kise ukuthi umzimba wabo uya kwazi ukunyakaza ngendlela engabenza bakwazi ukushaye izimoto ezenzelwe abantu abakhubazekile",1
723,llama3.1,"SEKUPHINDE kwangena esinye isikhalo ngengqungquthela ye-IFP Youth Brigade okuwuphiko lwentsha yeNkatha ebihleli oLundi ngempelasonto. Iziko Imbabazane elibuye lizibize ngoMtshezi, kuthiwa seliphumele obala lithi kuningi okungahambanga kahle ngengqungquthela ekhethe uMnuz Mthokozisi Nxumalo kwesikaSihalo wophiko. UNobhala walo uNksz Nobuhle Ngubane unqabile ukuphawula ngencwadi okuthiwa ithunyelwe esigungwini esiphezulu seqembu. Akafunanga ngisho ukukhuluma ngesikhalo okuthiwa basifakile uvele wavala ucingo. Umthombo opotshozele leli phephandaba, uthe abaningi bayesaba ukuphumela obala ngoba kuba sengathi bavukela iqembu. Umthombo uthi isigungu esiphezulu siyitholile incwadi evela kuleli ziko. “Awu kuyaziwa nje ukuthi izinto zihamba kanjani eqenjini abantu bakhalaza emakhoneni ngoba abaningi bayesaba. Uvele uthathwe njengomuntu ongahloniphi odicilela phansi iqembu uma uveza izikhalo,” kusho umthombo. Elinye ilungu elingathandanga ukuveza igama lalo lithi kufanele kukhethwe kabusha kulungiswe wonke amaphutha enzeka engqungqutheleni. “Kwakungena noma wubani lapha engqungqutheleni nezigqebhezana zokungena zakhwabaniswa. Wake wayibonaphi ingqungquthela eyenzelwa etendeni ngoba akhona amahholo oLundi. Baningi kakhulu abantu abangagculisekile ngendlela okuqhutshwa ngayo izingqungquthela ze-IFP,” kuchaza ilungu elikhathazekile. Lesi sikhalazo selama eduze esinye esavela ngosuku lokusongwa kwengqungquthela lapho indoda eyazethula ngoNgcobo isibongo, yasukuma yaphikisa imiphumela. Le ndoda ize yazibophezela ngokuthi izolulandela lolu daba kuze kube sekugcineni. Akuqali ukuthi kube nomsindo njengoba kuke kwabangwa imiphumela yokhetho lobuholi besifundazwe KwaZulu-Natal. Owayehola umkhankaso wezikhalo uMnuz Simphiwe Zungu wamiswa eqenjini emuva kwezinsukwana nje ephumele obala ngokungenami kwakhe. Okhulumela iqembu uMnuz Mkhuleko Hlengwa ukuqinisekisile ukuthi incwadi ifikile futhi iyacutshungulwa indaba yayo kodwa wathi ngeke iphindwe ingqungquthela. “Sikholwa wukuthi kwahamba kahle konke engqungqutheleni yeqembu. Siyafuna futhi ukuxwayisa amalungu ethu agijima aye kwabezindaba ukuthi lokhu akufuneki. Wudaba lwangaphakathi lolu kufanele iqembu linikwe ithuba lilulungise,” kusho uHlengwa.",1
3092,llama3.1,"Imemezele imifundaze emibili yokubhekana nokuntuleka okubucayi kodokotela bezilwane ezindaweni zasemakhaya eNingizimu Afrika, kwenye 60%.",1
1394,llama3.1,"""Iziguli zohlanga zisengcu pheni enkulu ngenxa yabantu abancane ababhalisile aba nikela ngamangqamuzana egazi kwabamnyama, ama khaladi kanye namaNdiya,"" sibona uMokomele.",1
1730,llama3.1,"Ngemva kokuqeda umatikuletsheni wezi-2008, kwaba nesidingo sokuthi ngithathe ikhefu lonyaka ukuze ngithole indlela yokukhokha izindleko zasenyuvesi, ku Sho uMukhodiwa.",1
586,llama3.1,"OWAYENGUNGQONGQOSHE wezokuThuthukiswa koMphakathi, uNksz Bathabile Dlamini uthi akanandaba nabamgxekayo bemenza idimoni kodwa ujabulela ukuphinda athole ithuba lokusebenzela abantu ngoba yilokho akwazi kangcono. Uthi ""Ngibonga usisi Lindiwe Sisulu ngokwethembela kimi. Kwakunomkhankaso wokungcolisa igama lami kube ngathi ngiyidimoni."" Uchaza ngezivuvaba ake abhekana nazo esengungqongqoshe, uthe yisimo esamhlukumeza kakhulu yena nomndeni wakhe nabazali bakhe asebebadala kakhulu.",1
test_isizulu_00551,llama3.1,Ababulali Benyathi balala uqwayimba/uqwayimbe. Sichaza ukuthini lesisisho masu akithi? @username,1
3342,llama3.1,"WaseNingizimu Afrika Wocwaningo Kwezokwelashwa kophuzo oludakayo, ugwayi kanye nezinye izidakamizwa.U-Dkt. u-Egbe uthi ukubhema kwaziwa njengenye yezinto ezidala izifo eziyimbelesela kanti ezinye zazo zithintana ngqo nezimpawu ze-COVID-19.",1
868,llama3.1,"""Ukutshalwa kwezimali kuhle ngokuphathelene nokuzethemba kwezama bhizinisi. Kuyaqhubeka nokukhombisa ukuthi lapha KwaZulu-Natali siyindawo ekahle kwaba tshala izimali, kuthu mela nomlayezo kulabo abalokhu bengabaza ukuthi i-Durban iyindawo ekahle.""",1
train_isizulu_02395,llama3.1,"@username ukuthetha ngokwakhe ngathi? Noma ngamagama aseZulu? Ukhethe izifundazwe ezi 8, zonke zicwilile, inhlekelele yodwa, nalapho ithina mazulu njalo. Hhayibo 😱 anginikhi, niphume kithi. Nani yibani aseZulu uma unjalo, kanti soneni, sadlani kabani, wakuphi nabantu? 🤔",1
987,llama3.1,"Semibuso yomibili sisamile njengendlela eyiyo yabantu bakwa-Israeli kanye ne-Palestine futhi kumele kuqhutshekwe nokuthi sesekwe. Ngesikhathi amasosha ezokuphepha akwa-Israeli ehlasela amakhohlwa e Al Aqsa Mosque, nathi eNingizimu Afrika besilungiselela ukuthola njalo",1
dev_isizulu_00165,llama3.1,"Heshe mfowethu, ngiyabonga kakhulu! 🔥💕 #isiZuluLove",1
train_isizulu_01202,llama3.1,"Isibalekile ""@username: @username ubeke nguye RT""",1
1330,llama3.1,Izindlela zokucwaningwa zinabonisa ukuthi umntwana anemathuba ayingcosana kakhulu okuthola i-HIV obusuku lwemfazi lwebele uma umama anuncelisa ibele kuphela.,1
train_isizulu_02212,llama3.1,"@username ngiyakwenza ukubhaliweka kwamamodel c, ngiyavala ngezulu",1
train_isizulu_00744,llama3.1,Usapholisa imomozi yakhe! 😂👀 #imomoziyakhe,1
1906,llama3.1,"""Ngqongqoshe Wezezi mali uthi isigidigidi esifana nesimo R1 siyisekelwe kakhulu, ukhuluma kwakhe.""",1
train_isizulu_00977,llama3.1,@username ukhulumela ukubona isidwaba sizothanda ukuthatha isizwe ngokungakho,1
3344,llama3.1,"Bevame ukuba nezifo ezigcina zenza ukuthi umuntu osesuleleke ngaleli gciwane ashone, ""kusho yena.Ukwengeza kulokhu, ukubhema ugwayi kubulala inqwaba yezitho zomzimba wakho futhi ngokuvamile uma sezifile umzimba awubi namandla anele ukulwa nezifo. U-Dkt.""",1
train_isizulu_02067,llama3.1,"""Ubaba usengathiyo inkomo?""",1
1324,llama3.1,"Imali edingekayo ukuze bayothenga isitoko abazosithengisa. ""Lokhu kuzolandelwa ukuthola indawo enikezela ngesikweletu ezokwenza ukuthi abanikazi beziphaza bakwazi ukuqhubeka bathenge, noma sekudlule ukuqubuka kwakho COVID-19."" Umnyango uzophinde ubacebise.",1
train_isizulu_02827,llama3.1,"Nguye imini indoda ithenga umahosha,umahosha uyaqhuba esitolo wathenga ucheppies,sekufikwa endlini,benza sex iyafunda indoda,umahosha uzidlela ucheppies,mnxa mnxa uyamnxafuza,ithi indoda kanti ngeke ungisize ngokufunda cc,aphendule umahosha:ngicela umuntu adle into ayithengile.",1
1072,llama3.1,"Somkhawulo wokukhishwa kwemvume yezikhungo eziphehla ugesi, futhi wagqugquzela utshalomali kwimiklamo emikhulu. Yokuphehla ugesi ukuze kuzokwengezwa ngokushesha umthamo wogesi omusha kwisizinda sogesi sikazwelonke, lokhu kuyingqophamlando emi zamweni.",1
1086,llama3.1,"Sibone abanye abaholi bezepolitiki benza inkulumo engaqinisekisiwe ngabokufika bexhaphaza izikhalo zabantu ukuze bezozuza okuthile kupolitiki. Sibone imibhikisho ebiya emakhaya abantu nasezindaweni abahlala kuzona kuyofunwa ubufakazi bobugebengu, ukubheka kwabaholi babo bokwenziwe ngaphandle kwabo.",1
605,llama3.1,"INHLANGANO ebhekela abanesifo sokuhanjelwa wumqondo esibizwa nge-dementia, ifuna uhulumeni asifake ngaphansi kwezifo zokukhubazeka ukuze kusizakale abanaso. I-Bessie Makatini Foundation (BMF), iveze lokhu izolo esithangamini sokuqwashisa ngalesi sifo eThekwini. UMnuz Stan Chidavanzi ongomunye wabagqugquzeli bale nhlangano ozinze e-England, uthe kusenzima ukusiza abanalesi sifo ngoba nohulumeni akabaxhasi. Uthe ngisho izinhlangano ezisiza abaneDementia azilutholi uxhaso. Uveze ukuthi lesi sifo sesibulala abesifazane ukwedlula ezinye izifo e-England. Silwela ukuthi uhulumeni asithathe njengokukhubazeka lesi sifo ngoba sibucayi kakhulu. Inkinga esibhekene nayo wukuthi abantu abayazi i-dementia, abayiqondi futhi abafundisekile kahle ngayo. Kusanezinkolelo zokuthi onalesi sifo uyathakatha noma uthakathiwe. Enaba ngalesi sifo uthe kusuke kufe ama-brain cells.Uveze ukuthi onaso akawuboni umehluko phakathi kobusuku nemini, yingakho abanye bebanjwa bentwayiza emgwaqweni ngisho ebusuku. Ukhale ngokuthi lesi sifo aselapheki kodwa kunemishanguzo edambisa kuphela ukukhohlwa okwesikhashana. Yize lesi sifo kuthiwa sihlasela kakhulu izalukazi, uChidavanzi uthe siyenzeka nakulabo abasebasha. Uthe izidakamizwa nazo zinomthelela kulokhu. UNkk Madanda Mabizela ongumnakekeli wabanalesi sifo, uthe unina ongasekho wayenaso. Uthe uma unalesi sifo udinga ukugadwa ubusuku nemini. Ulinganise ngonina athe wake wazama ukuphuza upharafini. Kumele bahlale benakiwe, bangasitholi isikhathi eside sokuba bodwa. Kumele kungapheli amahora amabili onalesi sifo engakaze anyakaze. Kufanele bazivocavoce, ngisho elele umuntu ujwayele ukumelula umzimba. Uthe ukulala isikhathi eside kudala izilonda, ezingakubulala uma zinganakiwe. UNksz Shanice Moodley oyiSpeech Therapist, uthe abanalesi sifo kumele bakhunjuzwe njalo izikhathi osukwini. Uthe lokhu kubalekelela ekutheni kubuye umqondo ngoba bayakhohlwa. Ulinganise ngokuthi bakhonjiswe ikhalenda, bakhunjuzwe ngezinsuku ezibalulekile. Uma uma umuntu esesitejini sokugcina seDementia, akube kusasebenza lutho emzimbeni. Ababethamele lesi sithangami bakhale ngokuthi kudingeke bayeke ngisho umsebenzi ukuze bagade abanalesi sifo emakhaya. Kuvele ukuthi uma sebehanjelwe wumqondo bakhohlwa ngisho amagama abo. I-BMF yasungulwa nguNksz Bessie Makatini waseLamontville osezinze eLondon ngokusebenza. Naye washonelwa ngunina ngenxa yalesi sifo.",1
647,llama3.1,"KUSOLWA ukuthi uzikhunge ngenxa yokhwantalala oludalwe ukubanjwa inkunzi nokuthunjwa owesilisa waseZimbabwe otholakale elenga emgwaqweni omkhulu eVerulam ngeSonto.UMnuz Michael Chikura (24) kuthiwa bekusaphele isonto esinde esehlakalweni sokuthunjwa, waphucwa noR600 ngamadoda angaziwa. Isitatimende esithunyelwe yinkampani yabezimo eziphuthumayo, iReaction Unit South Africa (RUSA), siveza ukuthi uChikura obehlala eWaterloo, watholakala elenga esihlahleni emgwaqweni uR102 eduze kwebhuloho eVerulam. Ngokusho kukamfowabo, uChikura ubeseneminyaka emithathu ehlala kuleli. Uthe ngoNcibijane umufi wathathwa ngamadoda angaziwa amshaya, amfaka ebhuthini yemoto aze ayombeka eNorth Beach. Kuthiwa washaywa amahora ayisihlanu, abahlaseli bamshiya becabanga ukuthi useshonile. Kuvela ukuthi waphucwa iPassport nemali. “Watholwa amaphoyisa wayiswa esibhedlela kwavulwa necala lokuthunjwa nokuzama ukubulala. Kusukela kwenzeke lesi sehlakalo akazange aphinde abe sesimeni esikahle ngoba ubesaba ukuthi abahlaseli bangabuya bazomqedela. Kungenzeka ukuthi yikona lokhu okudale ukuthi azilengise,” kusho isitatimende. Umndeni ucela noma ubani onolwazi ngokuthunjwa kukamufi ukuthi axhumane namaphoyisa noma iRUSA ku-086 1234 333. Imizamo yokuthola umndeni wakhe yephunzile njengoba kuthiwe usuyolungiselela umngcwabo eZimbabwe. Isidumbu siChikura sabonwa amalungu omphakathi ayedlula emgwaqweni ngezithuba zabo-6 ekuseni. Okhulumela amaphoyisa esifundazweni uColonel Thembeka Mbele uthe kuvulwe idokodo lokufa komuntu eliphenywa amaphoyisa aseVerulam.",1
train_isizulu_02592,llama3.1,@username ngiyabuza ukuthi uyaqhubeka 😂👊,1
3571,llama3.1,"Hlabathi Lesizwe, Hlabathi Lethu, Lesizwe lilungile kancinci, ilingena kwilizalo lapha.",1
3459,llama3.1,"""Ngemva kwakhe, ngiyakwazi ukunakekeka umndeni wami ngokhokha nezingane zami esikoleni,"" ngokusho kukaMokoena. Ukuthula kwakho ukuba isicishamlilo sibukelela njalo umsebenzi wabantu besilisa futhi usefunde ukuba isikhondlakhondla kulo msebenzi njengoba",1
1075,llama3.1,"Selokhu sakhuphula isi linganiso semvume saya kumamegawathi ayi-100 ngoNhlangulana wezi-2021, ingaphezu kwama-500 MW imiklamo ezimele yoku phehlwa kogesi ovuselelekayo esibhalisiwe, njengamanje ingaphezu kwezi-6 000 MW imiklamo esetshenzwayo emazingeni.",1
510,llama3.1,"KUNGAKAPHOLI maseko inkantolo ihoxise icala lokungena emhlabeni ngaphandle kwemvume ebelibhekene namalungu omphakathi angu-17 aseTete, KwaDukuza, amalunga alo mphakathi asephinde aboshwa ngecala elifanayo. Ngenyanga edlule amalungu awu-17 omphakathi wakule ndawo, aphuma ejabula enkantolo yeMantshi yaKwaDukuza, ngemuva kokuhoxiswa kwecala lawo, izolo abayisithupha babo babuye baboshwa ngemuva kokuthi bephinde bakha imijondolo kule ndawo. UMnuz Khulekani Mkhize osekomitini labakhe kule ndawo, uthe le ndawo bayicela enkosini yaKwaMagwaza yikho bebuyele kuyo bayokwakha ngemuva kokuhoxiswa kwecala kodwa okhulumela uMasipala waKwaDukuza. UMnuz Sipho Mkhize uthe banalo uhla lwabantu abavumelekile ukuhlala kule ndawo, ababoshiwe abekho kulo. ""Njengomasipala sinemigomo elawula izakhiwo ezakhiwe ngokungemthetho."" Izolo ithimba likamasipala lifice kunemijondolo eseyakhiwe ngaphandle kwemvume yabanikazi bomhlaba, eminye yawo beyingenalutho ngaphakathi. Ebingenalutho idiliziwe, ebinezimpahla sibophe zona izimpahla ukuze abanikazi bezofika bazochaza ukuthi ubani obanike imvume yokwakha."" Uthe abantu ababafica kule mijondolo akekho othi wanikezwa imvume yinkosi futhi kunzima ukukuqinisekisa lokho ngoba inkosi isanda kukhothama. Okunye okwenza ukuthi kube nzima ukuthi akekho umuntu ophuma emkhandlwini wobukhosi bakwaMagwaza esamnikwa umndeni ohlala emkhandlwini, asazi ukuthi ngobani laba abathi bayazi ukuthi inkosi yasikela abathile iziza ngaphambi kokuthi ishone. Asikwazi ukudedela abantu bakhe bengenayo imvume yabanikazi bomhlaba,"" kusho yena. Okhulumela amaphoyisa kulesi sifundazwe, uLt Col Thulani Zwane, uthe kuboshwa abantu abayisithupha ngecala lokungena emhlabeni ngaphandle kwemvume. Uthe umasipala uyidilizile imijondolo ebeyakhiwe ngokungemthetho kulo mhlaba. Ababoshiwe uthe kulindeleke ukuthi bavele eNkantolo yeMantshi eMhlali namhlanje.",1
1229,llama3.1,Indlala ikwazi ukwenzeka kwa kukhishwa kwesifiso lwamaphoyisa. Ibhunu likhuluma ukuthi ulalela umuntu omphakathi ophila ngokuhlonipha amalungelo abantu.,1
train_isizulu_01009,llama3.1,Ayikhale Mazulu! Akukho zinyane lemuvumu elidliwa zingwenya kwaCweba iziziba #Ziyanyakaza,1
894,llama3.1,"Kuyo yonke le minyaka, uGilman waqhubeka nokugqugquzela ukuthi isikole sithuthukiswe ekugcineni, kwatholwa amagumbi okufundela amahlanu evela eHhovisi likaNdunankulu wase Mpumalanga Kapa.",1
461,llama3.1,"SIYAKHULA isibalo sabantu abaququdwa yindlala. Izibalo zango-2016 zeStatistics SA, ezicubungula ngemindeni, iGeneral Household Survey, zikhombisa ukuthi abantu abangu-7.4 million babulawa yindlala kanti manje kulinganiselwa ukuthi lesi sibalo sesicishe siphindaphindeke kabili. IStatistics SA inamthetha ukuthi iNingizimu Afrika isemazweni ayishumi okuthiwa ayakwazi ukukhiqiza ukudla okwanele kodwa lokho kudla akufinyeleli kubo bonke abantu ngoba abanye abanayo imali eyenele yokukuthenga. Lezi zibalo ziholela ekutheni uhulumeni asungule izinhlelo eziningi ezizosiza ekutheni abantu abangakwazi ukuzikhiqizela ukudla abazokudla bathole izinsiza ukuze bakukhiqizele imindeni. I-UN Food and Agriculture Organisation (FAO) inamthetha okushaqisayo ocwaningweni lwalo luka-2018, kuthiwa ngesikhathi abanye abantu bebulawa yindlala, okwenza ukuthi imizimba yabo ingakwazi ukwenza okumele ikwenze. IFAO ithe lesi simo sidinga ukusukunyelwa ngokushesha kuqhanyukwe namasu okusiza abantu ukuthi badle ukudla okunezakhamzimba ezidingekayo. Imindeni entulayo kuthiwa kuba nzima ukuthi ithole ukudla okunempilo igcine idla ukudla okungenamsoco ngoba yikhona ekwazi ukukuthenga. Ungqongqoshe wezoLimo KwaZulu-Natal, uMnuz Themba Mthembu, uthe kubantu ababulawa yindlala kuleli abesifazane nezingane yibona abaningi. Uthe lokhu kuholele ekutheni izinhlelo zabo zibabhekelele kakhulu abesifazane ukuze kwehle isibalo.",1
558,llama3.1,"Ekhuluma ngesikhathi kwe thulwa lolu hlelo-kusebenza emahhovisi abasunguli balo e-Midrand, u-MEC wezoku Thutha e-Gauteng u-Ismail Vadi uthe umnyango uyasibona isidingo lezobuchwepheshe no hlelo luphusile kwezokuthutha oluzobamba iqhaza ekuthuthu kisweni.",1
train_isizulu_02556,llama3.1,"Sawubona, ngoba ngithi ngowoth'wani ukuthi unjalo. #ngowothwani",1
train_isizulu_00197,llama3.1,"@username, ngiyakuthanda ukhuluma naye kuhle njalo",1
train_isizulu_00713,llama3.1,"Sadlala amabhunu, sadlala amandiya. Nisho ukuthi akunyathela ulwazi lwakhe lento ngaphandle kokuxoxisana ngoba vele kuyahluleka.",1
2998,llama3.1,"Uthola enkulumweni yakhe yakamuva mayelana nenqu bekelaphambili emaswini ange nabungozi ahleliwe okubhe kana nobhubhane lwe-corona (i-COVID-19), uMongameli uthe izwe selizoba nendlela ehlukile yokubhekana ngqo nalezo zindawo ezinamazinga aphezulu.",1
1453,llama3.1,"Ngokusungula inhlangano ebizwa nge-Fusion Centre, ehlanganisa ndawonye ama-ejensi ahlukahlukene okwakhiwe ukuthola komthetho ukuze abelane ngolwazi futhi basebenzi sane ekuphenyweni kanye nasekushushisweni kwama cala obugebengu.",1
test_isizulu_00111,llama3.1,"Ngiyabonga, ngibuyekeze ukuthi besigezela endishin encane njani! Mina owethola kiss madolo, angikwazi kuweza kwenye vipeo vyote viwili. Bekmele zilindane izinyawo, kogcine imomozi.",1
train_isizulu_00808,llama3.1,"@username, ngokwakhe nguye ngiyazi. #url",1
train_isizulu_01697,llama3.1,"Ngiyabonga ukuthola amanga, kodwa ngiyazi ukuthi siyayaziyo kwenye url ezilungile.",1
3098,llama3.1,"“Ukuze ifundele Bachelor of Veterinary Nursing , kumele ibe noMphumela wamaPhuzu Okwamukelwa angekho ngaphansi kwama28 ne-NSC eneSingisi Ulimi Lwasekhaya noma Isingizi Lokwengezela Lokuqala, izibalo, kanye nephysical science”",1
29,llama3.1,"UMphathi Oyinhloko kwa-SABC uMadoda Mxakwe uthi umsakazo uyaziqhenya ngokuba yingxenye yalolu hlelo: ""Ku-yasithokozisa ukuba yingxenye yababambiqhaza ababalulekile ekuvikeleni ukulahleka konyaka kaMatikuletsheni wonyaka wezi-2020. Njengomsakazo osiza""",1
train_isizulu_01468,llama3.1,@username ngamane ngiyageza ingulube 😒😒 #url,1
train_isizulu_00048,llama3.1,Kunzima kithi mazulu sihlaselwa yinkemba esingakhoni ukuyivika esingayazi nokuthi ifohle kuphi😥 las week indlunkulu ibifihla undlunkulu manje sekuyindlovukazi @username #ukhozifmvabs,1
train_isizulu_01538,llama3.1,"@username ubaba ungaphinde ngaphandle ngothando lami, angaqhubeka ukubheka kwenzangu? Ngoba ibheke zingane zethu bona abayibhemi amabhunu ayesicabangela engayivumi insango kithi ndlemnyama",1
1548,llama3.1,"Kumnotho ohlukahlukene. Noma kuyisibopho sikahulumeni ukuhlinzeka abesifazane ngamathuba omnotho futhi akhe uhlaka oluvumela ukuphucula ukulingana ngoBulili, wonke umuntu emphakathini kudingeka ukuthi adlale indima yakhe. Amabhizinisi kumele asekele ukukhethwa kwamagama, ngokwesobala ukuhlalwa kwabo kwabesifazane, futhi abantu bafike nje njalo.",1
755,llama3.1,"Sihlalo lami, SARS inawunywa kuwula izincomo eziningi kulo mnyango, zonke izincomo eziyi16 kanye nezinye izincomo ezingama-27.",1
1617,llama3.1,"Olubi lwe-COVID-19, asingabazi neze ngomsebenzi omkhulu osasimele phambi kwethu.Kumele sizuze ukuvusele lwa komnotho okusheshayo futhi okubandakanya wo nke umuntu. Kumele senze ukuthi abantu bakithi abaningi baqalise ukusebenza futhi, kumele sihlale phansi kwethu, kumele sizungeze ukuvusele lwa komnotho okusheshayo.",1
357,llama3.1,"Kuzwelonke ngowezi-2017 (1028), ukubonwa kwakuyaziwe kwenye 2016 (1054).",1
1417,llama3.1,"Abashadile wokufihlela izindaba zezimali. Ku-mele nihlangane nyangazonke nikhulume ngebhajethi, izifiso zenu zezimali kanye nalokho enikufisayo nobabili ngekusasa lenu. Zinikeni isikhathi ukuba nabelane ngombono wekusasa wokuthi ikusasa nindawonye, njalo nakuwela ukuthi ukusasa kwakungukhuluma kwenye isimo lesizwe.",1
1569,llama3.1,"Lula futhi kusize abavoti ukuthi bafike imininingwane yabo yakamuva yokubhalisa, noma ukuthi babhalise.",1
3073,llama3.1,"Izikhungo zeKhomishana yoKhetho zizovulwa phambi kwempelasonto yokubhalisela ukuvota kuzwelonke, futhi zizosebenza kuze kuqedwe ukubhalisela ukuvota ukusiza izakhamuzi ukuba zibhalise futhi zivote.",1
1442,llama3.1,"Komphakathi entandweni yethu yenziwe njalo, labantu bafuna ukuvuleleka kwa njalo, futhi bafuna izinto zokwenza njalo.",1
test_isizulu_00008,llama3.1,"@username hahahaha, ngikhona nje, wena uhlala kwenye Twitter, ngiyabonga ukuthola njalo!",1
740,llama3.1,"ABALANDELI beMeya yoMkhandlu weTheku, uNkk Zandile Gumede, bathi kabahambisani nokuthi umholi wabo aqhubeke nokuhlala ekhaya ibe ikhefu abenikwe lona lenyanga yi-ANC seliphelile. UNobhala we-ANC KwaZulu-Natal, uMnuz Mdumiseni Ntuli, izolo utshele abezindaba ukuthi uNkk Gumede, iMeya yaseNewcastle, uDkt Ntuthuko Mahlaba, nekhansela laseThekwini, uMnuz Mondli Mthembu, bazoqhubeka nokuhlala ekhaya kuze kube bathatha isinqumo ngabo okulindeleke ukuthi basikhiphe esontweni lokuqala ku-Agasti. “Ubuholi besifundazwe bathatha isinqumo sokuthi iMeya yaseThekwini, eyaseNewcastle nekhansela uMthembu ukuba baye ekhefini lenyanga. Lesi sinqumo sisamile ngoba isinqumo ngekusasa labo besingakasithathi. Silindele ukuthi sisikhiphe esontweni lokuqala ku-Agasti emuva kokuthola umbiko esizobe siwunikwe yisigungu esibhekelele ukusebenza kwesifundazwe,” kusho uNtuli. Uthe balindele ukuthi amaqabane ahloniphe isinqumo esathathwa wubuholi besifundazwe ngokuthi angabuyeli emsebenzini. UNtuli uthe bakhathazekile ngokungabi khona kozinzo eMkhandlwini weTheku osekuholele ekutheni babe nemihlangano namagatsha enhlangano nemibutho yeqembu, okubalwa kuyo nowabesifazane. Okhulumela abalandeli baNkk Gumede, uMnuz Mzo Dube, uthe bona abakaze bahambisane nesinqumo sokuthi imeya inikwe ikhefu. “Esikushoyo manje wukuthi njengoba isikhathi sekhefu sesiphelile silindele ukuthi imeya ibuyele emsebenzini iqhubeke nomsebenzi wayo ngoba kwasekuqaleni kwaba yiphutha ukuba kuthathwe isinqumo sokuthi inikwe ikhefu ngoba awukwazi ukuthatha isinqumo ngohlelo ongazi ukuthi luzophetha kanjani,” kusho uDube. Uthe isinqumo sekhefu lenyanga kwaba yisinqumo sepolitiki. “Isicelo sokuhlaba ikhefu sifakwa emsebenzini. Umasipala wuhlaka oluzimele ngakho kasiluqondi uhlelo lwakhona ukuthi luhamba kanjani uma kuphoqeka ukuthi uqhubeke nekhefu,” kusho uDube. Amanye amakhansela asondelene noNkk Gumede kodwa angagunyaziwe ukuthi akhulume nabezindaba acele ukuthi angadalulwa athe amagatsha awaneme ngokuthi imeya kusamele iqhubeke nokuhlala ekhaya. “Adiniwe amaqabane, asazi ngempela ukuthi kuzokwenzekani,” kusho ikhansela. Abalandeli bakaNkk Gumede siye koshicilela izolo kulindeleke ukuthi babe nomkhuleko wokuzila. UDube uthe bazoqhubeka nomkhuleko wabo njengoba behlelile. Elinye ikhansela le-ANC lithe bekuhlelwe ukuthi kuphume amabhasi amabili kwi-zone ngayinye kuma-zone awu-17, eThekwini. Abalandeli bakaNkk Gumede bathe abakwamukeli ukuthi aqhubeka nokuhlala ekhaya. UNkk Gumede ungaphandle ngebheyili kaR50 000, emuva kokuboshwa mayelana namacala enkohlakalo nokukhwabanisa athinta ithenda yezigidi yokuqoqwa kukadoti eThekwini.",1
3062,llama3.1,"Ngesikhathi izinga lokwethu lizoshalomali lehlile ngenxa yemiphumela yalolu bhu bhane, imiklamo eminingana ibambezelekile, umkhankaso wotshalomali usuqala ukuthola amandla.",1
train_isizulu_01276,llama3.1,"Ngiyabonga ukwazi ukhuluma isiZulu, siya coba futhi, ngeke uthole iyi ngamla zi khuluma isiZulu, manje thina sithanda izinto ezi. #isiZuluKusasa",1
train_isizulu_00935,llama3.1,#ukhozifm59 ukhozi luneziyalo ezinhle luyakha imiqondo yethu lukhuza udlame emahostela lasihlala khona ngegalelo lakho nyoni endizela phezulu @username ##url,1
test_isizulu_00382,llama3.1,"@username, ngiyakuthanda ukukhuluma nje njalo! #MamparaMovement #TurnUpTheHeat",1
dev_isizulu_00284,llama3.1,Isendlu litheli. #URL,1
train_isizulu_00274,llama3.1,@username uveza elakho nawe ididi ukhohlwe okunye lol ##url,1
2749,llama3.1,"Ekwethulweni kohlelo lweYES uMongameli Ramaphosa waboniswa abantu abasha bokuqala abayi-100 abazoqa shwa ngalolu hlelo ngaba kwa-ABSA, Investec, Netcare, Sasol nabakwa-Unilever.",1
train_isizulu_00635,llama3.1,@username hahaha ngicela ukwazi ukuthi ngifuna ilusa elingana ngoMoto eMini,1
56,llama3.1,"UMNDENI waMbulwana usola ukuthi umfowabo kamufi ushone efakwe ishubhu, amaphoyisa afihla ukuthi useshonile amathatha ngeveni athi ubulawe yingozi yemoto. Umndeni kaMnuz Mdumiseni Mkhize (32) onamatekisi asuka eMbulwane aye eGreytown, umfowabo kamufi uthe amaphoyisa angena kubo phakathi nobusuku ngoLwesihlanu efuna yena, umufi nomunye umfowabo. Uthe umufi wavula kuqala. Amaphoyisa ayezobaphenya ngezinsolo zokuthinteka ekubulaweni kwabashayeli bamatekisi abangu-12, abadutshulwa eColenso, bephuma emngcwabeni owawukule ndawo. Amaphoyisa ayezobaphenya ngezinsolo zokuthinteka ekubulaweni kwabashayeli bamatekisi abangu-12, abadutshulwa eColenso, bephuma emngcwabeni owawukule ndawo. Amaphoyisa ayezobaphenya ngezinsolo zokuthinteka ekubulaweni kwabashayeli bamatekisi abangu-12, abadutshulwa eColenso, bephuma emngcwabeni owawukule ndawo.",1
2674,llama3.1,"Ngonyaka wokwenzeka, imikhakha ye-zomnotho ikwazile ukusebenza futhi izinyanga eziningana kuzothatha isikhathi ukuthi umnotho uphinde usimame nokubuyiselwa kwemisebenzi elahlekile. Imindeni eminingi isakhahlamezekile ngenxa yezomnotho zokwenzeka.",1
train_isizulu_00912,llama3.1,"Bafethu manishaya umgqakazo ku tl, ninga raise ama hopes abantu aba vulnerable who really needs help... Hlampe wa bhebha ubafo ngokuthi uzosiza intwana iye ehilton college.. Ngibuhlungu ngalowa mfana namanje.",1
79,llama3.1,"izindawo ezihlinzeka ngemisebenzi eziqhelelene (eKZN, eGauteng, eMPuma-langa na eNCAPE)",1
train_isizulu_02427,llama3.1,"Ngizoku bhebha weza la ""@username: Nam ngcela ukuya epta😔""",1
1893,llama3.1,Bamacala bazobe sebehlola ukuthi yonke imininingwane edingekayo ibhizinisiwe ngokubheka.,1
test_isizulu_00290,llama3.1,"@username hayibo wenja, ukhona ngani ukuze ushicile? #url",1
3016,llama3.1,"Bamakhompyutha, abe zokuxhumana, imisebenzi kahulumeni kanye nabezindaba, baqalile ukusebenza ngokusemthethweni mhla luluNye kuNhlangu lana. Amalungiselelo okuqala kahle ukusebenza ngokwezigaba kanye nokufakwa kwezinhlelo zokwenziwa kuzo zonke izindawo, kuhlanganisa ukuhlanga na ukuxhumana",1
3264,llama3.1,"Ngokuvumelana neqhaza elihlongoziwe emqulwini ""Ready to Govern"", umbuso ulawula kokubili ukukhula kanye noguquko ngokusebenzisa imigudu efana nenqubomgomo yokuncintisana, ukufukulwa kwabamnyama kwezomnotho kanye nemithetho yokulingana kwezemisebenzi.",1
2643,llama3.1,"NgokoKhulumela u-SASSA u-Paseka Letsatsi, isibonelelo somntwana sikhokhelwa loyo oyinakekelayo, kodwa siqonde ukunakekela umntwana. Okwamanje isibonelelo singama-R480 ngenyanga umntwana ngamunye, kwenziwe ngokuthola izindleko zomntwana.",1
2058,llama3.1,"Basuswa emhlabeni wabo uhu lumeni waseCiskei ngowe-1991, ukuthola isiqiwi esasi nabanikazi abamhlophe. Umphakathi usanda kuthola amatayitela omhlaba, owabu yiselwa kuwona ngokupha thelene nohlelo lokubuyiselwa komhlaba.",1
train_isizulu_00945,llama3.1,Yaze yangnonela ingulube. #URL,1
596,llama3.1,"Kuyinkinga enkulu ukungabibikho kwemisebenzi ezweni lethu. Angeke sikwazi ukuba nokunye ukubambezeleka okuningi kokubhekana nale nkinga ngenxa yezithiyo zeminyango kahulumeni, izinqubo zokuqasha esezaphelelwa isikhathi, ukungabibikho kwabasebenzi.",1
1635,llama3.1,"Kusebenza. La mandla amakhulu kumele aboshelwe, namakhono nolwazi lwethu oluhlangene sikusebenzise ukwakha kabusha izwe lethu emva kwegciwane le-corona.Umzamo KaMongameli Wokusungula Imisebenzi wethula umthwalo emindenini ebibekezelele ubusika obude.",1
365,llama3.1,"USAZOKWAZI ukubuyela kwezemidlalo umgijimi waseThekwini osinde emadodeni abezama ukumshumpula imilenze ngesaha lokusika izihlahla, ukuhlinzwa kwakhe okube yimpumelelo ngoLwesithathu. Odokotela abahlinze uMhlengi Gwala (27) amahora ayisihlanu esibhedlela esizimele, batshele umndeni ukuthi usazobuyela ekugijimeni yize kuzothatha isikhathi. Umngani wakhe uSandile Shange naye ongumgijimi, uthe bazijabule ngezindaba ezimnandi ngoba uGwala ubekhathazeke ngokuthi ngeke esakwazi ukugijima. Odokotela bathe konke kuhambe kahle kodwa kusazothatha isikhathi ukuthi imilenze iphole ngoba kuthinteke nemisipha. Okuhle wukuthi usazokwazi ukugijima nokushova ibhayisikili. Into yokuqala ayibuza odokotela esanda kungena esibhedlela wukuthi usazokwazi yini ukugijima. Ngisho kungathatha isikhathi ukuphola kwakhe siyajabula ukuthi uzobuyela ekugijimeni. Uthe bazilolonga njalo entathakusa nomngani wakhe, olimale eyolanda yena. Uthe bebezilolongela iSA Champs ezoba ngoMashi 18 eBloemfonteni neHalf Iron Man engoJuni. Uthe umncintiswano wangoJuni ubuzokwenza ukuthi uGwala akwazi ukuncintisana ezingeni lomhlaba futhi ubesethubeni elihle. UNksz Fundi Magwaza ongunina kaGwala uthe ugcine ukubonana naye ngoLwesithathu ebusuku esibhedlela. Simfice engakwazi nokukhuluma, wangakwazi nokusibona. Odokotela bathe ubesadakwe wumjovo namaphilisi emuva kokuhlinzwa. Siyathemba sizombona esengcono namuhla (izolo). Kushinga isikhathi sokuloba usaqhubeka umkhankaso wokunikelela uGwala izindleko zokumelapha, umnikelo obusifinyelele kuR400 000. Umkhankaso wokunikelela uGwala uvulwe ekhasini iBackaBuddy lapho kunikele khona ngisho abakwamanye amazwe. UMnuz Patrick Schofield oyisikhulu seBackaBuddy, uthe imali izokhokhela izindleko zokwelapha uGwala, athengelwe nebhayisikili elisha. Uveze ukuthi bangaphezu kuka-898 abakuleli nakwamanje amazwe asebenikelile abanye basathembisile. Okhulumela amaphoyisa esifundazweni uCaptain Nqobile Gwala uthe kuphenywa icala lokuzama ukubulala emuva kokuba abasolwa abathathu behlasele lo mgijimi.",1
train_isizulu_01535,llama3.1,@username uBaba wethu Ramaphosa uyabona ukuthi abantu basebenza ngokwakhe! 😊,1
test_isizulu_00280,llama3.1,Inkomo asihambele isidakwa 😂😂😂😂😂 #inkomosihamba,1
1765,llama3.1,"""Lesi yisihlalo siyahlala seNdlovuka zi sokuqala nokuwukuphela kwaso eziweni nasezwenika zi lonkana,"" kusho uMongameli Ramaphosa.",1
train_isizulu_02421,llama3.1,"@username hhawu lafa elihle kakhulu, abathakathi besebenza ngaphandle kwemfene.",1
636,llama3.1,"ITHOLAKALE isicekelwe phansi itekisi yeDA, ebintshontshwe eMorningside eThekwini ngoMgqibelo. Itekisi esetshenziselwa ukukhankasela ukhetho inemibala yeqembu nobuso bukaMnuz Zwakele Mncwango okufoloswe ngaye ukuba nguNdunankulu KwaZulu-Natal.UMncwango, obhale nakuFacebook ngokwebiwa kwetekisi, utshele Isolezwe ukuthi ibigcine ukubonakala ngezithuba zabo 12 ebusuku. Uthe yebiwe lapho kuhlala khona umshayeli wayo eMorningside.“Siyacabangela ukuthi yebiwe entathakusa ngoba umshayeli ubeyibonile isegcekeni ngabo 12 ebusuku. Sisizwe ukufaka udaba kuFacebook ukuze isheshe itholakale,” kuchaza yena.Uthe bathintwe ngowesilisa izolo obatshele ukuthi imoto uyibone ipake emagcekeni amanye amafulethi eNewlands.“Sithinte amaphoyisa siwatshela ukuthi imoto ibonakele eNewlands kodwa asichitha athi kungenzeka ukuthi siyaluthwa. Kudingeke siziyele mathupha sahlangana egaraji nowesifazane osikhombise lapho eyibone khona. Siyithole isicekelwe phansi bakhipha i-tracker,” kusho uMncwango.Uthe ngeke asho ukuthi kukhona abakusolayo ngokwebiwa kwale moto kodwa kungenzeka ukuthi ubugebengu obujwayelekile.Okhulumela amaphoyisa esifundazweni, uColonel Thembeka Mbele, ukuqinisekisile ukuthi livuliwe icala lokwebiwa kwemoto kodwa yatholakala izolo.",1
981,llama3.1,"Okwethu. Izenzo zabantu bakwa-Israeli zingukuphula umthetho womhlaba, jikelele. Batshengise ukunga-yishayi ndiva impumelelo yezinqubo zoMkhandlu Wezokuphepha zoMhlabu-hlangene ezazicela ukuthi kumiswe nsi ukusetshe-nziswa komhlaba wasePalestine.",1
train_isizulu_00269,llama3.1,@susername sengisizwa ngebhunu kodwa😐😐,1
test_isizulu_00078,llama3.1,Uyinja shame mfethu 😂😂 #MfethuWena,1
1779,llama3.1,Ngiyabonga ukungabi bucayi futhi izinga lokushona kwabantu ngokwakhiwo kwenye phesenti elilodwa.,1
473,llama3.1,"IGAMA lobenguMengameli wezwe uMnuz Jacob Zuma selivele ohlwini lwamagama abantu abaphakanyiselwe ukuthi bajutshwe ePhalamende emuva kokhetho luka zwelonke oluzoba ngonyaka ozayo. Igama lakhe kuvele ukuthi lingunombolo 74 emagameni angu-833 aphakanyiselwe ukuya ePhalamende. Lokhu kuchaza ukuthi uZuma uma evuma ukuthunywa ePhalamende kuyohoxiswa yonke imihlomulo yakhe yokuthi wayengumengameli bese ehola imali yokuba yilungu lePhalamende. Uyokwephucwa abaqaphi nemali ayiholayo njengoba esehleli ekhaya. Okhulumela i-ANC okwesikhashana uMnuz Dakota Legoete uthe abanayo inkinga ngokuvela kwegama likaZuma ohlwini lwabantu abacatshangelwa izihlalo ephalamende. ""Indaba yamagama ayikaqedwa ngoba isazobukwa kahle uma sesihlangene. Umuntu nomuntu uzobhekwa ukuthi unakho konke yini okufunekayo ukuthi ayomela inhlangano ephalamende njengoba sifuna kube abaholi abaqotho.""",1
956,llama3.1,"Umnyango uyethemba ukuthi lokhu kuzolekelela ekuphuculeni izinga lokufu nda nokufundisa ohlelweni lwemfundo eyisisekelo ezi ndaweni zasemakhaya, ngokwakhiwa kwabafundi abaphilayo ukuthola umsebenzi wabo.",1
1254,llama3.1,Ukuyaziwa kwakudokotela uye kuhlola amehlo nesikhumba.,1
train_isizulu_02129,llama3.1,Ukuthola umthondo wokus'bhebha ukhethwa ngayo. ##url,1
2673,llama3.1,Noma okwebiwe kwi-SAFPS na nakwi-SAPS kuqini sekisa ukuthi sifake imini ningwane yakho kugcinwa kwemininingwa ne yethu ngobuchwepheshe futhi sazise amalungu ethu ngalokho. Lokhu kwenza ukuthi baqaphelisise lapho beqinisekisa ngobunikazi.,1
395,llama3.1,Ukubhizinisiwe kwamalungelo asebenzi ukuxhasa osizo lwemali.,1
720,llama3.1,"KUBOSHWE owesilisa oneminyaka engu-49 obanjwe nemali okusolwa ukuthi ngeyomkokotelo elinganiselwa ku-R107 300 eBotshabelo, eFree State.Okhulumela amaphoyisa kulesifundazwe uSergeant Martin Xuma uthe le ndoda iboshwe abeSelossha Tactical Response Team ngemuva kokutholwa kwale mali ifakwe ezicathulweni lapho kuhlala khona izingubo zokugqoka emzini wayo.Lo mlisa uyiswe esiteshini lapho ahlonywe khona ngemibuzo, amaphoyisa athola enye imali yomkokotelo amaphaketheni akhe.""Ngemuva kokwenza uphenyo ngaphakathi nangaphandle komuzi wakhe, amaphoyisa athole enye imali ewumkokotelo engalinganiselwa ku-R105 900 ifakwe kuplastiki omnyama ifihlwe endlini yangasese,"" kusho uXuma.Uthe isiyonke imali eshaqwe amaphoyisa ihlanganise u-R107 300.Uthe le ndoda ibhekene necala lokuphatha imali engekho emthethweni kanti kulindeleke ukuthi ivele enkantolo yemantshi yaseBotshabelo maduze.",1
train_isizulu_02757,llama3.1,"Mazulu akithi uma kudikiza ngaphansi kwesifuba, sika right kusuke kuzovelani.",1
2623,llama3.1,"UPhiko Lwamaphoyisa aseNingizimu Afrika (SAPS) kanye namaqembu ezo kuvikela azimele abophe abasolwa abayisikhombisa muva nje kufanele banconywe ngomsebenzi wabo. Idokodo labo seledluliselwe kuPhiko loKlebe, kanti futhi uphenyo luzoveza eminye",1
470,llama3.1,"IZIGAMEKO zokugwazana kwabafundi esikoleni samabanga aphezulu KwaMakhutha zenze ukuthi uvalwe khona umkhankaso wokulwa nokuhlukunyezwa kwabesifazane nezingane izolo. Umcimbi wokuvala imigubho yalo mkhankaso wenziwe yiMeya yeTheku, uNkk Zandile Gumede, okhale ngezigameko ezimbi ezenzeke kule ndawo. Imeya iveze izibalo zezigameko ezahlukene ezibikwe esiteshini samaphoyisa KwaMakhutha kusukela ngoSepthemba, ezinye zazo ezinyukile. UNkk Gumede uqale waveza izibalo zokudlwengulwa ezibikwe esiteshini samaphoyisa, athe ngoSeptemba bayisihlanu abadlwenguliwe, ngo-Okthoba bayisishiyagalombili kwathi ngoNovemba balishumi. UNkk Gumede uveze nezibalo zokugqekezwa kwemizi ngoSepthemba ezibe u-39, zaba wu-35 ngo-Okthoba zaba u-44 ngoNovemba. Imeya igxeke ukwanda kwamathaveni angekho emthethweni, ethe anomthelela ekubhebhethekiseni ubugebengu. Ezibalweni zamathaveni atholakele engenawo amalayisensi agcine engu-28 ngoNovemba, eqale engu-19 ngoSepthemba. Imeya ibuye yapha ngamaphasela okudla imindeni edonsa kanzima.",1
train_isizulu_01665,llama3.1,"Ungabuzi okuningi. Bhebha nje ""@username: Boghel, ngicela ukubona. Yini le eneza nilahle kangaka onye? Hahaha""",1
2494,llama3.1,"Umbiko wabeka uhlelo lokuphuhlisa lwamakhompyutha olungahlale lusebenza njengalo, uhlelo lokwe nziwa komsebenzi olungasebenzi ngendlela efanele kanye nezindlela zokuxhumana ezingahlanga isiwe ngendlela efanele eziholela kwizakhamuzi.",1
1116,llama3.1,"“UMasingana inyanga enzi emakhaya amaningi, abanye basebenzisa amakhadi ezi kweleti noma baboleke ima li. Kubalulekile ukuqaphela ukuthi imali yakho uyisebenzi sa kanjani. Okugcono enza uhlu lwezinto ofuna ukuyi sebenzisa kuzo imali yakho ukuze ugweme”",1
dev_isizulu_00445,llama3.1,Kade bekhuzwa ngalento yokukhotha imomozi lamejongo awezwa #URL,1
2783,llama3.1,Ukuba nesifiso esinamandla sokuqhubeka kwenkosikazi kwakhe.,1
3445,llama3.1,"Umuntu othola ngempumelelo leli thuba labaQASA yacarol khoza, othanda kwenzi la moto enyakeni ebi li edlule wasala ekhuluke kwesingezansi.",1
3395,llama3.1,"Umqondisi wezomthetho waseKhomishana Yezokuli ngana Ngokobulili uMari ssa van Niekerk, uthola imi shado yesintu kanye nama phuzu abalulekile okumele abantu bawakhumbule.",1
2629,llama3.1,"South Africa is a constitutional democracy, comprising the Constitution of the Republic of South Africa Act, the Bill of Rights, the Companies Act, the Protection of Personal Information Act, and the National Environmental Management Act.",1
train_isizulu_01490,llama3.1,"ubunja nje lobu, bhebha uzalise eyakho ingane, phuma enganeni yenye indoda, ubu weak nje lobu, uyilobola kanjani ingane ekungeyona eyakho, sies maan.",1
3162,llama3.1,"Ziningi izizathu ezisibeke kule simo esikuso njenga manje, umnotho wethu uya ukhulanga kangako emi nyakeni eyishumi edlule, ikakhulu ngenxa yosizi lwa ngonyaka wezi-2008 lwezima li emhlabeni kanye nokwehla kokufunwa kwezimbiwa esizithumela kwamanye amazwe.",1
778,llama3.1,"Izinhlelo zethu zokuhlelela ibhizinisi. Ngibonga kakhulu leli thuba, ngoba sengizo-kwazi ukuthuthukisa ibhizinisi-si lami,"" kuchaza uFuma.",1
1255,llama3.1,"U-Childline South Africa, inhlangano engenzi nzuzo evikela izingane kuzo zonke izinhlobo zodlame futhi ekhuthaza ukuhlonishwa kwamalungelo ezingane eNi ngizimu Afrika. Ningazithethisi; khuluma ni nazo, abazali kumele baxoxisane ngokwa khayo nezingane.",1
1745,llama3.1,"Ukhethelelo lwesigungu lwehlulwa kuNdasa, kubanjwa kwabazali ukuthi bazibandakanye ukuze ba bambe iqhaza elibonakalayo emfundweni yezingane zabo.",1
dev_isizulu_00481,llama3.1,#Umjolo #BatlaGoHuraDaBoi @username uyinja boi 🔥🔊 #URL,1
3004,llama3.1,"""Ukusho uMongameli, liqembu lizobandakanya odokotela bokwelashwa kwezifo, odokotela bezo kwelashwa komndeni, abahle ngikazi, onompilo, ongoti bezokuphathwa kwezimpilo zomphakathi kanye nabophiko lokwelashwa okuphuthu-mayo.""",1
1834,llama3.1,"Ngokwesekwa yiSikhwama Sobunye Nobumbano noxhaso oluvela kwizakhamuzi zase-Ningizimu Afrika ezingabantu ngabodwana, amabhizinisi, izinhlangano kanye nabanye ohulumeni, sikwazile ukuthenga izinsizakusebenza zokuzivikela zalaba basebenzi abangamaqhawe, abathandwa ngekwenjalo.",1
3239,llama3.1,"esiwathatha njengayingozi kakhulu; ukuhlolwa okuyimpoqo; ukuzihlukanisa noma ukuhlaliswa bodwana kwabantu baseNingizimu Afrika ababuya kula mazwe; nokuqinisa ukugada, nokuhlola emachwebeni angenela kuleli zwe. Ukuziqhelelanisa kubantu emphakathini, ukusiza ukuhlolwa okuyimpoqo, ukuzihlukanisa kwabantu baseNingizimu Afrika ababuya kula mazwe.",1
train_isizulu_02084,llama3.1,"Ingulube zyadla kancinci, kodwa ngithanda ukuthola ngondla yam 4 famili 😢😢😢.",1
1799,llama3.1,"Lolu phiko luzodluli sela amacala enkohlakalo kwiThimba Likahulumeni Elilwisana Nenkohlakalo bese lilandelela neminyango ukuqinisekisa ukuthi amacala obugebengu abandakanya abasebenzi bakahulumeni agcina ekuqondisweni kwezigwegwe, ngokusebe nzisana.",1
2105,llama3.1,Umbono lwamagama asebenzisa ukhumba kanye neminye imikhakha yomnotho.,1
291,llama3.1,"KUBOSHWE isihlobo ngokuthunjwa kosana olunezinyanga ezintathu lwaseHibberdene, olwanyamalala ngenyanga edlule.Ubusulahle ithemba umndeni kaLuyanda Simamane, obumthungatha nasezibhedlela, watholwa ngoLwesine eLamontville, eThekwini. Unina kaLuyanda uNksz Vuyisile Simamane (21), uthe kuboshwe umzala wakhe. Kusolwa ukuthi ingane yebiwa ngowesifazane othandana nalo wesilisa oboshiwe. UNksz Simamane uthe lo wesifazane wayeqala ngisho ukumbona kodwa wayazi ukuthi uthandana nomzala wakhe.“Besingazani kahle nale ntombazane ebithandana nomzala wami futhi angiqondi ukuthi ngabe bebeyintshontshelani ingane. Sithole ukuthi ngoLwesine le ntombazane yafika kubo yashiya khona ingane, yabaleka. Unina washayela amaphoyisa ewabikela ngoba wayesola ukuthi yile ngane eyebiwe eHibberdene,” echaza.FUNDA:Kusolwa isihlobo ngengane eyebiweUNksz Simamane obekhuluma nephephandaba esesibhedlela izolo, uthe ingane yangeniswa ngoLwesine ukuze ihlolwe isimo sempilo. Uveze ukuthi ulinde umbiko kadokotela namuhla mayelana nesimo sengane.Uthe namanje usamangele ukuthi bekuyini inhloso yokwebiwa kwengane yakhe. UNksz Simamane uthe bekunzima kuyena njengoba ingane ibingaziwa kodwa ujabulela ukuthi itholakale iphila. Uchaze umzala wakhe njengomuntu ophuzayo, osolwa nangobugebengu. Uthe bebengahlali ndawonye kodwa ubevakasha kubo. UNksz Simamane uthe bese bebheke ngisho ezibhedlela bethungatha ingane. Uveze nokuthi ingane yakhe ithunjwa nje ibisancela ibele.Okhulumela amaphoyisa KwaZulu-Natal Lieutenant-Colonel Thulani Zwane uthe ingane itholakale emzini thizeni eLamontville, ingekho esimeni esihle. Uthe kuboshwe owesilisa oneminyaka engu-21 esigcemeni sakwaV eMlaza.Uveze ukuthi umsolwa uvele eNkantolo yeMantshi eMzumbe ngoLwesihlanu, amaphoyisa asafuna umsolwa wesibili. Imininingwane yasenkantolo ibingakatholakali. Usana lwanyamalala ngoJuni lulele nonina, owavuka lungasekho. Bekuvele kusolwa owesifazane obethandana nomzala wakhe ngaleli cala.",1
551,llama3.1,"amabhizinisi.“Ukuzibandakanya ko mnyango kanye no-SEDA kwiSizinda se-SheTradesZA kubonisa ukuzinikela kwethu ekuthuthukiseni nasekuqinisekiseni ukuhlomiswa kwabesifazane ngokomnotho eNingizimu Afrika,” kusho uNgqongqoshe uNdabeni-Abrahams.",1
train_isizulu_02237,llama3.1,"Kumnandi mawuyi one endlini, uyahlala nje ushilengisele amasende ngaphandle. Bese kuba no sathane nje ukufonelela nge video call.",1
2352,llama3.1,"“Ukusha kuba mandla ka khulu ngesikhathi sasebusika, abazali nabanye bakhuluma ukuthi bacophelisise ukuqinisekisa ukuphepha kwabo nokwezingane zabo,” kusho Dokotela Gary Dos Passos.",1
train_isizulu_01450,llama3.1,Emzansi siphila amasende wempilo vele angisoli nge ##url.,1
train_isizulu_01816,llama3.1,Ukubhala ukuthola ukuthola kwakho. #url,1
test_isizulu_00019,llama3.1,"Uzulu angeke aphele! Simi ingunaphakade, izimo ezinje zizophindaphinda amandla kazulu. Phephisani mazulu iwekabi yawa ngophondo nina bendlovu 🤯💔 @username #ukhozi",1
991,llama3.1,"kwabantu abangavumelani nezenzo zangaleso sikhathi. Njengoba sibheka inkinga yase-Middle East futhi ikakhulukazi ngokuhlu pheka kwabantu base-Palestine, kungakuhle sikhumbule amazwi ka-Selby Msimang, ilungu elasungula i-African National Congress. Ngemuva kwabanye abantu bafana naye, kungakuhle sibheka inkinga yase-Middle East futhi ikakhulukazi ngokuhlu pheka kwabantu base-Palestine.",1
test_isizulu_00225,llama3.1,"@username ukhuluma ngokwanele, kwenziwe izinto zethu",1
1316,llama3.1,"lokufaka isicelo ungalithola kuwebhusaythi yoMnyango Wezokuthuthukiswa Kwamabhizinisi Ama-ncane. 3. Uma unayo yonke imininingwane edingekayo futhi ufanelekile (njengokuthi ibhizinisi lakho liyayilandela imigomo yentela futhi liphethwe ngabantu, ukufa kwenye isicelo sakho siyakwazi ukusindisa.",1
train_isizulu_01565,llama3.1,Baze bathola bo abantu abaholile nenzani? Izingane zethu izinamaphupho.,1
1851,llama3.1,"Sihlonipha bonke abasebenzi basemkhakheni wezempilo abadlule emhlabeni ngenxa yokunakekela abagulayo, kuhlanganisa ukuthola izinyoka zethu nezinye izakhamuzi zakithi ziphephile ngokudlala eyethu indima.",1
3065,llama3.1,"""Lokhu kwenzelwa uku vumela abaqala ukubhalisa ukuba babhalise kuthi labo aseke babhalisa bavuselele futhi babheke imininingwane yabo yokubhalisa. UMashinini uthe esikhathini samanje balinganiselwa kwizigidi ezingama-26.1 abantu ababhalisele ukuvota.""",1
622,llama3.1,"Ngeminyaka e-73 000, izi-13 000 zikwazi ukukhala kwabesifazane bengakwenzi ngokubulawa kwezingane lenyuke lokulinganiselwa kokuthathu.",1
1539,llama3.1,"Ungumaphesenti angama-40 nezinsiza ezithengwa nguhulumeni zithengwa emabhi-zinisini aphethwe ngabesifazane.Okwesibili, sizokhuphulaukwesekwa kwama-SMME aphethwe ngabesifazane kanye nabesifazane abasebenza imisebenzi engahlelekile noma aba-ngasebenzi.",1
train_isizulu_01360,llama3.1,"Ngiyabonga kakhulu, ngifuna imomozi ikhethiwe... #Generations #URL",1
3413,llama3.1,"I-NHI inayoleta njalo ukuhlanganisa zonke izakhamuzi zase Ningizimu Afrika kuwezwa kwenye isimo sabo sokusebe nza, kungakhatha liseki isimo sabo sokusebe nza kanye nokuthi bazokwazi ukuba nabakufakayo ngqo esikhwameni.",1
1235,llama3.1,Umvuzo wokwakha isigidigidi esingekhuluphikwa esi-R1.2 sibonelo sakubalimi abawadidingayo.,1
2612,llama3.1,"Ngonyaka owedlule, besilokhu sisebenza ngoku ngaguquguquki ukuvikela abasebenzi ababuthakathaka abanemisebenzi esengcu pheni, ikakhulukazi emikha kheni eshayeke kanzima efana neyezokuthengisa, imboni yokudla neziphuzo kanye nensimbi. Ngokusebenza ngoku, sibona ukuthola abasebenzi ababuthakathaka abanemisebenzi abavikela ukuvikela kwabo, ukususa ukuthola imboni yokudla neziphuzo kanye nensimbi.",1
dev_isizulu_00412,llama3.1,"Hlonipha ukuthula kweNyoko, ngoba izinsuku zokuphila zinde zizweni.",1
train_isizulu_01544,llama3.1,izwi la amabhunu liyayisa guys. bazixakisa ngema masko kanye nazo zonke izinto,1
1010,llama3.1,"Ngomakhale khukhwini nangobunye ubuchwepheshe. Lezi zingqi namba zemali zihlasele yonke indawo, kusuka kuzindaba zaku-inthanethi kuya kulwa zi olubhalwe ephepheni kuya kubasakazi, ngokushesha ukuthola ukuhlalisa.",1
2586,llama3.1,"Amagama aphelele nesibongo sesaphula-mthetho, isiteketiso kanye nomsebenzi waso; Ikheli lendawo lesaphulamthetho, nemininingwane yokuxhumana, kubandakanya ikheli leposi; Inombolo kamazisi yesaphulamthetho noma inombolo yephasiphothi; Uhlobo lwecala, isibongo sesaphula-mthetho, isiteketiso kanye nomsebenzi waso.",1
train_isizulu_01995,llama3.1,Ndoda anayeshikilia isende yake. #ndoda,1
258,llama3.1,"IZIFINYELELE kwangqingetshe izingxoxo zamaholo kwa-Eskom njengoba izinyunyana zicele ukuthi kungenelele uNgqongqoshe wezeziMali uMnuz Nhlanhla Nene nebhodi lakwa-Eskom ezingxoxweni zamaholo. Izolo iNational Union of Mineworkers (NUM), iNational Union of Metalworkers of South Africa (Numsa) neSolidarity ithe ngeke ikwazi ukuphawula kabanzi ngesiphakamiso sakamuva se-Eskom ngoba izingxoxo zisesigabeni esibucayi. UMnuz Livhuwani Mammburu, okhulumela iNUM kuzwelonke, uthe: “Izingxoxo zamaholo zisesigabeni esibucayi. Kuyiqiniso ukuthi izinyunyana zicele umhlangano noNgqongqoshe wezeziMali kodwa besingakaziswa ukuthi uzoba nini.”",1
train_isizulu_01119,llama3.1,Imisebenzi yami iyakhuluma noma ukuthakatha kodwa manje #OurPerfectWedding,1
test_isizulu_00192,llama3.1,Sekuphethe nina la Mazulu ngiyabona.,1
929,llama3.1,"Ngiyabonga, abantu abangaphansi bangaba nobungozi obukhulu futhi bangasulela abanye ngaleli gciwane isikhathi eside.",1
test_isizulu_00263,llama3.1,"@username, ngiyakuthanda ukwazi ukuthi uhlala njalo.",1
598,llama3.1,"Impumelelo yokuphila kwaloXhaso lwezemisebenzi lwamongameli luveze ukuthi uma sisebenzisa kakhulu, sishesha, sicabanga ngobuciko futhi sila wula izinsiza zethu ngo kufanele, singakwazi ukuba nomthelela omkhulu.",1
1880,llama3.1,"Ukunqanda inkohla kulo mhlaka emisebenzini kahulumeni, kusa lokhu kuseqhulwini ku hulumeni futhi neNombolo Ephuthumayo Kazwelonke Yokulwisana Nenkohlakalo ikwenza kube lula kumalungu omphakathi ukuthi abike nge zinsolo zezenzo zenkohlakalo.",1
2308,llama3.1,Uphinde wexwayisa ngokwabelana nge-movies noma izithombe zocansi kwenye-intanethi.,1
2558,llama3.1,"Siphakamisa izinguquko ezifinyelela kude ezingcono zezimbalwa, ezifana nokwelula isikhathi saBaphathi Beminyango ngokubheka ukufaneleka kanye nokusebenza kahle, ngokwenza ukuhlolwa oku hambisana nomsebenzi no kubandakanya iKhomishana Yemisebenzi Kahulumeni.",1
1702,llama3.1,"Ibhizinisi kanye nokunci ntisana kosomabhizinisi besi fazane baseNingizimu Afrika okungenani abayizi-10 000 esikhathini esiyiminyaka emine, ""kusho ungqongqoshe. Cishe osomabhizinisi besifazane baseNingizimu Afrika abayizi-3 000 sebhalisile kwiSizinda.",1
451,llama3.1,"Izakhamuzi ziyacelwa ukuba zilungise ompompi abaconsayo. Umpompi oconsa ngesilinganiso seconsi elilodwa umzuzwana umosha amanzi alinganiselwa kumalitha ayizi-10 220 ngonyaka, kwenye umbono wokusebenza kwazo.",1
1711,llama3.1,"Abadala imbuya ngothi emakhaya. Ngezizathu eziningi, ukuguqula kwamhlaba kulo mkhakha ku hamba ngonyawo lonwabu futhi akugculisi. Ukuguqula ukuphathwa kobunikazi bomhlaba wokulima kubaluleke kakhulu hhayi nje ukuze kubhekanwe no mlando ongenabulungiswa,",1
2138,llama3.1,Igolo lokwethu liphakeme ukuthi lingasetshenziswa ngomama abangelwa ukungena kwenye isikhulu.,1
604,llama3.1,"Iziko lapho imininingwane ibe ngokubandayo, izikole ezingabanda kanywanga ohlelweni ku-mele ziqonde emahhovisi esifunda uma zifuna ukuba yingxenye yohlelo.",1
train_isizulu_00824,llama3.1,Abantu bane abasabi ukufa #url,1
train_isizulu_02578,llama3.1,"""Uyayeka @username: ""Ngiyabonga, ngiyakwazi ukuthola kwenkosikazi."" @username: ""Bazo meter, ngiyathandana ukusiza.""",1
train_isizulu_01580,llama3.1,"Kushoni? ""@username: @username kodwa ukhuluma ngokwenzeka kwenkosikazi uyobukela ukuthi ubekelela""",1
1888,llama3.1,"Wengeza ngokuthi selokhu kwaqala ukuxegiswa kwenziko zokuvalwa kwezwe, sekube nokwanda okuqhubekayo ekubikweni kokukhwaba nisa okuhlobene nezibonelelo zenhlalo, ikakhulukazi izibo nelelo Zenhlalo Zokusiza labo Abakhahlamezekile.",1
1922,llama3.1,"“Balinganiselwa ngaphezu kwezi-270 000 abafundi abakhahlamezekile nezikole ezingaphezu kwama-600 zibe nomonakalo, eziyi-16 kulezi zikole akufinyeleleki kuzona ngenxa yomonakalo ekuxhumaneni kwemigwaqo namabhuloho.",1
601,llama3.1,"SIDUVE emakhazeni phesheya kwezilwandle eGreece isidumbu sikaNksz Sarah Masango, waKwaNdebele, eMpumalanga, oshonele esibhedlela ngoNovemba 14 nonyaka, enesifo sofuba. Umndeni wakhe kumele ukhokhe R71 000, ukuze isidumbu sakhe sibuyiswe kuleli. UMnyango wezangaPhandle uthe ngeke ukwazi ukukhokhela izindleko zamakhaza nokumbuyisa kuleli umufi ngoba ubengeyena umsebenzi kahulumeni. Izindleko zamakhaza ziyenyuka njengoba isidumbu sakhe sisemakhazeni. Umfowabo kamufi uMnuz Gilbert Masango, uthe: “Udadewethu wayehlala eSunnyside, ePitoli, ngaphambi kokuya eGreece nesoka lakhe ngo-2014.” Uthe bashaqekile bewumndeni bethola ngokushona kukadadewabo. “Sithole ulwazi ehhovisi lenxusa lakuleli eGreece ngokushona kwakhe. Asikholwanga. Okwenza isimo saba muncu kakhulu wukuthi kumele sizikhokhele thina izindleko zokubuyisa isidumbu sakhe kuleli,” kusho uMasango. Ihhovisi lenxusa lazisa umndeni ukuthi umufi walaliswa esibhedlela ngo-Okthoba 28, wagcina ngokushona. UMasango uthe akukho lapho engayanga khona ecela usizo, ngisho neminyango eyahlukene kahulumeni. Izindleko zokubuyisa isidumbu kuleli zibalwa ngama-euro, kulezo zindleko kubalwa ukusithutha isidumbu, amakhaza izimpahla zokusigqokisa, i-container yokusithwala nokunye. Umndeni uthe bebengajwayele ukushayelana izingcingo bebethumelana imiqhafazo. Incwadi ebhalwe yisikhulu somnyango eya emndenini kamufi iveza uzwelo ngokubehlele bese ithi bangaxhumana nomnyango uma bedinga usizo. Okhulumela lo mnyango uMnuz Lunga Ngqengelele, uthe, “Ngeshwa kuwumthetho ukuthi asiyisizi ngemali imindeni esuke ishonelwe ngamalungu ayo ngaphandle kwakuleli,” kusho uNgqengelele. Unxuse imindeni ivakashele iwebsite yabo ukuze ibona ukuthi yini okumele yenziwe uma ilungu layo lishonele ngaphandle kwakuleli.",1
train_isizulu_00542,llama3.1,"@username ukuthula kwenkos'kolo, ngamla yethu iningi😔💪",1
train_isizulu_01830,llama3.1,Hhawu Newcastle sidume ngezinto eziyizwa 🙈 Omahosha abangakazi 😳 #NewcastleUnited,1
3240,llama3.1,"Kubalulekile uma sifuna ukunqanda ukusabalala kwe-COVID-19. Imibuthano yabantu abangaphezu kwe-100 ayivumelekile kanye nemigubho yezinkumbi zabantu yezinsuku zikazwelonke isimisiwe. Ukuvakasha kuwo wonke amajele kumisiwe izinsuku ezingama-30 kusuka manje, ngokushesha ukusabalala kwabantu abangaphezu kwe-100.",1
3271,llama3.1,"Okugxilwe kakhulu kukho kulo nyaka ngamabhizinisi amancane, amaphakathi nendawo kanye namancanyana, akwimifelandawonye yamabhizinisi kanye nomkhakha ongahlelekile.",1
3278,llama3.1,"Lo mqulu othi ‘Ready to Govern’ uthi indima yombuso “kufanele ihambelane nezidingo zomnotho kazwelonke ngendlela evumelana nezimo”, kungakhathaleki ukuthi ikhulisa umkhakha womphakathi ezindaweni ezibucayi noma inciphisa kwezinye.",1
train_isizulu_01249,llama3.1,"Hawu laqojama ulimi ""@username : @username, ngiyabonga ukuthi wakwazi ukhuluma nami, ngibonile imomozi yakho ipipi alikangeni ubani lona owayekubhebha""",1
281,llama3.1,"UMndeni wakwaMathonsi wakhungathitheke kwa-H eNtuzuma okufe indodana yawo edutshulwe kubhiyozwa emuva komngcwabo wendoda ebisolwa ngobugebengu. UThandolwethu Mathonsi (19), okuthiwa ubeyisikhokho ekushayeni isidudla, kuthiwa ufike kubhiyozwa ezokwenza adume ngazo ehamba ngemoto yakhe iToyota RunX ebisetshenziswa nguye isikhathi esiningi. Ngesikhathi ethi uyapaka kuqhamuke umuntu wamdubula kabili. Isolezwe linayo i-video ekhombisa uThandolwethu efika embhiyozweni ngemoto yakhe, wathi esapaka kwaqhuma isibhamu. Indoda ebonakala sengathi iyabaleka ngemuva kokuqhuma kwesibhamu. Okhulumela umndeni wakwaMathonsi, uMnuz Nhlanhla Mathonsi, uthe indodana yomfowabo ibingesona isigebengu kodwa ibize emngcwabeni wesigebengu ngoba kade ibizwe ngabangani bayo abebefuna izoqhudelana nezigebengu ngokushaya izidudla. Umfana womfowethu ubengesona isigebengu kodwa ufonelwe ngabangani bakhe eseSabatheni njengoba singamaNazaretha lapha ekhaya bathi akeze emngcwabeni wesigebengu sendawo esisale enkundleni ngesikhathi sona nabangani baso bedubulana namaphoyisa eVerulam ngeledlule. Ugxeke amaphoyisa ngobudedengu obuholele ekushoneni kwendodana yomfowabo. Siwumndeni siyakhala ngempela ngamaphoyisa sikholwa wukuthi amaphoyisa ngaphambi kokuthi ahambe emngcwabeni bekumele ahlakaze isixuku. Okunye esikutholile wukuthi asheshe ahamba futhi. UMathonsi uthe bafe olwembiza ngokufa kukaThandolwethu ngoba ubeyingane ekhuthele futhi ekhaliphile. Inkonzo yesikhumbuza sikamufi izoba ngoLwesine khona eNtuzuma kuthi inkonzo yomngcwabo ibe khona eNtuzuma kodwa yena uzofihlelwa amathuneni asekhaya eJozini. Okhulumela amaphoyisaKwaZulu-Natal, uLt Colonel Thulani Zwane, uthe bayakuqinisekisa okwenzeke ngoMgqibelo kwa-E eNtuzuma lapho owesilisa oneminyaka engu-19 edutshulwe ekhanda. Uphuthunyiswe esibhedlela kodwa washonela endleleni ngenxa yokulimala. Imbangela yokudutshulwa kwakhe ibingakaziwa. Amaphoyisa aseNtuzuma aphenya icala lokubulala kodwa okwamanje bekungakaboshwa muntu.",1
1093,llama3.1,"Umbono odwa onga, amabili asebenza kudala, ukubulwa kwabo kwakuyenza kuqhuba.",1
680,llama3.1,"Sekungaphezu kweminyaka engamashumi amathathu, izwe lethu lazibandakanya emzuku-zukwini oqhubekayo wokulwa ne-HIV kanye ne-AIDS, osesuke-dlule nemiphefumulo yabantu abaningi futhi kwadala ubunzi-ma ezimpilweni zabantu.",1
1941,llama3.1,"Ukugcina isifonyo sobuso sihlanzekile izifonyo zobuso ezinconywa ngendwangu, ziyanconywa njengengxenye yomkhuba noma inqubo yenhlanze-ko kwezokuphefumula ehlanganisa ukukhwehlela nokuthimulela endololwaneni efinyeziwe noma ephepheni lokufinya.",1
train_isizulu_00148,llama3.1,"Uyngigangela ke manje habe!!: ""@username : @username wena ungithola inkomo kwezinye izinsuku?""",1
train_isizulu_01542,llama3.1,Igenge lase ifunana liyahluleka ukufihla... bhebha uthule.,1
1356,llama3.1,O ku ningiyo ku shiwo yongalezi zigameko e-Phoenix zibuswa imizamo yokuvuka kelana kwezinhlanga. Ziqalwe ngabantu abangaziwa ezinkundleni zokuxhumana nasekuthumeleni imiyalezo kumaqembu ehlukene benza izinsongo futhi befuna noku ziphindiselela.,1
train_isizulu_02529,llama3.1,@username abekho ocheese boy eKZN wabaleka.,1
train_isizulu_00543,llama3.1,"Lapho umuntu ayingcwele mfene na nyoka futhi akhuluma nje kwakhe, ukhuluma kwenye makhelewane avuke eseqinisekile.",1
109,llama3.1,"Kumyalezo owasakazwa kumabonakude, uNduna nkulu u-HF Verwoerd wa thi: “Sihlose ukuthuthuka kancane kancane kwawo wonke amaqembu akithi sibheke endaweni ethile. Lapha isisombululo sizothokala ngokuthi siqhubeke nokuholwa isandla somuntu, ukuhlanganisa ukuthi siyakwazi kufikela kwabanye.”",1
train_isizulu_02517,llama3.1,Ngiyakuthanda ukudla kwenkosikazi 😂 #url,1
2344,llama3.1,"I-AU ibilokhu izibandakanye ezingxoxweni ezithinta idamu i-Grand Ethiopian Renaissance Dam, ukuqedwa udlame e-Libya nokugqugquzelwa ukuthula e-South Sudan. Okunye besigxile kukho ngesikhathi sethu kube ukuthuthukiswa kwabesifazane kwezomnotho, esizoqhubeka",1
2441,llama3.1,"mhla ziyi-16 Nhlangulana 2020, sithulela isigqoko intsha yaseNingizimu Afrika yanga-semva kobandlululo, izindla-lifa ezifanelwe yileli lifa elihle kangaka. Umsebenzi wesizukulwane sangowe-1976 kwakunguku-shabalalisa imfundo yobandlu-lulo; okumele intsha yena ukhuluma ngokuthi ""ngiyazi ukuthi ngifuna ukwazi ukubona isigqoko esemva kwenyuka""",1
1603,llama3.1,"Lizwe futhi ofisa ukuthi liphumelele ukuthi abezindaba bakithi baya sekelwa, futhi bangaphaza nyiswa emsebenzini wabo. Njengomphakathi, masiqhubeke nokusebenza ngokubambisana ukuze sivikele ngokungafuni lutho ngenkululeko yabezindaba bezwe lethu.",1
1500,llama3.1,"“Ndiyafika eKapa, ngithola ukwazi ukuthi iNingizimu Afrika iyizwe elinjani, kanti ngithatha isinqumo sokuthi ngibe yimina ngokudla kwesintu ukuze ngizo-bonisa izivakashi ukuthi sidla ini. Ngemva kwesikhathi ngizitshela ukuthi ngilandisa”",1
2332,llama3.1,"Asebedlule emhlabeni. Kube usizi lwezempilo, lokusiza, lwenhlalo kanye nomnotho emazweni ase-Afrika, amaningi awo angenazo izinsiza zokulawula izimo eziphuthumayo zempilo ezinkulu ngalolu hlobo. Njengento engakaze ibonwe njengemvelaphi, kufa kwabo kwakusasa ukukhuluma nje yonke inyoni.",1
1764,llama3.1,"""Uyiqondisa kwenye yonke imibono yayo, iMama Winnie Madikizela-Mandela angaqhubekeleka kwabaphathi bako.",1
dev_isizulu_00403,llama3.1,"Dudlu madolo kanyoko, angithukile wena ngithuke uthando.",1
77,llama3.1,Izibonelelo eziyizigidi ezingama- 576 zamarandi zinazoqhubeka kwakha inani lwezibonelelo eziyizigidi ezingama- 576 zamarandi ngonyaka ezisiza amalungu omphakathi.,1
2465,llama3.1,"Amahektha e-Benoni, e-Gauteng, asebenza ngokwakha izindlu zokuqashisa, kanti akakwazanga ukufundwa kwakhe kwabaphathi bezolimo. Wabe esenquma uku nweba ibhizinisi lakhe elincane lezolimo.",1
train_isizulu_01081,llama3.1,@username 😂😂😂 uGada wakhe uyisibona ukuthola izinkomo zake ezinayoqala eColenso!,1
2274,llama3.1,"Lobu budlelwano benkohlakalo sebuqede ikhono lombuso lokufeza igunya lalo. Babuyisele emuva imizamo yombuso yokuhli nzeka ngezokunakekelwa kwezempilo okusemga ngathweni, ukuhambisa amanzi ahlanzekile, ukuthola ukungaguquki kogesi",1
test_isizulu_00217,llama3.1,"""@username: kakhulu, ukhuluma ngani nje? Sizengalo sikhona, ladies... niyakuthanda isendze?"" #Amandla!!!",1
train_isizulu_01309,llama3.1,"Siyaziphuzela shwele thina, ithuba elincane sithuthukile. Amabhunu ayingakwazi ukulandela ukuthi siziphuze.",1
train_isizulu_02569,llama3.1,Uyinja yezwa 😂 #url,1
train_isizulu_01640,llama3.1,@username ngigwaza kwaphela ukusa 😂 ngingathumele imfene njalo,1
95,llama3.1,"Kube nenqubekela phambili enkulu ekulungiseni ingqalasizinda esemqoka eyesekela iChweba lase Thekwini. Ngenxa yokubaluleka kwechweba emnothweni wezwe, ukungena nokuphuma kwezithuthi echwebeni sekuvuselelwe, imisebenzi yasechwebeni yenqubekela phambili.",1
2788,llama3.1,Izinga lokwakheka kwale mikhakha kudala zabekwa njengezinye zezithiyo ekukhuleni komnotho waseNingizimu Afrika. Ukungabikho kwamakhono kanye nezindleko eziphezulu zezinsizakalo zenethiwekhi kuyisithiyo ekuqhubeni ibhizinisi kuleli lizwe.,1
train_isizulu_03074,llama3.1,"Ngiyabonga mfethu, ngiyaphela kancinci. Ingulube yam nje, ngiyathola ukuthi utholi lwakho lungele.",1
3552,llama3.1,"Sakhe sikagesi, sithikanyezwe kakhulu wukushisa kwesimo lezulu. “Ezinsukwini ezishisa kakhu-lu, isiteshi sokuphehla ugesi siyehluleka ukuphehla amandla ngendlela okufanele siphehle ngayo,” kusho yena. Isiteshi sokuphehla ugesi esaziwa ngeMatimba Power.",1
2067,llama3.1,"Ngokufakwa kocingo olu ngamakhilomitha ayi-10 kanye nesango, kudalwe amathuba omsebenzi angama-61 emphakathini, ""kusho Ungqongqoshe Wezemvelo u-Edna Molewa ngesikhathi sokudlulisela isiqiwi ngokusemthethweni.",1
test_isizulu_00429,llama3.1,"@username ngokwesilungu, ukushela umuntu wesifazane ukumhlukumeza, bathi yi women's harassment, woooo, lafa elihle kakhulu, lobu model c obugcwel izwe......thixho😭😭 -> @username ngokwesilungu, ukushela umuntu wesifazane ukumhlukumeza, bathi yi women's harassment, woooo, isikhumbuzo esingekhona kakhulu, lobu model c obugcwel izwe......thixho😭😭",1
1360,llama3.1,"Yaqhubuka nokuzinikela kwenye mazingira ya watu wengi, ambayo inaendelea kuwa na uwezo wa kujenga uhusiano bora kati ya watu.",1
train_isizulu_01827,llama3.1,@username Haibo Wenja! Waso ngithi umfazi uyadownloada nje 😂😂😂,1
3174,llama3.1,"Ngaphandle kwenye zonke, silindele ukuncipha kwengenisomali ebanjelwe ngezigidigidi ezi ngama-R156 ekusetshenzi sweni kwemali okungena nzalo esikhathini esiphakathi.",1
1287,llama3.1,"UMthetho Ochitshiyelwe omusha woBugebengu kanye Namacala Ahlobene Nawo uvikela ababuthakathaka ekuhlukunyezweni kwesibili ngokuvumela izinkantolo ukuthi ziqoke abalamuli abazoba khona lapho ingane encane, umuntu ophila nokukhubazeka noma umuntu osekhulile, kuyaziwa ukuthi uhlala njalo.",1
3195,llama3.1,"Sikulento ngokuba mbisana, sinesibophezelo sethu sonke sokuthatha izi gwedlo, sizwenze ndawonye sidlulise izwe lethu kwa mizuzu ayingozayo.",1
963,llama3.1,"Abasizi Bothisha Ezi ndaweni Zasemakhaya kulindeleke ukuba behlise umthwalo kothisha ezikoleni zasemakhaya ngokubalekele la emisebenzini ephathelene nohlelo lokufunda efana nokuhlela nokuhlangani sa amaqembu omsebenzi wesikole owenzelwa ekhaya, ukuthola umthwalo kwenye isikhulu esemakhaya.",1
dev_isizulu_00633,llama3.1,"Ngiyabonga, nyoni yezwe! 😂😂😂😂 Ngicela ukuthembelela. #NyoniYezwe",1
dev_isizulu_00624,llama3.1,@username ngabe ngiphakemelela ididi kumanje😂👌 #url,1
dev_isizulu_00089,llama3.1,@username ncese bafo wena bhebha kuphela indaba zama love and commitment uzobuye ukubone bafo wena just force on bhebharing 😂😂😂😂😂 #love #commitment,1
2646,llama3.1,"Uphinde wathi kubaluleka kakhulu ukuthi umnakekeli womntwana, okunguyena ngempela onakekela umntwana nsuku zonke, kube nguyena obhaliswe ukuthola le mali ngokusemthethweni.",1
train_isizulu_03015,llama3.1,Ilife iningi ibe bhebha skoen yazi. #url,1
2257,llama3.1,"Ihlulela amacala alethwa i-SIU ukuze ezoqulwe emuva kokuthi isiphothule uphenyo lwayo. INkantolo Ekhethekile yasungulelwa ukuhambisa ngesivinini ukuqulwa kwamacala, kwenzi ukuthi izimali zikahulumeni kanye nempahla yombuso eyalahleka.",1
train_isizulu_01152,llama3.1,"@username, ngiyakuthanda ukubona ukhuluma nami kakhulu. Kodwa ngicela ukuthola ubuntu esizweni sakithi masebephunduke ilwane kanje. Ngifuna ukukhuluma naye phansi imimoya mazulu akithi @username.",1
2376,llama3.1,"Wethu wokuthwala iziqu. Bawo lukhulu ngenxa yokuthi bengizoba ngowokuqala, othwala iziqu emndenini wami. Ngisenethemba lokuthi sizoba nomcimbi wokuthwala iziqu, kodwa lokhu kungenzeka kungenzeki ngenxa yobhu bhane lwegciwane lecorona.",1
2690,llama3.1,"izingxenye zomphakathi, lokhu sikubona ngezindlela eziningi ezibonakalayo, besisebenza ngo-kusondelana nabaxhasimali abazimele kanye nezikhungo zokuthuthukisa ezahlukahlukene ukulungiselela imisebenzi yezingqala-sizinda ezindaweni ezifana",1
2471,llama3.1,"“Noma kunjalo, kuno kweswelakala njengoba ukudingeka kwamaqanda sekwedlulele ngaphezu lukomthamo wethu futhi, ngenxa yalokho, siye sala nda amaqanda abakhiqizi basendaweni.",1
2605,llama3.1,"Ukunyuka ngesivinini kwekwesuleleka okubhebhethe kiswa ngumxhantela omusha wegciwane i-Delta kwaba nesidingo sokubekwa kwemikhawulo eqinile eku hambeni kwabantu, ekusebenzeni kwamabhizinisi athize nasemibuthanweni yomphakathi.",1
932,llama3.1,"Abakabi bazinikeza ukwazi kwenye muda wa siku tatu. Ngokuvamile, wafanyakazi hawajui shughuli zao za kibinafsi na wanaweza kuwa na:",1
train_isizulu_01495,llama3.1,Ngawavuma abantu base Afrika nge ukusondela izinhlobo zokupaka yerrr.,1
879,llama3.1,"Lesi sikole sakhiwe saqedwa njengengxenye yoHlelo Olusheshisiwe Lokulethwa Kwengqalasizinda Yezikole (i-ASIDI), olwaqaliswa ngokusemthethweni nguMnyango Wezemfundo Eyisisekelo ngo-2011.",1
1192,llama3.1,"lokugwema ubugebengu kanye nezinhlaka zezoku vikeleka nalo Zikhungo Zobunhloli Bezezimali, ezisungula ubunhloli bama-ejensi obuzosetshenziswa ophe nyweni lwabo.",1
train_isizulu_00610,llama3.1,"Ungayenza 😂 ""@username : ukhuluma ngokuthola izinkomo zethu yonke phela😆 ##url""",1
dev_isizulu_00641,llama3.1,Awusyeke wena uhlulwe abantu bokufaneleko. #url,1
train_isizulu_00546,llama3.1,"@username ukhuluma ngani? Sisizwa kwenziwe le yasezilalini, sikhona inkomo",1
379,llama3.1,"Ndiyabona kanjani abafuna ukukufunda, kanti abangenasiqiniseko ukuthi ingabe ilo mkhakha ibalungele na.",1
dev_isizulu_00452,llama3.1,"Ndiyazi ukuthi kwenye auditions ezinazoqala, zikwazi kuqwalaza ""Bhebha lomuntu sibone ufenda kanjani?""",1
1136,llama3.1,"Asebebadala abangeke besakwazi ukunikela isikhathi sabo sonke ezifundweni zabo. Ngenhlanhla enkulu, bangazikhethe la ukuthi bafuna ukwenza izifundo ezingaki ngonyaka ngoba abaphoqelekile ukuthi baqede umatikuletsheni wabo ngesikhathi esinqunyiwe.",1
test_isizulu_00325,llama3.1,@username ukhulunya inkwenkwezi yam yena siyo ku body somuhle,1
629,llama3.1,"IMANQIKANQIKA ukuvota intsha ezobe ivota okokuqala okhethweni lukazwelonke kulo nyaka ngenxa yokunganeliseki ngokufakwa kakhulu kwasebekhulile ezinhlakeni zobuholi. Intsha okukhulunywe nayo ithe ifuna ukubona ushintsho ebuholini bezepolitiki, kufakwe abaholi abazoqonda izidingo zayo. Njengoba ngempelasonto ezayo kulindeleke kubhaliselwe ukuvota okokugcina ngaphambi kokhetho oluzoba ngoMeyi, enye intsha ayikaqinisekisi ukuthi izobhalisa. UMsawenkosi Dlamini (23), ofunda e-University of KwaZulu-Natal, uthe yayisimvumela iminyaka yokuthi avote okhethweni loHulumeni baseKhaya ngo-2016 kodwa wangavota. “Ngathola sekuzovotwa ukuthi kwakufanele ngibhalisele ukuvota eThekwini lapho sengihlala khona uma ngifunda. Nokho angizisolanga ngokungavoti ngoba akukho obekungigqugquzela. Namanje akukho okungenza ngilangazelele ukuvota ngoba akekho nosigqugquzelayo emanyuvesi,” echaza. Uthe uzoya kobhalisela ukuvota ngesonto elizayo kodwa usazibuza ukuthi yiliphi iqembu elifanelwe yivoti lakhe. Ukhala ngokuthi amaqembu akhona awagculisi futhi alikho iqiniso. “Ngibona sengathi uma ngivota ngizobe ngifaka imali ephaketheni lomuntu. Sishoda ngabaholi abakhathalele abantu ngokweqiniso. Abanye bayathembisa kodwa bangazifezi izidingo zomphakathi. Neqembu elibonakala linentsha eningi lihlushwa wukuthi abaholi balo abavuthiwe ngokomqondo,” kusho uDlamini. Ukhale nangokuthi akayiboni intsha ebuholini bamaqembu ngisho ePhalamende kugcwele kakhulu abadala okwenza intsha ibone singekho isidingo sokubavotela. UZanele Khambule (19) waKwaMashu uthe wakubhalisela ngonyaka odlule ukuvota futhi uzimisele ukuvota. “Ngibona kungifanele ukuvota ngoba ivoti lami lizoletha ushintsho. Ikusasa lezwe lincike evotini lami,” kusho uZanele. Yize ethe ngeke adalule ukuthi uzovotela liphi iqembu, uthe alikhethile ulibona likhathalele imfundo yabamnyama. UZama Khumalo (19), oyokwenza unyaka wokuqala eDurban University of Technology, uthe akanawo umfutho wokuvota futhi akakabhalisi. Uthe ubengazi nokuthi kuyabhaliswa ngesonto elizayo. Uveze ukuthi abazali bakhe abamkhuthaza ukuthi avote ngoba bamtshela ngesimo abaphuma kuso ngezikhathi zobandlululo. “Kunzima kithina esingazazi lezo zikhathi ngoba esikubona manje yinkohlakalo kuphela. Baningi abantu esibabona besahlupheka nezingane zifunda kanzima kodwa sitshelwa ukuthi sikhululekile. Ngicabanga ukuthi amaqembu ezepolitiki kusamele aqinise ekushintsheni imiqondo yethu ukuthi yiluphi ushintsho esizolubona uma sivota. Kungasiza nokubona intsha inikwa amathuba ebuholini.” Umbiko wocwaningo lwe-Institute for Security Studies, waveza ukuthi intsha isemanqika ukuvota. Ngo-2014 yayingu-33% intsha eneminyaka ewu-18 no-19 eyavota okhethweni lukazwelonke. Egqugquzela iqembu lakhe ukuthi livote eThekwini, uMntwana wakwaPhindangene, uMangosuthu Buthelezi, ukuphawulile lokhu kungabi nkamunkamu kwentsha ekuvoteni. I-IEC imemezele ukuthi ngoMgqibelo nangeSonto elizayo kuzobhaliselwa ukuvota kuzo zonke izikhungo.",1
test_isizulu_00600,llama3.1,@susername isikolo sizokwenza ngempela,1
train_isizulu_01913,llama3.1,"""Ngisaya e-clinic, gogo. Liphi i-polo? Alisakulandi? Uvela ukuthi no maan, amabhunu ayingabasukeli ebashaya.""",1
910,llama3.1,"“Nginxenxa yonke intsha yakithi ukuthi ifake izicelo zoxhasomali luka-NSFAS ngokuba ukulandela ama phupho akho, akusiyo into ongayenza mahhala nje, kanti futhi u-NSFAS ungakuvalela igebe lezezimali,” kusho yena.",1
1535,llama3.1,"Kubulili obuthile nokubulawa kwabesifazane lwaqalwa sekube nenqubekelaphambili ekusabalaliseni ukweseka nokunakekela labo abasindile, inqubekelaphambili iyabonakala kwezomthetho ukubanika ukuvikeleka okuthe xaxa. Ngenyanga kaNcwaba, siqalisa ukusebenza.",1
1990,llama3.1,"Uma njalo, siyobe si fezekisa imiyalezo yomhlaba yethemba, insindiso, inkulu leko kanye nobunye ezobe ikhulunywa emasontweni, kumasinagoge, emamosque kanye nasemakhaya asendaweni yakithi ezinsukwini nasemavikini azayo.",1
train_isizulu_01381,llama3.1,"Mshove, mkhuze uzobhebheka, wena uyaqonda ukuthi ushwelela! 🔥🔥🔥🕺🕺🕺 #mshove",1
1109,llama3.1,Izinto ziningi zizokhulisa abantu ngaphandle kwenye ukubonwa.,1
1975,llama3.1,"Abaholi bezenkolo bayaqonda futhi bayayibona ingozi yangempela yehlandla elisha lokusuleleka ngeCOVID-19 . Selokhu kwaqubuka ubhubhane, izinhlangano zokholo zithathe izinyathelo ezinhle kakhulu zokunciphi sa ukubhebhetheka kwesifo phakathi kwabakhonzayo.",1
train_isizulu_00775,llama3.1,"Bathi ntshebe iyalimala kanti uyadla intshebe ithanga lesdudla isephula mbhede nazoke ezam lezo bongo, ezam lezo heshe mbemu!!!",1
2754,llama3.1,"Umhuhiso owengeziwe kwabamabhizinisi asemanca ne, labo abaqasha abantu abasha abaneminyaka yobu dala ephakathi kweyi-18 kuya kwengama-29, bazofaneleka Izaphulelo Zentela Zokuqa sha ezilingana ne-R1 000 nge nyanga.",1
739,llama3.1,"Ukulandelwa: Umhlukumezi odlula kwenye kulandela, ngokwesinyana na ukhoqoza ukukhuluma nawe ungafunywe.",1
290,llama3.1,"I-Eskom ithi luzoqala phansi uhlelo lokunqanyulwa kukagesi, ukuthi abanye abasebenzi bayo belaxaze umsebenzi bavala amasango aya eziteshini zikagesi ngoba befuna ukukhokhelwa amabhonasi. I-Eskom itshele amakhasimende ayo ukuthi mawabe nezinhlelo zokulungiselela ukunqanyulwa kukagesi futhi abheke nama-website omasipala bawo. “Kungenzeka unqanyulwe ugesi ngenxa yesiteleka. Sesibize amaphoyisa ngoba kufanele sizivikele iziteshi zethu,” kusho i-Eskom esitatimendeni. Iphinde yathi izoxoxa nezinyunyana ezifuna kunyuswe amaholo ngo-12% nabasebenzi banikwe amabhonasi. Bekulindeleke ukuthi izinyunyana zihlangane nezikhulu zakwa-Eskom ngoLwesihlanu emuva kokuthi izinyunyana zithe ziwafuna ngenkani amabhonasi.",1
1234,llama3.1,"Umnikazi we4 U and 4 Me Primary Cooperative esigodini sase-Mooiplaas ushusha ukuxhaswa esikhwameni soMnyango Wezolimo, Ukuguquula komhlaba noku Thuthukiswa Kwezindawo Zasemakhaya segciwane leCorona (i-COVID-19) ngempulazi lakhe lamaqanda, imfuyo kanye",1
1119,llama3.1,"Futhi bagweme nokuthenga izinto ezibizayo ngemizuzu yokugcina, le indlela i-Potgieter aluleka ngayo abathengi ukuze bagcine imali yabo isesimweni esihle.",1
train_isizulu_01746,llama3.1,Iyakho inkomo yake inamela,1
2562,llama3.1,"Ngaphandle kwabavoti abo bonke, isakhiwo esizigabagaba ku mele siqhubeke nokusebenza ngokuthembeka nangoku khuthala ngalokhu oku gunyazwe ngabavoti kanye neqembu.",1
1180,llama3.1,"neNka ntolo Ekhethekile ukuvu mela uPhiko Oluphenya Amacala Akhethekile (i-SIU) ukuthi ikwazi ukubuyisa izimali ezebiwe kalula. Siphinde seseka futhi sanikezela ngezi nsiza kwezinye izikhungo ezilwa nobugebengu obu bucayi, uPhiko Lokushaqwa, i-SIU",1
train_isizulu_01045,llama3.1,@username uya ukhona umshayeli wakhe ngamashangane njengomuhla esikoleni!!!!!,1
665,llama3.1,"IHHOVISI likaNgqongqoshe wezeMvelo uNkk Nomvula Mokonyane lithi lo ngqongqoshe akakazophawula okwamanje ngezinsolo abekwa zona kwikhomishini ephenya ngokulawulwa kombuso yidlanzana eholwa yiJaji uRaymond Zondo.Izolo owayeyisikhulu saseBosasa, uMnuz Angelo Agrizzi, uveze ukuthi babegwazela uNkk Mokonyane ngoR50 000 njalo ngenyanga baphinde bamthengele inyama, utshwala obuphambili baphinde bamngcwabele nezihlobo.UMnuz Mlimandlela Ndamase, okhulumela uNkk Mokonyane, uthe ngeke aphawule ungqongqoshe ngezinsolo zeKhomishini kaZondo.Ukhuluma kanjena nje uNdamase izolo ntambama i-eNCA ibike ukuthi abameli bakhe babhalele iKhomishini kaZondo bekhala ngokungahlonishwa kwamalungelo akhe nokuputshuzwa kwemibiko engakaveli kwikhomishini emaphephandabeni angeSonto.U-Agrizzi uthe uNkk Mokonyane waze wacela ukuthi kuqashelwe indodakazi yakhe imoto izinyanga ezintathu ngesikhathi ibuya eChina.“UNkk Mokonyane wayenobudlelwano nesikhulu esiphezulu saseBosasa futhi wayenguMqondisi enamasheya kwiDyambu okwakuyigama leBosasa ngama-2000’s. Kusukela esenguNgqongqoshe wezokuPhepha eGauteng sasimkhokhela imali. Sasithenga nokudla okuzodliwa kuma-rally eSiyanqoba, sifonelwa nasebusuku ukuthi silekelele abalandeli be-ANC,” kusho u-Agrizzi.Uthe bacelwa ukuthi benze ucwaningo lwezokuphepha ezibhedlela zaseGauteng okwakuzodla uR2 million kodwa umbiko walolu cwaningo wanikezwa uMnuz Reggie Nkabinde onguMgcinimafa we-ANC Youth League ukuze athole ithenda.Uphinde waveza ukuthi ngesikhathi uNkk Mokonyane enguNgqongqoshe wezaManzi wacela iBosasa ukuthi yenze ucwaningo ngokuphepha kwamadamu olwadla uR1.3 million.“UNkk Mokonyane kwakufanele akhulume nowayenguMengameli wezwe uMnuz Jacob Zuma ukuthi aqinisekise ukuthi asishushiswa ngamacala enkohlakalo. Sasihlala simnika imali njalo ngoba wayenamandla,” kusho u-Agrizzi.Uthe babegwazela noMnuz Vincent Smith owayenguSihlalo wekomidi lezokuHlunyeleliswa kweziMilo ukuze azibe imibuzo yalabo abafuna ukwazi ngezinkontileka zeBosasa nohulumeni.Ngaleso sikhathi u-Agrizzi uthe iBosasa yayinenkontileka noMnyango wezoBulungiswa, ukuThuthukiswa koMthethosisekeko nezokuHlunyeleliswa kweziMilo njengoba yayibhekelele ezokuphepha yenza namabhande alawula ukuhamba kweziboshwa.“Kwathathwa isinqumo ukuthi uSmith, uVincent Magagula noWinnie Ngwenya bazokhokhelwa njalo ngenyanga ukuze banyathele imibuzo ngezinkontileka zeBosasa eyayivela kwabezindaba. USmith wayekhokhelwa uR45 000, uVincent ethola uR30 000 bese uWinnie athole uR20 000,” kusho u-Agrizzi.UMnuz Zizi Kodwa uthe i-ANC iyaziqhelelanisa nemibiko yokuthi ababegwazelwa eBosasa babesebenzisa leyo mali ukuhlomulisa i-ANC esho nokuthi akuyona i-ANC eyayibathumile kodwa babezenzela lokho siqu sabo.",1
test_isizulu_00601,llama3.1,"Njengoba ngiyakuthanda ukwazi ukuthola umuntu othembekileyo, ngiyabona ukuthola ukhuluma kwenziwe njalo.",1
3317,llama3.1,Ngeke ngibuke ukuthi abantu abancane bafase amabhande emhlabeni.,1
train_isizulu_02026,llama3.1,"Ngiyabonga, ngiyabonga, ngiyabonga, ngiyabonga, ngiyabonga! Kodwa yini kubantu, ngibona ukuthi siyazi ukuthi ngizobhebha kanjani? 😂😂😂",1
2367,llama3.1,"Nabakho ukubheka kwenye labo abasindile, kanye na ngabi yamaziwelo, ""ukuphinde kuhlukumezeke kabili kwa labo abasindile kanye noku ngabi nazwelo uma ku-phoswa imibuzo,"" u-Teleki.",1
3243,llama3.1,"Kumele zithathe izinqumo ngalokhu ngokubhekela impilo yamalungu amabandla abo kanye nezwe lilonke. Inhlanzeko kumele iqinisekiswe kuyo yonke imikhakha. Zonke izakhamuzi kumele zibeke ukuphepha kwazo ezandleni zazo ngokulandela izindlela ezifana nokuhlale, noma ukuthola ukubhala kwazo ngayo.",1
test_isizulu_00274,llama3.1,@username ukhuluma ngokuthula ingulube encane ubaba unzimande,1
train_isizulu_00798,llama3.1,Aibo ngiyakula ukubona imfene eChesterville 😂 kungani ingoba uthandaza umuntu wami?,1
train_isizulu_02369,llama3.1,"Ngiyabonga ukuthi ngithuli ngebrangubs, ngamla, ngwenya, mazwi, cijimpi. Nginguqonda ukuthi ngisalelwe kancinci 😞🥺🕊🕊🕊 #JHB",1
dev_isizulu_00288,llama3.1,"Ngamla izifakele iskibha esincane 😂, ukuthi ingabe ufake isikhathi sikaFridayi.",1
1231,llama3.1,"Ngokuhulumeni, sizothola ngolwazi okuningiweyo kuqonde ngqo esikwenzayo ukuvikela izakhamuzi ezibuthakathwa kakhulu osizini lwendlala.",1
1044,llama3.1,"Inselele yethu enku-lu isasimele ngaphambili. Kuzo zonke izifundazwe, sisebenzela ukwandisa isibalo samagumbi ezimo ezijwayelekile kanye ne-mibhede yeziguli ze-COVID-19 ezisesimweni esibucayi. Umthamo omumathwa yigumbi lasesibhedlela uyandiswa ezigundwane zokubheka ukusuka kwamagumbi asebenza kwezifundazwe",1
558,llama3.1,"UMsakazi wesiteshi somphakathi sasoLundi, iNguna 89.0 FM, umiselwe ukuthengela ozakwabo besifazane ikhekhe ngo-Agasti 9. U-Agreement Zulu, owenza uhlelo lwasekuseni iSesifikile Breakfast Show nolukamaskandi ngoMgqibelo, kuthiwa wahlanganisa abasakazi besifazane wabathengela ikhekhe. Umthombo uthe okwadina abaphathi wukuthi abasakazi babemncoma emoyeni. Ebuzwa i-Agreement uphikile ukuthi umisiwe.“Ngizobuyela noma yinini emoyeni uma sengithanda.”Uthi usazogeqa amagula ngalolu daba. Umphathisiteshi uMfu Hebert Mncube uthe umisiwe uZulu kodwa wacela kuthintwe umphathi wezinhlelo kulesi siteshi, uMandla ‘Big Show’ Dumakude. UDumakude uphikile ukuthi uZulu umiselwe ukuthengela abasakazi ikhekhe. Uthe nalokho kuyingxenye yamaphutha. Uthe bese kungokwesibili uZulu ephambana nemigomo yesiteshi.“Saqala samkhuza ehlela i-gala dinner ngaphandle kokwazisa abaphathi. Waphinda wenza umcimbi wabesifazane, basebenzisa nomoya bengagunyaziwe. Sezwa sekunomsindo emoyeni, kukhuluma noma wubani.”Uthe wathi ebona kungafiki muntu ozombambela wafaka umuntu ozombambela ngaphambi kokuthatha isinqumo sokummisa uZulu.“Sathi sisammisile sashayelwa ucingo inyanga yaseHluhluwe okuthiwa uDlamini, ikhala ngokuthi yathenga isikhathi ohlelweni lukamaskandi kodwa iyathuka engasazwakali emoyeni uZulu. UDlamini wathi wakhokha uR2 000 kuZulu ukuze akhangise ngemithi yakhe. Ngabuza umphathisiteshi nowezikhangiso ukuthi kukhona yini isivumelwano abasaziyo esenziwa noDlamini.”UDumakude uthe uyakhumbula ezwa uDlamini ekhuluma emoyeni kodwa wazitshela ukuthi umculi kamaskandi kanti akunjalo.“Ngathi uma ngimtshela ngalokhu uZulu, wangigibela ngenhlamba, wangibiza ngenkabi engumantindane kaMncube. Wathi kukhona azongenza khona.”UDumakude uthe uxhumene namaphoyisa ngezinsongo zikaZulu kodwa uZulu uyaphika.",1
train_isizulu_02563,llama3.1,Amabhunu abasihleka nabantu #CWC19,1
295,llama3.1,"Ngesikhathi uNdunankulu wesifundazwe sethu, uMnuz Willies Mchunu eseqale umkhankaso wokuthi kube nemikhuleko yokukhulekela isihlava semikhuba emibi eyenzeka esifundazweni sethu. Njengoba kuyinyanga yamadoda kunesidingo esikhulu sokuthi kube nezinhlelo zokufundisa nokunqanda izenzo zokuhlukumeza ezenziwa ngamadoda kwabesifazane. Sizwelana kakhulu nomndeni ngalesi sigameko. Besisalindele lukhulu kuNksz Gumede, sisebenza kanzima ekwenzeni isiqiniseko sokuthi sakha abaholi bakusasa, okulindeleke ukuthi ababambe iqhaza elikhulu ekwakheni isizwe sethu.",1
3006,llama3.1,"Bahlangana nalowo ogulayo. ""Uma ngabe kungenzeka ukuthi, noma iyiphi ingxenye yezwe ibuyele esigabeni sokuqapha sesine noma sesihlanu uma ngabe ukubhebhetheka kwegciwane kungathibeki ngisho sekunge nelelwa futhi kunobungozi bokukhungatheka.",1
train_isizulu_01880,llama3.1,Awugabhi... Bhabha mawu futhi ekuhlaleni. #URL,1
874,llama3.1,"Ibhodwele lasezemisebenzi lapho emhlabeni yakwa-Mahi, u-Arvind Matthew anazi inkampani iphokophe le ekutholeni ama-40% ezi nsiza zokwakha imoto zeveni ye-Pik Up kwabahli nzeka ngezinsiza kuleli.",1
1578,llama3.1,"Lapho kwakunesidingo khona, abavoti abatholakale bebhaliswe ezifundeni zokuvota ezingafanele basuswa njengalokho kuhlinzeka kuSigaba 12 (1)(d) Somthetho Wokhetho.",1
677,llama3.1,"UMENGAMELI we-ANC uMnuz Cyril Ramaphosa ugqugquzele abantu basePort Shepstone nezindawo ezakhele leli dolobha ukuthi bagcwalise iMoses Mabhida Stadium lapho ezothula khona umyalezo wakhe weJanuary 8 ngoMgqibelo aphinde athule nomhlahlandela weqembu wokuheha abavoti njengoba kuyiwa okhethweni.URamaphosa ehambisana nabanye abaholi be-ANC esifundazweni uhambele kule ndawo izolo enxenxa abantu ukuthi batheleke ngobuningi kulo mgubho weqembu. Uphinde wathembisa ukuthi uzothula uhlelo lwakhe lokuthuthukisa izwe.“Kulo nyaka sizokwakha amathuba omsebenzi ngoba sifuna ukukhulisa umnotho wezwe, sithuthukise imfundo yezingane zethu, silethe nezidingo ezizothuthukisa abantu bakithi,” kusho uRamaphosa.Uthe namhlanje uzosika ikhekhe lokugubha iminyaka ewu-107 ye-ANC Ohlange ekhaya likaMengameli wokuqala we-ANC.“Abantu bayayibona imisebenzi ye-ANC futhi lesi sifunda senze okuningi uma kukhuluywa ngokwakhela abantu izindlu size sazuza nezindondo. Kwakhiwe izindlu eziwu-129 futhi kuzokwakhiwa ezinye eziwu-800Uthe i-ANC yenze isiqiniseko sokuthi isifundazwe sisebenza kahle ngisho emiphumeleni ka-matric.“Ngiyaziqhenya ngomsebenzi omuhle owenziwa wothisha, abazali nezingane KwaZulu-Natal wokuzibophezela ekuthuthukiseni imiphumela ka-matric. Ilokhu ithuthukile njengoba nezinga lokuphasa linyukile. Uma kubhekwa imiphumela ka-matric isifundazwe silale isibili, KwaZulu-Natal nenze kahle kakhulu,” kusho uRamaphosa.",1
420,llama3.1,"Umlomo owomile noma onamfukayo. Izinyembezi ezincane zingabibikho uma zikhala. Ukuchama kancane amanzi amancane kunokujwayelekile. Isikhumba esomile, esibandayo. Ukuhlala wozela.",1
2177,llama3.1,"Abantu kumele bakhulise njengenza, hhayi abafana na mantombazane; obaba kumele bazibandakanye ezimpi lweni zezingane.",1
train_isizulu_01458,llama3.1,@username uyinja wena! utru usekwenjisa ngami!,1
1664,llama3.1,"Ukudla okusemqoka kwenye mwezi udlulileyo, nokudla okubalulekile okufanayo namafutha okukhuphuka kwenye manani.",1
1819,llama3.1,"Lolu hlelo, okuwuhlelo olufundisa intsha yaseNingizimu Afrika amakhono ewadingayo ukuze isebenze emkhakheni wokongiwa kwemvelo, izilwane zasendle nezitshalo, lolu hlelo lusize uNyawo ukuba anakekele umndeni wakhe, kuhlanganisa ukubhala noma ukusondela.",1
2501,llama3.1,"Kukhona amahhovisi Omnya ngo Wezasekhaya angama-184 kuphela akwazi ukuthwebula, ukuthatha izithombe, kanye nezikhungo ezihlinzeka ngezinye izinsiza ezingama-411 lonkana.",1
test_isizulu_00366,llama3.1,Ngoba ninokhukhu mazuwu #URL,1
685,llama3.1,"MHLELI: Ngithi angicele isikhala ngiphawule ngomyalezo wemenenja yoMkhandlu weTheku kwiSolezwe langoFebhuwari 14 mayelana nokwakhiwa kwemijondolo emhlabeni kaMasipala weTheku.UMnuz Nzuza ngiyavumelana naye uma ethi kusuka ngo-1994 umkhandlu sewakhe izindlu eziningi eThekwini noma ke ngingeqinise ngesibalo asishoyo sezindlu asebezakhile kodwa kukhona lapho engidideka khona. Angiqondi kahle uma ethi kunezinhlangano zomphakathi nezepolitiki ezibhebhezela abantu ukuthi badle umhlaba kamasipala.Empeleni imenenja ithi kunomthetho i-Occupation of Land Act 19 ka1998 ovimba ukudliwa komhlaba kamasipala ngokungemthetho. Nginenkinga yokuthi lo mthetho usebenza nini, kobani futhi kanjani?Lapha nje eLamontville sibone ngaphesheya komfula uMlazi kuvumbuka imijondolo yaqanjwa negama kwathiwa yiMegavillage. Ilapha ku-Ward 74. Sithe sisabheke labo nogada bakhe ukuthi bazofika badilize njengoba esho sabona wona belu umkhandlu usubafakela amanzi nogesi. Saxakeka sikhumbula lo mthetho akhuluma ngawo. Baba uNzuza ngabe bona babebhebhezelwa wubani?Yebo umthetho niyawuqinisa akuphikiwe. Kodwa umbuzo uthi la madoda eqembu elibusayo adla izindlu esezakhiwe zomxhaso niwabopha nini njengoba usipha izibalo zesenibabophele ukudla umhlaba kamasipala? Ungasisiza usiphe leso sibalo senibabophile noma ke asebevele besezikhindini njengoba kade la madoda awuqala lo mkhuba? Ngabe isandla somkhandlu wakho siqine nganxanye, kukhona abavunyelwa ukuphula umthetho?Okunye futhi kunabantu abaningi abahlala emijondolo engemuva kwezindlu zasemakubo emalokishini umkhandlu wakho ongenandaba nabo noma bekhala kangakanani. Bona bakhelwa nini izindlu?ELamontville",1
145,llama3.1,"UMNYANGO wezokuThuthukiswa koMphakathi KwaZulu-Natal wathola bafundi abakhuliswe abazali abangabazali, izolo abebeklonyeliswa ngama-laptop nezikhwama. Abafundi abathathu abethule ubufakazi bagcizelele ukuthi basizwe wukuhlonipha bonke abantu abadala ngisho bazi ukuthi abanabazali. USakhile Njoko (18) waseSandlwana eNquthu obefunda eSiyanda High wathola o-A abayisikhombisa uthe wakhuliswa umzala wakhe, yena nabafowabo abathathu nodadewabo oyedwa. Washonelwa abazali esamncane. Uyise washona eneminyaka emithathu unina washona enemihlanu. USakhile uthe: “Into engikholelwa kuyo yinhlonipho. Iyona ebalulekile kakhulu kangangokuthi noma ngabe kuthiwa ushonelwe abazali, lokho akusho ukuthi ungahloniphi emphakathini.”",1
8,llama3.1,"Ukuze inqotshwe, kufanele siyiqede ngokuqinisekisa ukuthi kugoma abantu abaningi futhi siqhubeke nokuthola imijovo yokuvuselela, kusho umnyango wokwakha izinto ezisemthunye.",1
train_isizulu_02553,llama3.1,"uswidi wodwa lo bovoetsek, uzobhebheka wena! uswidi wodwa lo hayi wena x2, voetsek, uzobhebheka wena! 💃🏼💃🏼",1
2159,llama3.1,"Ngemva kokudlwengula, le ndoda yatshela uTshepo noda dewabo ukuthi bagijime futhi bangabheki emuva. Ngesikhathi bethatha uhambo olubuhlungu lokulibangisa ekhaya, udadewa bo wamenza wathembisa ukuthi ngeke atshele muntu mayelana nokudlwengulwa. UTshepo utshela ukuthi nguye ndoda yena, kanti uTshepo utshela ukuthi nguye ndoda yena, kanti udadewa bo wamenza wathembisa ukuthi ngeke atshele muntu mayelana nokudlwengulwa.",1
402,llama3.1,"Kunamathuba ahlukahlukene atholakalayo Isihambeli okuxhaswa ngemali ukuze ufunde esikhungweni semfundo ephakeme, ahlinzekwa: i-Funza Lushaka , NSFAS, uHlelo Lokuthola Imfundo Lwabantu",1
2773,llama3.1,"""Angeke sikwazi – futhi akumele – sikhaya isivumelwano ukuzibulala,"" kusho u Dkt Tedros Adhanom Ghebreyesus, onguMqondisi Jikelele we-WHO.",1
1085,llama3.1,Abayizakhamuzi bephoqwa ukuba baphindekelela omazisi abaqinisekisa isimo somo sokuba kuleli lizwe.,1
836,llama3.1,"""Ukuzimisela ukusiphula isihlava senkohlakalo kanye nokubhekana nababhebhezeli bayo lungeniso lokwaziwa, "" kusho uMongameli uRamaphosa.",1
train_isizulu_02858,llama3.1,"Ngamla yena nguye uBaba wami, njalo njalo... (Just imagine having a father like Ngamla, exactly like that...)",1
891,llama3.1,"Ngabe sengibheke ngothando, ngafika isicelo sendawo lapha sizogcina sesakhe khona isikole sethu.",1
628,llama3.1,Izingane zokwakha zamaphoyisa zizwenze kuqeda ukubhala nokuvula amanye.,1
train_isizulu_02769,llama3.1,Ngiyabonga ukubona ingulube 🤣🤣🤣 #ingulube,1
train_isizulu_00253,llama3.1,"Ngiyajola ukuthola umuntu omuhle, ndingukhuluma njalo njalo, nginguqonda ngiyabona kancinci 🤣. Bengithi ngizoyogijima ngaphandle kwathi @username uzongiceba 😂",1
609,llama3.1,"Kanye nokuya esikoleni kwabafundi kuthuthukile ngenxa yohlelo lokuhlinze-kwezingane ngokudla. Kamuva nje, iKhabhinethi igunyaze ukushicilelwa koMbiko Wokuhlola i-NSNP odidiyewe uMnyango Wezokuhlela, Ukuqapha kanye Nokuhlola (i-DPME). Lo mbiko lungenjwe ngokuthi ""Ukushicilelwa kwakungukhuluma ngenxa yomthetho"".",1
431,llama3.1,Izakhamuzi kufanele zithole imvume ku-DWS ngokuthi zifune ukudayisa noma ukuthenga amanzi asemapitsini/nasemithonjeni yamanzi.,1
train_isizulu_00941,llama3.1,"Ngiyabona ukubona izinyizo zethu za zamani na ngazi wawungenwe yini doti, wawusuthini ke manje? 😂😂😂",1
172,llama3.1,"UMnuz Themba Joseph Makhathini wathi abashaqekile ngoba abazi ukuthi dimoni lini elingene umshana wakhe. ""Ezinyangeni ezedlule udadewethu wathi indodana yakhe iyamsabisa uma iphuzile ithi izombulala."" Uthe bathole izolo ekuseni ukuthi udadewabo akasekho emuva kokuthi umfundisi obeyolanda umndeni ukuba uye esontweni ekhale ngokuthi akukho muntu ophendulayo uma engqongqoza futhi kunuka iphunga elibi. ""Sithumele uMfanafuthi (omunye umshana) ukuthi ayobheka ngoba sihlala ngaphesheya."" UNksz Zodwa Makhathini obiza uNkk Dube ngonina omncane uthe: ""Asazi sizothi bekwenzenjani, asimazi ebhema izidakamizwa, siphatheke kabi"".",1
dev_isizulu_00329,llama3.1,"Ibuhlungu lendaba yase Dumbe ibhunu lingaphandle kodwa kunofakazi kube umuntu omnyama ngabe usegwetshiwe, kodwa hulumeni uyadlala ngendlu emnyama.",1
1561,llama3.1,"Uhlolanja uhulumeni wamemezela ukuthi uzo nyusa i-VAT isuke ku-14% iye ku-15%. Uhulumeni uya zi ukuthi imindeni eswe le izosindwa kakhulu kwezezimali, kuyaziwa kwabesifazane.",1
1036,llama3.1,"Sendwangu esimboza ikhala nomlomo njalo lapho siphuma emakhaya ethu. Kufanele siqhubeke nokugeza izandla zethu njalonjalo ngensipho namanzi noma ngesibulali-magciwane. Kufanele siqhubeke nokuhlanza zonke izindawo ezisobala ezindaweni ezisetshenziswa abantu, kufa kwabanye ukuthi sizokhethwa njalo.",1
2881,llama3.1,Ukuziphatha kwa ngoma la kukhuluma kwabafana nayo ukwahluka na kwedolobha – namakhaya ekufinyeleleni kwezinsiza zikahulumeni kanye nezinsi za zomkhakha ozimele.,1
2208,llama3.1,"Sidinga ukudlala indima yethu ngamunye ngokusebenzisa ama lungelo ethu ayisisekelo akuMthethosisekelo ukwakha iNingizimu Afrika engenabo ububha kanye nendlala, ukunga thuthuki, ubugebengu kanye nodlame. Njengoba u-Steve Biko anxusa, masiyeni phambili, ngokusebenzisa amalungelo athu ayisisekelo, ukwakha iNingizimu Afrika yenziwe yonke into.",1
train_isizulu_00509,llama3.1,Uzobhebheka!!! 🤩👏 👉 https://example.com,1
test_isizulu_00313,llama3.1,@username bangiphendula ngingu ngifuna ukwazi. Ukuthi ufunde kusho ukuthola izinto ezinokhuluma njalo njalo ngazo.,1
450,llama3.1,"KUTHIWA abamnyama basenomqondo wokuthi umdlavuza ngowabelungu, okwenza bangazihluphi ngokuwuhlolela. Lokhu kuvele izolo emcimbini wokuqwashisa ngomdlavuza webele, iBreakfast for Boobies obuhlelwe inhlangano elwa nalesi sifo, iPink Drive eThekwini. UNkk Janice Benecke olawula igatsha lePink Drive esifundazweni, uthe kusewumqansa ukuthi abantu bawuqonde kahle umdlavuza. Uthe ezindaweni zasemakhaya banenkinga yokuthi abantu abakholwa ukuthi nabo bangangenwa umdlavuza. “Kuningi okuyizinkolelo eziyize njengokuthi abanye bacabanga ukuthi uma uhlolela umdlavuza ngo-Okthoba usemathubeni amaningi okuwuthola ngoba yinyanga yokuqwashisa ngawo. Abantu kumele bazi ukuthi umdlavuza awukhethi ngisho iminyaka. Sike saba nengane eneminyaka emibili etholakale inomdlavuza webele,” kuchaza uNkk Benecke. Uthe bayazama ukuqwashisa ngisho ezindaweni ezisemakhaya nasezikoleni. Ukhale ngokuthi abasebenzisa izibhedlela zikahulumeni bathatha isikhathi ukwelashwa ngenxa yokugcwala, yingakho behamba zonke izindawo ukuyohlolela umdlavuza. UNkk Dany Ribbink (42) ongomunye wabaphila nomdlavuza webele uxoxe ngobunzima abhekane nabo eqala ukuthola ngawo. Uthe waqala ukuhlinzwa ngoMashi enesigaxa ebeleni. Uveze ukuthi unina naye wathola ukuthi unomdlavuza eneminyaka engu-39. “Ngangisaba kakhulu emuva kwesonto ngihlinziwe ngoba kwaba noshintsho nasempilweni yami. Ingono yami yaphenduka yaba mnyama nesikhumba sashintsha. Ngilindele ukuyohlizwa futhi ngesonto elizayo kodwa sengamukele, nomyeni wami uyangeseka kakhulu,” kusho yena. Ukhuthaze abesifazane ukuthi bathole umbono wesibili kadokotela ukuqinisekisa isimo sempilo yabo. Uthe lokhu kusiza nangokuthi uzinike isikhathi sokwamukela, uthole nodokotela ozokwelapha ngendlela efanele. UNkk Sarah Walters oyiGenetic Counsellor, ukhulume ngokubaluleka kokuhlola emndenini wonke uma kukhona onomdlavuza. Uveze nokuthi kumele ngisho engekho onomdlavuza abantu bazijwayeze ukuhlolelwa ama-genes ukuze babone uma kukhona osengcupheni yokuwuthola. Kulo mcimbi kuvele ukuthi imali isayinkinga kakhulu kwabanomdlavuza ngoba ukwelashwa kumba eqolo. Lokhu kufakazelwe nanguNkk Ribbink othe akuwona unyaka omuhle emndenini wakhe ngenxa yezindleko zokwelashwa. Abesifazane bahlolelwe umdlavuza bafundiswa nendlela yokuzihlola amabele emakhaya. Uhlelo beluphethwe * -Olwethu Leshabane owaziwa emnncintiswaneni kaMrs South Africa nasohlelweni lwethelevishini iReal Housewives.",1
dev_isizulu_00442,llama3.1,"Uyaphika ukuthi wathi abantu...  ""Kungu"" @username: Hahahaha, hayo! RT @username: U @username ""@username: Kazi yake inaendelea vizuri kama ilivyokuwa.",1
955,llama3.1,Umthetho Wokuhlaza@complaintsnodalpoint.gov.za Inombolo Yosizo Luphuthumayo Ngodlame Lwasekhaya: 0800 150 150 Inombolo Yosizo Ngengculazi (iAIDS): 0800 012 322,1
238,llama3.1,"UKUNGENA ngo-6 ekuseni kuphunywe ngo-10 ebusuku nsuku zonke, ukubhalwa kwezivivinyo ngezimpelasonto ngezinye zezinto ezenza iBizimali High, eNhloshane eNkandla sikhiqize imiphumela emihle kwa-matric. Lesi sikole esigcwele ngokweqile njengoba sinabafundi abevile ku-2 000, amagumbi okufundela angu-21 nothisha ababalelwa ku-60 sesizakhele igama ngokwenza kahle minyaka yonke. Nakuba sisuke semukele abafundi abasuke sebehlule kwezinye izikole abalethwa kusona ukuze baphume beqondile. Ukuze kusetshenziswe izinto ezidinga ugesi kunama-generator amathathu asebenzisa uphethroli obalelwa ku-R6 000 nyanga zonke. Abafundi kudingeka bagwedle ipitsi baziphathele amanzi ngoba kule ndawo okwakhiwe kuyona isikole iyashisa. Ayisithupha amakilasi ka-matric kanti nyakenye bangu-461 abafundi ababhale leli banga, kwaphasa abangu-406 izinga lokuphasa kwaba ngu-88.7%. Uthishanhloko oseneminyaka eyevile ku-20 ebambe izintambo, uMnuz Ntandoyakhe Ntuli (50), uthe ukuzikhandla kothisha nokubamba iqhaza komphakathi esikoleni kubenza benze kahle minyaka yonke.",1
3272,llama3.1,"Ngokuklanywa kabusha kohlelo lwesiqinisekiso semali-mboleko esethulwe ezinyangeni zokuqala zobhubhane lweCOVID-19, ukuthi imali 'iphinde ibuye' ifinyelele kalula emabhizinisini amancane.",1
1225,llama3.1,"Labo abanenhlanhla yokuba nemiholo engathikamezeki bazokwazi ukubuyela emise-benzini yabo; kodwa izigidi za-banye abantu bezolahlekelwa inyanga lapho bebengabe be-thole umsebenzi wesikhashana, ngabe bazenzele amabhizinisi ngokuthengisa emgwaqeni.",1
train_isizulu_02436,llama3.1,"Ngisikhath kubulawa iBhunu edannhauser uBheki Cele no Sihle Zikalala bajiJima baqeqeshwa bayoQovusa... ""Niwabani abantu baseMelika?"" #url",1
334,llama3.1,Kuphela kwamashumi amahlanu asefazweni abo besebefakwa emathubeni omsebenzi.,1
train_isizulu_00766,llama3.1,"Njengoba uqobo wakhe ushonile ""sibona"" vele ukhohlwe njenge sdomu esikoleni. #url",1
train_isizulu_00553,llama3.1,"Kumnandi mawuyi one endlini, uyahlala nje ushilengisele amasende ngaphandle. Bese kuba no sathane nje ukufonelela nge video call.",1
train_isizulu_01927,llama3.1,"Ningavumi ukuthengwa ngizibandlela malungu kaKhongolose, wakwenza esnasrec ningavumi manje.",1
train_isizulu_01011,llama3.1,"Zulu fam 🤣 ""Username: njalo, ngiyakwazi ukuthola ngendlela yokushisa ngayo, ngibona ngisho amasende""",1
3543,llama3.1,"Abadala abanezifo ezingamahlalakhona bazobekwa eqhulwini kulolu hlelo lokugoma.Esigabeni Sesithathu, cishe abantu ababalelwa kwizigidi ezingama-22.5 zalabo bantu abadala ezisele bazogonywa. Inani labantu okubhekeke ukuba ligonywe ngaphambi kokuba unyaka wawo uhlulekile",1
train_isizulu_00399,llama3.1,"""@username 'Awudalali ngokwazi ukuthi, ungathola isidumo'"" #url",1
train_isizulu_02650,llama3.1,"#Ngibonise umuzi otholakala loo #Welele #Mnandi ""@username: Smart Mampara...Ngiyakhona nayo""",1
2296,llama3.1,"Umuntu ophethe umhlangano ugcine e ncane, isho ukuthi ngubani okufanele aqoke njengo phethe umhlangano.",1
168,llama3.1,"UKhuzani Mpungose, isihlabani somculi kamaskandi, uNkk Lungi MaBiyela Hadebe nezingane zakhe ezimbili, okungeyentombazane neyomfana. Lesi sigameko senzeke endaweni yaseNkonise, eNkandla, ngaphansi kwenkosi uMbhele ngoLwesine olwedlule. Isolezwe lithole ukuthi uNkk Hadebe, obeyilungu leqembu lesigekle, unyamalale nezimpahla zokugqoka, isamba semali elinganiselwa kuR70 000. UKhuzani uvumile ukuthi usethintwe kaningi ngabaseshi, bemphenya ngalolu daba. “Wudaba oseludumile impela lapha eNkandla,” kusho uKhuzani. Yize uKhuzani ephika elala ngomhlane ukuthi uyazana nalo mkhonyovu kodwa uthe kunomuntu wakwaHadebe okugcizelelayo ukuthi nguye oqole umndeni. “Sebebaningi abantu asebeqolwe ngegama lami. Angisazi ukuthi ngenzenjani,” kusho lo mculi. Isolezwe lithole emithonjeni emithathu ukuthi uNkk Hadebe unyamalala nje wayexhumane ku-facebook nalo muntu ozibiza ngoKhuzani ngemuva kokuba ethole ukuthi kunomcimbi ozokuba kubo kalo maskanda. Kuthiwa lo “Khuzani” wathi uzobasiza labo mama uma bezoshintsha isigqi sibe esikamaskandi futhi wabe esebafuna imali, okuyinto eyabathusa abanye omama kodwa uMaBiyela noHadebe baqhubeka nokuxhumana no“Khuzani’ futhi babaxosha abanye omama ababefuna ukumbona ngamehlo lo “Khuzani.” UHadebe wagcina esekhokhela labantu uR7 000 futhi wabanikeza neveni eyiLong Base, athi lo “Khuzani” izofakwa isithombe nombhalo kaMaBiyela. Kuthiwa “uKhuzani” wenzela uMaBiyela iCD engumbombayi ngoba yayinesithombe sakhe kodwa kucula abanye abaculi besilisa ngaphambi kokuthi athi abalethe le veni. Ngemuva kwalokho, lo “Khuzani” wabe esethumela abantu ababelethe kwakhe uR70 000 maqede bathi akeze eGoli ezolanda ikhumbi enguSiyaya. UHadebe uthe eseya eGoli ngoLwesithathu olwedlule, lo “Khuzani” wangabe esazibamba izingcingo zakhe kanti uzothi ebuyela kwakhe, wafika uMaBiyela nezingane zabo ezimbili bengasekho. Ethintwa uHadebe uthe amaphoyisa amdonse ngendlebe ukuthi angaphawuli ngalolu daba ngoba selusemaphoyiseni. Okhulumela amaphoyisa aKwaZulu-Natal uColonel Thembeka Mbhele ukuqinisekisile ukuthi amaphoyisa aseNkandla aphenya icala ngokunyamalala kwabantu abathathu.",1
1016,llama3.1,"Ngiyabonga kakhulu kwakhiwa kwethu, abantu bafana lazi bezithola isipiliyoni kanye nezikhumbuzo zabezindaba, futhi bazokwazi ukuletha imibiko ebucayi nenolwazi.",1
train_isizulu_02718,llama3.1,@username ukhuluma ngokwazi 😂😂😂,1
train_isizulu_00937,llama3.1,Ingulube Encane 🎶 Susani Amatafula 🎶🎶 Nansi Ingulube Encane 🎵🎶🎵🎶🎵 #RIPBhodloza #RIPWelcomeBhodlozaNzimande #UKhoziFM,1
3047,llama3.1,Sezikhungo ezinkulu emhlabeni wonke esikhiqiza izidambi sinhlungu futhi esesikhiqize imithamo yomgomo weCOVID-19 i-Johnson & Johnson engaphezulu kwezigidi eziyi-100.,1
2948,llama3.1,"Umndeni wamadola uhlala ngozulu kwenye isitha, futhi welashwa, maningi amathuba okwelulama ngokugcwele.",1
train_isizulu_01501,llama3.1,Ungenamali uyinja!,1
2664,llama3.1,"UMabitsela, odabuka endaweni yase-Modimolle e-Limpopo, wafaka isicelo semali-mboleko ebhange ngoLwezi kowezi-2020, kodwa watshelwa ukuthi ungene shi ezikweletini ngokwedlulele futhi aka fanelekile yimali-mboleko. ""Ngangiyofuna imali-mboleko yesikhashana""",1
test_isizulu_00286,llama3.1,"""@username: intshontshelwe ukhona macbook, nguye nguye!""",1
2095,llama3.1,"Kupheleni kobandlululo, ubunikazi babantu abamnyama ezinkampanini ezisohlwini lwe-JSE bungaphansi kwephesenti elilodwa. Leli nani alikabi ngcono kangako eminyakeni engama-28 eyedlule.",1
2715,llama3.1,"Nentu kuthelo noma kuthuliswe, ngakoluhle uhlangothi ukugxeka kwakhayo. Sivumelane, siqhubeke masinyane, kalula ekubhekaneni no-kushintsha izimeko nezimo. Kucebisa inkulumo-mpikiswano yomphakathi kusinikeza ukuqonda",1
2606,llama3.1,"Kokunye. Lezi izinto zinayoqhubeka kwa ngcono ukuzithatha, uma ubheke umthelela wazo ezingeni lezabantu.",1
train_isizulu_02086,llama3.1,Musa ukuba ibhunu lephupho la wonke umuntu othola inkomo uthintana nawe.,1
dev_isizulu_00522,llama3.1,Uthini ukhuluma ngani? 😂😂😂😂😂 #mlungu,1
train_isizulu_01709,llama3.1,Ayikho intenghla njengoba bhebha nge condom eyabo 😩😩😩,1
dev_isizulu_00524,llama3.1,"Nxa eziweyi ""@username: Nilwela isendesiyo, amaningi kangaka?!""",1
376,llama3.1,Le-11 ukuze babhalise kodwa bathole ukuthi imiphumela yabo yeBanga le-12 iyahlala nalokho okudingekayo ukuze babhalise.,1
test_isizulu_00140,llama3.1,"Wamuhle mazuZulu kwaBaba 💕, Ndodakazi kwaBaba 🌹, uNdlovuKazi Enhle 💞 #iSouthAfrica",1
