id,source,text,MGT
train_isizulu_01446,AfriHate,iyatholakala imfene chief? ##url,True
train_isizulu_02427,AfriHate,"ngizoku bhebha weza la ""@username : nam ngcela ukuya epta☹..",True
train_isizulu_00320,AfriHate,@username si wrong lesthombe alikho ibhunu elingaba lihle kanje ngo 1652.,True
train_isizulu_00509,AfriHate,"co""@username : 😍😍😍😍 uzobhebheka!!!""@username : ##url",True
train_isizulu_01684,AfriHate,"@username registered, asikwazi okwa nonisa ingulube.",True
train_isizulu_02460,AfriHate,@username serious akuve nixakile nina mazulu nokungafundi olunye ulwimi 😒,True
train_isizulu_00731,AfriHate,ukhuluma isende ke wena manje ##url,True
train_isizulu_01778,AfriHate,"udungane kandaba, ubhejane phumesqiwini kade bekuvalele, izinyane lengezengeze, unodunga kamenzi.....bayede zulu eliphezulu...hhawuuu abakuyeke nyoni yezwe angeke bakwenze lutho mageba..bayokhala baythulise sithuli sika ndaba!!!...bayede..wena we ndlovu...zule'phezulu ##url",True
train_isizulu_00289,AfriHate,"""@username : khathele abelungu. khathele amadoda. ngikhathele!!!!"" *hugs*",True
dev_isizulu_00100,AfriHate,@username 😂😂bhebha ninga bhebhi ingane yabantu,True
train_isizulu_01381,AfriHate,"another hit after ""mshove"" manje sithi ""mkhuze uzobhebheka"" 🔥🔥🔥🕺🕺🕺 ##url",True
test_isizulu_00242,AfriHate,bhebha uthule ...,True
test_isizulu_00273,AfriHate,ulale nawe uneke amasende ukhululeke. aneva! 😂😂 ##url,True
train_isizulu_00770,AfriHate,"lol yo @username ""@username : @username ukhohlwe ukutagger ibhunu""",True
dev_isizulu_00195,AfriHate,ilento yakho yokuthanda ama model c ##url,True
train_isizulu_02334,AfriHate,kujuluka isende namuhla.,True
test_isizulu_00547,AfriHate,"ungabuzi okuningi. bhebha nje “@username : boghel, ngicela ukubuza. yini le enenza nilahle kangaka on nye??? hahahahha”",True
train_isizulu_00239,AfriHate,ubani lo mlungu ono pharrell???#globalcitizensfestival,True
dev_isizulu_00392,AfriHate,@username cha uma isadlala ngamashangane khohlwa njenge sdomu esikoleni!!!!,True
dev_isizulu_00178,AfriHate,unescefe wenja 😂😂😂😂😂😂😂 ##url,True
train_isizulu_02388,AfriHate,@username okova were a problem nase mlazi worse enkandla amabhunu ayfuna ukqeda impande zeanc kazulu salwa ngoqwasha bona benikwe ibhamu,True
train_isizulu_02820,AfriHate,@username lol ile nyoni eyabhala amasimba ngami cabanga. ikhofi lisebenzile.,True
dev_isizulu_00288,AfriHate,"le ngamla izifakele iskibha esincane 😂😂, if it was friday ngabe ufake iskhindi.",True
test_isizulu_00141,AfriHate,unosipho uzobhebheka yaz',True
train_isizulu_01724,AfriHate,seniyi lungisile inkinga ebini nayo no mlungu? @username ukhona yini #umlungu  lapho @username . #omunyemusicvideo 😁😁😁 ##url,True
train_isizulu_02951,AfriHate,"le kanyoko, hayi um’tasekhaya kodwa 🙅🏽‍♂️! ##url",True
train_isizulu_02609,AfriHate,#uthandonesthembu bhebha musa mseleku bhebha!! 😂😂 ubabhebhe bonke uma uthanda 😂😂 ##url,True
test_isizulu_00169,AfriHate,@username mdala makuya i'm 45 mina igolo liyakhothwa nje ngasabi.,True
train_isizulu_03043,AfriHate,then thina mazulu senzenjani ngoba angi understand 😥 ##url,True
dev_isizulu_00197,AfriHate,lesdudla esiwu @username besisazonyakaza............nawe ke lapho nyakaza sdudla @ virgin… ##url,True
train_isizulu_01682,AfriHate,"@username “ex yakho inebhadi,slima ngepela”🤦🏽‍♂️😔",True
train_isizulu_01581,AfriHate,"@username sizwe slima senkosi, asibhedelwa.... pheykwabo.",True
train_isizulu_01497,AfriHate,@username leya ngamla hlula abo britney spears mfethu 😂🙄,True
train_isizulu_00926,AfriHate,@username 🕛&lt;&lt;#zidlumnjonjo&gt;&gt;🕒 heshe ntshebe ngicela ukuthi #njonji ku ✔️ skhindi mjoli ✔️ cosmocity vilakazi ✔️ tsepe sitshulu mkhulusi ✔️ nozzy nkosi edumbe ✔️ thandeka tdk mbuyisa ✔️ ! @username ,True
train_isizulu_01333,AfriHate,kudlaliwe ngoo ngamla 😂😂😂😭😭🤔 ##url,True
train_isizulu_03080,AfriHate,umaskandi ne mfene yini kangaka kqale kwathiwa malini imfene kshuthi uzostshela inani ke u bahubhe ngoba uyaydayisa.  nomunye wadelelwa kwathiwa mawfuna imfene edayisayo wozoylanda ibiza usheleni.🤣🤣🤣🤣🤣 inkulu indaba ne mfene  🤞🤔 ##url,True
train_isizulu_00401,AfriHate,"@username wo! manje ushade isilungu,  baphana ngapha nangapha.....kahleni mazulu",True
train_isizulu_00992,AfriHate,umngani way'ngane uqebhuqebhu intombizimfuna ebaleni  maqhikiza amyengela ophathe ugibela iminqwani ngegala kukhuze uyise phesheya komfula  umahleka ehlathini njengohlanya uhlanya olusemehlwen abantu  inkomo edla yodwa mayidla nezinye ziyayiphangela ##url,True
test_isizulu_00609,AfriHate,"@username 😳 yho, inamandla nantsi imomozi",True
dev_isizulu_00384,AfriHate,inkomo 🐮 yengisi ##url,True
test_isizulu_00008,AfriHate,@username lmao hawu lomuntu lol uzobhebheka yazi,True
train_isizulu_01571,AfriHate,@username awu dude asbonge kuleyo ndawo.  awungphoxe phela sdomu ungaphenduli 🤣🤣🤣 ##url,True
train_isizulu_01133,AfriHate,"i-da inhlangano yamabhunu, wena munt' onsundu into oyilandelayo lapho uzitshela ukuthi iyokufikisaphi? phaphama munt' omnyama, vul amehlo ungabheki nje phambi kwakho, kodwa ubheke nangaphesheya, ibhun' ibhunu, alisoze futhi lashintsha ububhunu, ngiyema.",True
test_isizulu_00510,AfriHate,"""looool_😂😂😂uyinja@username : somila uzomitha yaz""",True
train_isizulu_02207,AfriHate,"inkawu idlala ngeskhwebu: ""@username : into yomuntu umhluzu wempisi @username #knowyouridioms #izaga""",True
train_isizulu_02202,AfriHate,@username isende indlela o ##url,True
test_isizulu_00472,AfriHate,pedros iyafana ne nandos.. inkinga lo omunye wafunda e formerly model c school lona ufunda emlazi comtech but babhala iphepha eli lodwa.,True
test_isizulu_00449,AfriHate,@username #ukhozifmvabs asibonge ukuthi umongameli semvumile ubhejane omncane njengesilo nkosi yethu mazulu asbonge @username luhamba phambili emadlankala 93.4mhz ##url,True
train_isizulu_01363,AfriHate,into engiphula umoya ukuthi ngibona abantu bakithi bejikelana bodwa amabhunu eshaya izandla ejabula wakhuluma uzuma wathi esephuma nizozisola ngalento eniyenzayo nibhekene nomdayisi wamampela manje ubona nje bavotile kodwa baphoqiwe ingakho bengajabulile kubuhlungu,True
train_isizulu_03024,AfriHate,"bafuna ukumnika i'make over' :'( rt @username : @username what happened to ngamla. angbukanga generations""",True
train_isizulu_00330,AfriHate,@username 🤣🤣🤣🤣🤣🤣🤣🤣🤣🤣🤣🤣🤣 ukuba ingulube?💀💀🤣🤣,True
train_isizulu_00130,AfriHate,kushone a22bafundi ngomdlalo ‘isitabane’ ##url via @username ,True
test_isizulu_00222,AfriHate,kusakude phambili emzansi amabhunu ayazidalela.,True
dev_isizulu_00245,AfriHate,@username uyinja shame 😂😂😂😂,True
test_isizulu_00543,AfriHate,bhebha.. uzoba ngcono bafo ##url,True
train_isizulu_03000,AfriHate,"ngirite bhut,yebo ngiyishayisile. @username : @username usushayise inkawu kimah?pho ziyahlupha yini emgwaqeni,sorry sisi,how's the car?",True
train_isizulu_00891,AfriHate,inkomo ithi yes kodwa wena uthi no. usathane udlala ngawe,True
train_isizulu_02502,AfriHate,"@username ngokuthengela inyama, and bring you omahosha",True
test_isizulu_00524,AfriHate,@username yabhayiza lentwana ingoba amasende ase green!! isikwazi ukuchama,True
train_isizulu_02575,AfriHate,@username slima ngempela.. muyeke,True
train_isizulu_01718,AfriHate,"""kudayisa imomozi layikhaya""  #erased",True
train_isizulu_02968,AfriHate,uyinja wena 🤣🤣🤣 ##url,True
train_isizulu_03019,AfriHate,"uzobhebheka yazi wena ""@username : mlu202 waze woma... :"")""",True
train_isizulu_02208,AfriHate,sdudla nomathousand ft nokwazi abukho ubumnandi obudlulobunye boke ubumnandi buyafana...playing on my ears now,True
test_isizulu_00505,AfriHate,@username 😂😂😂😂😂 uyinja chillbite 🐩,True
dev_isizulu_00639,AfriHate,"asiwafuni amabhunu vele ""@username : hahaha i was about to ask ukuthi y ashiye isibhunu""",True
train_isizulu_03026,AfriHate,"lol@username : 😂😂😂 ""bhebha uthule wena"" 😂😂💀💀👏👏💀💀💀💀💀😂😂""",True
dev_isizulu_00409,AfriHate,@username ngizo relaxa maseyifikile le shandis ngamla 😂😂,True
train_isizulu_02709,AfriHate,@username ngiyazibongela. ngika mlungu😂😂😂🤦🏽‍♀️,True
train_isizulu_01445,AfriHate,kodwa lutho uku bhebha :( ##url,True
test_isizulu_00286,AfriHate,"""@username : intshontshelwe umahosha le macbook""o sele wena, lol!!",True
train_isizulu_02616,AfriHate,bhebha uthule bafo .. ##url,True
train_isizulu_02891,AfriHate,"no turning back ""@username : bhebha uthule “@username : amanye amantombazane awumbhedo masenqunu.”""",True
train_isizulu_00460,AfriHate,khizo yabona le yamanzi emkhanyakude a ngisafuna nakuyiphawula coz emaplazini ayaphuma banisela ngisho izimoba notshani bezinkomo abelungu kodwa kithi emakhaya awaphumi ngilaphaya kwanibela @username ,True
train_isizulu_00384,AfriHate,uy'nyoni...bathathe mk #zulutelenova,True
dev_isizulu_00437,AfriHate,"hawu laqojama ulimi ""@username : @username we pinky ngibonile imomozi yakho ipipi alikangeni ubani lona owayekubhebha""",True
train_isizulu_02251,AfriHate,"mxxm niyathanda ukuzithusa, hawu angithi istabane nje lesi esaziwayo, salt ku-ntando virgin straight mmm ##url",True
train_isizulu_01822,AfriHate,@username lol akumele ngize ngisho ngoba uyazi bazongilethela imfene ebsuku,True
train_isizulu_00360,AfriHate,"@username mthiya ,mroza no ngane ziyalenga ngivukile basakazi bami , zinjani ukunijaha izinkawu lapho 🤣🤣🤣 ngathi ngiyambona umhlo esebalekela inkawu igoloza ukusuka emnyango emdala kangaka, abaphile abantu enquthu kwavulamehlo #ukhozifmvabs",True
train_isizulu_01404,AfriHate,nanku umntu efuna hlukanisa mazulu nongcolisi #imbewutheseed,True
train_isizulu_01902,AfriHate,siniphelezele yazi sdudla 😜🔥🔥🔥. ##url,True
train_isizulu_01476,AfriHate,@username cha ujesu yena ngeke abuye! ubaba nje ungcolile kangangokuthi woman will be scared to leave their children with with us man. ubonisa into engalungile emphakathini bekumele aphawulwe amasende nje klaar abe yinkabi,True
test_isizulu_00370,AfriHate,sekusile ke jehovah umuntu usezosindwa amasende imini yonke😭,True
train_isizulu_00077,AfriHate,ididi elik'dida um'qondo. moer!! upakishile lo cherry 🍑👅,True
train_isizulu_02032,AfriHate,inkomo yabalandeli yathathwa oban????  ngoba beqhoken njalo  ay kamen madoda😭😭😭,True
train_isizulu_02804,AfriHate,@username amasende akho lawo aselamont' ##url,True
test_isizulu_00577,AfriHate,"""dear msakazi. ngikhonzela i ex yami ngengoma kabhova nobhekumuzi ethi imfene nenkawu bekufanele bazwane yenziwe unkulunkulu into yabo"" 😂😂😊",True
train_isizulu_00370,AfriHate,senzo lumnka yaku bleksema ngamla ba awuna ngqondo,True
train_isizulu_00459,AfriHate,"@username inkani inkomo ekhishwe amasende, imanzi, inkomo ehorny",True
train_isizulu_02725,AfriHate,futh e montclair kyafana nase folweni ukuth iseduze ne city kunalabelungu. nakhona ba orange ilanga abelungu bakhona umlungu mele asuleke..,True
train_isizulu_00963,AfriHate,@username lokho kuyangnyanyisa!!!!! i thought the gov. is trying by all means ukuthi umhlaba ubuyele kubantu abamnyama?  back to amabhunu y.,True
test_isizulu_00229,AfriHate,@username engaka inqguza kodwa,True
train_isizulu_02635,AfriHate,"punani @username : ingqefeza ""@username : imomozi rt @username : another word for ""pussy"" is? #therevolution""""",True
train_isizulu_01119,AfriHate,imfene pho? ukuthakatha kodwa manje #ourperfectwedding,True
train_isizulu_01379,AfriHate,"ngyabathanda ocheese girl, bamoja",True
train_isizulu_02923,AfriHate,bhebha uthule. shaya udlule.,True
test_isizulu_00645,AfriHate,uzobhebheka after that invite ##url,True
train_isizulu_00474,AfriHate,hlathi. lisa .mfene♥️💯 ##url,True
train_isizulu_00946,AfriHate,ave ngigcwele ngale sdudla engingasazi igama also @username ,True
train_isizulu_02312,AfriHate,zoboshwa wena slima ##url,True
train_isizulu_00815,AfriHate,akwaziwa okwanonisa ingulube... ##url,True
test_isizulu_00079,AfriHate,"#ripmenzingubane #ngamla #kwakhalanyonini uyibekile induku ebandla #sbusisodlomo #ngwenya @ phoenix, kwazulu-natal, south africa ##url",True
dev_isizulu_00592,AfriHate,babalas isende lakho........ @ rustenburg ##url,True
train_isizulu_01212,AfriHate,"sanibona webahlali, nginombuzo lana, ok siyavuma angisiyona iyellowbone, kodwa cha inakhunga yami ngathi isimunyama ngama lengiso manje. ngisho ikepisi dade. ##url",True
dev_isizulu_00293,AfriHate,uzothi uthandana neblesser kanti iex kanyoko.,True
train_isizulu_00931,AfriHate,@username inkawu idlala ngeskhwebu... isizulu asitolikwa.,True
train_isizulu_01680,AfriHate,intombazana eqoka u size 8 entlek uzimisele ngani sisi or should i say sisbhuti ##url,True
train_isizulu_00736,AfriHate,"uze ngalowo kanti kujinyiwe, vele unye sdudla &amp; end up saying, ""sekub'hlungu futhi sengkhathele bae"" esedlala ihigh-high ##url",True
test_isizulu_00604,AfriHate,"usiya uthe “mana kancane mazulu, asisebenze sizohamba ngabo 6 to 7. ngenzela wena njalo”.  we left the office some time around 7pm, ngifika namhlanje kune email ethi usiya akasekho emhlabeni 💔😭😭. kanti uthixo unjani?",True
train_isizulu_03052,AfriHate,@username uyayqulekisa... uytholaph imonkey ngaleskhathi??! 😂😂,True
train_isizulu_01225,AfriHate,i was talking to my brother from kzn yesterday and he says to me:  “bafo komele sikutholele iplazi nawe la emakhaya solus’inkomo sonke eyinkathini eyikanje ngoba nina lapho enihlala khona komntakabani ekuhanjwa emaphesheya yinina enisengcupheni”   😂🤣😂 unzima kodwa killed me!,True
train_isizulu_01123,AfriHate,@username intombazane idla 2 slice nakhon ayisqedi ##url,True
dev_isizulu_00603,AfriHate,kuyanyiwa e kapa izibhedlele zigcwele izengolwandle sana i corona abelungu bathule  .,True
train_isizulu_03047,AfriHate,"""uthe ngeke esangishaya oe"" hayibo slima sentombazane. 🚮",True
train_isizulu_01490,AfriHate,ubunja nje lobu. bhebha uzalise eyakho ingane. phuma enganeni yenye indoda. ubu weak nje lobu. uyilobola kanjani ingane ekungeyona eyakho. sies maan. ##url,True
train_isizulu_02284,AfriHate,@username umuthi we nyoni,True
train_isizulu_02189,AfriHate,@username ungumkhaya yini ngamla?,True
train_isizulu_00904,AfriHate,"sanibonani kusile🙏  ngakhula kuthiwa ""ndoda kayikhali kepha ifela ngaphakathi"".  ngalalela omama bethi komakoti abancane, ""njengoba uyogana, uzimele izinkinga zomuzi wakho, makondliwa imfene nawe yondle kodwa mungabuyile nje laykhaya ngoba kawusanandlu"".  kukhalwa kubani pho?",True
train_isizulu_01813,AfriHate,ngidinga ukubhebha kodwa ke... ukuba kwi homestead will not get me inkomo💔😭.,True
train_isizulu_00826,AfriHate,@username location phela khhona uzobhebheka ##url,True
train_isizulu_02984,AfriHate,igenge mase ifunana la ku tl iyahluleka ukufihla... bhebha uthule.,True
dev_isizulu_00468,AfriHate,bekumele esalebese bhebha ##url,True
train_isizulu_01920,AfriHate,abantu base ezimbokodweni mawuthenge pizza 🍕 udlula enduneni ushiye u 2 slice..,True
train_isizulu_00211,AfriHate,if it not umdidi sivezelwa imomozi nje lakutwitter. kanti senzeni bantu benkosi 🤷🏾‍♂️🙆🏾‍♂️🙆🏾‍♂️,True
train_isizulu_02216,AfriHate,"@username he is not south african men, he is my dad slima... and he is no more so izinja nezinayi konke lokhu okusele. and my dad wouldn't have not even at a wink allow this to happen slima",True
train_isizulu_02000,AfriHate,good abaphansi abavumi kithi mazulu ##url,True
train_isizulu_01058,AfriHate,"good morning mazulu amahle, vukani niba lapise futhi",True
dev_isizulu_00149,AfriHate,ngiyawuthanda umsebenzi owenziwa amabhunu er/bay. ✊🏼,True
train_isizulu_01740,AfriHate,geza ubangene ngamla ##url,True
dev_isizulu_00098,AfriHate,"60/40%? no, noms ngabe kuthiwa u 90/10%.......sbu ingulube yazi.  qomani asinamona #uzalo",True
test_isizulu_00649,AfriHate,"@username yazi laba banesdina it not like we rapist, it how we appreciate imomozi not like sesiyayifuna yebo meyiletha ingadleka but abakahle nje kuba serious, kwamomozi yini lento encane kanje mxm.",True
train_isizulu_00766,AfriHate,when he says “we will see” vele ukhohlwe njenge sdomu eskoleni. ##url,True
train_isizulu_02245,AfriHate,iy'nyoni zigodukile k'shaya umoya la ekasi.,True
train_isizulu_02512,AfriHate,balala kanjani iyngane zabantu abavotayo nazo ezbavotelayo zishawa amabhunu ezwen lazo?  ##url,True
test_isizulu_00053,AfriHate,mampara of the week: #zwelinimkhize ##url,True
train_isizulu_01712,AfriHate,ngenzenjani ngilambe ngo 13:00 wena uthi uvula ngo 15:00 love sekuvuthiwe ukudla aibo wenja ##url,True
train_isizulu_02020,AfriHate,kungani ikholwa kungamele lidle ingulube?.  impendulo uzoyithola kwi tende lomcimbi ngaphansi kwe ngosi izihlabelelo zama nazaretha   7:30 @username ,True
dev_isizulu_00430,AfriHate,@username ngithumele idilesi mlungu,True
train_isizulu_01674,AfriHate,amasende embuzi lawa! ##url,True
train_isizulu_02744,AfriHate,amaqabane ajabulile ✊ @ ngamla guest house ##url,True
train_isizulu_01459,AfriHate,@username ku zacile lokuya ko mfana nginga vese ngimphule nje🤣🤣🤣,True
dev_isizulu_00403,AfriHate,dudlu madolo kanyoko angithuki wena ngithuka uthando @username ... ##url,True
train_isizulu_02520,AfriHate,"@username ay ngamla, ung'lahlile-ke manje.",True
train_isizulu_01180,AfriHate,"@username 🤣🤣🤣, buyeke ngamla😂",True
train_isizulu_01318,AfriHate,ngithi nathi mazulu asibancinyane🙌🏽 #gcwalisaimabhida,True
test_isizulu_00092,AfriHate,hhayi nayi nkinga. inkawu ilalaphi. ilala kanjani?,True
train_isizulu_00236,AfriHate,@username mazungu ngiyibonile i video ubaba u ndosi uhlulwe iqiniso nje lowa mlungu bekhuluma iqiniso lodwa vele abaholi bethu iqiniso liyabahlula. @username ,True
train_isizulu_01511,AfriHate,"@username what about that baba who had evidence that inkomo eyakhe, even dna results from the police proved him right?? you see the problem with with amalungu esikebhe awaphenyi, athatha lokhu akutshelwayo... that is wrong... kumele babe ne evidence kuqala",True
train_isizulu_01847,AfriHate,@username inkomo iyaz'dalela 😂😂😂😂,True
train_isizulu_00913,AfriHate,"uhlanganaphi namamodel c thami?: ""@username : @username ilezingane ezingama - model c ezizitshelayo""",True
train_isizulu_02350,AfriHate,ingako amabhunu ayesishaya 😐 ##url,True
dev_isizulu_00073,AfriHate,ikhekhe or inkomo kamama (private part of a woman)  induku or umphambili (private part of a man)  ucansi ukulalana (deeds in the bedroom)   umzimba (body)  ikhanda (head)  amahlombe (shoulders)  inwele (hair)  sacred   connected to sacred chakra and root chakra. ancestors stay,True
train_isizulu_02489,AfriHate,"sanibona webahlali, nginombuzo lana, ok siyavuma angisiyona iyellowbone, kodwa cha inakhunga yami ngathi isimunyama ngama lengiso manje. ngisho ikepisi dade. ##url",True
test_isizulu_00467,AfriHate,uzobhebheka unmtwama wakhabo kwaito,True
train_isizulu_01450,AfriHate,emzansi siphila amasende wempilo vele angisoli nex ##url,True
train_isizulu_01034,AfriHate,@username heshe awuwazi amathumbu???????,True
train_isizulu_00687,AfriHate,uzobhebheka ke mntanami 😂😂😂 ##url,True
train_isizulu_01300,AfriHate,"@username wenzani uganga, anokhuza mpongo nakhu libhubha mthengeleni imfene avelagibile ibe official lento uyaloya straight lona",True
test_isizulu_00303,AfriHate,@username nginawe sdudla sangempela sikandlamlenze kwamnyayiza #chillas,True
train_isizulu_00485,AfriHate,imfene ibheke ebantwini. ingenile inyoka ejazini madoda. ##url,True
train_isizulu_02862,AfriHate,inkinga ayikho kahle kahle kubelungu noma amabhunu lapha kodwa mina ngokwami ngibona kungansundu ababulala okwabo nabacindezelana bodwa lapha ukuguqulwa kosuku lwesilo ushaka kwenziwe ngabansundu kanjalo nokuguqulwa kolwesilo udingane nakho futhi kwenziwe ngabansundu.,True
dev_isizulu_00157,AfriHate,mampara weekend kodwa kuzolunga sizoncenga khona la 😥😥 ##url,True
dev_isizulu_00391,AfriHate,"uyinja sani, bamba kanje.... ##url ##url",True
train_isizulu_00842,AfriHate,@username nokugibela imfene lol,True
dev_isizulu_00344,AfriHate,"udombolo, inkomo nesobho :)",True
train_isizulu_01887,AfriHate,@username lol kahle ngodlame mazulu,True
train_isizulu_02513,AfriHate,"thina sizwe esimnyama sikhalela izwe lethu, elathathwa amabhunu #zumaarrest",True
train_isizulu_02181,AfriHate,@username uma udla inkawu nomuntu ungamudla,True
train_isizulu_01830,AfriHate,hhawu newcastle siduma ngezinto ezimbi🙈 omahosha abangaka😳 ##url,True
train_isizulu_02432,AfriHate,"@username 🤣🤣🤣, buyeke ngamla😂",True
train_isizulu_00871,AfriHate,😂😭😂 this nigga though?!! “@username : if ulala uvule umlomo sezikuqedile iypoko zikufunza isende:(”,True
train_isizulu_00541,AfriHate,inqguza enukayo ngo 9am ekseni erude!!,True
dev_isizulu_00443,AfriHate,"hha! awaz'wena!! o_o “@username : kodwa ngeke uyihlinze ngomtafula cha.""@username ihlinzwa ngey'ndlela ey'ningi inkomo sisi. zowi_e""”",True
train_isizulu_02086,AfriHate,musa ukuba ibhunu leplazi wonke umuntu ofuna inkomo uthintana nawe.,True
dev_isizulu_00636,AfriHate,uthengisa imomozi yakhe 😬😬😬#shaka #thequeenmzansi,True
dev_isizulu_00296,AfriHate,@username please call them abelungu ngoba abaziboni like amandiya bona 😂😂,True
train_isizulu_02129,AfriHate,unawo yin umthondo wokus'bhebha ? ##url,True
train_isizulu_00452,AfriHate,"lmfao uphethe bite 😂😂😂 #inkawu ngempela 😂😂😂 @ ohlange, inanda ##url",True
train_isizulu_02038,AfriHate,nayi ingulube isnonela bo ##url ##url,True
train_isizulu_00161,AfriHate,abelungu abazi lutho!,True
train_isizulu_00432,AfriHate,amasende ngaphandle ☺ ##url,True
train_isizulu_02399,AfriHate,@username 😂😂😂 isende eliphilayo,True
train_isizulu_01482,AfriHate,hhp feat zombo -sdudla 🔥 .eyi madoda sasishaya iget down back then ingudu siyikhame emqaleni,True
dev_isizulu_00625,AfriHate,in da west kuhlupha amabhunu nje😩🙆🏾‍♂️,True
train_isizulu_01739,AfriHate,“izigebengu zingena ku twitter zibone amaphoyisa edla uphuthu ne zinqa ze nyoni” rent free namanje😂😂😂,True
train_isizulu_01248,AfriHate,"uzobhebheka sisi""@username : @username yewena sahn!!!""",True
test_isizulu_00415,AfriHate,"@username uyaphila hlase? uphi umabizela kanti, lashona ilanga inkomo ifasiwe",True
test_isizulu_00124,AfriHate,udlala ngenkotha @username ungawadidi ama model c,True
train_isizulu_01468,AfriHate,@username ngamane ngiyogeza ingulube 🙄🙄 ##url,True
train_isizulu_02712,AfriHate,niyayifuna yini le mfene nosipho ?😂 ##url,True
train_isizulu_02231,AfriHate,"bhebha uthule, bese uyadlula nawe..",True
test_isizulu_00184,AfriHate,@username icinema yonke isinuka imomozi manje 😭😭😭,True
dev_isizulu_00232,AfriHate,kambe was it also efourways lana ekwathola imfene yomuntu ibhampa emgaqweni ..,True
train_isizulu_02996,AfriHate,"@username heshe , heshe nsizwenye, kufanele sizihlele manje , sikhiphe osopolitiki, abaguginqondo,hey, siyacwaseka lapha.uzulu, nepolitiki amanzi, no woyela, azibuyele emasikweni ##url",True
train_isizulu_00119,AfriHate,@username bengithi imfene iyona ezokusiza ukuthi umthole uma uyilahla uzomisa kanjani ke,True
train_isizulu_00584,AfriHate,@username kyogijima imfene emhlophe ngalelo langa ##url,True
train_isizulu_00581,AfriHate,@username 😳😃😱 yeyeye ngithenge ingulube isesakeni 😂😂😂,True
train_isizulu_00204,AfriHate,usudakiwe ke🤣😂🤣😂🤣 yekutshwala wenja 😂🤣🤣😂😂 ##url,True
dev_isizulu_00214,AfriHate,"damn 🔥 ""@username : manti moholo, iyawuqondisa ukotini le nyoni! ##url",True
train_isizulu_01542,AfriHate,igenge mase ifunana la ku tl iyahluleka ukufihla... bhebha uthule.,True
train_isizulu_02452,AfriHate,thembi kodwa usihlaza naleziy nyoni ##url,True
train_isizulu_00533,AfriHate,laze lacelwa ibhunu. ngyamuzwa kodwa ##url,True
train_isizulu_01185,AfriHate,kune mfene lokhu. ##url,True
test_isizulu_00640,AfriHate,why mabekwenza islima ama feelings avele aphindwe kabili kuwena oyi slima… ?,True
train_isizulu_02145,AfriHate,yeka ukuhlanya wenja 😂 ##url,True
train_isizulu_00730,AfriHate,@username location phela khhona uzobhebheka ##url,True
train_isizulu_02506,AfriHate,and inkawu zihlekana iziphongo😂 ##url,True
train_isizulu_02503,AfriHate,dudlu madolo kanyoko angthuki wena ngthuka uthando,True
train_isizulu_00771,AfriHate,@username isende elidinga ukunqunywa,True
train_isizulu_01802,AfriHate,@username laughs in slima ngempela,True
train_isizulu_00742,AfriHate,leadership! @username : bhebha lomuntu baba ulahlile. @username ,True
train_isizulu_00182,AfriHate,uzothola ibhunu elinemali ekapa 🙏🏽 ##url,True
train_isizulu_00148,AfriHate,"uyngigangela ke manje habe!!: ""@username : @username umuntu ongayidli ingulube usuke ethakatha""",True
train_isizulu_01766,AfriHate,@username power mix sdudla sangempela @username sijaiva 💃🕺🏽 kuphela ngala eshowe #chillaz,True
train_isizulu_00425,AfriHate,@username angeke uphela lonyaka nginga tshelanga ibhunu elilodwa ukuthi angilisabi la emsebenzini 🤣😅,True
train_isizulu_02469,AfriHate,"hebanna, if you couldn't wait why did you do it?. you seem happy phela ukuthi uzobhebheka. ##url",True
train_isizulu_01914,AfriHate,ngampela ngampela sithathwa njengezilima la emzansi. mawungenamali uyinja nje. mcm ##url,True
train_isizulu_02351,AfriHate,"thina sizwe esimnyama sikhalela izwe lethu, elathathwa amabhunu #zumaarrest",True
dev_isizulu_00069,AfriHate,@username yaz kukhuluma amabhunu lana,True
train_isizulu_02287,AfriHate,"""uyawathanda amasende akho? - celia"" best line i've heard on television yet. @username ##url",True
train_isizulu_01145,AfriHate,"amabhunu awufuni nomhlaba, this sovereign state of good hope is a stunt by boers to steal the land through legal processes. #sovereign",True
test_isizulu_00578,AfriHate,@username like i said before. abelungu bayabulalana angingeni ndawo. at least brown bodies are not involved.  where we they sibulawa yigukurahundi. angithi they sponsored umugabe ukuthi asicitshe.,True
dev_isizulu_00020,AfriHate,loya mlungu okhuluma isizulu uhlezi esithuka 😕,True
train_isizulu_03038,AfriHate,abelungu banesicefe 😑.,True
dev_isizulu_00365,AfriHate,heshe mfwethu hau ibambe ngakho,True
train_isizulu_00016,AfriHate,hambani niyofaka amacv amabhunu esahappy🤞🏾,True
dev_isizulu_00558,AfriHate,when he says “we will see” vele ukhohlwe njenge sdomu eskoleni. ##url,True
train_isizulu_01913,AfriHate,"👩🏽‍🦰: “gogo, ngisaya e-clinic.” 👵🏽: “liphi i-polo? alisakulandi?”  uvel’ubone ukuthi no maan, amabhunu ayengabasukeli ebashaya.",True
train_isizulu_00600,AfriHate,wena uyinja 😂😂😂😂😂 ##url,True
train_isizulu_01584,AfriHate,jk. not when nginyisa abelungu emsebenzini boi 🔥 ##url,True
train_isizulu_01268,AfriHate,ngathi angan'bhebha uwenger ##url,True
train_isizulu_01538,AfriHate,@username ubaba ugodi uma engaphatha angaqhubeka aphasise ukubhenywa kwenzangu? ngoba ibhenywa zingane zethu bona abayibhemi amabhunu ayesicabangela engayivumi insango kithi ndlemnyama,True
dev_isizulu_00652,AfriHate,"@username ushubo ke dad'wethu, awuze nengoma lapho ungengenz'slima",True
dev_isizulu_00376,AfriHate,"onolwazi ukuthi ngingayithola kuphi imfene, ngifuna mangi retire emsebenzini ngiqhubeke ngisebenze ekhaya.",True
train_isizulu_03001,AfriHate,if ungazilutho abelungu bodlala ngawe straight 🤣🤣🤣🤣🤣🤣🤣🤣🤣🤣🤣🤣🤣🤣🤣🤣🤣 ##url,True
train_isizulu_02164,AfriHate,@username bazokushaya abantu ubashutha ibhunu 😂😂😂,True
dev_isizulu_00604,AfriHate,"quick question, why ikuku 🍑 ine nobhontshisi bese inuka ufish 🐠 ekuben ibizwa inkomo 🐄 ##url",True
train_isizulu_00112,AfriHate,happy 60th birthday to our lovely radio station ukhozi fm qhubeka ukhule njalo nje nyoni emaphikophiko @username ##url,True
train_isizulu_00185,AfriHate,nankoke amabhunu again... bona into enhle ka shwi nalo okhalayo wakubo ##url,True
dev_isizulu_00366,AfriHate,"""usdudla, usdudla noma1000 izinja, izinja ezithanda ubumnandi @username #ecesawards ##url",True
train_isizulu_01513,AfriHate,"@username ngeke nje ngithengiswe ingulube esakeni, ngiyala",True
train_isizulu_02821,AfriHate,@username heshe nkunzie liyabuza ikhaza lithi ungubongakhi ??,True
train_isizulu_00444,AfriHate,one thing about amabhunu alana azovele azikhulumele afrikaans phakathi kwi meeting 😬🥺🤷🏽‍♂️,True
test_isizulu_00118,AfriHate,imfene yakubo kwaleli venda isebenza ama double shifts .. ##url,True
train_isizulu_02571,AfriHate,@username sbwl inkomo 😜,True
train_isizulu_01595,AfriHate,"@username thina esilibonayi iqiniso sidukisa abantu, sisize ukufihla isitha. uramaphosa akenzanga lutho. abelungu behlangene bonke,amabhunu namangisi yibo abenza lokhu kuthina besebenzisa yena. asikhohlwe imvubu(ramaphosa),siqode oyiphethe(abelungu)osishaya ngayo.",True
dev_isizulu_00253,AfriHate,@username ngizoni bhebha ngamunye ngamunye ngeke usqede mfundisi bamnandi abafazi babantu ##url,True
train_isizulu_01675,AfriHate,yanginonela ingulube boo😂😂xoxo nexoxo liyazigxumela. ##url,True
test_isizulu_00200,AfriHate,"isipiliyoni""@username : inkomo ihlala ifudumele""@username : ey wena ukuthathaph lokho ""@username : ey ikhekhe le cheri enopete limnandini""""",True
train_isizulu_02389,AfriHate,"when you realize ukuth ""wena ungal'sebenzisa ididi"" given ithuba.. ##url",True
dev_isizulu_00613,AfriHate,yonke ingwenya ine nyoni eyiblessayo,True
train_isizulu_00613,AfriHate,"bolova uma usuthatha umfazi thatha umfaz ofundile, nohlakaniphile.  ave kunzima ukondla umfaz owukhamisa ngthele. kuba sengath uphakela imfene , 🥺🤔😏",True
dev_isizulu_00361,AfriHate,@username udelela njengomfana ongaqhathwanga. @username kwenziwa yini ukuthi abelungu badelele kanje uma niphethe izwe madoda? @username wena uthini makunje?,True
train_isizulu_01768,AfriHate,"bhebha awabanye nje ""@username : @username asinamadoda mos""",True
train_isizulu_02954,AfriHate,awenze imfene yakini lapho.. ##url,True
train_isizulu_01833,AfriHate,@username kubuhlungu kuthina sonke. qina amasende ushaye indlwabu kuzolunga,True
train_isizulu_00258,AfriHate,@username haha😀🤣🤣 khohlwa njenge sdomu eskoleni🙅‍♂️🙅‍♂️,True
train_isizulu_00575,AfriHate,"@username inja ye game,ngamla👌😁 ##url",True
train_isizulu_02803,AfriHate,@username wenja usizakele 😂😂😂,True
train_isizulu_01122,AfriHate,kancane kancane yangthanda....kwangath ungenza mampara manje!,True
train_isizulu_00953,AfriHate,@username imonkey pox uqobo,True
dev_isizulu_00566,AfriHate,@username ‘libomvu ibhunu’🙌🏽🙌🏽 uma sekukhulume umdlovu omuhle ngaphandle nangaphakathi noma isingavalwa letweet🤍,True
test_isizulu_00250,AfriHate,ngino 5 years ngidla imomozi kodwa i have no idea what a labia is.,True
train_isizulu_00100,AfriHate,@username dadewethu 🤭😂😂...”kahle bo wenja 🥴” 😭😭😭,True
train_isizulu_00274,AfriHate,@username veza elakho nawe ididi ukhohlwe okunye lol ##url,True
train_isizulu_02569,AfriHate,uyinja yezwa 😂 ##url,True
train_isizulu_01108,AfriHate,ngisho e primary ngisathenga i sherbet akaze ngiythole ring. ngangihleli ngithola imfene 🐵 #tsokombela ##url,True
train_isizulu_02212,AfriHate,"@username kuyosala ama model c odwa, kuyovalwa ngehlahla",True
train_isizulu_01091,AfriHate,"sikhalela izwe lethu , elathathwa amabhunu : mabawyeke umhlaba wethu oh god i love thus song 2 bit #dead",True
dev_isizulu_00406,AfriHate,khohlwa njenge sdomu eskoleni. 💀💀💀💀💀💀💀💀💀😭😭😭😭😭😭😭😭😭😭😭😭😭 ##url,True
train_isizulu_00380,AfriHate,@username #ngiyamuthandalosomatekisi usebedlile qwabe uyabathanda abelungu bakhe futhi uhlanzekile yena nemonto #wnb baphila emhlabeni kafish @username ##url,True
dev_isizulu_00425,AfriHate,inkinga ayikho kahle kahle kubelungu noma amabhunu lapha kodwa mina ngokwami ngibona kungansundu ababulala okwabo nabacindezelana bodwa lapha ukuguqulwa kosuku lwesilo ushaka kwenziwe ngabansundu kanjalo nokuguqulwa kolwesilo udingane nakho futhi kwenziwe ngabansundu.,True
train_isizulu_00027,AfriHate,"@username imikhonzo=celiwe duma, mbongwa smelane,ngwenya beyidonsa,imfene iyandiza,mxolisi mthombeni,mxolisi mthombe frm mthombo njom",True
train_isizulu_00548,AfriHate,ziyabhebhana bo inkomo zamkhulu 32 yonke ##url,True
train_isizulu_00729,AfriHate,"uhlanganaphi namamodel c thami?: ""@username : @username ilezingane ezingama - model c ezizitshelayo""",True
train_isizulu_03037,AfriHate,@username aibo tshela loyo onuka amasende ungasfak sonke,True
train_isizulu_02841,AfriHate,not only soccer ;we have amabhokobhoko amakrokokroko amabieneplas etc ##url,True
train_isizulu_00830,AfriHate,#luhambaphambili 📻 khula nyoni endizela phezulu ##url,True
train_isizulu_02711,AfriHate,@username yey inyama emnandi kabi njalo imfene uhlobo lwenyamazane olunencoso emnandi kabi kodwa ifuna uyidle isipholile @username #ukhozifmvabs,True
dev_isizulu_00294,AfriHate,"ubani ufuna singeni kwi twitter space sixoxe ngezinduku zokuthakatha.. from ukukhanda amalumbo, umeqo womopho, umeqo wokubolisa umzimba, isichitho, isikhafulo sekhanda, imomozi enuka ixoshe isoka, izintwala nobukhuphe. 🤔",True
train_isizulu_02025,AfriHate,@username kahle nje wena ngamla ukus’jwayela kabi. kahle kahle uzifihle leni. sphamandla wakwa bani?? kuphi?? uzenza thina nje kutheni??,True
dev_isizulu_00019,AfriHate,"ngokugqoka nje ishort nama socks amhlophe, suzizwa uyinja nge swagg -_____________-",True
test_isizulu_00327,AfriHate,mlungu wokqala ongikhulumela into ezwakalayo ##url,True
test_isizulu_00109,AfriHate,weeeee ngoba ephuzile nje mazulu uzovele akhiphe zonke kuzimele hahaha mandlovu utsotsi #imbewutheseed,True
train_isizulu_01458,AfriHate,@username -uyinja wena! utru usekvumile gcwala ngami!,True
train_isizulu_00379,AfriHate,ey ngoba imali ayibukhiphi ub'nyoni emuntwini. what is this ##url,True
train_isizulu_01461,AfriHate,ake nibuze abalaleli bazizwa kanjani ngaloludaba ibhunu lidliwa ibhubesi ekade lilifuye iminyaka eyishumi @username #wnb ##url,True
train_isizulu_02698,AfriHate,ngamla 😂😂😂😂😅😅😅 #isibaya,True
train_isizulu_02592,AfriHate,@username kodwa ngiyabuza mlungu 😂🤷🏽‍♂️,True
train_isizulu_01285,AfriHate,"@username mthiya ,mroza no ngane ziyalenga ngivukile basakazi bami , zinjani ukunijaha izinkawu lapho 🤣🤣🤣 ngathi ngiyambona umhlo esebalekela inkawu igoloza ukusuka emnyango emdala kangaka, abaphile abantu enquthu kwavulamehlo #ukhozifmvabs",True
train_isizulu_02488,AfriHate,@username “ungalibuki ibhunu” 😅😅 in the great words of.....? 👂🏽,True
train_isizulu_01491,AfriHate,@username tonight sidla ingoma 8pm-10pm @username heshe mabhungu @username #fortheloveofafropop #incwengayomculo  #isigqisaseafrika  #ulozololomculo ##url,True
test_isizulu_00313,AfriHate,@username bangiphendula imfene. imfene phela efaka izinto ekhapheni ijike ingaziboni zikephi,True
train_isizulu_02733,AfriHate,"ungazivumeli izinqa zakho zikucabangise ukuth umuhle, ididi lelo elamasimba... ##url",True
train_isizulu_02956,AfriHate,ufike uthini enganeni zakho ukuth imfene ukubambe ngobhongwane yakujikijela phansi?,True
test_isizulu_00397,AfriHate,"mampara weekend ""@username : asphuzeni""",True
dev_isizulu_00422,AfriHate,kazi abathakathi baygibela kanjan imfene ishibilika kanje?,True
train_isizulu_00892,AfriHate,"""uhlo uthand'ocheese..."" #datemyfamily",True
dev_isizulu_00196,AfriHate,@username mlungu all the way baba. siqhumisa isingisi kuphela.,True
test_isizulu_00433,AfriHate,"@username i-da inhlangano yamabhunu, iningi labantu abalixhasayo leliqembu amabhunu, abantu abamnyama izifiki nje, ngakhoke, kunzima kabi ukucabanga ukuthi amabhunu angayeka umlungu wakubo avotele umbali, kwa-gibson useshilo futhi ukuthi uzoxhasa bani.",True
train_isizulu_01466,AfriHate,@username ubutabane bakhe bungenaphi kuleyo tweet sisi,True
dev_isizulu_00560,AfriHate,@username sdomu awuzi lutho ngebhola 😂. typical manchester united fan.,True
train_isizulu_00332,AfriHate,agcine egobeke inkani amabhunu? phela 2011 bafuna bagomela bathi inkomo ingazala umuntu ##url,True
train_isizulu_03028,AfriHate,@username ukuthi uma wafundiswa ukuthi ufa nalo iqiniso kodwa kubekhona abazenza ngathi bamsulwa in front of the world uyaphoqeleka ukuthi ukhiphe izinfihlo zabo ngoba from 1994 kuthatha u anc izintambo zombuso kwakufanele babophe amabhunu ngesihluku asenza kubantu abamnyama kodwa i anc ##url,True
train_isizulu_01896,AfriHate,"@username ukuthi amabhunu wonke ama racist,just that abanye are more tolerant than others...",True
train_isizulu_00841,AfriHate,"@username wenja, angiyena owakwa buthelezi mina😂😂😂😂😂",True
test_isizulu_00277,AfriHate,@username ilast number ye waste leyo. abelungu nje beqhubeka nokusenza izilima,True
train_isizulu_02185,AfriHate,@username uyinja yezinja boi,True
train_isizulu_01247,AfriHate,"@username namhlanje ngisetaxin from durban to harding kwelakithi lengabadi, ngemuva kokuvalelwa uthanqa. ngithi nje heshe lapho zinsizwa zombili, imnandi imix, nomshayeli urasta kodwa ufake nesigqoko, uyibambe phansi kamnandi ethekisi  #sigiyangengoma",True
train_isizulu_01666,AfriHate,@username uyalibona isende sisi 🤔,True
train_isizulu_02307,AfriHate,"""angik'sabi,bengik's bhebha"" to all my exes🙄",True
train_isizulu_01206,AfriHate,lmao  rt @username : hahahaha---&gt; rt @username : ngizoku bhebha khethiwe. ngik'bhebhe ngik'bhebhe!!!,True
train_isizulu_02444,AfriHate,"@username ukube useduze kwaseceleni kwami mazulu, ngabe ngyakuwashela wona wonke. manje ke ewu 🤦🏾‍♂️",True
train_isizulu_00147,AfriHate,"hawu, wavele wayibeka ngembaba nje ""@username : bhebha uthule!!!!!!""",True
train_isizulu_00266,AfriHate,uzobhebheka ke yaz umamlambo,True
train_isizulu_02505,AfriHate,@username “ vala imomozi ! “ 🤣🤣,True
train_isizulu_00544,AfriHate,@username lento yokuvuka uneke amasende nje bese ufuqa ukudla is wrong,True
train_isizulu_00616,AfriHate,@username kambe mawufuna ukuba umfundisi uthola imfene notokoloshe nani 🤣🤣,True
train_isizulu_01928,AfriHate,pedros iyafana ne nandos.. inkinga lo omunye wafunda e formerly model c school lona ufunda emlazi comtech but babhala iphepha eli lodwa.,True
train_isizulu_01704,AfriHate,@username slima ngempela 🤦🏾‍♂️,True
train_isizulu_01257,AfriHate,kade ngasho ngathi ingulube inja. ##url,True
train_isizulu_01174,AfriHate,@username letha imbuzi zibe mbili mlungu ngikunike i 24 🤣🤣🤣,True
train_isizulu_01426,AfriHate,singadlali amabhunu awabuyise okungokwethu,True
test_isizulu_00020,AfriHate,@username kwak phela m not the model c type ngyasisebenzisa nje isingisi kmele kucace ukuthi ngphumaph #durban,True
train_isizulu_02666,AfriHate,umuthi wokuba iyellowbone lo? ##url,True
test_isizulu_00341,AfriHate,@username wena nkosetsha bhebha lapho kwa zuma uyeke ukudakwa ##url,True
train_isizulu_02237,AfriHate,kumnandi mawuyi one endlini yaz. uyahlala nje uzilengisele amasende ngaphandle. bese kuba no sathane nje akufonele nge video call,True
train_isizulu_02436,AfriHate,ngeskhath kubulawe ibhunu edannhauser ubheki cele no sihle zikalala bagijima bazephula beyoqevuza....   “niwasabani amabhunu ndosi?” ##url,True
test_isizulu_00556,AfriHate,baqinsile udadwethu ubongi jiyane sdudla esinganga. nomamami unomzimba udlula boke bakwabo. @username .,True
train_isizulu_02844,AfriHate,@username makunjalo abangphuce amasende phela ngoba sekungawabo,True
train_isizulu_02456,AfriHate,nalento embi oyfisela abanye ngeke yenzeke unkulunkulu akyena umngani kanyoko,True
train_isizulu_02965,AfriHate,"""hlala phansi mampara uzowisa indlu""uthunyelwe kimi mfu thwala namuhla ngyabonga @username #changematerial",True
train_isizulu_00502,AfriHate,abelungu ngoku ? #ourperfectwedding,True
train_isizulu_01051,AfriHate,@username ukuthi ibhunu noma ngonsundu nhlane akushitshi ukuthi mudala mnewethu.,True
train_isizulu_02475,AfriHate,@username #b2b aw ladlala ibhunu lepulazi ngaze ngabusiseka wamnandi umculo ngalugcoba ukhozi fm luwu no.1 umhlaba wonke,True
train_isizulu_00719,AfriHate,ningamangali  ngoba ngi'sdudla xem!!!!!! @ monsterlus b ##url,True
train_isizulu_00402,AfriHate,if umuntu omnyama efuya imfene kuthiwa uyathakatha &amp; if ifuywe ezinye iynhlanga(abamhlophe) akushiwo ukuthi uyathakatha yindaba vele???,True
train_isizulu_01528,AfriHate,@username kukhulunya nge tattoo esekhekheni wena not kwi body sdomu,True
train_isizulu_00134,AfriHate,nx slima😂😂😂😂😂😂😂😂 kusamele ngikuse kwambhebheni bakusethe kahle uyeke ukuhlupha ezinye iyngane ##url,True
train_isizulu_02090,AfriHate,ngakhumbula ibhunu lami 💕😍 ##url,True
test_isizulu_00587,AfriHate,"kusasa uma usecape town nendawo ezakhele ikapa ogeorge,hermusmas,worcester njalo njalo zibeke ethubeni lokubona isilo somaskandi bukhoma egugulethu rugby stadium.   ingoma edume izwe lonke… ##url",True
dev_isizulu_00484,AfriHate,"malusi february,ufake isithombe sakhe not so long ago kwi tl wabuye wasisusa… at first glance, ngathi iloya mlungu, okwakuthiwa u happy may his soul rest in peace.🥴🫠",True
train_isizulu_01066,AfriHate,lol uysuka ngani imfene ##url,True
train_isizulu_00357,AfriHate,"2vandag ngiyo omelikhekhe lase makishini ngithe mangifika broer wam, ngathi sdudla ka1, ladlali is kwaphuma bantwana bafun' ukukhuluma nam",True
train_isizulu_01360,AfriHate,ufuna imomozi ukhethiwe... #generations ##url,True
train_isizulu_02690,AfriHate,@username abokhlwe njenge sdomu eskoleni ##url,True
dev_isizulu_00415,AfriHate,@username sijatshuliswa ukulandelwa kwaso kwa instagram isitabane sa se pitoli ngu saziwayo ubonang matheba... ;),True
train_isizulu_02019,AfriHate,"abantwana rt @username : ufunani egoli wena nyoni ? ""@username : hade mabhebeza""""",True
train_isizulu_03007,AfriHate,hlukanani nokuhlukumeza amabhunu. bayekeni bakhe isikole sabo anixhumi anixhasi. imali yabo futhi ilungelo labo.,True
dev_isizulu_00486,AfriHate,siyathanda udunyelwa kodwa that tshivenda speaking mlungu is on the news ##url,True
dev_isizulu_00423,AfriHate,"@username the entire planet has a mental health problem because of the violent cult of death that is capitalism. ukusa okubabanga babhale kanje, asile amabhunu yezwa.",True
train_isizulu_02205,AfriHate,yami 🐵 yemi 🐵 yomi 🐵 yumi 🐵   iyiphi inkawu eshodayo la?,True
train_isizulu_00072,AfriHate,amakhekhe slima 😶😏 ##url,True
train_isizulu_00949,AfriHate,bhebha bhebha 🔥🔥  #inthemixturns5 ##url,True
train_isizulu_01758,AfriHate,"lol never,khohlwa njenge sdomu eskoleni ##url",True
train_isizulu_01746,AfriHate,inkomo yakho iyadingeka,True
train_isizulu_00866,AfriHate,ayke isingenaphi ingulube 👀😂😂 #ehostela ##url,True
train_isizulu_00588,AfriHate,@username isisondele imonkey pox,True
test_isizulu_00654,AfriHate,sengizama noma yini ngoba asikwazi okwa nonisa ingulube!,True
train_isizulu_00438,AfriHate,ingabe kanti zazizalwe zingowona yini amabhunu 🤣🤣🤣🤣🤣🤣 ##url,True
dev_isizulu_00514,AfriHate,abelungu nokuma endleleni ##url,True
train_isizulu_00660,AfriHate,@username -kambi! ukthusa ekgcineni kodwa inkomo!,True
train_isizulu_00354,AfriHate,kudatshulwa imomozi bayishiye istranded ##url,True
train_isizulu_02894,AfriHate,ayadelela amabhunu webantu ##url,True
dev_isizulu_00539,AfriHate,ulale nawe uneke amasende ukhululeke. aneva! 😂😂 ##url,True
train_isizulu_01105,AfriHate,"ngikhuluma ngemovie wena nyoni, hhay lendawo yenu yezol ##url",True
train_isizulu_02704,AfriHate,"""awusho ke iphi le nyoni yakho?"" ##url",True
train_isizulu_00377,AfriHate,"uzobhebheka, akadlali ululo ""@username : @username rt @username : mention your celebrity crush""""",True
train_isizulu_00936,AfriHate,kudlaliwe ngomakoti mlungu hayi 👎👎 ##url,True
train_isizulu_00723,AfriHate,"kudala,sisebenzela amabhunu! basebenzi masibambane,eli lizwe ngelethu! i feel like joining a strike! denosa and nehawu ithin into?",True
train_isizulu_00437,AfriHate,"ungiqedileke umvelo esethi ""aybo wenja"" 😂#bbmzansi",True
train_isizulu_01302,AfriHate,@username injani ngempela😂🤣kubuza ibhunu leplazi😂🤣🏃🏿‍♂️,True
train_isizulu_00865,AfriHate,ayidayisi nje inkawu khona  ##url,True
dev_isizulu_00400,AfriHate,@username 😀 abelungu bayingoz akobe niyabona,True
test_isizulu_00648,AfriHate,manicabanga ngingavalelwa imnyaka engaki mangase nginqume inkawu eyodwa?,True
train_isizulu_02857,AfriHate,@username ikhasimende laligcwaneka nje lalifuna usizo lo mlungu shuthi,True
dev_isizulu_00065,AfriHate,ubrooke ngu febelina wakudala,True
test_isizulu_00245,AfriHate,lowa mlungu ubhema umsuzwane yazi. ##url,True
train_isizulu_01169,AfriHate,"lmao :''''d ewwu ""@username : fezile udlelwa umkhovu lol rt @username : uzobhebheka vele ""@username : uqondi uzifunela umhlonishwa""""",True
train_isizulu_02132,AfriHate,@username my question kuyiqiniso kuthi nkomo yesdudla iyashisa and usheshe uchame compare to inkomo yeslenda ##url,True
train_isizulu_02947,AfriHate,@username nikhuluma ngaliphi ididi? ##url,True
test_isizulu_00378,AfriHate,"awu thatha senzo, taking on ngamla just like that wamshiya omelwe umlomo #generations",True
train_isizulu_02967,AfriHate,"@username bayaphapha okoos ubabona ngamagama amabhunu, bayancetheza hating on ubaba for nothing",True
dev_isizulu_00632,AfriHate,@username phambili ngesintu sethu mazulu phambiliiiiiiiiiiiiii,True
train_isizulu_01518,AfriHate,@username wendoda ...wena ubona that ungayoshayelwa umthetho u gumede ekbeni uwu vezi wena ...udansele his sginci  .omalume  bekhona nesalkwazi ...uyazi amasende mayehlezi endlini ayanukelana🤔,True
test_isizulu_00334,AfriHate,lol when shozi started singing 'bhasobha uzobhebheka' smh,True
dev_isizulu_00115,AfriHate,"@username mfokababa, bakhona abanye obaba abasindwa ijoka lobudoda, babaleka bashiya amakhaya nemizi yabo. esimweni esinjalo, okhulu, ogogo nomama abaqotho babangamadoda isibili wena wengabadi. kakade isintu sithi, ""unina ngunina mazulu, noma intandane enhle ngumakhothwa unina.""",True
test_isizulu_00164,AfriHate,kodwa yabaqeda ocheese leya genge ngama podcast ayo ingakan’faki iwrestling..,True
dev_isizulu_00046,AfriHate,"manje njengoba izwe lihamba, nisalinde ukuthi thina mazulu siphinde siye empini siyolwa or amaxhosa will handle this one?",True
test_isizulu_00131,AfriHate,@username wenzeni ukhune wena sdomu ##url,True
train_isizulu_00917,AfriHate,@username gibela ididi uyeke ukucabanga izinto eziningi 🙈😂,True
train_isizulu_02852,AfriHate,#chillaz @username danko lapho sdudla samampela @username ngise ntumbane entungwini,True
test_isizulu_00193,AfriHate,mcm yakho idla sonke isinkwa and he doesn’t want to work. ulengisa amasende the whole day and akathumeki noku thumeka ##url,True
test_isizulu_00077,AfriHate,@username kodwa le nyoni!,True
train_isizulu_02254,AfriHate,@username and thats why wagcina ngo2014 uk'bhebha,True
train_isizulu_01615,AfriHate,"""ziphi ziphi inkomo zakho? liphi ithemba lakho? mina angiyindawo, s'thandwa sam...""",True
train_isizulu_01186,AfriHate,@username mamkhize yaze yabuhlungu indlela amaphoyisa ase sa asingatha ngayo indaba yababhikishi abamnyama amakhehla abelungu ashisa imoto yamaphoyisa abhikisha estation samaphoyisa azange kudutshulwe kodwa makuyithi njalo kuphuma izidumbu kubi  #ezanamuhla,True
test_isizulu_00350,AfriHate,@username athi uyinja💖💖 dawg😂😂,True
train_isizulu_02040,AfriHate,why abantu bangathengi imfene babe certified abathakathi.. ##url,True
train_isizulu_00646,AfriHate,ai ngeke lo bhebhatov inkomo nje #amazulu,True
train_isizulu_01620,AfriHate,“@username : izigora zibukisa ngemizimba yazo nama abs zaphela intombi zethu.” lol wenja !!!,True
train_isizulu_00863,AfriHate,"@username uqinsile bafo kodwa racism ikhona emzansi wonke, angsoze ngayeka ukuya endaweni ethize ngoba ngisaba amabhunu... ekapa kuhle kakhulu bafo asingabalekiswa amaracist ezweni lethu...",True
train_isizulu_01260,AfriHate,"@username ""ohooooo, lento imayelana nobandile nomamakhe."" ""ohooo mbomfunela wena umawande."" priska said to ngamla.",True
train_isizulu_02099,AfriHate,vandag ngiyo omelikhekhe lase makishini ngithe mangifika broer wam' ngathi sdudla kai one ladlali is kwaphuma bantwana,True
train_isizulu_01118,AfriHate,@username inkomo zindala zombini,True
train_isizulu_02370,AfriHate,"nyoni emhlophe yakwa dlamini @username , unwele olude ndlovukazi 🎂",True
train_isizulu_01879,AfriHate,@username isinkwa ne nyoni 🐦 yithi sodla i swallows. asipheki singa makhosi ✌🏽✌🏽 ##url,True
train_isizulu_02239,AfriHate,amabhunu antshontsha imali &amp; probably buying arms/artillery. thina siyintshontshela ukuthi siyocoma emalokshini. ##url,True
train_isizulu_01253,AfriHate,umuntu akuthembise sex jiki jiki sekukhona ikinga khona encane aibo wenja!!😡😡😤🤬,True
test_isizulu_00453,AfriHate,@username ukuthi uma wafundiswa ukuthi ufa nalo iqiniso kodwa kubekhona abazenza ngathi bamsulwa in front of the world uyaphoqeleka ukuthi ukhiphe izinfihlo zabo ngoba from 1994 kuthatha u anc izintambo zombuso kwakufanele babophe amabhunu ngesihluku asenza kubantu abamnyama kodwa i anc ##url,True
train_isizulu_02879,AfriHate,"lmao ay angvumi ukuyikhotha! ""@username : @username hawu nduna, imnandi imomozi ukuyikhotha... imnandi kakhulu""",True
train_isizulu_00155,AfriHate,s'phukuphuku se ngamla...geez...uvelelwe!! ##url,True
train_isizulu_00515,AfriHate,inkomo baygwaz’eceleni 🐃 wawngakanani sihlab’inkomo 🔪,True
train_isizulu_00928,AfriHate,@username uya bhebha lo mjida akadlali,True
train_isizulu_02077,AfriHate,"ngirite bhut,yebo ngiyishayisile. @username : @username usushayise inkawu kimah?pho ziyahlupha yini emgwaqeni,sorry sisi,how's the car?",True
test_isizulu_00262,AfriHate,"@username #leyami eka puff johnson, ngiybhekisa ku ntombzini nyoni, sthe mbatha,, no sbusiso nzuza @username #jabulujule",True
train_isizulu_03035,AfriHate,ziyakhipha yiweekend mfana plus ngiyemcimbini ngi huduli gusheshe insimbi yamahumusha mpintshi ngilikhombisa esurba-pini aw noma bengathini vandag ngiyo omelikhekhe lase makishini ngithe mangifika broer wam' ngathi sdudla kai one ladlali is kwaphuma bantwana bafun' ukukhuluma nam,True
train_isizulu_02416,AfriHate,"when dingani was busy saying [umbhebhe, bhebha bhebha] my mom was  like aibo waze wayikhuluma intebhedayo lo😐😐i looked at my sister and looked at u mah and i couldn't hold it in shame ngafa insini #thequeenmzansimagic161 😂😂😂😂🤣🤣🤣🤣🤣🤣🤣🤣🤣",True
train_isizulu_01479,AfriHate,@username ufuna ukushawa lowa mlungu serious yazi🤣🤣,True
train_isizulu_02495,AfriHate,uyazilungisela ingulube yakhe ngakho nasemshadweni kunjalo. mesekuhlula ukwenza ke vele uphume endlini ushiye unkosikazi neyngane ekhaya.kodwa ukuhlukanisa esizulu into engekho eyesilungu lento. ##url,True
train_isizulu_00303,AfriHate,"omahosha abasafun uk'sebenza, yeka lapho. 😂😂😂😂",True
test_isizulu_00071,AfriHate,nayi ingulube isidla custard madoda ....badlala nge sperm la kuwe bona manje kwazala inkuntsela ye tyhagi ##url,True
test_isizulu_00333,AfriHate,sefuzi ucetshwayo na bo hintsa. esandlwana si shayi ibhunu. guerilla shayi ibhunu. guerilla shayi ibhunu ##url,True
train_isizulu_01961,AfriHate,ukubamba inyama straight. i was relieved from ukuhulula because inkomo. so at least. ##url,True
dev_isizulu_00081,AfriHate,azibanjwa vele izingcingo uma kudlala ibhola or yimi slima?,True
test_isizulu_00562,AfriHate,ngizoza if ungizamela iticket ka mlungu wakho😂😂😂 ##url,True
train_isizulu_00186,AfriHate,gti umuhle masimbakho,True
train_isizulu_01409,AfriHate,ngaze ngayikhumbula imomozi 🍑👧🏻 yami,True
train_isizulu_00961,AfriHate,@username aikho into engalunga uma izwe lingaphathwa i eff amahlathi lawa..imfene ziyophosana eweni ziyalandelana,True
train_isizulu_02026,AfriHate,"on some ""uzobhebheka wena uyezwa"" 😂😂😂😂😂 kodwa yini kim wabantu 🤣🤣🤣",True
test_isizulu_00005,AfriHate,@username ay ingane yakho nje ma uyithole idliwa ikhehla kumele ulikhahlele amasende la azilaxa ajovwayo liquleke.,True
train_isizulu_02153,AfriHate,"iyazi abafana ukundlula yonkinto, kodwa eskoleni akwi sdomu umhlolo",True
train_isizulu_01751,AfriHate,"darkie: bheki’slima sok'gcina  umlungu: relax, i know my car ##url",True
train_isizulu_00977,AfriHate,@username ungakhulumi ubulima sdomu ianc izowana ngamalengiso uthanda ungathandi,True
train_isizulu_01531,AfriHate,"hambakahle mfwethu.. ""@username : @username :heshe nsizwa""",True
train_isizulu_02991,AfriHate,“@username : ngilahlekelwe imfene”thengenye,True
train_isizulu_00199,AfriHate,"siyacolisa ndosi siyizoni!!! thethelela baba... nombedu, khumbuza, nkomo kayivuswa, nkom’isengwa ilele, wayisenga imile iyakhahlela, squnga esihle esingahlalwa nyoni, siqunga esizalela amasakabula mkhokheleli owakhokhela isizwe ekugqilazweni, dubandlela, vico akagezanga,... ##url",True
train_isizulu_00106,AfriHate,sawbona bab'umshengu ngicela nje ukdlulisa umkhonzo wami emndenini wami ose hlokozi entapha ka mkhobolo naka gudlucingo ka mchunu kubo sdudla ngibathanda kakhulu @username #ezingasozezabuma,True
train_isizulu_01541,AfriHate,"uzobhebheka sisi""@username : @username yewena sahn!!!""",True
train_isizulu_01998,AfriHate,"@username uzohlala unguntombie ngane yakho ngunhlahla.  it says a lot abt how authentic u played that role. it was pure, u lived ntombi. ey yakukhalisa nelaya ngamla yakho nkosyam ##url",True
test_isizulu_00480,AfriHate,"iex yakho inebadi,slima ngempela how could he let you go we phuzeni ngempela ##url",True
train_isizulu_01415,AfriHate,when comparing your boyfriends to rich guys consider the fact that he doesn't compare you with beautiful girls with healthy hairline abanganaso isphongo engathi idwala lokukhosela nopete engathi uqhina imfene. ukuthanda unjalo. let us not put pressure on each other. 👊🏽,True
train_isizulu_02921,AfriHate,umngani way'ngane uqebhuqebhu intombizimfuna ebaleni  maqhikiza amyengela ophathe ugibela iminqwani ngegala kukhuze uyise phesheya komfula  umahleka ehlathini njengohlanya uhlanya olusemehlwen abantu  inkomo edla yodwa mayidla nezinye ziyayiphangela ##url,True
train_isizulu_00234,AfriHate,@username #leeyami eka lionel richie ngiyibhekisa kuwena qobo mama wami naku malungu omgosi wasenquthu wonke          #jabulujule,True
test_isizulu_00036,AfriHate,"ave ngikhuluma, i be the first one telling my bf i'll cook asihlale endlini singadli out, sengidakwe isende😭😭ngikhohlwe imali. angithule. topic is not for me...",True
train_isizulu_00933,AfriHate,sekezo bhebha nge muscles ##url,True
train_isizulu_02964,AfriHate,kuthi angihlanye mangibona ibhunu!,True
dev_isizulu_00117,AfriHate,@username yingakanani imfene yakho manje?,True
train_isizulu_00205,AfriHate,@username nansi ingulube izosinonela! who hurt you? ##url,True
train_isizulu_00599,AfriHate,intombazana eqoka u size 8 entlek uzimisele ngani sisi or should i say sisbhuti ##url,True
train_isizulu_02961,AfriHate,bese bhebha ibest friend yakhe😊 ##url,True
test_isizulu_00263,AfriHate,@username imomozi injani yona. . .isavuka nje?,True
dev_isizulu_00286,AfriHate,"@username pho ungenaphi lapho wena, mlungu? uhlushwe yini, mlungu ndini?",True
train_isizulu_00538,AfriHate,ngamla wants to meet on wednesday. bengithi ngiyayi hlaba,True
dev_isizulu_00150,AfriHate,"lo ngamla uwrongo, ubafaka emakhaleni, uyaba user #mmusimaimane ##url",True
train_isizulu_02471,AfriHate,@username musa ukusebenzisa ukuqina kwekhanda. sebenzisa ukucabanga kwalo. nami ngiwumzulu... abantu abenze lento yithina mazulu.,True
train_isizulu_02308,AfriHate,kodwa mazulu uyayivala itv #sisonkedrive @username ,True
train_isizulu_01098,AfriHate,lol ngiseka mlungu nje yazi wena uyahlupha uzazelaphi lendawo🤣🤣🤣 ##url,True
train_isizulu_00877,AfriHate,kkkk iyho solomon isotsha lomkhonto wesizwe lalibulala amabhunu e africa 😂 😂 😂 day made ##url,True
test_isizulu_00176,AfriHate,@username washaaaaa 💃🕺🏽 khuphuka lapho sdudla sangempela @username yamnandi leyo mix @username #isidlosasekuseni @username ,True
dev_isizulu_00515,AfriHate,"ingulube imitha 3 months , 3 weeks, 3 days and 3hrs. ngosuku ihlangana nenkunzi fanele ubhale phantsi khona zokwazi ukuzilungiselela. ##url",True
train_isizulu_02833,AfriHate,"imagine 18snvl written in zulu ""ishumi nesishiyagalombili, ucansi, ukusantuza ididi, nokusakaza ikiwi, impi kanye nolimi oluqojeme"" 😩🤦🏾‍♂️   try writing it in your home language!!",True
train_isizulu_02949,AfriHate,"uma ukweleta ibhunu laseplazini inkomo, le debt ayiboli. inkomo is a commodity.",True
test_isizulu_00374,AfriHate,"""kanti wena uyogibela isende"" in zulu 🤣🤣🤣🤣 ##url",True
train_isizulu_02586,AfriHate,@username ingulube encane  phuzekhemisi,True
train_isizulu_00286,AfriHate,@username uyam’cabanga mara u sizwe “mlungu uzong’xabanisa ne ngamla yazi”,True
train_isizulu_02806,AfriHate,asefuna inkomo? 😂  ##url,True
test_isizulu_00647,AfriHate,@username kwavele kwabamuncu ibhunu selibuza ukuth us'thathephi isthombe sakhe omunye usisi lana😂💉,True
train_isizulu_00836,AfriHate,@username uphethu ngamla 🤣🤣🤣,True
train_isizulu_02479,AfriHate,"@username asiphefumele nje sona mase siyazibukela. hayi, angeke sisabuzana, kuyoba njalo dadewethu ngifunge umama, intombi kababa.  ngeke okungaba fanyana kubiza isilo sonke ngo “mampara” kuthuleke.  yini yona lomampara? inhlamba le. bathuka ungangezwe, bathuka isizwe laba. bathuka thina",True
test_isizulu_00322,AfriHate,@username “ungalibuki ibhunu” 😅😅 in the great words of.....? 👂🏽,True
train_isizulu_01423,AfriHate,bathi ngiyachoma! @username bakhulama nge beef abakwazi nokuhlinza inkomo @username killer track,True
train_isizulu_01048,AfriHate,@username lol 😂 hey ngoba uzobhebheka ngedlela ongayiqondi bro 😂😂😂😂,True
train_isizulu_01392,AfriHate,coffee belimudla lo ngamla,True
test_isizulu_00306,AfriHate,ingulube angisayidli 😭 #thewifeshowmax ##url,True
train_isizulu_01386,AfriHate,abelungu abanazo iinkinga. ungasukela ukufa kanje?? ##url,True
train_isizulu_02235,AfriHate,"😂😂😂 ""imfene iphakelwa uwena"" @username kodwa #fakumoya @username #nyusivolume2016",True
train_isizulu_02556,AfriHate,🙆🏽‍♂️ lo mlungu bawo! ngowoth'wani? @username ##url,True
train_isizulu_01228,AfriHate,@username mamkhize kuyacaca ukuthi lento yamapulazi uhulumeni akayithathi ngikujulile uma kuhlukumezeka abantu bakithi uqala ukusukuma uma kuhlukumezeka abelungu,True
train_isizulu_00907,AfriHate,"usalinda uk'crown-na, ngabe ungena enganeni nyoni 😂 ##url",True
train_isizulu_02939,AfriHate,bayayidelela injengele abelungu ##url,True
train_isizulu_01510,AfriHate,"uzobhebheka, slyza tsotsi ##url",True
train_isizulu_02761,AfriHate,ave kubihlula uk'bhebha nivale umlomo ##url,True
train_isizulu_01438,AfriHate,kodwa wak’bhebha ke... ##url,True
train_isizulu_00367,AfriHate,sikhulile sinethemba khoza. ngivumbeka kwazulu esigodini sasefilidi amabhunu ayibiza ngevryheid ##url,True
test_isizulu_00059,AfriHate,"@username iyoh,inkomo izala umuntu why bhadlabhadla,ublade ezolahlekelwa amafutha onke,izinyangana nje exoshwe uzuma ubesempunga,uqala manje nje ukunona thanks to silili,iphuza face isayabonakala",True
train_isizulu_00003,AfriHate,@username ikati lincela imfaduko inkomo idla ibhantshi,True
test_isizulu_00535,AfriHate,@username abelungu ave bethanda ukudlala ngokufa,True
train_isizulu_03036,AfriHate,#dear_mthakathi imfene yakho idla ukudla kwenja yami bese ikhohlwa oyithume kona,True
dev_isizulu_00223,AfriHate,i wish to knw ukuth ama model c ayazazi yini izithakazelo zasemakhaya kubo hhay asazi @username ##url,True
dev_isizulu_00085,AfriHate,angizutshelwa inina zimbongolo rt @username : @username usinekani engabe uyeka lomkhuba wakho ongasile slima.,True
train_isizulu_01645,AfriHate,@username how are we supposed to know if indeed this medication is the answer to our problems? sizoyethenga kanjani ingulube isesakeni?,True
train_isizulu_01973,AfriHate,kutheni ubambe isende liyasinda? ##url,True
dev_isizulu_00648,AfriHate,"""ghetto aviation"" eyyy is'ngamla niyasikhuluma yong🏌️‍♀️ ##url",True
dev_isizulu_00024,AfriHate,@username #sigiyangengoma zimdola ngicela ukuthatha umndeni waka mchunu ka gudlucingo kubo sdudla ngibathanda kakhulu baphile nje ##url,True
test_isizulu_00351,AfriHate,music video wena sdomu… akekho umzulu oshada ngo lwes’thathu ##url,True
train_isizulu_00838,AfriHate,@username 😂😂😂😂😂 happy birthday ke. ukhule ukhokhobe. uthengise i bantam uthenge imfene,True
train_isizulu_02671,AfriHate,washa ngamla 🔥🔥🔥🔥🔥💃🎶🎵🎼🔊👌 ##url,True
train_isizulu_00369,AfriHate,@username veza elakho nawe ididi ukhohlwe okunye lol ##url,True
test_isizulu_00194,AfriHate,@username his first tweet ebuyile is about umuntu obanjwe egibele imfene emzini yabantu 🤣🤣🤣🤣,True
test_isizulu_00309,AfriHate,@username ukuthi ibhunu noma ngonsundu nhlane akushitshi ukuthi mudala mnewethu.,True
train_isizulu_01936,AfriHate,@username khohlela mlungu iphume😏,True
dev_isizulu_00467,AfriHate,@username awume kancane ngo febelina,True
train_isizulu_01840,AfriHate,@username akwaziwa okwakhuluphalisa ingulube ##url,True
dev_isizulu_00275,AfriHate,"@username ngiyal'vuma nanti ibhunu, uhlezi eshisa lomjita. k'saziba lit ##url",True
train_isizulu_00833,AfriHate,angisoze nje ngayithenga ingulube isesakeni,True
train_isizulu_00636,AfriHate,@username kungasha ibonda.........kungahamba imfene emini.......😧,True
train_isizulu_01356,AfriHate,khipha eyakh imfene makhelwane sthakathane,True
dev_isizulu_00540,AfriHate,"uzobhebheka, slyza tsotsi ##url",True
train_isizulu_02975,AfriHate,@username lidlelwani ididi ikhona inkomo ##url,True
train_isizulu_02168,AfriHate,"@username ""dudlu ntombi, madolo kanyoko. angthuki wena ngthuka uthando. phuma langa sikothe""",True
dev_isizulu_00303,AfriHate,"i’m gonna shine in the dark njenge stars eb’suku, sing all day njenge nyoni zezulu ngoba ngibonga bonke labantu base kasie, uthando olungaka ngigcwele ngalo ❤️ ##url",True
train_isizulu_00168,AfriHate,imvamisa yalabo cc abangayigezi imomozi ave alithanda igqomu,True
dev_isizulu_00629,AfriHate,@username u zuma once said uma ningavoti abelungu bazophuma ngobuningi bayovota nina nisebenze e mapulazini. niphale izingulube. abantu bakithi abafuni ukuvota badinwe i anc ngokubopha u zuma . abelungu bayavota and da yenza kahle #lge2021 #sadecides2021 #lge2021 #results2021,True
dev_isizulu_00630,AfriHate,"nathi ''mfaz'omnyama_inkomo""... in diepsloot ext4 @username #siditjhile",True
dev_isizulu_00210,AfriHate,"kim 😂😂😂😂😂 ingqomonde ""uzobhebheka wena""  @username ##url",True
train_isizulu_02341,AfriHate,kuno ngamla oyenzayo le shandis bafo ##url,True
test_isizulu_00586,AfriHate,😂😂😂😂😂😂 sihlekise sdudla ##url,True
dev_isizulu_00128,AfriHate,amabhunu asakwazi ukudlala irugby? ##url,True
train_isizulu_02352,AfriHate,@username amasende am uwabethelani kodwa lomntana ##url,True
test_isizulu_00460,AfriHate,🎸ngumfaz' omnyama mina! qoma ntombi ngafa inhlamba kanyoko🎸,True
dev_isizulu_00004,AfriHate,@username -ingakho uyinja yami🤣,True
test_isizulu_00172,AfriHate,uma njengesizwe namabandla ezenkolo sikwazi ukwamukela ubutabane ngezinhliziyo ezimhlophe bekuyini ukugunyazwa kwesithembu sabesifazane.,True
train_isizulu_00450,AfriHate,ziyakhipha yiweekend mfana plus ngiyemcimbini ngi huduli gusheshe insimbi yamahumusha mpintshi ngilikhombisa esurba-pini aw noma bengathini vandaag ngiyo omelikhekhe lase makishini…ngithe mangifika broer wam  ngathi sdudla kai one ladlali is kwaphuma bantwana tshovo… ##url,True
train_isizulu_00762,AfriHate,lo king dube wenu angagcini eseni bhebha njalo bo lova ethekwini since kuthiwa une sobho...,True
train_isizulu_01885,AfriHate,"""@username : *nods*"" isende linamnandla sisi "" _ @username (2012) :')""",True
train_isizulu_01453,AfriHate,@username lmao manje udiniwe 🤣 nawe uneke amasende lawukhona.,True
train_isizulu_00598,AfriHate,"lol cha ngimnandi..wena? ""@username : yup,yaphila? rt""@username : ikhona inkawu enhle kanje lapho enkandla? ""@username : ya wena nkawu",True
test_isizulu_00101,AfriHate,@username uyambona lo mlungu 😂,True
train_isizulu_01598,AfriHate,had a great day with my babies nonsikelelo sdudla dlamini  nomusa dlamini and samke makhaza ❤❤❤❤ syabonga nkosi ##url,True
train_isizulu_03010,AfriHate,"""scabha sedeepfrezzer kanyoko""😂😂😂😂😂😂😂😂",True
train_isizulu_00890,AfriHate,umuntu ngabe use ayina ikris manje ulungiselela ukuyokhonza. awu kodwa khovit uyinja!,True
train_isizulu_02868,AfriHate,kodwa wak’bhebha ke... ##url,True
train_isizulu_00103,AfriHate,abelungu bayawasaba amantobazane bamazulu ##url,True
train_isizulu_00323,AfriHate,kudatshulwa imomozi bayishiye istranded ##url,True
train_isizulu_01209,AfriHate,😂😂😂😂😂😂😂😭😭😭.. bhebha lapha ##url,True
train_isizulu_01427,AfriHate,ubaba uvuke wangphekela inyama ye nyamazane 🥺👉🏽👈🏽 ngiphethe u tupperware nje ngbuyela kwa mlungu,True
dev_isizulu_00483,AfriHate,@username ncono ngoba angiyidli ingulube,True
train_isizulu_02293,AfriHate,"it's every reality show, talk show, advert khona istabane ngathi ngzokhathala ##url",True
train_isizulu_01216,AfriHate,"wayeyinkosi yesizwe sabatlokwa abesotho ow’bamokhalong “sondezi” ilabatlokwa abadla izinkomo zamahlubi, babezinze ngasencadu, ilezonkomo angithi isilo udingane owathuma amabhunu ukuthi awayozilanda, afikake amabhunu enkosini us’gonyela abe esemlutha. . . ##url",True
train_isizulu_00048,AfriHate,kunzima kithi mazulu  sihlaselwa yinkemba esingakhoni ukuyivika esingayazi nokuthi ifohle kuphi😥😥 las week indlunkulu ibifihla undlunkulu manje sekuyindlovukazi @username #ukhozifmvabs @username #ukhozifmvabs,True
train_isizulu_00180,AfriHate,ja ne long weekend ngisemakhaya #kha ngilusela inkomo zakithi ezizolobola wena njalo👉 🐂🐂🐂🐃🐂🐂🐃🐂🐃🐂🐃🐂 ##url,True
train_isizulu_01007,AfriHate,@username uyinja wena kodwa ngikuthanda unjalo gaz'lam wena😂😂😂😂😂😂,True
train_isizulu_02754,AfriHate,wait until abelungu bamenzele iyelenqe ##url,True
train_isizulu_02613,AfriHate,udelelaa imidrand manje kodwa ntambama uzobhebheka phezu kwe campmaster 😂,True
train_isizulu_01716,AfriHate,akengene ngecode kikiikii ulindiwe sdudla gama engogo nothokozani malevu ngomhlaka 28september2019  bese uyakwamkhwenyana eutrecht emadlangeni ngomhlaka 29september2019 september.bafiselwa inkosi yabakhonyana ilapha denver hostel @username ,True
train_isizulu_00046,AfriHate,"mlungu omyama ""@username : s-curl""@username : #knowyourzulu iskhwele""""",True
test_isizulu_00100,AfriHate,ama boys kulokhe kuqhasha one by one😂 .. kwatholakala ne mfene kambe efourways iselwe.,True
train_isizulu_00340,AfriHate,@username ingulube encane 🙌🏿,True
test_isizulu_00573,AfriHate,imfene yakhona uzobona zeyiswima la tl uzibuze ukuthi manje lemfene ifundiswe ubani uk’swima 😂😂 ##url,True
train_isizulu_02605,AfriHate,#thequeenmzansi u jola uzobhebheka uma enganakile. bathathe bab'omncane😂😂,True
train_isizulu_00816,AfriHate,"nitshele lo othumele imfene yakhe endlini yami ebsuku ukuthi akayithengele ipregnancy test, angenziwa kanjalo mina.🤞🏾",True
train_isizulu_00373,AfriHate,"angimthembi lona #tigerwoods , uthanda imomozi 🤦🏿‍♂️🫤😉 ##url",True
train_isizulu_00183,AfriHate,@username ingulube yoqobo 😂,True
train_isizulu_02817,AfriHate,"ngiyanizwa nje nithi ama zulu anenkani, ngeke ube nenkani njengo mlungu ohlala e phoenix or chatsworth.... ##url",True
dev_isizulu_00453,AfriHate,ufuna isende lami😂😂😂😂 kodwa brutus #thequeenmzansi,True
test_isizulu_00529,AfriHate,asambeni siyongenela ley’ngamla,True
train_isizulu_01052,AfriHate,#imbewu 😥 mazulu,True
train_isizulu_01224,AfriHate,"lol,yes ziyakhipha@username : usepatini mara uhleli phansi! lol, ubukele i-party @username #bbathechase mampara week, angimangali""",True
dev_isizulu_00203,AfriHate,lena ngath ibaselwa yile ngamla yaz 😂😂😂😂😂 why ithethisa yena kphela ##url,True
dev_isizulu_00297,AfriHate,"@username ukhozi lunokuzenza juice kanti lulalelwa abantu basemakhaya, loma model c abancetheza kuwo awanandaba nokhozi",True
train_isizulu_02437,AfriHate,@username azingidini nje lezozi mfene ##url,True
train_isizulu_01010,AfriHate,@username animeni. owethu uthe uzohamba unqunu izolo so ngiyaxekeka ngingayiboni imomozi yakho,True
dev_isizulu_00259,AfriHate,"@username yoh! kubaleka imfene makunje, nebhubesi ngeke limudle lo .",True
dev_isizulu_00599,AfriHate,@username #chillaz washaaaaaaa 💃🕺🏽 yamnandi leyo mix sdudla sangempela #ukhozifm ivolume iphezulu kumanje ngala eshowe @username ,True
test_isizulu_00037,AfriHate,@username yibo nje abelungu be who sebefuna siyeke ingulube... kodwa ngingaba yini nje. cabanga bengisathi ngifuna ukuyeka i beef,True
train_isizulu_01378,AfriHate,umuhle and uba worse in your 40's🤣... iglow yokujola no mlungu ngyaybona ##url,True
train_isizulu_02808,AfriHate,u mazulu akakho allowed ungena e study endlini yakhe? 👀 #imbewutheseed,True
train_isizulu_02943,AfriHate,wena ungayithenga ingulube isesakeni ?,True
train_isizulu_01294,AfriHate,@username cha ujesu yena ngeke abuye! ubaba nje ungcolile kangangokuthi woman will be scared to leave their children with with us man. ubonisa into engalungile emphakathini bekumele aphawulwe amasende nje klaar abe yinkabi,True
train_isizulu_02155,AfriHate,@username it's a scare tactic. behlulwa ukudubula amabhunu bethi balwela izwe. nobaba wenu uke wasethusa eveza izithombe ezinesibhamu ekhombile. we are not scared. looters have no place in our society.,True
train_isizulu_02582,AfriHate,sithakathwa yilaba abangaphuzi🤔 ngeke ugibele imfene udakiwe🤨 never😐 ##url,True
dev_isizulu_00590,AfriHate,@username lmao manje udiniwe 🤣 nawe uneke amasende lawukhona.,True
train_isizulu_00898,AfriHate,sebeyfakile kodwa imali yokyophuza imomozi?,True
train_isizulu_00656,AfriHate,"ungcobo onukayo, the month just made my night 😂😂 ""uyak'bhedisa lo oseceleni mlungu uma ethi amathunder"" 😂😂😂",True
dev_isizulu_00314,AfriHate,skhwebu sidlala inkawu.. ##url,True
train_isizulu_02084,AfriHate,ayi ingulube zyadla ke kodwa😭😭😭...  ngath ngondla 4 families ..,True
train_isizulu_01243,AfriHate,"lmao ""@username : lol bhebha zonke ""@username : nawe uzwakale ""@username : zobhebheka😂 @username : when? ""@username : ngiyenza iparty""",True
test_isizulu_00173,AfriHate,@username sibuye sithi isintu ukubona kanye yikubona kabili. abelungu bona bathi wansi bhitheni thwayisi shayi,True
train_isizulu_00611,AfriHate,@username ngabe ngiphez'kwalo ididi kumanje🤣💁 ##url,True
dev_isizulu_00538,AfriHate,bhebha uthule zamo.. ##url,True
dev_isizulu_00208,AfriHate,"ngiphuma e winterton mina bangazi ngelika cilo ,ubantwana dlanini mina ngizodlu nyoko...yimi loyo khomenta ngizwe ##url",True
train_isizulu_02787,AfriHate,futhi anive niqaphela yekani amalips ka ngamla plz,True
train_isizulu_01692,AfriHate,@username dudlu madolo kanyoko angithuki wena ngithuka uthando qoma ntombi ngafa inhlamba kanyoko,True
train_isizulu_02304,AfriHate,"ngyabathanda ocheese girl, bamoja",True
train_isizulu_02795,AfriHate,"av'uyinja :'''d ""@username : bengzomphatha uhleh ukube izinza zyathenga :(""",True
train_isizulu_01753,AfriHate,@username inkomo ayithwale ijoka eyafunda ngalo ukulima🤳,True
train_isizulu_00486,AfriHate,"yimo esengisuthiswa i 2 slice, yeah umjolo uzokunyisa shame😩😩 ##url",True
dev_isizulu_00265,AfriHate,@username msakazi siyathokoza singa mazulu ngesinqumo sika mongameli sinethemba lokuthi kuzophela ukungaboni ngasolinye e ndlunkulu @username ,True
dev_isizulu_00252,AfriHate,ingulube ungayikhipha odakeni uyigeze ibukeke ibe yinhle kuphele nephunga elibi kodwa ubungulube kuyo kobe busekhona kothi unganakile futhi ungalindele ngelinye ilanga kuvuke ubungulube iphindele odakeni ngoba ubungulube bukuyo ngaphakathi.,True
train_isizulu_02043,AfriHate,"@username naye waze wakhothama ethule,neanc ithule abelungu laba ...bazenzela umathanda",True
test_isizulu_00541,AfriHate,@username kanjalo nje sdudla,True
test_isizulu_00575,AfriHate,thina mazulu sazi isummer newinter lokhu kwamaquantum no sprinter okwabelungu👏...😁,True
train_isizulu_02383,AfriHate,dudlu madolo kanyoko angithuki wena ngithuka uthando... ngikuthanda ngaphambile ngoba ngemumva siyefana 😍😍😍😍 ##url,True
train_isizulu_01240,AfriHate,@username well kune kuku (ikhekhe ngesintu ) or ikuku ( inkomo ngesintu ) .... manje bengufuna ukuba sure,True
dev_isizulu_00067,AfriHate,@username yes sesaxubeka nesixhosa angithi amabhunu anikeza umzimkhulu umathanzima,True
dev_isizulu_00336,AfriHate,“ibuye iphelele inkomo yami” ##url,True
dev_isizulu_00608,AfriHate,ongwaneso bakhuluma amakrokokroko esizulu ##url,True
test_isizulu_00307,AfriHate,"another hit after ""mshove"" manje sithi ""mkhuze uzobhebheka"" 🔥🔥🔥🕺🕺🕺 ##url",True
train_isizulu_02610,AfriHate,sicela ukuthatha isthombe ngamla 🙋🏿‍♂️ ##url,True
test_isizulu_00371,AfriHate,"yazi asina lutho, amabhunu wona sisi?? ##url",True
train_isizulu_01801,AfriHate,nxa ngyadlala wenja 🤣 ##url,True
train_isizulu_01484,AfriHate,@username ngubani ugogo usthembiso nyoni yini ?,True
dev_isizulu_00373,AfriHate,😂😂😂 inkomo seniyicela ngama emoji 🙌🏽. sisele 💔,True
train_isizulu_02329,AfriHate,"i-ex yakho ine bahdi, slima ngempela",True
test_isizulu_00140,AfriHate,wamuhle mazulu kababa💕 ndodakazi kababa🌹 ndlovukazi enhle💞 @ south africa ##url,True
train_isizulu_02757,AfriHate,mazulu akithi uma kudikiza ngaphansi kwesifuba saka right kusuke kuzovelani?,True
train_isizulu_00265,AfriHate,bhebha bhebha 🔥🔥  #inthemixturns5 ##url,True
train_isizulu_00101,AfriHate,ngu black coffee bengzomane ngivale izwe lonke ngok’bhebha ubeyonce,True
train_isizulu_01817,AfriHate,"""@username : kakhulu. sikulomhlaba nje sizengalo ""@username : ladies,...niyalithanda isende?"""" lmaoo amandla !!!!!",True
train_isizulu_02160,AfriHate,katsande uyinja kakhulu.,True
train_isizulu_02800,AfriHate,anc kubukela engathi iyahluleka ukubuyisa umhlaba kubantu abamnyama ekwiyona into izwe elifunayo kakhulu ne msebenzi kwalelo toho olitholayo uzofica ibhunu likhombha isizwe sakithi silambile ngisho izwe seliphethwe muntu mnyama still siyabandlululwa @username ,True
train_isizulu_01897,AfriHate,slima. wayiphuthisela ngemali ##url,True
train_isizulu_02541,AfriHate,mara whyyyy...kuhhu kuthi moghel wazigwegwa ngathi ingulube 😢😰#ltdwithsomizi ##url,True
train_isizulu_01664,AfriHate,ukhulumani ulele wenja?  😭😭😭😭😭 ##url,True
test_isizulu_00302,AfriHate,"lmao ""@username : lol bhebha zonke ""@username : nawe uzwakale ""@username : zobhebheka😂 @username : when? ""@username : ngiyenza iparty""",True
train_isizulu_00564,AfriHate,eyy ngoba abelungu abakwaz njh ukuhlala bengamoshile iympilo zabantu😏 ##url,True
test_isizulu_00058,AfriHate,"uyeph skk""@username : is it true that menzi ngubane aka ngamla akasekho emhlabeni? ☹""",True
train_isizulu_00443,AfriHate,@username yah uma usiyosithela ngathi ingulube nami cishe ngathi iyona kodwa ke imvubu le,True
train_isizulu_02627,AfriHate,#esikabhadakazi @username angbingelele mfanakithi ey yaz ngike ngaya ptwn namuhla cha simoshile dolobha lethu and ngokungasizakali ektholeni just isinkwa ngadlulela kloof amabhunu ayvikele into yawo and sisazosokola . nginawe mzo ngse nazareth #esikabhadakazi,True
train_isizulu_00023,AfriHate,"jizasi omlu kodwa 😓""@username : bhebha oku bhebhekayo""",True
train_isizulu_01391,AfriHate,akwehlanga o lu ngehlanga mbulazi ingoduso baythethe o nyoni sindwa isi sila sayo #isibaya,True
train_isizulu_01681,AfriHate,hahaha hahaha sekungaze kugijime imfene emini @username 😂🤣😂🤣🎤📻  @username #ukhozifmvabs @username luhamba phambili,True
dev_isizulu_00465,AfriHate,@username dudlu madolo kanyoko anhthukiwena kepha ngthuka lentenghluphayo ngawe mi❤️thatha celuyiphathekahle🤦,True
train_isizulu_01835,AfriHate,mampara? niyadelela kodwa ##url,True
train_isizulu_00662,AfriHate,kahle kahle utelkom uyas'bhebha!!!✋,True
train_isizulu_00947,AfriHate,uyazilungisela ingulube yakhe ngakho nasemshadweni kunjalo. mesekuhlula ukwenza ke vele uphume endlini ushiye unkosikazi neyngane ekhaya.kodwa ukuhlukanisa esizulu into engekho eyesilungu lento. ##url,True
train_isizulu_02039,AfriHate,@username 😬😬😬😬 yini yilesa slima sakho?,True
train_isizulu_00937,AfriHate,yangena ingulube encane🎶 susani amatafula 🎶🎶 nansi ingulube encane🎵🎶🎵🎶🎵 #ripbhodloza #ripwelcomebhodlozanzimande  #ukhozifm,True
dev_isizulu_00282,AfriHate,😂😂😂😂 usile lo mlungu 😂😂😂 #wtftumi,True
train_isizulu_01842,AfriHate,@username sdudla sami bengisaphumile but sengikhona endizeni ngihlelinawe manje@username ,True
dev_isizulu_00390,AfriHate,"lol never,khohlwa njenge sdomu eskoleni ##url",True
train_isizulu_01683,AfriHate,@username 😂😂😂😂🔥🔥🔥🔥 uyinja ntwana,True
train_isizulu_02095,AfriHate,😂😂😂 bengiy’slima ngigoduka mina? angik’dabukeli yazi ##url,True
test_isizulu_00030,AfriHate,yazi uyakuhlanyela str8 rt@username : nayi ingulube ingi nonela 😳,True
train_isizulu_01362,AfriHate,@username ingulube yesigana then indayikazane is a female mjemuka is male,True
train_isizulu_00326,AfriHate,"parents should start be the bestie's of their children.. ""uyoyika umntwana"" uyinja loyiso nokwanele 😭😭😭😭😭😭😭😭😭😭😭😭😭😭😭😭😭😭😭 ##url",True
train_isizulu_02366,AfriHate,"touchdown ethekwini, just landed. ngomtshayelo kanyoko",True
test_isizulu_00063,AfriHate,am gonna shine ebusuku njenge star⭐🌟zezulu sing all day njenge nyoni zezulu dibonge apho thathekhona bediyintana kodwa goku diyindoda #qhina zola 7 umzansi nekhaya bajonge kuwe🤞🏾🙏🏽🙏🏽 ##url,True
train_isizulu_02801,AfriHate,ngu black coffee bengzomane ngivale izwe lonke ngok’bhebha ubeyonce,True
test_isizulu_00034,AfriHate,ziyaykhohlisa lezi nyoni ##url,True
train_isizulu_01535,AfriHate,@username ey abelungu sebasijwayela kabi kanje wasiyala ramaphosa 🙆‍♂️,True
train_isizulu_01000,AfriHate,“it’s several time ngim’hlaba lo mlungu” 🔥😭😭😭,True
train_isizulu_01717,AfriHate,@username ayihluphi sdudla nginika 100% @username #chillas,True
train_isizulu_01515,AfriHate,@username imfene yakhe iyaphala 😂😂😂,True
train_isizulu_02863,AfriHate,@username nayi ingulube ing'nonela boh! 🤣🙆🏽‍♀️,True
train_isizulu_02211,AfriHate,@username can you elaborate ngamla? yini le ayenzile engeke yenziwe ngumuntu ophilayo ekhanda?,True
train_isizulu_02068,AfriHate,@username akeniyekeni bakithi sikhathele ukunukelwa igolo. after 2024 ngifuna impilo engcono we bakithi anisiyeke ngo thuvi.,True
train_isizulu_00362,AfriHate,"#isidlosasekuseni #bills zika 8km sezikhokhiwe, #akutatazelwa kupholuwe, ngilungisela kuya kwa ngamla u sthembiso gwala emkhuze @username ##url",True
dev_isizulu_00048,AfriHate,@username mina i did and ngaphinde ngabona eye chain ngabaleka kakhulu. cha ngiyayibonga imomozi 🤞 ngi grand ngayo,True
train_isizulu_00707,AfriHate,ngiya mathanda ama secrets - ngamla #generations,True
train_isizulu_01725,AfriHate,"@username ukhozi lunokuzenza juice kanti lulalelwa abantu basemakhaya, loma model c abancetheza kuwo awanandaba nokhozi",True
train_isizulu_00521,AfriHate,"""into ethi ibhunu lidinga induku vele"" ##url",True
train_isizulu_02451,AfriHate,@username 😂😂 thina mazulu singena la kungangenwa khona.. iyini nje ilist😂,True
test_isizulu_00441,AfriHate,"uwena ikhasmende ""@username : abakwazi phela wena zalo ""@username : omahosha baphoxa ngokungakweletisi""""",True
test_isizulu_00099,AfriHate,"hawu""@username : cherry yakho iphakamisa ifosholo. that's because she's digging it. uvula imlenze likhamise igolo!""",True
train_isizulu_02708,AfriHate,"bathi, ""ungayikhipha ingulube odakeni, kodwa awusoze walukhipha udaka kwingulube.""",True
test_isizulu_00217,AfriHate,"""@username : kakhulu. sikulomhlaba nje sizengalo ""@username : ladies,...niyalithanda isende?"""" lmaoo amandla !!!!!",True
train_isizulu_01711,AfriHate,"uzobhebheka sisi""@username : @username #avilove soooo cute **,""",True
train_isizulu_02601,AfriHate,khanyisa istabane sekucacile,True
test_isizulu_00123,AfriHate,bathong sisi. i twitter yiplazi lakithi vele. ididi angazi lingenaphi ke eplazini 🤭😩😂🤣 ##url,True
train_isizulu_00126,AfriHate,@username ngyakutshela bafo 😂😂😂😂🤞🤞🤞🤞singadlala amasende phela,True
train_isizulu_01485,AfriHate,"""scabha sedeepfrezzer kanyoko""😂😂😂😂😂😂😂😂",True
train_isizulu_00847,AfriHate,@username yimi ingulube mbulazi?,True
train_isizulu_00061,AfriHate,lol when shozi started singing 'bhasobha uzobhebheka' smh,True
train_isizulu_01201,AfriHate,@username ngathi isende lika peter,True
test_isizulu_00335,AfriHate,#uthandonesthembu bhebha musa mseleku bhebha!! 😂😂 ubabhebhe bonke uma uthanda 😂😂 ##url,True
test_isizulu_00325,AfriHate,@username kukhulunya nge tattoo esekhekheni wena not kwi body sdomu,True
train_isizulu_00993,AfriHate,yindaba ocheese belaliswe ngathi iset up yama card asgunku? ##url,True
train_isizulu_01422,AfriHate,@username ublue uzobhebheka #bbmzansi,True
train_isizulu_00881,AfriHate,hehe 😜 kufiwa macala mlungu emlungwini ##url,True
test_isizulu_00111,AfriHate,and 2think besigezela endishin encane njani! mina owe kiss madolo couldn't get both legs inside. bekmele zilindane izinyawo.kogcine imomozi. ##url,True
train_isizulu_02966,AfriHate,"thina a mazulu asazi nokuthi kukhona amapedi, so how would we hate them? ##url",True
train_isizulu_02963,AfriHate,"""iyadina lendoda kodwa my lord isende lona iyalishisa""",True
train_isizulu_02379,AfriHate,@username uyinja mavava suuuuka inkandla enhle ngoyiholela,True
train_isizulu_00966,AfriHate,@username khohlwa inkawu niyeke ukusiyuza😹,True
train_isizulu_00900,AfriHate,amabhunu wakho 😂 ##url,True
train_isizulu_01994,AfriHate,is’khwebu sidlala inkawu kanje... ##url,True
train_isizulu_02455,AfriHate,zasha makhamnandi awangakanani alingene oglomour nama model c khona esanton ngicela isupport ngane zakwethu ##url,True
dev_isizulu_00030,AfriHate,@username lmao hawu lomuntu lol uzobhebheka yazi,True
dev_isizulu_00066,AfriHate,"“thina sizwe esimnyama sikhalela izwe lethu, elathathwa amabhunu....” #sama24...this should be our national anthem henceforth.",True
test_isizulu_00362,AfriHate,@username mlungu: lokho kuyihaba kakhulu 😉,True
train_isizulu_01173,AfriHate,stoan  athi asiyona imomozi kama wakhe😂😭,True
train_isizulu_02896,AfriHate,"lol hayibo bafoza 😱 iyafuneka mos""@username : ikhona esehillbrow, ijaivisa umahosha, ungabona wena lol ""@username : intsangu yase pta &gt;""""",True
dev_isizulu_00474,AfriHate,"@username yaz bengith uza kahle lombhemu. ngithi ubuza ukuth why bey’ziba ipp , useng’lahla ek’gcineni. ey liyakhothwa ididi lamakhalenyathi madoda.",True
test_isizulu_00055,AfriHate,nizoyeka uk'funa uk'bhebha yonke lento ebheke eceleni webafo.  🤣🤣🤣🤣💔💔💔😭😭😭😭😭 ##url,True
train_isizulu_02507,AfriHate,uthando thabethe uliphethe ididi,True
train_isizulu_00200,AfriHate,@username cha ngyambongela ucc owathatha isbindi ngokuthi ayobikela abelungu bakhe kanye namalungu ebandla ngokuthi use positive(usfundo),True
train_isizulu_02423,AfriHate,uyakwenza ndoda? rt @username : lol hhaw!! rt @username : aibo khona abaphuza nabafazi babo ay ubutabane lobo uqobo,True
test_isizulu_00028,AfriHate,@username might ngamla sibusiso ndlomo,True
test_isizulu_00442,AfriHate,@username éziphambili kimi ezoku ngangení  kwa mazulu kuma playoffs @username ,True
dev_isizulu_00475,AfriHate,imomozi yakho your choice! njenge nge vote! kambe uvotile usuphisani nge momozi 🙄🤔 ##url ##url,True
train_isizulu_01037,AfriHate,ewu ngeke lisatholakala ididi emzansi vele? ##url,True
test_isizulu_00660,AfriHate,ubrooke ngu febelina wakudala,True
train_isizulu_00006,AfriHate,ngikhalela izwe lwethu ela'thathwa amabhunu,True
train_isizulu_01986,AfriHate,@username zamnandi izingoma baphile abakwa thusi o mfene ngyabathanda,True
train_isizulu_02292,AfriHate,"ikhekhe. ""@username : imomozi""",True
train_isizulu_01569,AfriHate,@username lol kuzoguga inkomo bafo kwazise sebephenduke amabhunu wamapulazi wonke umuntu ofuna inkomo uhlangana nabo hahaha,True
train_isizulu_02858,AfriHate,just imagine having a father like ngamla -___-,True
train_isizulu_01945,AfriHate,"lol uyaphapha nokuphapha loyo bhebha wena bafo""@username : @username lol yeh i think so....""",True
train_isizulu_00822,AfriHate,udlala ngenkotha @username ungawadidi ama model c,True
test_isizulu_00638,AfriHate,upercy udlisa inkomo utshani phesheya kwezilwandle🤣🤣🤣🤣🤣👨‍🦯👨‍🦯 #percytau ##url,True
train_isizulu_02946,AfriHate,mawudla amankwebevu khohlwa njenge sdomu eskolweni....eyokulobola ongaphuzi. ##url,True
train_isizulu_00568,AfriHate,abelungu bayahloma balungiselela impi #landexpropriation 🤔 ##url,True
train_isizulu_01946,AfriHate,"kuyashisa enorth west yoooooh,siyobhek'inkomo ezidayisayo!!!!!",True
train_isizulu_03073,AfriHate,kwenziwana ilima... inkawu zihlekana isbongo. ##url,True
train_isizulu_02261,AfriHate,#amabeesisters akutshela ukuthi wawuzoba ngcono ukuba wafana nomfowenu omncane lo ofunda ekearseny oyi model c.,True
test_isizulu_00223,AfriHate,nx slima😂😂😂😂😂😂😂😂 kusamele ngikuse kwambhebheni bakusethe kahle uyeke ukuhlupha ezinye iyngane ##url,True
train_isizulu_01175,AfriHate,sometimes uboke uvale umlomo nenhliziyo bese uvula imomozi. 🙈😂,True
dev_isizulu_00258,AfriHate,@username uyaphapha kodwa mlungu engabe bakuthathaphi😂,True
train_isizulu_01695,AfriHate,@username ukhozi mam'khoza luyehluleka  ukundilza @username kugqugquza imfene nje @username ,True
train_isizulu_02682,AfriHate,"@username asiphefumele nje sona mase siyazibukela. hayi, angeke sisabuzana, kuyoba njalo dadewethu ngifunge umama, intombi kababa.  ngeke okungaba fanyana kubiza isilo sonke ngo “mampara” kuthuleke.  yini yona lomampara? inhlamba le. bathuka ungangezwe, bathuka isizwe laba. bathuka thina",True
train_isizulu_01921,AfriHate,"#freedomday2021 27 years of democracy namanje umhlaba owathathwa kokhokho ukuze kumbiwe igolide kufukulwe umnotho wabamhlophe awukabuyi, amabhunu asabulala abantu namanje emapulazini inkululeko yomnotho sisayizwa ngendaba basincisha ngisho imali yomahlalela r350 ##url",True
test_isizulu_00168,AfriHate,"dudlu nsizwa, nongenamali uyangena ethaveni, nongena business plan uyayithola itender. akumpofu, yilanga yin! akuna sixpack ingulube yin? angithuki wena ngithuka uthando. ubaba ushoda ngomuntu ozombhushela igceke. qoma nsizwa ngafa inhlamba kayihlo. uyangkhipha noma uyangifaka? ##url",True
train_isizulu_01221,AfriHate,"lmao""@username : xolile ngubane""@username : u'bhebha bani nge small dick konje? ""@username :that doesn't mean angibhebhi kahle",True
train_isizulu_01576,AfriHate,sdudla esimi lahle,True
train_isizulu_02089,AfriHate,kodwa yabaqeda ocheese leya genge ngama podcast ayo ingakan’faki iwrestling..,True
train_isizulu_00036,AfriHate,phunyuka bamphethe! hamba njenge ngamla... kuyavela ngalapho! @username ##url,True
train_isizulu_00601,AfriHate,@username inkomo le ekhahlela ngekhanda🤦‍♂️🤦‍♂️🤦‍♂️🤦‍♂️,True
train_isizulu_00029,AfriHate,"😂😂😂""@username : udlalela abelungu mfana? uyinja🙌🏾🙌🏾 ##url",True
test_isizulu_00044,AfriHate,@username uyinja yezwa 😂😂😂 ##url,True
train_isizulu_00981,AfriHate,@username ile ngamla ebamba izinyoka le?,True
dev_isizulu_00457,AfriHate,@username likhipha umahosha e fletini,True
train_isizulu_01004,AfriHate,"uyanya ke manje rt @username : yeka indlwabu wenja ""@username : umqala ubuhlungu ngathi nginyelile yazi""",True
dev_isizulu_00220,AfriHate,akasikwe amasende lodoti lo 😠😠 ##url,True
dev_isizulu_00481,AfriHate,#umjolo #batlagohurdaboiboi  @username uyinja boi🔥🔥 ##url,True
train_isizulu_02067,AfriHate,“ubaba usengaythokozela inkomo?”,True
train_isizulu_02497,AfriHate,😂😂😂 uyagheza lo mlungu! ##url,True
test_isizulu_00074,AfriHate,abantu bajwayelana kabi uma ungenayo imfene. ##url,True
train_isizulu_03006,AfriHate,ihlatshwa kanjena ke inkomo fanele kungapheli imizuzu nilwa nenkomo nizwisa ibuhlungu ##url,True
train_isizulu_02536,AfriHate,kodwa lutho uku bhebha :( ##url,True
train_isizulu_01099,AfriHate,@username kuyacaca ukuba lento yobandlululo ayisoze yaphela abelungu bayasizonda,True
train_isizulu_00990,AfriHate,is'ngamla angiscavi ngyasifosta,True
dev_isizulu_00325,AfriHate,"hahahahahahahahaha uyinja""@username : senibiza ikhekhe lo ghel ngopirates nochiefs izimanga hehe""",True
test_isizulu_00632,AfriHate,"@username mphemba, wena wase lenge. kumele ungene kwizithakazelo. wena onemali esinda amabhange nakwi mampara week👏🏾👏🏾",True
train_isizulu_01024,AfriHate,kugijima imfene emhlophe umona 🤭 ##url ##url,True
dev_isizulu_00161,AfriHate,kubikwa ukuth uyalishaya isende umantashe🤣🤣 ##url,True
train_isizulu_02483,AfriHate,"lol mxm ""@username : kwathiwa asandisane. ""@username : bazo meter ""@username : aba complaini. ""@username : bazoni bhebha ke namuhla.""",True
test_isizulu_00126,AfriHate,bayahleba abelungu jizasi,True
train_isizulu_01152,AfriHate,@username kodwa buyephi ubuntu esizweni sakithi masebephunduke ilwane kanje @username phansi imimoya mazulu akithi @username ,True
dev_isizulu_00444,AfriHate,abanye benu la kushoda ukuth nithenge imfene.. kuze nibe abathakathi abagcwele.,True
train_isizulu_00244,AfriHate,umlomo omngaka sisi shuthi uyphethe inkomo amajita kodwa 😂😂😂😂😂😂😂 ##url,True
train_isizulu_02652,AfriHate,"inkomo ""@username : indlwabu? rt @username : nginolaka uma kade ngayigcina""",True
train_isizulu_01632,AfriHate,"adlalile ngaye ""@username : maybe from amabhunu akhona, lol",True
train_isizulu_00391,AfriHate,@username thina mazulu siyibiza ngokuthi kukwanogqaza.,True
train_isizulu_02385,AfriHate,abelungu baveza ukuthi futsek breadwinners 😂😂😂😂 ##url,True
train_isizulu_02158,AfriHate,@username iphi lo mulungu,True
train_isizulu_02648,AfriHate,well done ngamla bengikukhumbulela lokho nje#generations,True
train_isizulu_02810,AfriHate,@username kodwa niyadlala ngalo model c ongumaimane🤣🤣🤣🤣,True
test_isizulu_00402,AfriHate,ziyabhebhana bo inkomo zamkhulu 32 yonke ##url,True
test_isizulu_00558,AfriHate,amabhunu asakwazi ukudlala irugby? ##url,True
test_isizulu_00285,AfriHate,"@username ngeke nguthathe, sure case wenziwa slima lapho",True
train_isizulu_03023,AfriHate,saw this combo live.... slima ngempela! makenqeza! ##url,True
train_isizulu_01191,AfriHate,"kim 😂😂😂😂😂 ingqomonde ""uzobhebheka wena""  @username ##url",True
train_isizulu_00089,AfriHate,@username abecele ama soccer scout ahambele lah ezikolweni zama model c engicabanga ukuthi kuyoba umqondo muhle lowo #ngsepiet retief.,True
train_isizulu_01038,AfriHate,"….aningikhumulele amasende akhe niwabe eceleni eze la, mina ngaqhathwa, angimesabi; mhlampe ubona ngoba naku eyindoda😭😭😭ngivuleleni umgangela….wee🗣maah",True
train_isizulu_00178,AfriHate,@username -ingakho uyinja yami🤣,True
test_isizulu_00110,AfriHate,@username ayibuyiswa uma ithathwe abelungu bethu,True
train_isizulu_01493,AfriHate,@username aya sinda amasende kodwa sithulile 😣🙌,True
train_isizulu_01202,AfriHate,"isibalekile ""@username : @username bhebha yona rt""",True
train_isizulu_03067,AfriHate,@username abelungu abamnyama ababi benjalo njongoku lamana kwabo.,True
train_isizulu_01730,AfriHate,@username awungazi ingizwa ngendaba njengo mshado kanyoko 😂,True
train_isizulu_02316,AfriHate,"inquthu ekasihayo bhuti eyasemaqubengeni, wabekwa umagwegwana kampande laphana before impi yasesandlwane, kahle hle kwakuwumhlaba wabathwa inquthu before idliwa uzulu, umolefe wabekwa amabhunu kwelakithi angithi abesotho balwa esay’dini lawo empini yasencome, umehlokazulu. . . ##url",True
train_isizulu_02360,AfriHate,ngamla ingamla mara yaz ##url,True
train_isizulu_00093,AfriHate,@username 😂ngzotshela imfene yami ibize imfene yakho khona uzoza uzoylanda,True
dev_isizulu_00367,AfriHate,@username mzukulu - dali wami shwi nomntekhala - ngafa cevuzile - ngizobaxolela izingane zoma - isifebe sendoda  mfaz omnyama - ngisebenzile mama  mzukulu -mabili amaxoki  izingane zoma - isidina sikamahlalela  🔥🔥🔥💃🏽💃🏽💃🏽,True
train_isizulu_00192,AfriHate,"@username amanyala nje towards my kids nxa, mlungu ndini",True
train_isizulu_00982,AfriHate,la mazibuko are you this bill amadodakazi wethu babe omahosha ? sexworkers kodwa  isithembu anisifuni? nithi is primitive or outdated 🤷🏾🤷🏾 ##url,True
train_isizulu_01405,AfriHate,thina mazulu sikhule sazi ukuthi umuntu mayebheda uyamkhuza mayeqhubeka uyamshaya 🤷‍♂️  #jhbcbd  #jhbriots,True
train_isizulu_02029,AfriHate,"""ngi celebrator ukuthi anginama peers wey'ngamla."" - prokid",True
test_isizulu_00103,AfriHate,baphi abelungu namhlanje? ##url,True
train_isizulu_01176,AfriHate,lesdudla esiwu @username besisazonyakaza............nawe ke lapho nyakaza sdudla @ virgin… ##url,True
train_isizulu_00595,AfriHate,@username #wnb ay mina ayikho inyama ekthiwa yadliwa engithi angiyidli nemfene mabengangtshela ukuthi imfene ngayidla nje!,True
train_isizulu_01643,AfriHate,"ngasho ukuthi kuyogijima  imfene  emini  ,kunjani uma kunje...iqhutshwa yimi uqobo bafana bamkhulu 🤞🏼🤣🤣🤣 ##url",True
train_isizulu_00409,AfriHate,"@username oh yeah sengiyabona besengidukile, i hope lisekhona ikhekhe, if lingasekho sengiyodla inkomo, i hope yona isekhona.",True
train_isizulu_00198,AfriHate,when did they stop being abelungu? ubizwani umlungu ngesizulu manje? ##url,True
train_isizulu_00411,AfriHate,uzobhebheka ke mntanami 😂😂😂 ##url,True
train_isizulu_02930,AfriHate,"nifuna amantombazane aye emakhaya, athenge ukudla, apheke, acleane, athenge imbiya, athukwe for being unmarried all by amadoda alengise amasende?",True
train_isizulu_01234,AfriHate,kwaaaaaaaaaaaa ngamla bakusaba ngisho ususembeden ugula,True
train_isizulu_02252,AfriHate,@username wenja khuzeka 🤣🤣🤣,True
train_isizulu_01308,AfriHate,@username mayesemdala lo uzogibela imfene ebsuku🤞🏽,True
train_isizulu_02100,AfriHate,"hebanna 😳. ngiyahlolelwa bo, nayi ingulube inginonela bo",True
train_isizulu_00846,AfriHate,@username yoh besonqamulela emaplazini amabhunu. besengsaba ukuthi sodutshulwa nje okulandelayo,True
test_isizulu_00425,AfriHate,amabhunu uma efuna ukwakha isikole esizosebinzisa isibhunu kuphela nixakwa yini nina.,True
train_isizulu_02557,AfriHate,@username aw wena bazokunqakisa okwabanana unqakwa inkawu,True
train_isizulu_00972,AfriHate,"lmfao ""@username : bhebha uthule""",True
test_isizulu_00225,AfriHate,"@username ayanuka amasende, cabangela abanye",True
train_isizulu_02424,AfriHate,ukuthi umfazi ungibopha ngezintambo angivithize ngensilane ekamereni. iyekeni lento mazulu,True
train_isizulu_01604,AfriHate,ngizofuna imali yokuthenga inkomo la late🙏 ##url,True
train_isizulu_01551,AfriHate,ngithi malini imfene?,True
train_isizulu_01250,AfriHate,"lmao ungihlekiselani kodwa ""@username : i'm the only black person in this restaurant! ngeke ngisavuka nange nyoni nje ☹""",True
dev_isizulu_00021,AfriHate,uyabona ingulube noma ungayiluma loboya nga 1 by 1 ubususe kuyosala ingulube straight i learned that 2day,True
train_isizulu_00609,AfriHate,@username wola brazo ngyakwata ngoba angikho edolobheni lami lapho edundee abelungu bangibambile la egoli ngyasebenza ukhonze eshiyane pls,True
train_isizulu_00773,AfriHate,@username sekusele kugijime imfene emini 😂🤣🤣🤣,True
train_isizulu_02926,AfriHate,i wish to knw ukuth ama model c ayazazi yini izithakazelo zasemakhaya kubo hhay asazi @username ##url,True
train_isizulu_00974,AfriHate,@username ngathi imomozi echamayo 😂😂😂,True
train_isizulu_01788,AfriHate,😂😂 bathi imnandi inkomo ezacile nje🤷🏾‍♀️ ##url,True
dev_isizulu_00459,AfriHate,"oodarkie abalunganga kodwa, anisashiyi no mlungu omnye lo?",True
train_isizulu_01335,AfriHate,"@username ngithatha mjay ntombela ngaka mazithanqaza, sphiwe shezi ngaka nyoni e fourty, my son sboniso eka mkhizwane kwashangase. ngise cato ridge endaweni yakwaximba ngase mdepha high school kazwane #indonsa",True
train_isizulu_01587,AfriHate,uyinja wena 🤣🤣🤣 ##url,True
train_isizulu_02151,AfriHate,@username kukhula #####but ngijika kunjalo mulungu,True
train_isizulu_01742,AfriHate,woza wena sdudla ugibele phezulu kwam' ##url,True
train_isizulu_03070,AfriHate,mazulu akithi steaming works bhekani umongameli usindile,True
train_isizulu_01749,AfriHate,@username lol kuzoguga inkomo bafo kwazise sebephenduke amabhunu wamapulazi wonke umuntu ofuna inkomo uhlangana nabo hahaha,True
train_isizulu_01874,AfriHate,@username #chillas sdudla wadlala dj 👌🔥🔥ngizibekele okubili kulonyaka okuthinta ikhaya bt ngeke ngikutshela ngoba wi sundowns mese ngithi #happybirthdaykaizerchiefs,True
train_isizulu_01579,AfriHate,@username #realmadrid besihleka indoda hayi inxeba. kodwa ngathi imfene ijikile yajongebantwini,True
test_isizulu_00032,AfriHate,@username well kune kuku (ikhekhe ngesintu ) or ikuku ( inkomo ngesintu ) .... manje bengufuna ukuba sure,True
train_isizulu_00463,AfriHate,@username it was kwakhala nyoni ni 😂😂😂 angisakhumbuli ukuthi umanxumalo wayelwa nabani.,True
train_isizulu_02518,AfriHate,abelungu bayarisk bo ngeympilo zabo angfuni ukungasho.🥴 ##url,True
train_isizulu_00420,AfriHate,ngiyi sdudla. 😭,True
train_isizulu_02291,AfriHate,@username ubani manje le nyoni? ##url,True
train_isizulu_01267,AfriHate,"""iyadina lendoda kodwa my lord isende lona iyalishisa""",True
test_isizulu_00528,AfriHate,@username khona ibhunu elihamba ngayo la spann yooooo iyangigulisa,True
dev_isizulu_00274,AfriHate,usuncuke umahosha nge phutha🔥🔥 ##url,True
train_isizulu_02464,AfriHate,bhebha uthule.. ave ungiphoxa💔 ##url,True
train_isizulu_00283,AfriHate,bayas’bhebha straight. 💔 ##url,True
train_isizulu_00690,AfriHate,ngoba asikwazi okwanonisa ingulube.,True
test_isizulu_00332,AfriHate,saze savuka kahle thina mazulu ##url,True
train_isizulu_02390,AfriHate,"@username yebo sibalukhulu  , bakujolela noma usukwazi ukuphakela imfene yakhona ##url",True
train_isizulu_00136,AfriHate,@username 🤣 🙆‍♀️🙆‍♀️🙆‍♀️🤷‍♀️🤷‍♀️ufuna ikhekhe ufuna ithanga elibovu ufuna inkomo ufuna no bhontshisi 🙆‍♀️🙆‍♀️🙆‍♀️🙆‍♀️🙆‍♀️🙆‍♀️🙆‍♀️🙆‍♀️🙆‍♀️ 🤣🤣🤣 🤣 🤣 mewungafunanga nje mina uyobe uqedile😀😀😀😀,True
train_isizulu_03016,AfriHate,ufike kunuka isende nje 😷 ##url,True
train_isizulu_01918,AfriHate,@username lapho throughout the year sesihlabe close to 7 goats akekho usegoli... anede ahlabe inkomo eyodwa nje ngo december ezacile useyosiphatha ke sizwe ngaye yonke into. weee bhatata!!!,True
train_isizulu_02500,AfriHate,ningababulali (heya..) ningababulali (heya) nani bulal' obaba..  ningababulali (heya..) * esho ebhaka amabhunu* ##url,True
train_isizulu_01748,AfriHate,"@username ixhosa, impondo, indebele, ivenda, ibhaca, ingisi, ibhunu, that is how they are pronounced in zulu naturally.   umusuthu, umutswana, umutsonga, umuswati, umuthembu, that how these ones are pronounced.   it comes out naturally with no intention to insult.",True
dev_isizulu_00114,AfriHate,#isidlosasekuseni @username abantwana bezilwane imbuzi-izinyane inkomo-inkonyane imfene-isijwana ihhashi-iponi imbongolo-ithole inkukhu-itshwele luqale kahle usuku lwami ngcebzin njengoba izingane sezibuye zifundele ekhaya umuntu ubuyiselwa ngenkani eskoleni 😂😂😂,True
train_isizulu_02121,AfriHate,busi uhulumeni udayisile ngabantu abamnyama kumabhunu bayazichachazela nje ezweni lobaba basukumela phezulu la makufe ibhunu abamnyama bahudula izinyawo okukhimbisa ngokusobala asilutho kuhulumeni wethu @username ,True
train_isizulu_00179,AfriHate,uthini inkomo? madluphuthu ##url,True
train_isizulu_00141,AfriHate,bekumele esalebese bhebha ##url,True
test_isizulu_00261,AfriHate,@username awu kodwa sdudla 😍😍😍 uyanyisa 😍😍,True
train_isizulu_00382,AfriHate,"2vandag ngiyo omelikhekhe lase makishini ngithe mangifika broer wam, ngathi sdudla ka1, ladlali is kwaphuma bantwana bafun' ukukhuluma nam",True
train_isizulu_01232,AfriHate,yami 🐵 yemi 🐵 yomi 🐵 yumi 🐵   iyiphi inkawu eshodayo la?,True
train_isizulu_00579,AfriHate,hambodlala no febelina wakho hehehe#uzalo,True
train_isizulu_01948,AfriHate,😭😭😭😂 uyinja thabane ##url,True
train_isizulu_00054,AfriHate,"ayangixaka amantombazane masethi bhebha uthule, like bitch how you gonna gain followers then? :""""""""""""d",True
train_isizulu_01025,AfriHate,engabe sebephelile o compliments of the what what emsebenzini because bekumele ngivule izolo kodwa angiyanga... nanamhlanje ngisahlabe yona ingulube,True
train_isizulu_01226,AfriHate,kasi-mlungu? uhlala ealex ughel? ##url,True
train_isizulu_00556,AfriHate,@username nithi yini ingulube ngakwelakini?,True
train_isizulu_02417,AfriHate,"@username mina mroza no mzo ngangithanda i afrikaans ngsahlala e richard'sbay, ngoba ngangsebenza kuwona amabhunu, bengfundisa isbhunu, nami ngasengi gheleza impela, konakala ukuthi ngize e durban, kanti nesi sotho ngyasithanda futhi @username #sisonkedrive",True
test_isizulu_00275,AfriHate,uyaba bhebha bhudda? ##url,True
train_isizulu_02064,AfriHate,bhebha uthule - mthokozisi (2017).,True
test_isizulu_00152,AfriHate,angeke uthathe icici legolide ulifake ingulube ##url,True
dev_isizulu_00450,AfriHate,@username sdomu awuzi lutho ngebhola 😂. typical manchester united fan.,True
test_isizulu_00500,AfriHate,imfene ayisilahli isiphongo sayo #translateintoenglish,True
train_isizulu_00223,AfriHate,ngamla &amp; dr chetty... usefuna ukisebenzisa umshini wakhe ungamla #lol,True
train_isizulu_03046,AfriHate,@username kunasidingo sini ukukhuluma isingisi nengane yakho ekhaya just because ifunda ku model c? siziyisela imfundo enconywana kulezikole not language.,True
test_isizulu_00494,AfriHate,usedlalela abelungu manje lo shimza wenu #lockdownhouseparty ##url,True
train_isizulu_01775,AfriHate,manje abasho ukuth mlungu or darkie loyo basitshele nokuth izingane zakhe zifundaph usebenzaph to avoid all those people ##url,True
test_isizulu_00490,AfriHate,@username lomlungu unobothekwininyana emaphareni abelungu ngako berea 🤣🤣🤣 ##url,True
train_isizulu_01019,AfriHate,@username #asambedriveshow ngikhona lapha 89.3life kemtonpark ngikuva kahle mulungu,True
test_isizulu_00112,AfriHate,uqoma ntombi ngafa inhlamba kanyoko.,True
train_isizulu_01304,AfriHate,@username woman ntombi ngafa inhlangan kanyoko😋,True
test_isizulu_00382,AfriHate,@username smart mampara #turnupyangempela @username ,True
dev_isizulu_00375,AfriHate,@username ziwu avocado kamnandi engathi ngingaze ngizithi thaqa no 2 slice ngithi fa fa cerebos🤣🤣🤣,True
train_isizulu_01334,AfriHate,yadliwa kanjalo ke inkawu 😭😭😭,True
dev_isizulu_00204,AfriHate,if it not umdidi sivezelwa imomozi nje lakutwitter. kanti senzeni bantu benkosi 🤷🏾‍♂️🙆🏾‍♂️🙆🏾‍♂️,True
train_isizulu_01532,AfriHate,ngifuna ukuk'bhebha into enzima kab phez'kwa sinki bese emva kwalokho ngikuphuzise ioros,True
dev_isizulu_00093,AfriHate,ikhekhe or inkomo kamama (private part of a woman)  induku or umphambili (private part of a man)  ucansi ukulalana (deeds in the bedroom)   umzimba (body)  ikhanda (head)  amahlombe (shoulders)  inwele (hair)  sacred   connected to sacred chakra and root chakra. ancestors stay,True
train_isizulu_02790,AfriHate,"@username uthi ""iyaku khumbula imomozi yam"" ke 😂🤣",True
train_isizulu_03017,AfriHate,ingoba phela ipanado ibhaliwe “for cold and flu” or whatever but nje loyo owphethe asazi noma umvusa nkunzi noma uyochela noma uyophuzisa imfene. 😂 yize nje kungasiwo umbono omuhle ukuthi ushuthwe 😂 kodwa ke it’s your choice ##url,True
train_isizulu_00307,AfriHate,@username hhayibo kahleni mazulu ngeke. ##url,True
train_isizulu_01981,AfriHate,nali i-oledi lingifaka enganeni😮liy'biza ngomakoti walay'khaya nokuy'slima kuya-blush-a phela 😂 kuzodleka umakubhayiza.,True
train_isizulu_01143,AfriHate,"akekho enimaziyo odayisa i mfene noma umakhelwane enimaziyo onayo, naba sebaqala ukungenza ugogo wabo laba.",True
train_isizulu_02914,AfriHate,njani ididi limnandi so.   ngeke sizwe ngawe futhi ❤️ ##url,True
train_isizulu_01838,AfriHate,"imagine 18snvl written in zulu  ""ishumi nesishiyagalombili, ucansi, ukusantuza ididi,nokusakaza ikiwi,impi kanye nolimi oluqojeme""",True
dev_isizulu_00074,AfriHate,😂😂😂😳😳😳😳😳😳😳... londeka yini imfene yesilisa nge english? ##url,True
train_isizulu_01626,AfriHate,ngamla the general #generations,True
test_isizulu_00366,AfriHate,ngoba ninochuku mazulu ##url,True
test_isizulu_00590,AfriHate,@username abelungu baphiwa unkulunkulu lento abayekwe,True
train_isizulu_01978,AfriHate,😂😂 bathi imnandi inkomo ezacile nje🤷🏾‍♀️ ##url,True
train_isizulu_01112,AfriHate,@username ngeke ngizoba bhebha ku njalo,True
dev_isizulu_00269,AfriHate,umuntu sekumele ahambe ehlome eyizingovolo.nakhu sizophela abelungu. siyehlelwa sisehlane yini?,True
test_isizulu_00256,AfriHate,yakhumbula sisakhula kwak’thiwa inkawu ayigeji ngoba iwu-left nxi 😂,True
train_isizulu_01850,AfriHate,@username bheka ayidliwa ingulube kudliwa inyama yengulube phecelezi (pork),True
train_isizulu_01880,AfriHate,awuligabhi... bhebha mawu free nje ##url,True
train_isizulu_00449,AfriHate,@username ukhuluma nje ngoba ekhaya kubo kade kukhona umqimba bacela mina ngihlinz’inkomo nganqaba ngathi angikwaz’ bangangiphakel’ yaz makoti wam’,True
train_isizulu_02561,AfriHate,@username heeeeeyi 😭😭😭😂😂😂😂😂 niphume e toilet usisi elungisa i outfit umjita esula i lipstick emlonyeni ekhaphu-khaphu amasende 🔥🔥🔥🔥🔥,True
train_isizulu_01343,AfriHate,umhlolo amabele kanyoko *) @username : umhlolo-lo. lol rt @username : 1st tuesday of the week,True
train_isizulu_02147,AfriHate,"manje my portuguese pasta sek'mele inuke ingulube, ngoba sisebenza nama nuku 🙄😒",True
train_isizulu_00495,AfriHate,"at these auditions, do they say ""bhebha lomuntu sibone ufenda kanjani""?",True
train_isizulu_02034,AfriHate,iyho solomon isotsha lomkhonto wesizwe lalibulala amabhunu e africa #kynsnafire #kynsna ##url,True
train_isizulu_00831,AfriHate,@username 😂😂bhebha ninga bhebhi ingane yabantu,True
dev_isizulu_00130,AfriHate,mfaz'omnyama nezingane zakhe qoma ntombi ngafa inhlamba kanyoko.,True
train_isizulu_02323,AfriHate,inkomo asihambeli isdakwa 🤣🤣🤣😭😭😭🤣🤣🤣🤣 ##url,True
test_isizulu_00437,AfriHate,"kungamane kuyekwe ""@username : thenga ingulube isesakeni #opw""",True
train_isizulu_02786,AfriHate,wenja lalela lento engiy'thumele @username ,True
train_isizulu_00553,AfriHate,kumnandi mawuyi one endlini yaz. uyahlala nje uzilengisele amasende ngaphandle. bese kuba no sathane nje akufonele nge video call,True
train_isizulu_00269,AfriHate,@username sengingaze nikhalele ibhunu kodwa🤔🤔,True
dev_isizulu_00360,AfriHate,"nazoke 🥺🥺🥺.  "" kunokuthi ngijabulele amanga, ngiyekeleni ngikhalele iqiniso"" abasuke ngempela labomasaka manje nali ibhunu ##url",True
train_isizulu_00122,AfriHate,sanibona mazulu amahle,True
train_isizulu_01351,AfriHate,@username mazulu. ushayile nje la! 🙌🏾 k’shukuthi ufuna uk’shaya okucokeme kunalokhu.,True
test_isizulu_00616,AfriHate,cha abelungu abanayo irhythm ngempela ##url,True
dev_isizulu_00105,AfriHate,ingathusa ngisho imfene phela leyacheri,True
train_isizulu_02748,AfriHate,udelelaa imidrand manje kodwa ntambama uzobhebheka phezu kwe campmaster 😂,True
test_isizulu_00133,AfriHate,@username lmao 😂 uyabhampa wenja yezwa 😂😂😂😂 eiy futhi mkhabela,True
dev_isizulu_00612,AfriHate,@username uthanda nje isende vele awakwazi ukuhlala ne ndoda eyodwa! #thecrossover,True
train_isizulu_00371,AfriHate,"@username it's money &amp; inkomo,is'patshi leyompahla entlek.",True
train_isizulu_02054,AfriHate,@username lols ngoba bazowayeka naku mazulu futh amagoli,True
dev_isizulu_00163,AfriHate,"ushisa ivan yaboshwa  bathi ubipolar😏, uboshewa corruption sebethi unenkinga yokuphefumula😏, wazama ukdlwengula ingane encane erestaurant bathi kumele uyohlolwa ingqondo😏, wadubula umfana enqamula eplazini wathi ubudubula inkawu😏, i mean sothula kube nini. ##url",True
train_isizulu_02094,AfriHate,zobuya nini inkomo emathafeni???,True
dev_isizulu_00050,AfriHate,kahle kahle. abelungu bawathathaphi lama stats asho ukuthi uma ushaya ingane izoba umgulukudu?,True
train_isizulu_01995,AfriHate,iyalishaya isende le ndoda.. ##url,True
train_isizulu_02092,AfriHate,@username kwak phela m not the model c type ngyasisebenzisa nje isingisi kmele kucace ukuthi ngphumaph #durban,True
test_isizulu_00163,AfriHate,nisaba amabhunu 🙄 ##url,True
train_isizulu_03031,AfriHate,saze savuka kahle thina mazulu ##url,True
train_isizulu_00516,AfriHate,"kwasala kancane ngimshaye umfana egoli ethi ""fede"" mina ngizi tshela ukuthi uthi ""mfene"" ##url",True
test_isizulu_00244,AfriHate,"@username haha bazonishaya njalo o"" model c""",True
train_isizulu_00980,AfriHate,#ngekeuphiwekonke ubuso bungaba mpofu kodwa inqguza izoba mnyama.,True
train_isizulu_02414,AfriHate,umamakho is angry coz imfene yakhe ayibuyanga.,True
train_isizulu_00436,AfriHate,@username u boy ufela ukuthi umlungu lona abelungu baya melana end baya fihla izinto zabo ezingama hlazo,True
train_isizulu_01429,AfriHate,"yelelele ,it was malema,and musi vs zuma,,,, but now is ramaphosa vs zuma. kumnandi emzansi,bantu bebanga izikhundka amabhunu ,ebukela",True
train_isizulu_00640,AfriHate,"imali ye promo iyamthenga umahosha, iyakhokha iyshumi, iyathenga ama champagne. its all money",True
train_isizulu_00366,AfriHate,yidleni ingulube zingulube! ##url,True
train_isizulu_02116,AfriHate,uvele uwine lotto thole sdomu esizovela siphindisele 10x more. unye nyi!! ##url,True
test_isizulu_00052,AfriHate,"yekani ukwenza amanyala nobuqaba nobulwane bese nithi ""thina mazulu""  cha iba yindoda ngokwanele ukuthatha ubulwane bakho ububambe ngezandla zombili.",True
train_isizulu_03013,AfriHate,@username uyaphila kodwa mazulu,True
test_isizulu_00549,AfriHate,amabhunu buried sechaba😡 ##url,True
train_isizulu_01845,AfriHate,so amasende aniwazi?😕😕😕,True
train_isizulu_02335,AfriHate,ngizwe kuthiwa kuzodabuka imomozi rt @username : sekusile cc @username rawkers @username ... ##url,True
train_isizulu_01904,AfriHate,asicwasi ngobuhlanga thina mazulu simukela wonke umuntu ongu-afrika ##url,True
train_isizulu_02870,AfriHate,thina mazulu we don't care about rumours sifuna ukwazi ukuthi utshelwe ubani,True
train_isizulu_02668,AfriHate,ingulube ngeke uykhiphe odakeni,True
train_isizulu_02983,AfriHate,aybo ngo 2 slice nje sebengibuka kabi ##url,True
dev_isizulu_00318,AfriHate,@username ekse konje the comedian said izolo wena ngabe uythenga ejwayelani imomozi ukube idayiswa eytolo 😂😂😂😂😂😂😂😂😂😂😂😂😂,True
dev_isizulu_00237,AfriHate,@username uyalisaba ibhunu ukulixosha,True
train_isizulu_01600,AfriHate,inani kanti imomozi kamazulu? 🙆🏾‍♂️🤷🏾‍♂️,True
dev_isizulu_00638,AfriHate,@username uyayibona ke imikhuba yokuthenga ingulube isesakeni? 🤷🏽‍♂️,True
dev_isizulu_00572,AfriHate,"@username bathi ingulube phezu kwe ngulube, 😂😂😂😂 @username ##url",True
train_isizulu_02112,AfriHate,@username niphek'abelungu ngebiza yesintu. smh,True
test_isizulu_00380,AfriHate,"""uzobhebheka wena"" kwaysholo u kim 😂😂😂😂",True
train_isizulu_02012,AfriHate,mosquito uyang'bhebha 😭😭😭,True
train_isizulu_00492,AfriHate,ngiyawuthanda umsebenzi owenziwa amabhunu er/bay. ✊🏼,True
test_isizulu_00551,AfriHate,ababulali benyathi balala ucwayimba/ucwayimbana.  sichaza ukuthini lesisisho mazulu akithi? @username ,True
dev_isizulu_00299,AfriHate,kaze injani imomozi kanamhla ngeke ibe njengeyonu kodwa.😞,True
dev_isizulu_00323,AfriHate,ufice imfene ishawa umphakathi ivele igijime ize kuwe 😭😭😭,True
train_isizulu_02136,AfriHate,laughs in slima ngempela. ##url,True
train_isizulu_01342,AfriHate,akuy'khohliwe kuw' pele-pele wey'nyoni lokhu. smh,True
train_isizulu_02486,AfriHate,@username kaze isaqumibile namanje inqguza,True
train_isizulu_00387,AfriHate,"why do we call yt people abelungu any way?!? abango malungu wesizalwane salomhlaba wethu, iafrika",True
train_isizulu_00342,AfriHate,@username wena owakho umsebenzi nje ngo muntu wesilisa ukwenzani? ulengise amasende?,True
train_isizulu_01869,AfriHate,@username wena hlezi ufuna imomozi 😪,True
test_isizulu_00054,AfriHate,@username yamnandi leyo mix sdudla sangempela @username angibhekise emndenini wami wonke engeza nalaphaya empumazi #chillaz,True
train_isizulu_00912,AfriHate,bafethu manishaya umgqakazo ku tl please ninga raise ama hopes abantu  aba vulnerable who really needs help.. hlampe wa bhebha ubafo ngokuthi uzosiza intwana iye ehilton college🥺💔.. ngibuhlungu ngalowa mfana namanje.,True
train_isizulu_00706,AfriHate,as it stand at 2.27% of votes counted @username vs @username kuzonyiwa kodwa abakhohlwe ngesihlulwe amabhunu #electionresults2019 ##url,True
test_isizulu_00127,AfriHate,#isworetonever skip a class but imfene ayilulahli ukhobo lwayo😂 ##url,True
train_isizulu_00256,AfriHate,skerros ukhuluma kanjani no ngamla? fanakalo,True
dev_isizulu_00036,AfriHate,#ukhozifm59 ukhozi luneziyalo ezinhle luyakha imiqondo yethu lukhuza udlame emahostela lasihlala khona ngegalelo lakho nyoni endizela phezulu @username ##url,True
train_isizulu_02283,AfriHate,@username kube amasende kuphela.,True
train_isizulu_01306,AfriHate,elika baba itiye ulenza ngephunduka teabags ungalikhiphi uzozikhiphela yena ufuna ukuqale elikhame lize linuke engathi imbiza iteabag 🤮 ##url,True
train_isizulu_02477,AfriHate,"haha bathi ""ungaphenduki ibhunu leplazi wonke umuntu ofuna inkomo uxhumana nawe """,True
train_isizulu_01764,AfriHate,@username ngiyakukhumbula wenja 😩😩😩,True
train_isizulu_02454,AfriHate,@username phela that’s when i discovered umuntu ukhuluphala beyond amafutha nenyama 😂😂😂😂!  cha zingabuyi inkomo ngzozidla nazo kumane kubeworse!,True
train_isizulu_01297,AfriHate,@username inkomo enjan ebhedayo?,True
train_isizulu_00111,AfriHate,"""yini? usufuye imfene endlini yakho?""  lezo yizinkulumo esibhekana nazo uma siyonenzela ukudla endlini enkulu. anazi lutho. 😐",True
train_isizulu_02421,AfriHate,"@username hhawu lafa elihle kakhulu, abathakathi sebegibela imfene emini.",True
train_isizulu_02447,AfriHate,@username khona into engiyibone ezindabeni yomuntu wase dumbe kwangwa eshaye ibhunu ibuhlungu nokuthi omunye washona kodwa lelobhunu lingaphandle ngebheyili kube umuntu owenzalento ngabe usegwetshiwe @username ,True
test_isizulu_00120,AfriHate,"@username 🥺🥲🥺🤤🥴  sithengiselwa ingulube isesakeni lana, cela ukuzobonela 🥴🤤🥺😋 ##url",True
train_isizulu_01703,AfriHate,"@username umlomo wadalelwa ukudla nokuphuza ,imomozi idliwa ngomthondo wena man or awusaqhenyelwa usu bhebha ngolimi ##url",True
train_isizulu_01406,AfriHate,imomozi bafethu 😩.  ##url,True
train_isizulu_02110,AfriHate,@username your email address ngamla,True
train_isizulu_01665,AfriHate,"ungabuzi okuningi. bhebha nje “@username : boghel, ngicela ukubuza. yini le enenza nilahle kangaka on nye??? hahahahha”",True
train_isizulu_00688,AfriHate,"🔊🔊🔊gibela phezu’kwendlu ubatshele, umama uya jabula masishaya amabhunu... jabuuuuula mama 🔊🔊🔊🔊",True
test_isizulu_00268,AfriHate,"mazulu,lento ayihlangene nebhola and if you must know,i'm an arsonist.legit.  ##url",True
test_isizulu_00343,AfriHate,awu boni yini slima futhi you don't know what type of gender is... ##url,True
train_isizulu_01710,AfriHate,@username some times benzala abelungu baphesheya kuphela 😂😂😂,True
train_isizulu_01909,AfriHate,vaya eshakaskraal by stanger kuthiwa umbona esibukweni engena ngisho esephuma.. a close family yazithola kanjalo inkomo zayo zintshontshiwe ebsuku ##url,True
test_isizulu_00115,AfriHate,nankoke amabhunu again... bona into enhle ka shwi nalo okhalayo wakubo ##url,True
train_isizulu_02988,AfriHate,nimfihleleni lo mlungu? muvezeni dammit! ##url,True
train_isizulu_02088,AfriHate,🔔🔔 attention!!!🔔attention!!! 🔔🔔  mazulu akithi amahle ngicabanga ukuthi lokhu kunganisiza. kumele nizazi lezinto ngoba abanye bethu bazophatha imizi ksasa.  👇 ziphe isikhathi ufunde le-thread uze uyiqede. 👇👇👇👇👇👇👇  rt 🔃 ukusiza nabanye 👍👍👍👍  (thread 1 of 2...👇) ##url,True
train_isizulu_01199,AfriHate,@username akudlalwa la amasende ahlala phansi endondeni 😆😆🤦🏿,True
train_isizulu_02073,AfriHate,@username blah blah blah uzala kanjani uthembe usassa sonke sinayo imomozi kodwa asizalisi okwabo period. if wena eyakho isineka zala sisi anginamona.,True
train_isizulu_02396,AfriHate,nanti igholo bafowethu ngisazo bhebha manje ngo 3pm #girlztalkza ##url,True
train_isizulu_00279,AfriHate,bazovuma nje abelungu baseeurope utokyo aphathe ififa?!,True
train_isizulu_00768,AfriHate,eyyy kushwabana isende namuhla amakhaza ##url,True
train_isizulu_00346,AfriHate,unosipho uzobhebheka yaz',True
train_isizulu_01756,AfriHate,@username #sigiyangengoma #ngibambithambo egosweni lengoma yase-nhlonga libomvu ibhunu.,True
train_isizulu_00165,AfriHate,lomdanso okhona wokuwa phansi  ningadukiswa awumusha ukuthi thina mazulu siyaziqala nje izinto. uma sisina thina sivele siwe phansi. seningayenza nina abanye ngoba aniyijwayele.😂🤣🤣😂 @ new… ##url,True
test_isizulu_00620,AfriHate,@username lento yokuvuka uneke amasende nje bese ufuqa ukudla is wrong,True
dev_isizulu_00413,AfriHate,namhlanje kwizwelenala fm ngizophawula ngodaba olubhalwe ngami kwisolezwe langesonto oluthinta ubutabane.20:00 -22:00@username #kingsomnala ##url,True
train_isizulu_02717,AfriHate,check the comments bese nicabanga ukuthi abelungu bayanithanda ke wemame 🤦🏽‍♂️ ##url,True
train_isizulu_00714,AfriHate,khohlwa indaba zo davido. wena uyinja nje period 🙌 ##url,True
test_isizulu_00206,AfriHate,"strong, liyakhala isende yonke twitter segment iyabhebhana. woke twitter  ndebele twitter  footytwitter. ##url",True
dev_isizulu_00637,AfriHate,imfene yakho ineminyaka lemingakhi? ##url,True
dev_isizulu_00070,AfriHate,"“kanti uwena lo guy ahlezi ekhuluma ngaye uchommie, ave ekuthanda umngani wethu, nice to finally meet you”  weeeh mxm🚮😤nyoni!!",True
train_isizulu_02645,AfriHate,@username abadayise imomozi kahle kucace,True
train_isizulu_01369,AfriHate,ujabulisa amabhunu ngegama lika msholozi. angeke ubuye umhlaba la ##url,True
train_isizulu_01346,AfriHate,yazi singenza inkawu ngenja 🤣 ##url,True
train_isizulu_01181,AfriHate,kazi wanenzani lo mazulu enihlezi nikhuluma ngaye ##url,True
dev_isizulu_00448,AfriHate,"""leyasikela jesu kudabuka imomozi""",True
train_isizulu_01623,AfriHate,@ @username abakuyeke sdudla sangempela ubizelwe kulento @username #chillas,True
train_isizulu_01903,AfriHate,asambeni siyongenela ley’ngamla,True
train_isizulu_01040,AfriHate,inqguza enukayo ngo 9am ekseni erude!!,True
train_isizulu_00854,AfriHate,ngeke ng'safika ekong. ng'funa uk'bhebha manje. lol,True
train_isizulu_02623,AfriHate,kodwa why omahosha benganga ama essential workers? 🤔 ##url,True
test_isizulu_00599,AfriHate,inkomo iya ezinkomeni,True
test_isizulu_00602,AfriHate,@username yini ekhalayo mlungu?,True
train_isizulu_00142,AfriHate,mampara of the week: #zwelinimkhize ##url,True
train_isizulu_03051,AfriHate,"lol@username : 😂😂😂 ""bhebha uthule wena"" 😂😂💀💀👏👏💀💀💀💀💀😂😂""",True
train_isizulu_01924,AfriHate,@username #b2b aw ladlala ibhunu lepulazi ngaze ngabusiseka wamnandi umculo ngalugcoba ukhozi fm luwu no.1 umhlaba wonke,True
train_isizulu_00857,AfriHate,@username its friday sdudla🙍sangempela sidla umculo🎼🎶🎤kuphela @username #b2b,True
train_isizulu_01273,AfriHate,zasha makhamnandi awangakanani alingene oglomour nama model c khona esanton ngicela isupport ngane zakwethu ##url,True
train_isizulu_02770,AfriHate,@username jerrre bro that's one of animals ekungelula ukusbamba. besizbamba ngezinja kudala sisazingela. but iyalwa imfene. try ezoo.,True
train_isizulu_01653,AfriHate,"@username mama dlamini iqiniso elingeke laphikiswa lelo,thina yindl'mnyama sisebenza kanzima sisebenzela abelungu ukuthi benze enkulu inzunzo le.on pay day we already broke",True
train_isizulu_01544,AfriHate,yazi amabhunu ayeyisa guys. abazixaki ngama mask and they’re unapologetic about it,True
train_isizulu_02641,AfriHate,"sawubona mamkhize, saze sanenkinga kuward2 emacambini ebhishi lethu tugela mouth, asisakwazi ukozijabulisa kulo kunomlungu osixoshayo asibuzele amaphoyisa abelungu abangasisukeli bakwethu bengadudwa inhlonipho yethu ezweni lamcambi bakithi. @username ",True
train_isizulu_02933,AfriHate,abasafuni uk'sebenzisa ididi abantu to reimburse..😭 ##url,True
train_isizulu_01182,AfriHate,#isibaya abanye sebafuna ukuba mazulu bazosloya kahle ##url,True
train_isizulu_02685,AfriHate,@username kyafana sdudla or slender coz uyafudumalo kukonke...yonk'insiph'iyawasha baba as long ikhiph'igwebu #stoep992,True
test_isizulu_00607,AfriHate,ibhunu emyama..! ibhun emyama &lt;singing&gt; ##url,True
train_isizulu_02892,AfriHate,"ubhungane, mthimkhulu, makhulukhulu, zikode, mashwabada inkomo nempondo zayo, izinzipho zimnyama ngokuqhwayana, mangelengele, mahlub’ amhlophe 🙌🏾🙌🏾🙌🏾   @username ##url",True
train_isizulu_01960,AfriHate,"ehena ""@username : hawu :-""""""""d“@username : uphethwe yikhanda ngoba ucabanga isende too much.”""",True
train_isizulu_00426,AfriHate,dudlu madolo kanyoko angthuki wena ngithuka uthando ##url,True
test_isizulu_00471,AfriHate,bese imomozi iba njani vele ku leya oros engaka?,True
train_isizulu_02718,AfriHate,@username uyinja mngani 😂😂😂,True
train_isizulu_01495,AfriHate,ngyawavuma amabhunu nge agriculture yerrr,True
train_isizulu_02838,AfriHate,iy'nyoni and firearms don't mix. lapho bay'thandani 💀😭,True
train_isizulu_00009,AfriHate,lol mazulu bakithi shwele #buchithekabugayiwe,True
train_isizulu_00927,AfriHate,"uze ngalowo kanti kujinyiwe, vele unye sdudla &amp; end up saying, ""sekub'hlungu futhi sengkhathele bae"" esedlala ihigh-high ##url",True
train_isizulu_02268,AfriHate,maritzburg sucks mxm abekho omahosha ngamasunday😓😁😋,True
train_isizulu_00053,AfriHate,magumede sawubona aze asihlukumeza amaphoyisa asemandeni ngolweshlanu ngabo2 ntambama ezosifuna utshwala abechitha kwasani achithe nentelezi esichela ngayo ekhaya njengoba sihlushwa imfene abewu15 ahlulwa amasela endaweni  ahlulwa a abulala @username ,True
test_isizulu_00522,AfriHate,"@username khula nyoni emaphiko phiko endizela ndawo zonke nalapho kungahlali khona ngisho ibhanoyo 🎉🎉🎉 happy birthday ukhozi fm , ngisenquthu kwavulamehlo emagundwaneni #ukhozifm62   #ukhozifmvabs",True
train_isizulu_02830,AfriHate,@username mhlampe inkinga ilapha yini 'isifebe'?,True
dev_isizulu_00334,AfriHate,"@username wait a minute comrade, ngubani imfene mfowethu ngoku? 😂😂😂😂 ##url",True
train_isizulu_02443,AfriHate,"inqina lempunzi""@username : imomozi""@username : cake rt @username : kuku rt @username : ikhekhe""""",True
test_isizulu_00581,AfriHate,😧😩 ungathini ngo mlungu  ##url,True
dev_isizulu_00096,AfriHate,mushadile lowo muzi ngisho imfene yakhona kuba eyakho..,True
train_isizulu_01769,AfriHate,@username 🤣 🤣 mxm ungathola imfene uzoloya wena😩💔🤣🤣,True
test_isizulu_00219,AfriHate,wayenza indaba @username ngendaba yenkukhu eyafunda kuma model c yakwa woolworths 🤣,True
train_isizulu_01906,AfriHate,#amabeesisters akutshela ukuthi wawuzoba ngcono ukuba wafana nomfowenu omncane lo ofunda ekearseny oyi model c.,True
test_isizulu_00409,AfriHate,maritzburg sucks mxm abekho omahosha ngamasunday😓😁😋,True
train_isizulu_02546,AfriHate,"angisadlali 😂😂😂😂😂""@username : @username ngiyeza sizodla ingulube neh 🙌🙌""",True
test_isizulu_00083,AfriHate,😂😂😂 uyinja kalife  ##url,True
train_isizulu_02969,AfriHate,@username #ukhozifmvabs molweni mthiya.. ngicela ukuvusa umndeni wami osentapha ehlokozi nakamchunu kubo ka sdudla.,True
dev_isizulu_00601,AfriHate,"isipiliyoni""@username : inkomo ihlala ifudumele""@username : ey wena ukuthathaph lokho ""@username : ey ikhekhe le cheri enopete limnandini""""",True
train_isizulu_02986,AfriHate,mina sengishilo ukuthi ngibuyisela emumva imfene bafo 😂🙏… ##url,True
train_isizulu_01085,AfriHate,am gonna shine in the dark like the stars ebusuku sing all day njenge nyoni zezulu ngoba ng'bonga bonke labantu base kasi 🔥🔥🔥😍😍😍❤❤❤,True
test_isizulu_00328,AfriHate,@username sisonke sdudla sangempela,True
dev_isizulu_00602,AfriHate,"@username #leeyami eyokuqala ngicela ukuyipha izinsizwa ezidriver emkangala ugu, umlindeni, nyoni, mnakeni, sganseni, mtshingo maye, dj",True
train_isizulu_01200,AfriHate,"when you read your old fb posts and uzibuzo ngazi wawungenwe yini doti, wawusuthini ke manje sdomu😂😂😂",True
train_isizulu_01702,AfriHate,@username izophela imomozi leyo bese siya ku mhlongo wemomozi afike ayipheshe istove sibe ku 6🤌 👍🤣 ##url,True
train_isizulu_00537,AfriHate,"thank god for ushabalala, ibhunu, eshobza, untshiza 🙌🏽😩😭 ##url",True
train_isizulu_01403,AfriHate,@username he's saying uzobhebheka wena yezwa 🤣🤣🤣🚶🚶🙊,True
train_isizulu_02031,AfriHate,nali i-oledi lingifaka enganeni😮liy'biza ngomakoti walay'khaya nokuy'slima kuya-blush-a phela 😂 kuzodleka umakubhayiza.,True
train_isizulu_01783,AfriHate,@username uyinja mzalwane 🤣🤣🤣 ##url,True
train_isizulu_01214,AfriHate,khwela phezukwendlu ubutshele umanishaya ibhunu umama vyajabula,True
dev_isizulu_00184,AfriHate,"imonkoyela @username : scon'buns ""@username : imomozi ""@username : bugninu ""@username : bhentse""@username : kuku""@username : punani""""",True
train_isizulu_03045,AfriHate,sekusele ugibele imfene yazi 😂😂 ##url,True
dev_isizulu_00271,AfriHate,"@username sjava badale nkinga bafaka uhlanyaa enkudleni ,cishe lamnqamula amasende umfoka khathi.... ##url",True
dev_isizulu_00068,AfriHate,@username sisonke nje endizeni sdudla sami @username #ukhozi55,True
train_isizulu_02030,AfriHate,@username imomozi enhle kanje.,True
train_isizulu_01772,AfriHate,ngamla 💔💔 #ripmenzingubane ##url,True
dev_isizulu_00439,AfriHate,@username iyang’bhebha daily 😢 ##url,True
test_isizulu_00359,AfriHate,ilento yakho yokuthanda ama model c ##url,True
test_isizulu_00318,AfriHate,#uzalo yhini madoda iyafa imfene 😂😂😂 yhini sbonelo 😂😂😂 ##url,True
test_isizulu_00475,AfriHate,"@username syafana, angkwazi ukthenga ingulube isesakeni😹",True
train_isizulu_00952,AfriHate,"@username okusempeleni i afrikaans  eyathathela kumaskhandi ngamabhunu ashintsha athi musikant from maskhandi, ngoba phela isintu kade sikhona ngaphambi kokuthu kufike amabhunu.",True
dev_isizulu_00455,AfriHate,"""uyinja malume"" eyi banna mgedeza!",True
dev_isizulu_00503,AfriHate,mampara weekend kodwa kuzolunga sizoncenga khona la 😥😥 ##url,True
train_isizulu_01092,AfriHate,@username ngamla waseyi lalini 👌,True
train_isizulu_00070,AfriHate,#shutdownpietretief lendaba yamabhunu nabelungu behamba phezu kwethu imayelana nomhlaba kodwa simatasao no step aside @username lutho ukukhuluma ngokubuyiswa komhlaba wokhokho..umlando uyosinuka nalabaholi abasihole kusukela 1994 ngalamanyala enziwa abelungu nilibele ukuklwebhana,True
train_isizulu_02760,AfriHate,ang’sisona istabane mina 🗿 ##url,True
test_isizulu_00413,AfriHate,zaze zahlupha inkawu bakithi 😡,True
train_isizulu_01139,AfriHate,@username wola sdudla sangempela mina ngi chille no sakhile nkanyi slindile sizwe fezile khethelo olwethu nesalukazi sakithi madoda kwa cele ezingolweni kwashali embhongweni isgodi #chillaz #chillaz @username ,True
train_isizulu_02643,AfriHate,@username sesijwayele thina kuhlezi kushada inkawu 🐒,True
train_isizulu_01239,AfriHate,ayiphole inkawu iku 0 sana ##url,True
train_isizulu_02195,AfriHate,"@username amazulu ngesizulu and ka setswa, sepedi le sesotho ke mazulu",True
train_isizulu_00526,AfriHate,"abahlala kwizwe lonke njengamangisi, amabhunu, nabakhe kwisfunda sinye njengamavenda, tsonga, pedi ngikababali izlimi zabo ezngakhunjulwe kumthetho. but english owns the country not only because everyone speaks it but because only the english conquered the country. ##url",True
train_isizulu_00184,AfriHate,@username asinandaba nama dance moves wakhe thini ingqondo yethu ikula phusi🤦‍♂️ ##url,True
dev_isizulu_00102,AfriHate,@username yazi kuzokhala imfene izibhoshele ke manje *embuka nobubi bakhe* lol ##url,True
train_isizulu_01701,AfriHate,uyinja ntwana 😂🤔 ##url,True
train_isizulu_00001,AfriHate,@username uzovuka ngo ngamla,True
train_isizulu_02299,AfriHate,"lmao ugcwele i-mash wena ekhanda lakho ""@username : uzobhebheka “@username : lmao.....some tweets though :-d”""",True
train_isizulu_00626,AfriHate,"lol khuphuka lapho sdudla ungangenzi islima ukhuphuka kamnandi usdudla kulevideo osdudla ngisho belimele bayayithanda lento zidudla ngyanivuma🤣🤣🤣🤣🤣🤣🤣🤣 @ diepkloof zone 5, soweto ##url",True
train_isizulu_01414,AfriHate,@username uyephi lo mlungu?,True
train_isizulu_01728,AfriHate,"😂😂 leso slima beno mbodla""@username : can't wait to see ukuthi yini le ebiklawulisa umandla kangaka😂😂😂 #isibaya""",True
train_isizulu_03015,AfriHate,ilife is'bhebha skoen yazi. ##url,True
train_isizulu_00594,AfriHate,"@username imikhonzo=celiwe duma, mbongwa smelane,ngwenya beyidonsa,imfene iyandiza,mxolisi mthombeni,mxolisi mthombe frm mthombo njom",True
test_isizulu_00478,AfriHate,@username abafana baka mgqumeni imfene kamakhelwane usungayithenga online nansi link ##url don't hesitate.   sebegalelekile abafana bebhova,True
train_isizulu_00328,AfriHate,@username kanti uzobhebheka 🤣🤣🤣🤣  sbwl 🤣🤣🤣🤣,True
dev_isizulu_00264,AfriHate,mlungu sikulahlile skhathi manje 🤗😊😊,True
dev_isizulu_00277,AfriHate,"dudlu madolo kanyoko, qoma ntombi ngafa inhlamba kanyoko. angithuki wena ngithuka uthando.",True
train_isizulu_01288,AfriHate,@username isende lingaga 😜😜😜😜🤣,True
test_isizulu_00076,AfriHate,😂🤣 ngigcwele ngo ngamla ##url,True
test_isizulu_00438,AfriHate,we babe nibone inkawu noma indangala yoqobo 😂😂😂😂😂😂😂 @username 🔥❤❤❤❤❤❤,True
dev_isizulu_00155,AfriHate,@username musa ukuzenza into esile wena hlampe nje saphasa kakhulu kunawe futh sisebenza into esile kunawe manje lowolayin oloke uwusho uzenza into esile... masithi whites askhulum ngobuzwe bakho sikhuluma ngebala lakhe sdomu... shuth njalo mukhuluma ungath mina ngumzansi africa? ngimnyama,True
train_isizulu_02449,AfriHate,@username yeyi baffo lomfana ubulawe amabhunu awu two angama security manje @username isishintsha i story because abelungu ababulale lomfana without any weapons or fighting,True
train_isizulu_00840,AfriHate,laze langizwela ibhunu.,True
dev_isizulu_00125,AfriHate,indoda engay’khothi inkomo wibona nge nkani nokulwa nama ntombazane ku social media.. 😂,True
train_isizulu_01127,AfriHate,@username ibhunu phela leli🙄🙄🙄,True
dev_isizulu_00079,AfriHate,"@username ""linda asikakhululeki ezingqondweni,abantu bazi ukuthi umuhle uma ufana no mlungu umpofu,yonke into emnyama isayimbi",True
train_isizulu_02165,AfriHate,akekho umuntu omthola eyedwa… umuntu um’ncuka kwi nyoni ebhayizayo..,True
dev_isizulu_00532,AfriHate,"""i’m gonna shine in the dark like the stars ebusuku, and sing all day nje nge'nyoni zezulu. ngoba ngi'bonga bonke la'bantu base'kasi. uthando olungaka nigcwele ngami"" - dankie mzolisto🤟🏾  more awesome designs coming soon🌞  #teamlocal #teamprimitive #primitivegang ##url",True
train_isizulu_02279,AfriHate,"amabhunu. president yabo, yibhunu. wonke umuntu uyibhunu lapha ##url",True
test_isizulu_00312,AfriHate,"@username , yazi yonke lento ekulomdlalo ayivezi nje ububibokuba umahosha kodwa futh nikeza i-advice kwabesifazane abaganile",True
train_isizulu_00032,AfriHate,kaze abantu abasemampulazini banakwa nini ngoba abelungu badlala ngabo nohulumeni akabanaki ##url,True
dev_isizulu_00581,AfriHate,"inqina lempunzi""@username : imomozi""@username : cake rt @username : kuku rt @username : ikhekhe""""",True
test_isizulu_00158,AfriHate,kuyacaca imfene🐒ayiwulale umsakazo📻njengoba iphaphalaza nje😁😀,True
train_isizulu_02517,AfriHate,imfene idlala ngeskhwebu 😂 ##url,True
dev_isizulu_00009,AfriHate,north west kyashisa kdwa kyanetha and then kuyabaneka hhayi sekushoda imfene nje,True
train_isizulu_02920,AfriHate,"@username utholukuthi nothing much, thina mazulu are very conservative freaks...worst in public.",True
dev_isizulu_00133,AfriHate,"""ngi celebrate ukuthi anginama peers wey ngamla"" -p r o cc@username ",True
train_isizulu_00734,AfriHate,"ihlabe""@username : nayi ingulube ing nonela""",True
train_isizulu_01394,AfriHate,angiyihleki ke mdalo engahlekisi inhlinini nje angiyihleki khohlwa njenge sdomu eskoleni ##url,True
train_isizulu_01815,AfriHate,"smh uzongigada nje wena""@username : uzobhebheka wena yaz 😔 ##url",True
dev_isizulu_00146,AfriHate,no ngsebenzela ibhunu nd ngsazobuyela embhedeni rt @username : usebenzela indiya rt intemnandi: savuka thina team eqashiwe,True
train_isizulu_01580,AfriHate,"kushoni? ""@username : @username kodwa akusho ubutabane umfana meyobuka urkelly""",True
train_isizulu_01661,AfriHate,@username uyinja yehlathi uluma kusale kubhibha.,True
test_isizulu_00633,AfriHate,ingulube endala ibhajwe ogibeni.,True
train_isizulu_00188,AfriHate,@username haaa iskhotha ehlobo madoda haaa ngiyisaba kabi ingulube,True
test_isizulu_00214,AfriHate,"dudlu madolo kanyoko, qoma ntombi ngafa inhlamba kanyoko. angithuki wena ngithuka uthando.",True
train_isizulu_02532,AfriHate,@username khohlwa njenge sdomu eskoleni.,True
train_isizulu_01698,AfriHate,ingulube encane welcomenzimande470 radio personality @username #hustlecontinues @ galwela… ##url,True
train_isizulu_01983,AfriHate,ngeke ngiyibheke oe angiyifuni  ngozwa ngetshe njenge nyoni 🦆 ##url,True
train_isizulu_00435,AfriHate,blue pill ngihambe ngiyothenga omahosha echina ##url,True
train_isizulu_00160,AfriHate,nice mix kungulwesihlanu siphuma kwa mlungu ezweni lika corona @username #sisonkedrive,True
train_isizulu_02076,AfriHate,#ukhozifm60 @username #isidlosasekuseni  @username 🎂🍼🎂🍼🎂🍼🎂🍼🦅 ukhozi ngilifanisa nesikhukhukazi esimatshwele. halala nyoni emaphikophiko ukhule njalo 🦅 ##url,True
train_isizulu_02015,AfriHate,ukuthakatha kuqala kanje. people finding out they don’t align with other people’s brand. next think segxuma imfene ebusuku 🤞,True
dev_isizulu_00075,AfriHate,😂😂😂 uyinja bafo ##url,True
train_isizulu_00661,AfriHate,@username umfaz'omnyama nezingane zakhe qoma ntombi ngafa inhlaba kanyoko #africamonth,True
train_isizulu_01238,AfriHate,nguban'loyo rt“@username : nayi ingulube inginonela bo”,True
train_isizulu_02608,AfriHate,@username tli tli tli shuthi ibhizi imfene idla insipho ehlathini umsakazo dololo,True
train_isizulu_02117,AfriHate,isende indlela esisazoyihamba lol he just had to,True
train_isizulu_02542,AfriHate,"""amasende aseluhlaza cweee"" -sphokazi. ☺   #isibaya",True
test_isizulu_00148,AfriHate,nkosi sikelela umqolo wenja 🎵,True
dev_isizulu_00053,AfriHate,@username heshe magadlephindelela sekunjal nje nginani ngikwamayemaye,True
train_isizulu_02533,AfriHate,mabehleli babheda kakhulu ngoba bafuna nabanye bag ane babi kanti mane bhebha or bhejwa baba right ##url,True
test_isizulu_00504,AfriHate,"hebanna, if you couldn't wait why did you do it?. you seem happy phela ukuthi uzobhebheka. ##url",True
train_isizulu_00606,AfriHate,bhebha uhambe? ezoo ...angiyndawo 😔,True
train_isizulu_00666,AfriHate,😂😂😂😂😂😂 yeeyi uyinja. ##url,True
train_isizulu_02365,AfriHate,bhebha uthule. shaya udlule.,True
test_isizulu_00040,AfriHate,@username yakhumbula nithi imomozi 😭 ##url,True
train_isizulu_00829,AfriHate,"bhebha mshanami ngamithisi kodwa ""@username : @username i have news for you""",True
train_isizulu_01095,AfriHate,"@username inkinga yakhe uthanda o-2 slice :"")",True
train_isizulu_01020,AfriHate,#shutdownpietretief lendaba yamabhunu nabelungu behamba phezu kwethu imayelana nomhlaba kodwa simatasao no step aside @username lutho ukukhuluma ngokubuyiswa komhlaba wokhokho..umlando uyosinuka nalabaholi abasihole kusukela 1994 ngalamanyala enziwa abelungu nilibele ukuklwebhana,True
train_isizulu_00566,AfriHate,balele balele umama nobaba ubhebhana nami msunu kanyoko #memulosongs ##url,True
dev_isizulu_00089,AfriHate,@username ncese bafo wena bhebha kuphela indaba zama love and commitment uzobuye ukubone bafo wena just force on bhebharing 🤣🤣🤣🤣🤣 ##url,True
train_isizulu_02230,AfriHate,"@username akathumele enye imfene, uzoyidla nayo🤣🤣 ##url",True
train_isizulu_01671,AfriHate,"ngizoku bhebha weza la ""@username : nam ngcela ukuya epta☹..",True
train_isizulu_02662,AfriHate,@username ikhekhe maybe or inkomo?,True
test_isizulu_00057,AfriHate,"@username ngazalwa ngiyi anc ngiyokufa ngiyiyo. kwahluleka amabutho kabuthelezi engishaya nabanye ongoye ngo 1983. kwahluleka amabhunu engivalela ejele, engishaya ku fisher street ethekwini. lutho ukushintsha, naweke khohlwa.",True
train_isizulu_01816,AfriHate,logic amasende akho 🙄 ##url,True
train_isizulu_01691,AfriHate,uthanda ukuveza amasende ##url,True
train_isizulu_00569,AfriHate,"co""@username : 😍😍😍😍 uzobhebheka!!!""@username : ##url",True
dev_isizulu_00505,AfriHate,loya mlungu akawazi nje umsebenzi.  🖤💚💛 and incompetence are becoming synonyms. ##url,True
dev_isizulu_00182,AfriHate,@username imfene yakhe iyaphala 😂😂😂,True
train_isizulu_01054,AfriHate,uyinja kasathane boss ##url,True
train_isizulu_01437,AfriHate,uthi inkinga.....manje he heard kuthiwa wena ufuna ukushada ney'ngamla zooooodwa ##url,True
train_isizulu_00647,AfriHate,"uzobhebheka yazi wena ""@username : mlu202 waze woma... :"")""",True
train_isizulu_02659,AfriHate,uvele uwine lotto thole sdomu esizovela siphindisele 10x more. unye nyi!! ##url,True
train_isizulu_00809,AfriHate,"@username mphemba, wena wase lenge. kumele ungene kwizithakazelo. wena onemali esinda amabhange nakwi mampara week👏🏾👏🏾",True
train_isizulu_00144,AfriHate,"""hlala phansi mampara uzowisa indlu""uthunyelwe kimi mfu thwala namuhla ngyabonga @username #changematerial",True
train_isizulu_00798,AfriHate,-aibo ngyaqala ukbona imfene echesterville 😭 kungabe ingoba uthandaza umuntu wami na?!,True
dev_isizulu_00492,AfriHate,nithi ukgosi ushiye uolerato for isende? 😂😂😂,True
train_isizulu_01462,AfriHate,"uwena ikhasmende ""@username : abakwazi phela wena zalo ""@username : omahosha baphoxa ngokungakweletisi""""",True
dev_isizulu_00327,AfriHate,"dudlu madolo kanyoko, angthuki wena ngithuka uthando. ngikuthanda ngaphambili ngoba ngemumva syafana",True
train_isizulu_01377,AfriHate,baze bathula bo abantu abaholile  nenzani? its mampara weekend for some of us,True
test_isizulu_00603,AfriHate,"@username like, isibindi to approach imfene nje phakathi kwemizi sivelaphi? surely, someone owns it.",True
train_isizulu_02096,AfriHate,@username #fakumoyaa ibhunu lesigange,True
test_isizulu_00072,AfriHate,uy'lethe la ngiqale ngiy' checke leyo nyoni. ang'funi lutho ngawe 👀 ##url,True
train_isizulu_00404,AfriHate,@username ngisalindile bo mazulu.,True
train_isizulu_00777,AfriHate,@username khona ibhunu elihamba ngayo la spann yooooo iyangigulisa,True
train_isizulu_01627,AfriHate,speedy recovery ngamla #prayformenzingubane,True
train_isizulu_02498,AfriHate,abekho abantu abahlulwa yi #bhebha_uthule njengama tweeps.. iyekeni lento.,True
test_isizulu_00075,AfriHate,"@username yaz umuntu wacishe waduba ikhaya ngokhothipani abadakiwe nje, ey ngoba imomozi!! 😩😩😂😂",True
train_isizulu_01729,AfriHate,uyinja kasathane boss ##url,True
train_isizulu_02978,AfriHate,@username awu dude asbonge kuleyo ndawo.  awungphoxe phela sdomu ungaphenduli 🤣🤣🤣 ##url,True
train_isizulu_02958,AfriHate,@username ungishaya phakathi. mina kudance floor ngingena lo cathrine nyoni isithandwa sami,True
train_isizulu_00069,AfriHate,ilife is'bhebha skoen yazi. ##url,True
train_isizulu_02192,AfriHate,@username enye nje imfene ehambe yayofaka iengagement ring entombini yayo ingenazo nezinkomo zokulobola ingasebenzi futhi,True
train_isizulu_02045,AfriHate,"good morning mazulu amahle, nzalo ka senzangakhona 😍😍❤",True
train_isizulu_01418,AfriHate,amabhunu ajabulile 😂😂 ##url,True
test_isizulu_00622,AfriHate,usudla ibhunu zandile? ##url,True
train_isizulu_00810,AfriHate,nifana nopholi nile'nyoni ey'khulumayo nikhulumani @username #isgwebosentambo,True
train_isizulu_02566,AfriHate,@username 1. indoda ekuthandayo ayifiki ngobumnyama 🌚 phela angifihliwe 🤷🏽‍♂️ 2. ngeke ngifike ngilengise izandla &amp; just amasende indoda yangempela iphatha umngenandlini 🛍🎁 (it was late for all of that) 3. i can’t come in announced what if sengizithela kwinto ezongphula i💔 ##url,True
train_isizulu_00859,AfriHate,for???? @username : ngizwa itl ithi uyinja ngakini @username ,True
train_isizulu_03009,AfriHate,@username duhlu madolo kanyoko angithuki wena kodwa ngithuka uthando waze wamuhle ntokazi uyishanda pha langemphela munu umuhle 😍😍😍😍😍😍 ##url,True
train_isizulu_02359,AfriHate,oksalayo somizi uyayazi imomozi,True
dev_isizulu_00057,AfriHate,@username engaka inqguza kodwa,True
train_isizulu_00413,AfriHate,"@username thina mazulu basibona singelutho,kanti yithina isizwe esikhulu nesidala kulelizwe,sifela ukubangamazulu kasifunwamuntu lana.",True
test_isizulu_00017,AfriHate,baqinsile udadwethu ubongi jiyane sdudla esinganga. nomamami unomzimba udlula boke bakwabo. @username .,True
train_isizulu_00641,AfriHate,one thing i know is that umsholozi akagcwali nge ngamla.,True
train_isizulu_00824,AfriHate,abelungu abakusabi ukufa ##url,True
train_isizulu_02977,AfriHate,yazi uphuke intliziyo uze uxoxele usisi omfice etaxin ongamazi athi “we oe kusekncane lokho” wenja😩,True
train_isizulu_02105,AfriHate,uyaphupha myeke 😂😂 rt @username wenja 😂😂😂😂 rt @username : uzothola ukuth kubangwa usiphoo,True
train_isizulu_00635,AfriHate,@username lol gada bafo lensizwa ngiyivumile ilusa imfene ngemoto emini,True
train_isizulu_00057,AfriHate,@username wow sdudla sangempela umahamba kudikilizindonga @username #vmbs sisonke,True
dev_isizulu_00611,AfriHate,this guy balekela into uthi yimbi uyahlanya inkomo yayo ayimbi nhlobo,True
train_isizulu_01496,AfriHate,umshoza ibhunu leplazi ofuna inkomo uxhumana naye,True
train_isizulu_01041,AfriHate,"""@username : jola, bhebha usule umlomo uthule.. masek'fiki skhath sokuth udlule, dlula ! umelen ? ngazo khoza itraffic in my life !""",True
train_isizulu_00400,AfriHate,"lmfao wislima tjoe! ""@username : @username ubukeka njengomuntu othanda imomozi kuleso sthombe!""",True
train_isizulu_02125,AfriHate,"ingulube uqobo lwayo. uyayazi le ekuthiwa uthondo? iyoke le ""@username : puma or pig? by the way it's from china ##url",True
dev_isizulu_00342,AfriHate,@username ngiyithathaphi imfene emini kangaka,True
train_isizulu_00388,AfriHate,"@username ngidla nasi isidlo ,ngise vryheid ekhaya kusenquthu kwavulamehlo emagundwaneni ingulube angihlukani nayo #yidlanathi  #dankie1223 ##url",True
train_isizulu_02934,AfriHate,bafethu manishaya umgqakazo ku tl please ninga raise ama hopes abantu  aba vulnerable who really needs help.. hlampe wa bhebha ubafo ngokuthi uzosiza intwana iye ehilton college🥺💔.. ngibuhlungu ngalowa mfana namanje.,True
train_isizulu_01875,AfriHate,@username ibhunu labantu 🤣🤣🤣🤣,True
test_isizulu_00288,AfriHate,"just before i go to sleep, i have a question to okamagaye, undosi, ukhumbuze ngisho ungqongqoshe wamaphoyisa ubheki cele.  ""ndosi kahle kahle niwasabani amabhunu?"" anyone @username ,@username or u sg or great organisation @username noma usihlalo @username buzani no ##url",True
train_isizulu_03008,AfriHate,“usahamba ngey’nyawo namanje? ikephi leya nyoni yakho?” ##url,True
train_isizulu_02885,AfriHate,ewu ngeke lisatholakala ididi emzansi vele? ##url,True
dev_isizulu_00329,AfriHate,ibuhlungu lendaba yase dumbe ibhunu lingaphandle kodwa kunofakazi kube umuntu omnyama ngabe usegwetshiwe kodwa hulumeni uyadlala ngendlu emnyama @username ,True
train_isizulu_03014,AfriHate,#uyajola99 uyasijwayela lomfana thina mazulu,True
test_isizulu_00190,AfriHate,@username ng’yajabula ukuth’ abanye benu sebayay’bona lento yalo mlungu 🤣,True
train_isizulu_00749,AfriHate,"quick question, why ikuku 🍑 ine nobhontshisi bese inuka ufish 🐠 ekuben ibizwa inkomo 🐄 ##url",True
train_isizulu_02266,AfriHate,@username ipac kulesikhathi esinjena ngabe idonsa oeff noblf bo malema nomgxithama ikhulume kubo lento ye pan africanism; umhlaba nomnotho ophethwe abelungu manje ipac ayikho nje relevant kulezizinto ezikhathaza abantu abamnyama njengoba yayenza phambilini. ngise mfongosi,True
train_isizulu_01131,AfriHate,"mazulu amahle, yini ispiliyoni?",True
test_isizulu_00629,AfriHate,@username 😆😆😆😆😆🙆🏿‍♀️ awukahle wenja,True
dev_isizulu_00247,AfriHate,ngabe siphi le sayoni ofuna ukus’bhebha💔 ##url,True
train_isizulu_02791,AfriHate,lmao konje uyi'slima ##url,True
train_isizulu_02987,AfriHate,"he madoda, nantsi ingulube inginonela! naku ngishelwa estradini! smh",True
dev_isizulu_00369,AfriHate,"driver : ""cela uhlale eback ngoba umncane""   sisi :""akshongo min ukuthi babe iydudla""   omama :""nayi ingulube isnonela""   #responseinthetaxi",True
test_isizulu_00384,AfriHate,@username sokuba nomona wenja!😂 sdom somuntu 😂 sehluleki😂 ndinya yempilo 😂,True
train_isizulu_01800,AfriHate,@username #asambedrive asambe mulungu ngendlela yakhona,True
train_isizulu_00903,AfriHate,khohlwa njenge sdomu esikoleni ##url,True
train_isizulu_00935,AfriHate,#ukhozifm59 ukhozi luneziyalo ezinhle luyakha imiqondo yethu lukhuza udlame emahostela lasihlala khona ngegalelo lakho nyoni endizela phezulu @username ##url,True
test_isizulu_00394,AfriHate,@username yebo mlungu 😀,True
train_isizulu_01178,AfriHate,@username hahahhahahahaha yalibona eli ngamla,True
train_isizulu_01971,AfriHate,"#kanyenawe my lunch box uphuthu nemfino yezintanga ungaphika ukuthi bengivakashelwe usarary last week n akahlalanga, baze bawuloya umholo abelungu bawufaka udukanezwe bk @username #kanyenawe @username 🌹",True
train_isizulu_01269,AfriHate,@username ngihlezi nawe sdudla sangempela ngisemsebenzini egauteng emarshalltown koze kushaye u22:00 sindawonye #chillas,True
test_isizulu_00572,AfriHate,wenja!..manje iashdown ingenaphi? 😒 ##url,True
train_isizulu_02678,AfriHate,@username mulungu wami ngiyakhala la why teamgqomu&amp;teamqoh njalo izoba nini iteamcoke?,True
dev_isizulu_00262,AfriHate,malini imfene encane kuyaphuthuma,True
dev_isizulu_00536,AfriHate,lo king dube wenu angagcini eseni bhebha njalo bo lova ethekwini since kuthiwa une sobho...,True
train_isizulu_00906,AfriHate,"stop blaming our government, nithi abathuba omsebenzi awakho. unkulunkulu ukuphile izandla. ukham'sile uneke amasende ekhaya",True
dev_isizulu_00191,AfriHate,lutho nomgeza golo 😩 ##url,True
train_isizulu_00241,AfriHate,awsuka madoda umfoka wolowolo mfene beybanga abathakathi skiginesangena ngenhla kwamkhwekazi jijimbana lonebala ekhanda @username #wnb,True
dev_isizulu_00103,AfriHate,"@username kuyosala ama model c odwa, kuyovalwa ngehlahla",True
train_isizulu_00324,AfriHate,@username wenja sufuna ukucela imali😂😂🤣,True
train_isizulu_01646,AfriHate,what the different between umahosha nawe?? umehluko udayisa ngokunganakekile ##url,True
train_isizulu_02639,AfriHate,busi uhulumeni udayisile ngabantu abamnyama kumabhunu bayazichachazela nje ezweni lobaba basukumela phezulu la makufe ibhunu abamnyama bahudula izinyawo okukhimbisa ngokusobala asilutho kuhulumeni wethu @username ,True
train_isizulu_02078,AfriHate,@username uyinja tlotli ❤️😭😭😂😂😂😂,True
train_isizulu_01878,AfriHate,@username saze savelelwa amabhunu. ukubiza kanjani ngokudayiselana ukuthi umuntu umnike isbuko noma ugwayi wena uthathe umhlaba?,True
train_isizulu_02563,AfriHate,amabhunu asihlekisa nabantu #cwc19,True
train_isizulu_00868,AfriHate,"mali yokuthenga ayikho lol ""@username : thola umahosha ke. rt""@username : iseslungwini la ""@username : khwezela imbawula yakho.",True
train_isizulu_01361,AfriHate,@username ube pissed kwani ?? wena fika ubahlome isende bobabili !! ubasathe bagcine ngci ukwenza amanyala phamb kwakho🤣 ##url,True
test_isizulu_00657,AfriHate,"@username mazulu uyalayeka honestly. yena she slept with pakade willingly, whereas uzimele i don't blame him for his behavior ngoba uma ka nkululeko uyamsebenza.",True
dev_isizulu_00614,AfriHate,@username angeke uphela lonyaka nginga tshelanga ibhunu elilodwa ukuthi angilisabi la emsebenzini 🤣😅,True
train_isizulu_02919,AfriHate,kaizer chiefs ilele phansi liyatalabha ibhunu,True
train_isizulu_02559,AfriHate,#isidlosasekuseni @username abantwana bezilwane imbuzi-izinyane inkomo-inkonyane imfene-isijwana ihhashi-iponi imbongolo-ithole inkukhu-itshwele luqale kahle usuku lwami ngcebzin njengoba izingane sezibuye zifundele ekhaya umuntu ubuyiselwa ngenkani eskoleni 😂😂😂,True
test_isizulu_00096,AfriHate,@username kungani mase kuwu ramaphosa bese kuvela abathi ayinabuqiniso le ka step aside ? malungu ka anc akobe niyabona ukuthi lento yama resolution ezinkomfa zenu ayinisebenzeli makunje #abasikibebunda,True
train_isizulu_03004,AfriHate,@username qoma ntombi ngafa inhlamba kanyoko.awu kodwa nzimande.,True
train_isizulu_01757,AfriHate,@username ibhunu safunda isingisi kopopayi.,True
train_isizulu_00797,AfriHate,"adlalile ngaye ""@username : maybe from amabhunu akhona, lol",True
train_isizulu_02314,AfriHate,@username icinema yonke isinuka imomozi manje 😭😭😭,True
dev_isizulu_00531,AfriHate,cijimpi mazwi ngamla and now judas ngwenya @username #throwbackthursday #isibaya ##url,True
train_isizulu_00748,AfriHate,trafficlanguage  uma beyenza lento 1.bayibiza ngomdlalo..2.igama layo kuthiwa isitabane..3.kufa ingane 4.trauma ku driver.5 umphathi ushise amabhasi....asiwukhuze lomkhuba siwumphakathi.,True
dev_isizulu_00283,AfriHate,@username uthini yena umapatswe ngaphansi kobuholi.bukazuma bebeholela ibhunu u de cork imali.ewu r40k njalo ngenyenga,True
train_isizulu_00828,AfriHate,"aluhlaza? ""@username : namhlaanje ngibone inkawu enamasende aw2 e hillcrest shuth udoti ubedla amakhoskaz ezinye iynkawu""",True
train_isizulu_02126,AfriHate,bhebha uthule - mthokozisi (2017).,True
train_isizulu_02297,AfriHate,sithi sichaza ba? akusiyo indlu kanyoko le ##url,True
train_isizulu_02337,AfriHate,amaqabane ajabulile ✊ @ ngamla guest house ##url,True
dev_isizulu_00171,AfriHate,bayas’bhebha straight. 💔 ##url,True
dev_isizulu_00524,AfriHate,"nxa eziweyi ""@username : nilwela isende, amaningi kangaka?!""",True
train_isizulu_01705,AfriHate,@username mampara aka ithemba alibulali 🤣🤣🤣,True
train_isizulu_01779,AfriHate,kwenziwa njena ke ninay'nyoni. 🔥🔥🔥🔥 ##url,True
dev_isizulu_00454,AfriHate,@username abekho ocheese boy kwazulu wepalesa.,True
test_isizulu_00650,AfriHate,"anginankinga yebala bantu ngaphandle kwalaba bangarheeee, sorry: ""@username : @username uzfela ngo ngamla""",True
train_isizulu_00803,AfriHate,dankie ngamla 💥 ##url,True
train_isizulu_02514,AfriHate,"nansi imfene or umkhovu wakamabaso uhujwa izinja la phandle,kodwa y bethakatha nokudla kubiza kangaka?",True
train_isizulu_02510,AfriHate,angaz ngingay'chaza njan kodwa 'inkomo' refers to 'ikhekhe' ...  ##url,True
train_isizulu_00300,AfriHate,"inkomo ""@username : indlwabu? rt @username : nginolaka uma kade ngayigcina""",True
train_isizulu_02839,AfriHate,@username yeah bro ngezuve bayalikhuluma isende labantwana bedakiwe be sober kuyafana nje 😂😂,True
train_isizulu_02614,AfriHate,asithembe ukuthi ngeke ifike la imonkey pox,True
test_isizulu_00501,AfriHate,"@username ""aw'dlal' igqomu lapho, ungangenzi 'sdomu"" ##url",True
dev_isizulu_00446,AfriHate,ayikhohlwe njenge sdomu eskoleni iman u rt @username ,True
train_isizulu_00390,AfriHate,@username lol 😂 hey ngoba uzobhebheka ngedlela ongayiqondi bro 😂😂😂😂,True
dev_isizulu_00466,AfriHate,mfeth’auwsende inqguza lapho sigcwale..,True
train_isizulu_02394,AfriHate,"ubani ufuna singeni kwi twitter space sixoxe ngezinduku zokuthakatha.. from ukukhanda amalumbo, umeqo womopho, umeqo wokubolisa umzimba, isichitho, isikhafulo sekhanda, imomozi enuka ixoshe isoka, izintwala nobukhuphe. 🤔",True
dev_isizulu_00478,AfriHate,lol akukho ngisho elodwa ibhunu ebelibuka #sarafina ecinema today loooool!!,True
train_isizulu_00752,AfriHate,😂🔥🔥 uyinja merlon ##url,True
train_isizulu_02433,AfriHate,@username ngubani ugogo usthembiso nyoni yini ?,True
test_isizulu_00636,AfriHate,"uthi unendoda kanti indoda yecommunity 😭😭😭 ushela wena mlungu wena china kwidm neinbox 😭😭😭 ladies be careful of men, they will embarrass you ngempela. ngaphandle ke kweyami with his 200 followers 😍 ##url",True
test_isizulu_00189,AfriHate,mushadile lowo muzi ngisho imfene yakhona kuba eyakho..,True
train_isizulu_02719,AfriHate,"@username kufanele ngazi ukuthi uyaphuza yini , ubaba wengane or isoka liphi bese ngimuphenya kw ngokuziphatha kwakhe kwansuku zonke , ngakhathala ukuthenga ingulube isesakeni @username ",True
train_isizulu_01697,AfriHate,akaqambi ngani amanga ke kodwa naye?? sdomu lesi ##url ##url,True
train_isizulu_01613,AfriHate,@username impela isintu sakithi sithathwa kancane lapho south africa. thina mazulu besaziwa njengesizwe esinobuntu kakhulu. kodwa amaphoyisa wona ave esebenzisa amandla wrong😭😭😭😭 #ukhozifmvabs ##url,True
train_isizulu_02827,AfriHate,"ngenye imini indoda ithenga umahosha,umahosha wangena esitolo wathenga ucheppies,sekufikwa endlini,benza sex iyafenda indoda,umahosha uzidlela ucheppies,mnxa mnxa uyamnxafuza,ithi indoda kanti ngeke ungisize ngokufenda cc,aphendule umahosha:ngicela umuntu adle into ayithengile.🤣",True
test_isizulu_00513,AfriHate,lomuntu okuthiwa ngu nyoni yinyoni ngempela #absaprem,True
train_isizulu_00294,AfriHate,abantu base ezimbokodweni mawuthenge pizza 🍕 udlula enduneni ushiye u 2 slice..,True
train_isizulu_01916,AfriHate,boom shaka feat ihashi elimhlophe-bambanani @username heshe wangi khumbuza kwa zulu natali malume @username ngishaya indlamu ngebheshu nge nxableshe ehene💃💃💃💃💃💃💃💃💃💃💃💃💃💃.,True
test_isizulu_00094,AfriHate,@username ilamont ilokishi 😂 uwuthi uhamba uvike inkomo,True
test_isizulu_00331,AfriHate,amanazaretha awayidli ingulube? ##url,True
train_isizulu_01097,AfriHate,"ngiyalishaya isende, angifuni ukungasho.",True
dev_isizulu_00059,AfriHate,"simqonda ngqo!! ""@username : thina mazulu asimzumi umuntu""",True
train_isizulu_02453,AfriHate,ukuthenga ingulube isesakeni,True
test_isizulu_00247,AfriHate,ngine fear yokuthi umuntu ngeke esahola njengoba eseyinkawu.   ikhona kodwa inkawu esike yahola ku2016?  ngiphuthumeni,True
train_isizulu_01870,AfriHate,"""umfwethu ebewu'mshayi wesinqa oqavile. ididi belibuzwa kuye..."" ##url",True
train_isizulu_02295,AfriHate,"""wazi ngani? @username : uqoqa imomozi cela umvumele ""@username : waze wamuhle ughel kodwa ubhema isnemfu 😥""""",True
train_isizulu_00143,AfriHate,mampara? niyadelela kodwa ##url,True
dev_isizulu_00412,AfriHate,hlonipha uyihlo no nyoko ukuze izinsukuzakho zokuphila zande ezweni.,True
train_isizulu_02257,AfriHate,@username lapho throughout the year sesihlabe close to 7 goats akekho usegoli... anede ahlabe inkomo eyodwa nje ngo december ezacile useyosiphatha ke sizwe ngaye yonke into. weee bhatata!!!,True
train_isizulu_00507,AfriHate,"eh eh amabhunu ""@username : usho lawa angathengwa zingane? ""@username : lamaford ranger engathi awokuhamba ehlathini or eyntabeni❤""""",True
train_isizulu_01539,AfriHate,@username nayi ingulube ikunonela boh 🤣🤣🤣🤣,True
train_isizulu_01096,AfriHate,"@username namhlanje ngisetaxin from durban to harding kwelakithi lengabadi, ngemuva kokuvalelwa uthanqa. ngithi nje heshe lapho zinsizwa zombili, imnandi imix, nomshayeli urasta kodwa ufake nesigqoko, uyibambe phansi kamnandi ethekisi  #sigiyangengoma",True
train_isizulu_00698,AfriHate,kwase kugcwala isende kuphela la. siphi isifazane? 😩😂😂😂 ##url,True
dev_isizulu_00606,AfriHate,.@username uyinja🔥🔥🔥🔥🔥🔥🔥🔥🔥🔥 abakuyeke bafo,True
test_isizulu_00009,AfriHate,@username uyinja kodwa malume ay🙌🏽🙌🏽🙌🏽👌🏽👌🏽👌🏽,True
train_isizulu_01275,AfriHate,"usalinda uk'crown-na, ngabe ungena enganeni nyoni 😂 ##url",True
train_isizulu_02661,AfriHate,@username uthi wena uzithathaphi lezindaba ezingaka ngithi mina ku twitter   wathi ke   nami anongfakela lo twitter onezindaba za mazulu 🤣🤣🤣🤣🤣🤣🤣🤣🤣🤣🤣🤣🤣🤣🤣🤣🤣🤣🤣🤣🤣🤣,True
train_isizulu_00120,AfriHate,"cha akhona amaciko kumaskandi, #sawbona_slima 👊 @username #sigiyangengoma",True
train_isizulu_02985,AfriHate,"uzobhebheka ""@username : mfundo stays lol(ing) to my retweets njalo nje",True
train_isizulu_00823,AfriHate,@username hheyi lingazibekile phansi ibhunu 😂😂,True
train_isizulu_00469,AfriHate,@username bhebha unye mangcobo😭😩 ##url,True
test_isizulu_00432,AfriHate,"iphani untsiki imfene, aloye openly",True
train_isizulu_01039,AfriHate,nice mix kungulwesihlanu siphuma kwa mlungu ezweni lika corona @username #sisonkedrive,True
test_isizulu_00414,AfriHate,@username 😂😂😂 basithengisela ingulube isesakeni,True
train_isizulu_02736,AfriHate,"ibhunu nomyama ayisoze yaphela,,,, bukani nje ##url",True
train_isizulu_01184,AfriHate,@username why? lol so you call it ikhekhe noma inkomo,True
train_isizulu_01417,AfriHate,@username tonight sidla ingoma 8pm-10pm @username heshe mabhungu @username #fortheloveofafropop #incwengayomculo  #isigqisaseafrika  #ulozololomculo ##url,True
dev_isizulu_00306,AfriHate,"""nayi ingulube isinginonela emzeni wa-baba kanti yini bo""",True
train_isizulu_01561,AfriHate,lmao  rt @username : hahahaha---&gt; rt @username : ngizoku bhebha khethiwe. ngik'bhebhe ngik'bhebhe!!!,True
train_isizulu_00343,AfriHate,"login on twitter, imomozi everywhere, ezincane, eynkulu nezishwabene  asambe spoti 🚶🏿‍♂️🐕☹️",True
train_isizulu_00365,AfriHate,"""@username : @username isafuquza kangcono eyakho imomozi these days."" yew bish i am tryina change ningibuyisela emuva...",True
train_isizulu_01337,AfriHate,@username makubhejwe bhebhanani  ekuseni emini ntambhama makushe isende nesibumbu kunuke ##url,True
train_isizulu_01083,AfriHate,"#freshbreakfast  iam gonna shine in the dark njenge stars ebusuku sing all day njenge nyoni zezulu ngoba ngibonga bonke labantu base kasi, uthando olungaka ngigcwele ngalo. i was just a little boy with the big dreams back in the day when biggie sang about the cream💃💃  🔥#zola",True
train_isizulu_01670,AfriHate,"@username mina angisoze ngashawa ibhunu kuthulakale nje , ngingafa ngilwile",True
train_isizulu_02401,AfriHate,lol thando uzobhebheka emdidi,True
train_isizulu_01499,AfriHate,@username akwaziwa okwanonophalisa ingulube🐷🐖,True
train_isizulu_01910,AfriHate,"uyiqede ngokungabi nomsipha ka stop ""@username : where's lauryn hill's career?“@username : kanti isende linani”""",True
train_isizulu_00534,AfriHate,"@username started working when i was  19 just after high school. at 22 moved to work with them, soon as i started learning their job all hell broke loose. was only good as an assistant. ngaba nenhlanhla ngokuthi ibhunu elolodwa langithanda langifundisa ngenkani, lezinto zangihlupha mina",True
dev_isizulu_00119,AfriHate,yhu abelungu ngamasela ##url,True
train_isizulu_00195,AfriHate,abeve besibhala islungu esibhedayo abelungu nkosiyam 😂,True
dev_isizulu_00217,AfriHate,uziphumele slima😂😂... ngzokfaka ksasa ngsadakiwe.. ##url,True
train_isizulu_03039,AfriHate,"@username umlomo wadalelwa ukudla nokuphuza ,imomozi idliwa ngomthondo wena man or awusaqhenyelwa usu bhebha ngolimi ##url",True
train_isizulu_00895,AfriHate,gotta give it to abelungu bayohlezi besishaya ngo 10 -0 ##url,True
train_isizulu_01709,AfriHate,ayikho intenghlula njengok bhebha nge condom eybo😪😪😪,True
train_isizulu_00020,AfriHate,"awas'hluli. we just aren't ama bhari, iy'nyoni ezinya imali, osebentini, olwatha.  ngeke sondle oxubh'-agwinye. ungafa! ##url",True
dev_isizulu_00190,AfriHate,"abelungu ave bengasithandi yaz🤨 umuntu uhlulwa ukukuniza usizo evoke ngokuthi abekho abukulelo hhovisi, kodwa uma kufika lo wesikhumba sakithi, ukunika lolu sizo kahle akukho hhovisi elidingeka ukwenza lento🙄",True
train_isizulu_01287,AfriHate,"indaba yaloyamlungu or ibhunu, whatever he is, umbhoro ne eff bazoyilungisa.",True
train_isizulu_00555,AfriHate,"lol wenja uyahlanya ngshaya ngelenda mina ""@username : ulingana nentombi ya @username ""@username : lmao zinhle""""",True
train_isizulu_01321,AfriHate,"bhejwa uthule! ""@username : the motto. ""@username : bhebha uthule""""",True
train_isizulu_01144,AfriHate,"@username #indumiso sawbona bhuti sbu, bengicela ukugwaba nomndeni wam osentapha ehlokozi ka mkhobolo naka gudlucingo ka mchunu kubo sdudla ngibathanda kakhulu.",True
train_isizulu_00708,AfriHate,2016 years later akho jesus christ obuyayo sidlala abelungu,True
dev_isizulu_00151,AfriHate,"ave niy'nyoni..ikhekhe meselila, uyazirecorder lezinye izinto..kanti ipvr eyan?? niyangiphoxa bafana.😞 @username ",True
train_isizulu_02340,AfriHate,inkawu zihlekana iphongo la.. ##url,True
train_isizulu_00214,AfriHate,wayenza indaba @username ngendaba yenkukhu eyafunda kuma model c yakwa woolworths 🤣,True
train_isizulu_01893,AfriHate,@username lolz..bo sisbhuti kaojwetsa,True
train_isizulu_02154,AfriHate,"umkhulu wam lona  umakhomba akhahlele, ibhunu elibomvu elibomvu kumahhela, unogwaja omhlophe ogqize ngebala elimhlophe......... #thanda_kanjani  #namanje @ piet retief, mpumalanga -mallmfula ##url",True
train_isizulu_02119,AfriHate,"@username silimele, sibuhlungu....siwasabani amabhunu.",True
test_isizulu_00047,AfriHate,@username uyinja uyazi hehe,True
train_isizulu_00951,AfriHate,@username bhebha inja kufiwe kube kunye,True
test_isizulu_00149,AfriHate,nx akuve kwiy’nyoni kodwa lokhu. 😭😭 ##url,True
train_isizulu_01530,AfriHate,"@username why kuzomele sicindezeleke? ingoba sinamasende ? isende alisho lutho, emotional trauma le abakhuluma ngayo namhlanje ayina gender. amadoda awasiyo reinforce insimbi engagobi.",True
train_isizulu_02726,AfriHate,abekho abantu abahlulwa yi #bhebha_uthule njengama tweeps.. iyekeni lento.,True
test_isizulu_00579,AfriHate,"umuntu ahlulwe wukuguqa 5 minutes athandaze kodwa kwi dog style uze agwaze phansi ngengono yebele, ididi linyakaza emoyeni efenda 😕😕😕",True
train_isizulu_01819,AfriHate,@username ngangifuna lokhu abakubiza albino ball python khehla lathi ibhunu r8500 ichwane no refunds...lezinto ziyafa mazifika kwi environment ezingayijwayele,True
train_isizulu_01274,AfriHate,@username asizuqhatwa ngama model c,True
test_isizulu_00019,AfriHate,uzulu angeke aphele! simi ingunaphakade. izimo ezinje zizophindaphinda amandla kazulu. phephisani mazulu iwekabi yawa ngophondo nina bendlovu 😭@username #ukhozifmvabs @username 😭😭😭,True
train_isizulu_00482,AfriHate,"ngingasinika wena :""d ""@username : @username wena ungenza njani istabane sithi sibhebhe sizokugaya r1m?""",True
train_isizulu_00462,AfriHate,@username uyamazi nje unobuloyi kuthi kukuhle amoshe i am now even contemplating to buy him imfene just to formalize lobuthakathi bakhe avelayigibele straight🙈🙈🙈,True
train_isizulu_00187,AfriHate,@username ubaba ugodi uma engaphatha angaqhubeka aphasise ukubhenywa kwenzangu? ngoba ibhenywa zingane zethu bona abayibhemi amabhunu ayesicabangela engayivumi insango kithi ndlemnyama,True
test_isizulu_00352,AfriHate,asithembe ukuthi ngeke ifike la imonkey pox,True
train_isizulu_01223,AfriHate,lol thando uzobhebheka emdidi,True
train_isizulu_00396,AfriHate,benzema ubuye abe isende akaphume,True
train_isizulu_01639,AfriHate,slima somuntu ungabamba ilotto uhamba ubhala kwitwitter,True
train_isizulu_03075,AfriHate,@username uyinja yezwa 😂😂😂😂,True
dev_isizulu_00002,AfriHate,luengulube kade yagcina uk’bhebha.,True
train_isizulu_02527,AfriHate,@username why? lol so you call it ikhekhe noma inkomo,True
train_isizulu_02895,AfriHate,wena uyile yini eskoleni? sdomu ndini ..umkabayi uyachwensa  #isibaya,True
train_isizulu_01080,AfriHate,indoda ivuka igqoke usiyasebenza. igown eyoswidi wabafana abakhonze ukneka amasende lisile ilanga. ##url,True
dev_isizulu_00395,AfriHate,@username ibambeni mbeni webafana🎵🎼ibambeni weeeezinsizwa.....ngeke ishlule amabhunu bawabamba obaba ##url,True
train_isizulu_01602,AfriHate,"on some ""uzobhebheka wena uyezwa"" 😂😂😂😂😂 kodwa yini kim wabantu 🤣🤣🤣",True
train_isizulu_00821,AfriHate,"singathini... sithini, kodwa umsholozi uwagobisile amabhunu.",True
test_isizulu_00516,AfriHate,@username lol imfene ayilulahli ukholo lwayo...,True
dev_isizulu_00388,AfriHate,"""i'm gonna shine in the dark like the star ebusuku, sing all njenge nyoni zezulu ngoba ngibonga bonke labantu base kasi uthando longaka""",True
test_isizulu_00419,AfriHate,@username bathi udakwe uze ubulise ifridge uthi sawbona sdudla umeleni wedwa la,True
train_isizulu_02496,AfriHate,@username gents gents gents ezinye izinto masiziyekele kuma ngamla please #uwfmbee,True
train_isizulu_01163,AfriHate,imomozi aybenje ifakwe umhlonyane ##url,True
test_isizulu_00435,AfriHate,nathuma isende nibona... ##url,True
train_isizulu_00071,AfriHate,@username phansi ngokuhlukunyezwa kwabantu bokuhamba @username asibe munye mazulu akithi olwan udlame,True
test_isizulu_00395,AfriHate,hao kodwa umfana wami madoda eyiphantela naye ngamla beautiful cow. 😂😂😂😂😂😂😂😂😂😂 sangbulala i stranger ngokuhleka ##url,True
train_isizulu_02578,AfriHate,"bazo meter ""@username : aba complaini. ""@username : bazoni bhebha ke namuhla.""""",True
train_isizulu_00219,AfriHate,"inkomo ifake i-condom safa indlala akukho bisi,nyama namankonyane... #goba lugongolo ##url",True
test_isizulu_00605,AfriHate,@username kwavele kwabamuncu ibhunu selibuza ukuth us'thathephi isthombe sakhe omunye usisi lana😂💉,True
train_isizulu_01827,AfriHate,@username haibo wenja! washo ngathi umfazi uya downloadwa nje😂😂😂,True
train_isizulu_02792,AfriHate,@username uzok'bhebha kamnandi *hides*,True
train_isizulu_01076,AfriHate,"@username i dont condone le yenzekayo into even the looting mara nilibele ukuthi laba bebethi"" let it burn"" its war"" bathule manje kuso nakala abantu abamnyama were used bavuma nabo ayna maxhosa ayna mazulu qha kudlaliwe ngabantu",True
train_isizulu_01745,AfriHate,aybo ngo 2 slice nje sebengibuka kabi ##url,True
train_isizulu_01160,AfriHate,yazi inkawu zingibuysela emuva ziliwedile ishaladi lami 😏😏😏 ##url,True
dev_isizulu_00202,AfriHate,@username ngzokucela slima ndini,True
train_isizulu_00030,AfriHate,@username khuphuka lapho sdudla mavis @username ngikuvulele phezulu kumanje ngala eshowe asambeeeeeke,True
train_isizulu_02348,AfriHate,@username abecele ama soccer scout ahambele lah ezikolweni zama model c engicabanga ukuthi kuyoba umqondo muhle lowo #ngsepiet retief.,True
train_isizulu_02356,AfriHate,heshe mfwethu hau ibambe ngakho,True
test_isizulu_00588,AfriHate,@username umuntu uyateta ikati liyaphuka inkomo iyazala inja iyanyelezela ingulube iyahulula inkukhu iyachamusela,True
train_isizulu_02448,AfriHate,@username #lastdancefest thankx2ukhozi fm ngilananje ngenxa yakho nyoni emaphikophiko @username ##url,True
train_isizulu_02521,AfriHate,uma kusekhona umthondo onamahloni nochuku odinga ukudlaliswa kuze uvuke.. kuphinde kube khona imomozi ethi ingathintwa ikhale amanzi inxaphe kuze kuse xaxa nxa mfinxi mnxim mfinxi xa nxa   hhayi kusho khona angikakaz'ukuphumula. ipipi alime mpo imomozi ithi gqu gqu gqu! 🤪🍀💚 ##url,True
train_isizulu_01261,AfriHate,@username 🤣🤣🤣 angithi uyinja yena. ujaha imoto nge’inyawo,True
train_isizulu_02070,AfriHate,"lol uyaphapha nokuphapha loyo bhebha wena bafo""@username : @username lol yeh i think so....""",True
train_isizulu_01303,AfriHate,#esikabhadakazi @username angbingelele mfanakithi ey yaz ngike ngaya ptwn namuhla cha simoshile dolobha lethu and ngokungasizakali ektholeni just isinkwa ngadlulela kloof amabhunu ayvikele into yawo and sisazosokola . nginawe mzo ngse nazareth #esikabhadakazi,True
train_isizulu_00704,AfriHate,inja ye sdomu leyo 😂😂 ##url,True
train_isizulu_02018,AfriHate,@username shuthi inkomo isuke isiphelile ngoba ave iphela yini pho 😪😢 ##url,True
dev_isizulu_00440,AfriHate,and the ibhunu lizosukela owesifazane omnyama. ##url,True
train_isizulu_03053,AfriHate,@username inkomo yenkomo awunayo ##url,True
dev_isizulu_00396,AfriHate,ngyawavuma amabhunu nge agriculture yerrr,True
train_isizulu_00399,AfriHate,"@username ""aw'dlal' igqomu lapho, ungangenzi 'sdomu"" ##url",True
train_isizulu_01821,AfriHate,@username eyi ngaze ngahleka uyinja @username 😂🤣,True
dev_isizulu_00520,AfriHate,@username izokulanda yona imfene yami lapho,True
train_isizulu_01611,AfriHate,#jabulujule #ziyagqibana ngihamba no nasty c ngithatha umphakathi wakwa ngono kanye namathusi o mfene@username ,True
dev_isizulu_00557,AfriHate,"maafrica asihlanganeni, naba abelungu besiqhatha sodwa nathi siyavuma, basebenzisa imali ukuthi sibulalane sodwa. izimvu ezilahlekile asiziyeke zihambe, akuselula sizizuze. ramaphosa and other sellouts are gone , they are not black anymore . let us fight maafrica . #ancnec",True
test_isizulu_00282,AfriHate,@username ngamla = umlungu 🤣,True
test_isizulu_00493,AfriHate,@username ibhunu kuyohlezi kuyi bhunu.☹️,True
train_isizulu_01425,AfriHate,"avele amasende aphume eskhwameni abuyele esiswini same time. uzwe ubanjwa inkwantshu esiswini, kushwaqe iynwele ngathi ubona ispoki... ##url",True
train_isizulu_00131,AfriHate,"@username okusempeleni i afrikaans  eyathathela kumaskhandi ngamabhunu ashintsha athi musikant from maskhandi, ngoba phela isintu kade sikhona ngaphambi kokuthu kufike amabhunu.",True
train_isizulu_00506,AfriHate,abelungu bangenza homeless 🤐 ##url,True
test_isizulu_00420,AfriHate,"@username ngoza, thina esikhulele emabhunwini, ibhunu belibathroom, sink in the kitchen, a flushing toilet and electricity endaweni ekude nedolobha or infrastructure kodwa ukhongolose akakwazi ukwenza lokhu okwakwenziwa amabhunu.",True
train_isizulu_00272,AfriHate,abantu bajwayelana kabi uma ungenayo imfene.,True
dev_isizulu_00319,AfriHate,#chillas @username sisonke sdudla samampela @username ngise ntumbane entungwini engome,True
test_isizulu_00157,AfriHate,bhebha uthule...  ungachazi lutho.. be joyful ngok'khipha isemen nje qha..,True
dev_isizulu_00429,AfriHate,abelungu nalezinja zabo emabnb sikhokhile...,True
train_isizulu_02381,AfriHate,"lmao ""@username : @username ushilo izolo ulele wena nyoni""",True
test_isizulu_00410,AfriHate,@username “nawe njabulo uyahlupha ngalabo model c bakho. buka manje bazodlani abantu?”,True
test_isizulu_00634,AfriHate,uyinja boi. ngiyak'vuma 👏👏 @username ,True
train_isizulu_00197,AfriHate,@username likhipha umahosha e fletini,True
test_isizulu_00311,AfriHate,babe awubashuthele imomozi bebone ukuth bathuswa intengekho laba,True
train_isizulu_02463,AfriHate,@username ufuna amasende enye  indoda ngenkani 🤣🤣🤣🤣🤣🤣 yebiyamama ##url,True
train_isizulu_00873,AfriHate,kuzomele sixoshe isitabane k bbm lol,True
train_isizulu_02441,AfriHate,@username 🙌🏿ivele ibe mnandi kakhulu mase kusa futhi umthathanduku/morning glory walapha 👏🏽👏🏽ungaze ulale kuphume ilanga 🤞kanti iyakhishwa imfene entathakusa kungakavuki umphakathi,True
train_isizulu_00137,AfriHate,uyinja 😭😭🤣🤣  wtf 💀 ##url,True
train_isizulu_00941,AfriHate,"when you read your old fb posts and uzibuzo ngazi wawungenwe yini doti, wawusuthini ke manje sdomu😂😂😂",True
dev_isizulu_00567,AfriHate,so ubodile lo mlungu #isibaya,True
train_isizulu_01135,AfriHate,"allowishani bafethu ""@username : nokuzala ""@username : ubufebe seku yinto enormal""""",True
test_isizulu_00204,AfriHate,@username blah blah blah uzala kanjani uthembe usassa sonke sinayo imomozi kodwa asizalisi okwabo period. if wena eyakho isineka zala sisi anginamona.,True
dev_isizulu_00382,AfriHate,ziyabhimba izinto emzini ka'ngamla' ##url,True
train_isizulu_01635,AfriHate,manje lendoda enwaya amasende emphakathin?,True
train_isizulu_01433,AfriHate,@username khona into engiyibone ezindabeni yomuntu wase dumbe kwangwa eshaye ibhunu ibuhlungu nokuthi omunye washona kodwa lelobhunu lingaphandle ngebheyili kube umuntu owenzalento ngabe usegwetshiwe @username ,True
train_isizulu_02937,AfriHate,aikhona @username uyinja ntwana :'( #coolerbag iyarocka le number,True
dev_isizulu_00186,AfriHate,sibonge ku mazulu ngokunika imarisburg u 3 points kuze kubuye ukuzethemba kubadlali @username ,True
test_isizulu_00210,AfriHate,@username nyoni esindwa isisila sayo🌚,True
test_isizulu_00364,AfriHate,"uma ukub’ ungowesifazane okhulelwe okanye oncelisayo, ungawuphuzi umhlonyane, ngingakucebisa ukuthi uphuze itiye elenziwe nge ginger, cayenne pepper, garlic, honey, pineapple 2 slice, ne lemon… ##url",True
train_isizulu_00812,AfriHate,@username mampara aka ithemba alibulali 🤣🤣🤣,True
train_isizulu_01563,AfriHate,bakhuluma nge beef bengakwaz nokhlab' inkomo ##url,True
dev_isizulu_00116,AfriHate,"@username mamkhize hulumen we2 udlala ngathi uzinake yena nje kuphela. abantu bafaka izicelo zokubuyiselwa umhlaba kuze kube namuhla izimp3ndulo azibuyi, so singasho sithi vele bakwenza lokhu nje yingoba basikelana nabo abelungu amaplazi womphakathi",True
train_isizulu_01744,AfriHate,"@username ekse mkhulu ugrand?  ungphathele umahosha oyi1 indlala ingenhla """"""""""d",True
train_isizulu_02420,AfriHate,kancane kancane yangthanda....kwangath ungenza mampara manje!,True
train_isizulu_02861,AfriHate,@username hola ngamla zkhiphani,True
dev_isizulu_00159,AfriHate,even production uyinja kakhulu. ##url,True
test_isizulu_00061,AfriHate,"kwakhangelamankengane namuhla ntambama  mhlaka 20 ingonyama kazulu isilo somhlaba sizongena esibayeni ngokwesiko la mazulu  inqophamlando e yagcina ngengonyama unyangayezizwe  phelela zulu amabutho, zintombi, isizwe sika zulu siqopha umlando omusha ngeskhathi sethu nina besilo🙏 ##url",True
train_isizulu_02596,AfriHate,@username yebo mlungu 😀,True
train_isizulu_01158,AfriHate,@username iskhwebu sidlala inkawu,True
dev_isizulu_00378,AfriHate,#isworetonever skip a class but imfene ayilulahli ukhobo lwayo😂 ##url,True
train_isizulu_02111,AfriHate,yona lento yokuphatha sengisholo ukuba neskhundla iyadinga sengathi ungakufundela.. ay kuvele kuthathwe imfene izidlela ofezela besizonikezwa isikhundla sokuhola umnyango othize,True
train_isizulu_02375,AfriHate,liyayidliva hlatshwayo langaphandle kwasho imfene ibuya kothakatha ngizolala kamnandi manje akukho kushisa,True
train_isizulu_00727,AfriHate,@username izophela imomozi leyo bese siya ku mhlongo wemomozi afike ayipheshe istove sibe ku 6🤌 👍🤣 ##url,True
train_isizulu_01969,AfriHate,"""angik'sabi,bengik's bhebha"" to all my exes🙄",True
train_isizulu_01011,AfriHate,"zulu nikkas 😂 ""@username : ngendlela ekushisa ngayo, kubila ngisho amasende""",True
train_isizulu_02981,AfriHate,menzi ngubane aka ngamla also gone. rip to the legend. #ripmenzingubane ##url,True
dev_isizulu_00580,AfriHate,@username unayo indoda yakhe ikhehla lo mlungu wena relaxer boy,True
train_isizulu_02585,AfriHate,"""2 slice wani? letha ukudla kudliwe "" 😂😂 ##url",True
train_isizulu_02824,AfriHate,"😂😂😂😂 mlungu ukhulumile ukhulumile, akuna kujika nex!! ##url",True
test_isizulu_00564,AfriHate,@username isende indlela grootman,True
train_isizulu_01883,AfriHate,ngendla uonke athanda ukucebana ngayo uze akhohlwe aze azicebe kwayena....slima les',True
train_isizulu_01606,AfriHate,balala kanjani iyngane zabantu abavotayo nazo ezbavotelayo zishawa amabhunu ezwen lazo?  ##url,True
train_isizulu_01488,AfriHate,ngino 5 years ngidla imomozi kodwa i have no idea what a labia is.,True
dev_isizulu_00527,AfriHate,"kushubile kukatshwa kwasani, kubulawa wena mama wena ngane, kushiswa izindlu... abelungu basadonsana nezinja empini.🤣🤣🤣 #vikings",True
train_isizulu_01982,AfriHate,ingabe kanti zazizalwe zingowona yini amabhunu 🤣🤣🤣🤣🤣🤣 ##url,True
train_isizulu_00691,AfriHate,baphi abelungu namhlanje? ##url,True
dev_isizulu_00447,AfriHate,@username kasi yam usiphathele ngamla,True
train_isizulu_01713,AfriHate,"...gents, izinto zosisi azibolekwa. qina isende... ##url",True
train_isizulu_01326,AfriHate,@username sthokoza uzimu ngloshlanu mampara week kugijima iimbaji kphela,True
train_isizulu_00985,AfriHate,"ladies, if you know ukhuti uyodunusa, geza inkomo nezinqa 😂😂",True
train_isizulu_02799,AfriHate,"si wrong lesthombe alikho ibhunu elingaba lihle kanje ngo 1652,uma ubukisisa kahle ibhunu leli? ##url",True
train_isizulu_00494,AfriHate,@username ngihamba no jabu khanyile#ziyagqibana baphile o mfene ngibathanda ukubhubha@username ,True
dev_isizulu_00145,AfriHate,uthi imfene ebigijima.. ##url,True
test_isizulu_00295,AfriHate,bhebha kulo nurse .. ufuna kuk’fumbathisa i-sex ##url,True
train_isizulu_03032,AfriHate,inkomo ayitshaliwe bakwethu.,True
train_isizulu_00807,AfriHate,@username sawbona mabiyela amabhunu ahlushwa kangaka nje agcina kudala kusaphethe wona yingakho kunjee abahlukumeze kakhulu abantu abamnyama.,True
train_isizulu_00570,AfriHate,"ave niy'nyoni..ikhekhe meselila, uyazirecorder lezinye izinto..kanti ipvr eyan?? niyangiphoxa bafana.😞 @username ",True
train_isizulu_02298,AfriHate,ngala cliffdale abantu abamnyama nezimoto zabo mebengabenzi lutho sibe sage nje... behlukumeza abelungu ☹️ ##url,True
dev_isizulu_00408,AfriHate,akekho umuntu oshaya isende njengale nceku abathi wudumi mkokstad🔥... uyalivithiza ikhekhe &amp; dribble.,True
train_isizulu_02347,AfriHate,#occupyclifton amabhunu awagoduke manje..!,True
dev_isizulu_00006,AfriHate,@username yaz mbatha amanga nje aluhlaza cwe akekho umuntu ongayazi inkawu and lento bayenza imini njekabha @username #vmbs,True
test_isizulu_00238,AfriHate,"""😂😂😂 yiyaaay🙌🙌🙌🙌🙌🙌 @username : dudlu ntombi madolo kanyoko, nongena basket uyangena emakethe. ##url",True
train_isizulu_01280,AfriHate,thatha.....ngamla sbusiso.... #generations !!!!,True
test_isizulu_00431,AfriHate,@username izosiququdela yona le-mentality icorona virus. eyi futhi thina mazulu 👏🏾😂,True
dev_isizulu_00211,AfriHate,"@username bonga usane jean ye hemisphere, uyinja kakhulu umanqele",True
dev_isizulu_00535,AfriHate,laze leyisa ibhunu ekuseni...nx!,True
train_isizulu_00769,AfriHate,lol! “@username : isende lendlela.”,True
train_isizulu_02369,AfriHate,"inhliziyo yami ibuhlungu, angazi nokuthi ngithini silahlekelwe. ulale ngikuthula brangubs, ngamla, ngwenya, mazwi, cijimpi 😞🥺🕊🕊🕊 @ johannesburg ##url",True
dev_isizulu_00097,AfriHate,"hambakahle mfwethu.. ""@username : @username :heshe nsizwa""",True
train_isizulu_00547,AfriHate,again isende liyasindisa ##url,True
test_isizulu_00029,AfriHate,nd abafana abazi ukuthi yini abayifuna yaz upakile or slenda ;sdudla amadoda if athole khekhe nje it fine tjooo sewukubhubha kwezwe yaz,True
train_isizulu_01207,AfriHate,jaiva njenge ngamla sani 🕺💃🕺💃🕺💯💯🔥 @username #lockdownhouseparty ##url,True
train_isizulu_01506,AfriHate,wathinta ibhunu!  wathinta @username ! ##url,True
test_isizulu_00485,AfriHate,baqale ngokuthi solly moholo is no longer umsiyoni america turns its friends into enemies and enemies into friends manje wena uthi ujesu akasingujesu  stop traumatizing us @username ngujesu lo. it’s the reason i pray in english because ujesu mlungu akasizwisisi isintu 😳 ##url,True
train_isizulu_00671,AfriHate,icushwa kanje inkawu. ##url,True
train_isizulu_00740,AfriHate,@username ##url #sigiyangengoma  zashaaaaaaaa mina ngihlala ngimxolela 🔥🔥khuphuka mqhosharisto 3 tin imfene ethakatha emini ezinye zithakatha ebusuku @username ##url,True
dev_isizulu_00148,AfriHate,bhebha wena dean uzobe ungaqali vele,True
train_isizulu_01516,AfriHate,"isosha lomkhonto wesizwe, wayebulala amabhunu eafrika ✊🏾",True
train_isizulu_00876,AfriHate,uphindile futhi ngamla??? ##url,True
dev_isizulu_00372,AfriHate,@username ukipite nesalukazi ehostela #sigiyangengoma up mfene'mhlophe @username ,True
train_isizulu_01797,AfriHate,@username no point am missing here okusalayo baxosha ama ngamla bona ngoba befuna umhlaba they got the land which they wanted and benzani after that basebenzela abelungu,True
train_isizulu_02217,AfriHate,umusa kasimakade mukhulu lamashaba 🙏🏾 ungibingelele kumama mazulu lapho 👋🏾💛 ##url,True
train_isizulu_01061,AfriHate,@username bhebha umamanfundisi ke,True
train_isizulu_00312,AfriHate,@username akwenziwe njani kodwa uma abantu beqhubeka besaphotha imfene efana no #zuma,True
dev_isizulu_00504,AfriHate,"akaxhumane no mshoza rt""@username : ufuna ngikwenze iyellowbone ? umbuzo uthi, kanjani?""",True
train_isizulu_02462,AfriHate,on the grey weekend of 2004 abanye abelungu and even the cheerleaders got the shock of their lives to see umlungu leading igwijo.,True
dev_isizulu_00290,AfriHate,"uzobhebheka ""@username : mfundo stays lol(ing) to my retweets njalo nje",True
train_isizulu_00310,AfriHate,yazi noze nidlulwe abo ngamla see my dm😎😎😎. ngiyabona ngiqondile  🤷‍♂️🤷‍♂️ ##url ##url,True
test_isizulu_00428,AfriHate,yuuuuu abelungu guys😭😭hay andinamandla! ##url,True
train_isizulu_01993,AfriHate,kube umuntu akalazi impela ngabe sewaba istabane ninempatho. ##url,True
train_isizulu_01249,AfriHate,"hawu laqojama ulimi ""@username : @username we pinky ngibonile imomozi yakho ipipi alikangeni ubani lona owayekubhebha""",True
train_isizulu_00726,AfriHate,@username 😂 asinqabanga ukuthi ufake imfene yakini,True
train_isizulu_01358,AfriHate,“uyiphakela kangaki imfene yakho ngosuku we macele?” ##url,True
train_isizulu_00253,AfriHate,"let me run around the complex, i'm becoming a real sdudla 😩😭. bengith ngizoyogijima ngaphandle wathi @username uzongiceba 😂",True
train_isizulu_02515,AfriHate,hlathi. lisa .mfene♥️💯 ##url,True
test_isizulu_00226,AfriHate,khohlwa njenge sdomu eskoleni. 💀💀💀💀💀💀💀💀💀😭😭😭😭😭😭😭😭😭😭😭😭😭 ##url,True
test_isizulu_00121,AfriHate,anyways umuntu akaqhubeke nokuba i slima... 🥳🚀,True
test_isizulu_00489,AfriHate,@username umntu akalithembanga isende lakhe,True
train_isizulu_00424,AfriHate,lol ungabi islima. slima!!! ##url,True
train_isizulu_02960,AfriHate,musani ukbhebhisa/bhebha inhlanya.,True
test_isizulu_00626,AfriHate,"@username ngihleli nawe sdudla sangempela ngse newcastle noma imvula ina nje, dlala inamba mfana ..",True
train_isizulu_02932,AfriHate,nina nathi asdayisen imbhede ngo december nje ngoba aklalwa.. ngalalela nami slima ##url,True
test_isizulu_00174,AfriHate,ngikhalela izwe lwethu ela'thathwa amabhunu,True
train_isizulu_00582,AfriHate,@username 😂 sengiqala nokucabanga ukuthi ibhunu,True
train_isizulu_00318,AfriHate,i want to sleep kodwa ngizothini ku mlungu??? 😭😭,True
train_isizulu_02670,AfriHate,"ikhekhe, ibuns, ingqevezi""@username : ubabyoomf ""@username : umsela, isibumbu, imomozi, isibushebushe, inkahlankahla #pussynames""""",True
train_isizulu_00959,AfriHate,@username bathi akwaziwa okwanonisa ingulube.... ipenti malisenza ubunandi so be it,True
train_isizulu_00329,AfriHate,ai ngeke lo bhebhatov inkomo nje #amazulu,True
train_isizulu_00503,AfriHate,efree state bakungidlisa ingulube (pork) ngisho ungayidli ##url,True
train_isizulu_00608,AfriHate,@username ngathi inkawu ibona ishlahla sabhanana. awumbuke nje ulibele ukusineka,True
train_isizulu_01763,AfriHate,"@username eya lol bengisa mokola namajita @username ukuthi mele bajike ngapha ekasi, bamokole le nyoni kutlwano daar endlini idumisele imoto ngapha ekasi aii.",True
train_isizulu_02693,AfriHate,@username inkomo yona le yenhlawulo 😂,True
test_isizulu_00178,AfriHate,haw bantu 😍kodwa ididi lapho mama😋angsayphath eyegquma😋 ##url,True
train_isizulu_03027,AfriHate,amanazaretha awayidli ingulube? ##url,True
dev_isizulu_00485,AfriHate,@username 😂😂😂😂 inhloko ye nyoni?,True
dev_isizulu_00501,AfriHate,"@username umunwe mazulu, umunwe uyasebenza",True
train_isizulu_00276,AfriHate,@username y ephatha i mofaya uwe lo mlungu @username usadlal ngathi even 2018,True
train_isizulu_00212,AfriHate,sagowi mazulu #imbewutheseed,True
train_isizulu_02905,AfriHate,@username nyana sakhona so you an expert in grammartical errors manje? i wonder ubuphasa isingisi slima,True
dev_isizulu_00610,AfriHate,nansi ingulube isinonela bo😒🤨 ##url,True
train_isizulu_00692,AfriHate,kodwa ngamla#generations # ufuna kwasani awuyile ngokuyosiza usufuna icompany kamawande wawukhona bo!,True
train_isizulu_01939,AfriHate,#isidlosasekuni ngiqale kahle ngafidumeza ububende obuhlobe kwamnandi ngehlisa ngo 2 litter womncindo ngiya slima kulezi nsuku @username ,True
test_isizulu_00354,AfriHate,brilliant uzihlulelwe “yi bhebha uthule” philosophy kuphela.,True
test_isizulu_00388,AfriHate,imomozi 🍑 akulona iphepha le donation ohamba ucela 🤚imali 💵 ebafaneni,True
train_isizulu_01589,AfriHate,@username hebbanna nayi ingulube inginonela 😂😂😂,True
dev_isizulu_00142,AfriHate,"""@username : ""@username : isiveziwe imomozi enhle ukuzedlula zonke ##url loool ey inkinga le""yeheeeeeeeni saba""",True
dev_isizulu_00008,AfriHate,"yabona ke lol ""@username : lol ubani ongavuma ukuthi udla i 2 ""@username bese nithi nidla ama 10 la ""@username : lol nihamba ni bhebha nje bolova",True
train_isizulu_02253,AfriHate,"ikhekhe. ""@username : imomozi""",True
dev_isizulu_00129,AfriHate,mazulu ase goli angikho happy ngani! 🤦‍♂️😩 ##url,True
train_isizulu_00849,AfriHate,“ungabiyislima slima” 🔥🤣,True
train_isizulu_01791,AfriHate,"hawu ""@username : 😂😂😂😂“@username : baaaadle zuma abantu bakho laba!! bhebha nxamalala!!”""",True
dev_isizulu_00132,AfriHate,sathengiswa ingulube esesakeni; kwathiwa #thumamina; kwasuka lapho kwathiwa #dreamit; now sekuthiwa have hope and wash your hands 😭😭😭 ##url,True
train_isizulu_01659,AfriHate,"@username ngiyal'vuma nanti ibhunu, uhlezi eshisa lomjita. k'saziba lit ##url",True
train_isizulu_01884,AfriHate,mawuyinja uyinja...noma bangathini!👊🏿 well-deserved dawg ##url,True
train_isizulu_02005,AfriHate,kunekhehla lomlungu eselimane langicifela ihlo la ehotel guys… angazi ngenzenjani..  abelungu bayawuhambisa umbondo?? 🥰🥰🥰,True
test_isizulu_00417,AfriHate,😂😂😂😂van tonder ibhunu elikhulu ##url,True
train_isizulu_02687,AfriHate,waze wawakhuluma amasende ##url,True
train_isizulu_02321,AfriHate,mhhh kungagijima imfene emini egcekeni ngphethe wena🤞🔥🔥🔥😂🤣😂🤣 ##url,True
train_isizulu_01293,AfriHate,@username kwa phela ukuba u 2 slice.... 😅 usukhulile 😂😅😂,True
train_isizulu_02419,AfriHate,ngathi ibhunu leplazi... 🤣🤣 ##url,True
dev_isizulu_00627,AfriHate,ngeke uyikhiphe ingulube odakeni 😆,True
dev_isizulu_00022,AfriHate,shuthi uyalishaya isende yabo? ##url,True
train_isizulu_00850,AfriHate,imfene zokuthakatha 😂😂😂 ##url,True
train_isizulu_02285,AfriHate,@username ngcono sininikeze imfene nivele nigibele cos vele niyathakatha straight😂😂,True
test_isizulu_00203,AfriHate,@username uhlala eres yami ofika mlungu,True
train_isizulu_02138,AfriHate,"lol eqede n buy me beer""@username : @username bhebha bhebha malume .akagcine durex yakhe asishiyele umsele nje kuphela""",True
train_isizulu_02343,AfriHate,#imbewu 😥 mazulu,True
dev_isizulu_00086,AfriHate,@username hie brazo manje ngibaliselwa umngani wami lapha uthi ucela ukubuza ukthi imfene zona?kumi kanjani?,True
train_isizulu_01030,AfriHate,ngamla sengaze afe nje ngenxa yenkani #generations,True
train_isizulu_01831,AfriHate,"kodwa amabhunu asekzn ayoze asiqede isizwe esimnyama , ubheki cele ngeke enze lutho namaphoyisa ngoba iqondene nomuntu omnyama #ezanamuhla @username ",True
dev_isizulu_00187,AfriHate,please sing balele obaba nomah ubhebhana nami msuni kanyoko on that day 😍🙂@username ,True
train_isizulu_00787,AfriHate,"imagine 18snvl written in zulu  ""ishumi nesishiyagalombili, ucansi, ukusantuza ididi,nokusakaza ikiwi,impi kanye nolimi oluqojeme""",True
train_isizulu_02104,AfriHate,“ngicela ungidonsisa u 2 pulls” kusho intombi wena sdomu ocabanga ukuyikhiphela izinkomo zakini withele nge nyongo😳…,True
train_isizulu_02550,AfriHate,@username akusilo isende leli,True
train_isizulu_00882,AfriHate,"my sister...  ungaphenduki ibhunu leplazi, wonke umuntu ofuna inkomo uxhumana nawe ##url",True
test_isizulu_00270,AfriHate,qoma ntombi ngafa yintlamba kanyoko!!kwakuhle ezweni sesihamba madoda ##url,True
dev_isizulu_00641,AfriHate,awusyeke wena uhlulwe abelungu. ##url,True
dev_isizulu_00058,AfriHate,@username yak’nonela ingulube 😂,True
train_isizulu_02837,AfriHate,@username ngihlala ngilulalele njalo loluhlelo ngizomlinda umam mazulu marawa umakagugu nonomvula#indumiso,True
train_isizulu_00261,AfriHate,inkomo ebsweni bendoda 😭🔥🔥 ##url,True
train_isizulu_02692,AfriHate,lol aiiibesengilele njalo:-)  dankie ngamla :-) :-)  :-),True
train_isizulu_01065,AfriHate,@username ibambeni mbeni webafana🎵🎼ibambeni weeeezinsizwa.....ngeke ishlule amabhunu bawabamba obaba ##url,True
train_isizulu_01832,AfriHate,"strong, liyakhala isende yonke twitter segment iyabhebhana. woke twitter  ndebele twitter  footytwitter. ##url",True
train_isizulu_00756,AfriHate,even production uyinja kakhulu. ##url,True
train_isizulu_02362,AfriHate,"#model c tweet rt @username : lol the saying is ngilala nezinkukhu rt @username : ngathi uhlezi uyinkukhu, uzela (cont) ##url",True
train_isizulu_02640,AfriHate,@username kuhle ke mekunjalo angifuni kuze kugijime imfene,True
train_isizulu_02974,AfriHate,umuntu usamelwe umsebenzi wokuhlaba ingulube.. ...🤦‍♀️🤦‍♀️🏃‍♂️,True
train_isizulu_00789,AfriHate,@username ukhuluma nama follower akho abelungu?,True
train_isizulu_00135,AfriHate,"uyinja kakhulu @username we see you, uyayiphakamisa intsha. ##url",True
train_isizulu_02595,AfriHate,abelungu abanazo iinkinga. ungasukela ukufa kanje?? ##url,True
test_isizulu_00621,AfriHate,@username inkomo idla yodwa,True
train_isizulu_00467,AfriHate,@username uyinja uchilli bite. 🤣🤣🤣,True
train_isizulu_02499,AfriHate,lingode ndaba gqigqi kanzamela lebe liyabhakuza  shuqulu kazibalwa zibalwa abazaziyo  nomasikisiki  nyoni esindwa yisila sayo wena owadela izinkomo  wathenga amadoda  ngoba ayakusebenzela  lingode ka-ndaba ##url,True
dev_isizulu_00228,AfriHate,"moore road!!! ""@username : aniyekeni ukudlwengula iyanyanyisa lento eniyenzayo madoda bakhona omahosha hamba uyothenga""",True
dev_isizulu_00615,AfriHate,ongwaneso bakhuluma amakrokokroko esizulu ##url,True
train_isizulu_02355,AfriHate,@username iskhwebu sidlala inkawu,True
test_isizulu_00514,AfriHate,"thula slima , ufukamele inja endlini",True
train_isizulu_00973,AfriHate,@username ziwu avocado kamnandi engathi ngingaze ngizithi thaqa no 2 slice ngithi fa fa cerebos🤣🤣🤣,True
train_isizulu_01078,AfriHate,bazovuma nje abelungu baseeurope utokyo aphathe ififa?!,True
dev_isizulu_00597,AfriHate,@username bekungafanele abuke abelungu kakhulu 😂😂,True
train_isizulu_01636,AfriHate,@username bazoni bhebha abanye abafana,True
train_isizulu_02411,AfriHate,yima amasende akekho buhlungu ##url,True
train_isizulu_00217,AfriHate,"bhejwa uthule! ""@username : the motto. ""@username : bhebha uthule""""",True
train_isizulu_01999,AfriHate,"@username sanbona basakazi bami seluqalile usuku ngisendleleni ngishaya ngonyawo ngiya. kwa mlungu la e vryheid , ngiyabonga we dali bagcina beziqoqa izincanga lapha zavalelwa      #isidlosasekuseni",True
train_isizulu_00596,AfriHate,😂😂😂 ngamla 😂😂😂😂😂😂😂😂😂😂😂 ##url,True
train_isizulu_02554,AfriHate,"@username nkosyam, washo sengathi ubuthumele imfene😩🤣🤣🤣 ##url",True
train_isizulu_00002,AfriHate,@username stabane eslimele mfethu!,True
dev_isizulu_00579,AfriHate,ay ndony intshebe iyona ebonisayo kuthi uyindoda.manje musuyikhipha yonke kuba ngathi ungu heshe.#gay  @username #lunchtimeradio,True
dev_isizulu_00490,AfriHate,@username ngani yakho u don't even have hands to hold amasende akho,True
train_isizulu_00068,AfriHate,"""bhebha thule"" .",True
test_isizulu_00630,AfriHate,"ekhomba jozi mygoli...""hoza ngamla,noma yini""",True
train_isizulu_00259,AfriHate,@username intombazane idla 2 slice nakhon ayisqedi ##url,True
dev_isizulu_00242,AfriHate,"@username makuvukwe gcogco kuyiwe, ayikho inkomo yobuthongo.",True
train_isizulu_01888,AfriHate,mama dlamini zuma unyuse i voice...uzoxabana kakuhle no mlungu wam omkhulu.,True
train_isizulu_00298,AfriHate,kuthi angihlanye bangibona ibhunu #sarafina,True
train_isizulu_02772,AfriHate,"70% of earth is covered by water, and the rest is n’golo kante’🤟🏽 ayi bafwethu, ngiyethulela isigqoko lensizwa sukaaaaa, hha uyawazi umshini ozishintshayo, injini uqobo lwayo🙌🏽  bengibuka nje abaningi bethwele iman city ngeqoma ngasho ngathi weeeeee kuyolalwa kungadliwe uma kunje ##url",True
train_isizulu_00793,AfriHate,"cabanga!!! ""@username : uyofica ikhekhe lingekho""@username : #lrt ngeke ngithenge ingulube isesakeni. ayiphume ingulube esakeni, sithenge.""""",True
dev_isizulu_00340,AfriHate,uyinja yami wena!! 😌👊🏾🎈👑 ##url,True
dev_isizulu_00445,AfriHate,kade bekhuzwa ngalento yokukhotha imomozi lamajongo awezwa ##url,True
train_isizulu_00067,AfriHate,😂😂😂😂amabhunu akubo njengoba ebila nje ngathi amadombolo afakwe iself-raising ##url,True
train_isizulu_03066,AfriHate,ngiyi slima phela angithi? 😑,True
train_isizulu_00658,AfriHate,imfene nenkawu bekufanele kuzwane kwasho ibhova,True
train_isizulu_01935,AfriHate,@username 🤣🤣🤣 usuthanda amabhunu manje,True
train_isizulu_01451,AfriHate,laze langizwela ibhunu.,True
train_isizulu_01657,AfriHate,good abaphansi abavumi kithi mazulu ##url,True
train_isizulu_00607,AfriHate,haibo.  bhebha uthule.  yekan’ ukuhlupha.,True
train_isizulu_02650,AfriHate,"#ngibonise umuzi onotshwala lol #welele #mnandi ""@username : smart mampara....nami ng'khona la""",True
dev_isizulu_00537,AfriHate,ibhunu elincane madoda🤣🤣🤣 ##url,True
train_isizulu_02516,AfriHate,ngiyagcina espani for this year manje ngo 04:30am ngolala usuku lonke ngizinekele amasende knowing angiyindawo.,True
train_isizulu_02846,AfriHate,"iyazi abafana ukundlula yonkinto, kodwa eskoleni akwi sdomu umhlolo",True
test_isizulu_00165,AfriHate,"nothing but the truth ----&gt;&gt; ""@username : ayikho into eyisibusiso njengobona ididi elikhulu kwi legging""",True
train_isizulu_02798,AfriHate,"aybo sengenzeni ke ? @username : lol uzobhebheka wena yazi @username """,True
test_isizulu_00106,AfriHate,@username heshe nkunzi kuhamba kahle.i18 zisemnyango baba umfoka khuba uyaziphakela insizwa nentombi #indlamlenze #inyoni yomthakathi,True
train_isizulu_01984,AfriHate,it's disgusting ngoba bahlezi bestshela ngo rhino poaching but mabebona inkawu kmele ife yona @username ,True
train_isizulu_02114,AfriHate,ungincomani uhamba nge bmw4 mina ngihamba nge polo r asiyeke ukubhuqana rather say ngisebenzile not ukuthi iyashisa imoto yami wenja,True
train_isizulu_00852,AfriHate,"lol,yes ziyakhipha@username : usepatini mara uhleli phansi! lol, ubukele i-party @username #bbathechase mampara week, angimangali""",True
train_isizulu_01327,AfriHate,kungangifanela yini ukuba istabane?😜😂🙆‍♀️ ##url,True
test_isizulu_00595,AfriHate,@username sihllelinawe sdudla sethu nobuyi madlala nozyanda noabongile izingane zethu sikulalele nicemusic brazo@username #chillas,True
